run_label,experiment,condition,profile_id,archetype,difficulty,replicate,batch,seed,t_start_utc,status,stop_reason,package_valid,w_valid,iterations_logged,inflight_overlap,error_code,t_conv_ms,latency_ms,total_ms,k_stop,n_messages,F,gap_vs_optimum,comm_overhead_ms,n_evaluations,predicted,S,F_opt,f_broadcast_gbest,f_concurrency,f_dispatch,f_heuristic_seed,f_mechanism,f_n_particles,f_replicas,f_system
oe3-ofat-pilot-v2,oe3,swarm|batch|bc1|h1|pso|r1|N20|c1,syn-visual_dominant-sequential-r0,visual_dominant,sequential,0,0,8580140326324496627,2026-10-01T05:40:29.264+00:00,completed,epsilon,True,True,True,True,,34.01214,39.975102998141665,38.46177900049952,1,56,0.45572350868757355,0.02008255859137359,150.98603800933813,,diagram,1-1-2-1-1-1-0-1,0.47580606727894714,True,1,batch,True,pso,20,1,swarm
oe3-ofat-pilot-v2,oe3,swarm|batch|bc1|h1|pso|r1|N20|c1,syn-visual_dominant-sequential-r1,visual_dominant,sequential,0,0,17048800117076641484,2026-10-01T05:40:29.304+00:00,completed,epsilon,True,True,True,True,,34.666475,40.0896940009261,38.79084800064447,1,53,0.44878503224528293,0.02008255859137359,151.25644901256013,,diagram,1-1-2-1-0-1-1-1,0.4688675908366565,True,1,batch,True,pso,20,1,swarm
oe3-ofat-pilot-v2,oe3,swarm|batch|bc1|h1|pso|r1|N20|c1,syn-visual_dominant-sequential-r2,visual_dominant,sequential,0,0,4355585619346073820,2026-10-01T05:40:29.344+00:00,completed,epsilon,True,True,True,True,,38.720297,44.37469800177496,42.883604000962805,2,58,0.4484135261977656,0.02008255859137359,142.32820501623874,,diagram,1-1-2-1-0-1-0-1,0.4684960847891392,True,1,batch,True,pso,20,1,swarm
oe3-ofat-pilot-v2,oe3,swarm|batch|bc1|h1|pso|r1|N20|c1,syn-visual_dominant-sequential-r3,visual_dominant,sequential,0,0,5551779150201999310,2026-10-01T05:40:29.389+00:00,completed,epsilon,True,True,True,True,,37.999908,43.860956000571605,42.32095999759622,2,56,0.49689284274488765,1.9637715242826204e-07,116.65467901133556,,diagram,1-0-2-1-0-1-1-1,0.4968930391220401,True,1,batch,True,pso,20,1,swarm
oe3-ofat-pilot-v2,oe3,swarm|batch|bc1|h1|pso|r1|N20|c1,syn-visual_dominant-sequential-r4,visual_dominant,sequential,0,0,13994061115368628468,2026-10-01T05:40:29.432+00:00,completed,epsilon,True,True,True,True,,43.689436,49.42435599878081,47.88376800206606,3,61,0.4539909514952264,0.0,134.32368199636267,,diagram,1-0-2-0-1-1-0-1,0.4539909514952264,True,1,batch,True,pso,20,1,swarm
oe3-ofat-pilot-v2,oe3,swarm|batch|bc1|h1|pso|r1|N20|c1,syn-visual_dominant-conditional-r0,visual_dominant,conditional,0,0,11471567894967710186,2026-10-01T05:40:29.482+00:00,completed,epsilon,True,True,True,True,,32.386126,37.795890999404946,36.325763998320326,1,55,0.4683786250362893,0.007792650437786042,151.63343098790324,,diagram,1-1-2-1-0-1-0-1,0.47617127547407534,True,1,batch,True,pso,20,1,swarm
oe3-ofat-pilot-v2,oe3,swarm|batch|bc1|h1|pso|r1|N20|c1,syn-visual_dominant-conditional-r1,visual_dominant,conditional,0,0,13928515270300365190,2026-10-01T05:40:29.520+00:00,completed,epsilon,True,True,True,True,,52.957768,58.677158998762025,57.021349002752686,3,67,0.43347702875536903,0.0036547194033032526,178.4755339998161,,diagram,1-1-2-1-0-1-0-1,0.4371317481586723,True,1,batch,True,pso,20,1,swarm
oe3-ofat-pilot-v2,oe3,swarm|batch|bc1|h1|pso|r1|N20|c1,syn-visual_dominant-conditional-r2,visual_dominant,conditional,0,0,7530803405880337628,2026-10-01T05:40:29.578+00:00,completed,epsilon,True,True,True,True,,57.565417,68.02438299928326,64.16297500254586,2,60,0.47576325269917313,1.963771524837732e-07,171.5254310062364,,code,2-1-2-1-1-0-1-1,0.4757634490763256,True,1,batch,True,pso,20,1,swarm
oe3-ofat-pilot-v2,oe3,swarm|batch|bc1|h1|pso|r1|N20|c1,syn-visual_dominant-conditional-r3,visual_dominant,conditional,0,0,12303691227522993195,2026-10-01T05:40:29.646+00:00,completed,epsilon,True,True,True,True,,55.033245,67.62574799722643,65.94302300072741,2,60,0.4537572043126114,0.0036547194033032526,279.89477398377556,,diagram,1-1-2-1-0-1-1-1,0.45741192371591466,True,1,batch,True,pso,20,1,swarm
oe3-ofat-pilot-v2,oe3,swarm|batch|bc1|h1|pso|r1|N20|c1,syn-visual_dominant-conditional-r4,visual_dominant,conditional,0,0,7123775909059268369,2026-10-01T05:40:29.714+00:00,completed,epsilon,True,True,True,True,,31.414078,37.626461999025196,36.11788700072793,1,51,0.43905885028638547,0.009598091106895246,136.62522202035584,,diagram,1-1-2-0-1-0-1-1,0.4486569413932807,True,1,batch,True,pso,20,1,swarm
oe3-ofat-pilot-v2,oe3,swarm|batch|bc1|h1|pso|r1|N20|c1,syn-visual_dominant-repetitive-r0,visual_dominant,repetitive,0,0,3652346516165016234,2026-10-01T05:40:29.752+00:00,completed,epsilon,True,True,True,True,,37.924319,47.87290600143024,46.41865899975528,1,56,0.46998170127395994,0.02008255859137359,179.69098899670814,,diagram,1-1-2-1-1-1-0-1,0.49006425986533353,True,1,batch,True,pso,20,1,swarm
oe3-ofat-pilot-v2,oe3,swarm|batch|bc1|h1|pso|r1|N20|c1,syn-visual_dominant-repetitive-r1,visual_dominant,repetitive,0,0,9493985239135120539,2026-10-01T05:40:29.800+00:00,completed,epsilon,True,True,True,True,,49.443034,58.85548299920629,57.14634399919305,4,63,0.49141108956712465,0.0,148.9770889927534,,code,2-0-2-0-1-1-1-1,0.49141108956712465,True,1,batch,True,pso,20,1,swarm
oe3-ofat-pilot-v2,oe3,swarm|batch|bc1|h1|pso|r1|N20|c1,syn-visual_dominant-repetitive-r2,visual_dominant,repetitive,0,0,15577984090316381348,2026-10-01T05:40:29.858+00:00,completed,epsilon,True,True,True,True,,39.897942,50.38967799919192,48.71379399992293,1,59,0.497368651601852,0.02008255859137359,190.54525100511404,,code,2-1-2-1-1-1-0-1,0.5174512101932256,True,1,batch,True,pso,20,1,swarm
oe3-ofat-pilot-v2,oe3,swarm|batch|bc1|h1|pso|r1|N20|c1,syn-visual_dominant-repetitive-r3,visual_dominant,repetitive,0,0,13061490195280824700,2026-10-01T05:40:29.909+00:00,completed,epsilon,True,True,True,True,,40.15245,51.482762002706295,49.92662599761388,2,48,0.5053299123828249,1.9637715242826204e-07,119.93419701008388,,diagram,1-0-2-1-0-1-0-1,0.5053301087599773,True,1,batch,True,pso,20,1,swarm
oe3-ofat-pilot-v2,oe3,swarm|batch|bc1|h1|pso|r1|N20|c1,syn-visual_dominant-repetitive-r4,visual_dominant,repetitive,0,0,5153165576748431564,2026-10-01T05:40:29.960+00:00,completed,epsilon,True,True,True,True,,38.127631,44.394726002792595,42.80671499873279,1,56,0.43539326357179114,0.032214241800902654,193.266411003484,,diagram,0-1-2-1-0-1-0-1,0.4676075053726938,True,1,batch,True,pso,20,1,swarm
oe3-ofat-pilot-v2,oe3,swarm|batch|bc1|h1|pso|r1|N20|c1,syn-visual_dominant-arrays_vectors-r0,visual_dominant,arrays_vectors,0,0,2484686855457110652,2026-10-01T05:40:30.005+00:00,completed,epsilon,True,True,True,True,,33.492555,42.764850997627946,41.16469300060999,1,52,0.46105976353153516,0.027875012652007147,136.02309200244625,,diagram,1-1-2-1-0-1-0-1,0.4889347761835423,True,1,batch,True,pso,20,1,swarm
oe3-ofat-pilot-v2,oe3,swarm|batch|bc1|h1|pso|r1|N20|c1,syn-visual_dominant-arrays_vectors-r1,visual_dominant,arrays_vectors,0,0,14387502913323118724,2026-10-01T05:40:30.048+00:00,completed,epsilon,True,True,True,True,,45.663191,55.357109999022214,53.74097099775099,2,61,0.4406569611974138,0.01253564549090147,194.96139201413123,,diagram,1-2-2-1-1-0-1-0,0.4531926066883153,True,1,batch,True,pso,20,1,swarm
oe3-ofat-pilot-v2,oe3,swarm|batch|bc1|h1|pso|r1|N20|c1,syn-visual_dominant-arrays_vectors-r2,visual_dominant,arrays_vectors,0,0,18083930375172244621,2026-10-01T05:40:30.103+00:00,completed,epsilon,True,True,True,True,,40.732603,49.99318900081562,48.38302500138525,1,58,0.4939594688494195,0.027875012652007147,174.97997102809558,,diagram,1-1-2-1-1-1-1-1,0.5218344815014266,True,1,batch,True,pso,20,1,swarm
oe3-ofat-pilot-v2,oe3,swarm|batch|bc1|h1|pso|r1|N20|c1,syn-visual_dominant-arrays_vectors-r3,visual_dominant,arrays_vectors,0,0,16074832408338533935,2026-10-01T05:40:30.153+00:00,completed,epsilon,True,True,True,True,,39.561154,49.752774997614324,48.32757799886167,1,52,0.5104383568030326,0.017498999281390648,175.34247899345647,,diagram,0-1-2-1-1-1-0-1,0.5279373560844233,True,1,batch,True,pso,20,1,swarm
oe3-ofat-pilot-v2,oe3,swarm|batch|bc1|h1|pso|r1|N20|c1,syn-visual_dominant-arrays_vectors-r4,visual_dominant,arrays_vectors,0,0,13236652181889018265,2026-10-01T05:40:30.203+00:00,completed,epsilon,True,True,True,True,,43.4473,52.101589000812965,50.18960300003528,2,60,0.49416530121267593,0.003415891924706871,173.7096019953553,,diagram,1-1-2-1-1-0-0-1,0.4975811931373828,True,1,batch,True,pso,20,1,swarm
oe3-ofat-pilot-v2,oe3,swarm|batch|bc1|h1|pso|r1|N20|c1,syn-visual_dominant-functions-r0,visual_dominant,functions,0,0,11375697626506085209,2026-10-01T05:40:30.255+00:00,completed,epsilon,True,True,True,True,,31.835401,41.92054799932521,40.53106699939235,1,50,0.47798454429270243,0.019803777820581292,144.5987040103555,,diagram,1-2-2-1-1-1-0-1,0.4977883221132837,True,1,batch,True,pso,20,1,swarm
oe3-ofat-pilot-v2,oe3,swarm|batch|bc1|h1|pso|r1|N20|c1,syn-visual_dominant-functions-r1,visual_dominant,functions,0,0,12724222799605840855,2026-10-01T05:40:30.297+00:00,completed,epsilon,True,True,True,True,,41.148284,50.720679999358254,48.939183998299995,2,65,0.4941057150421845,0.007792650437785986,167.67728098982886,,code,2-0-2-1-1-1-0-1,0.5018983654799705,True,1,batch,True,pso,20,1,swarm
oe3-ofat-pilot-v2,oe3,swarm|batch|bc1|h1|pso|r1|N20|c1,syn-visual_dominant-functions-r2,visual_dominant,functions,0,0,2855966151648987497,2026-10-01T05:40:30.347+00:00,completed,epsilon,True,True,True,True,,41.555085,49.685594996844884,48.02975400161813,3,64,0.471376010746655,1.9637715242826204e-07,185.08656698255112,,diagram,1-0-2-1-1-0-1-1,0.47137620712380746,True,1,batch,True,pso,20,1,swarm
oe3-ofat-pilot-v2,oe3,swarm|batch|bc1|h1|pso|r1|N20|c1,syn-visual_dominant-functions-r3,visual_dominant,functions,0,0,15496158585802717903,2026-10-01T05:40:30.397+00:00,completed,epsilon,True,True,True,True,,38.532958,48.66694500015001,47.13932899903739,1,58,0.45256029277229026,0.027874816274854664,193.35115299735654,,diagram,1-1-2-0-0-1-1-1,0.4804351090471449,True,1,batch,True,pso,20,1,swarm
oe3-ofat-pilot-v2,oe3,swarm|batch|bc1|h1|pso|r1|N20|c1,syn-visual_dominant-functions-r4,visual_dominant,functions,0,0,10259835321663512086,2026-10-01T05:40:30.446+00:00,completed,epsilon,True,True,True,True,,47.628627,55.69684700094513,54.02555800174014,3,66,0.5026282462686158,1.9637715242826204e-07,160.51626500788242,,code,2-0-2-1-1-1-1-1,0.5026284426457682,True,1,batch,True,pso,20,1,swarm
oe3-ofat-pilot-v2,oe3,swarm|batch|bc1|h1|pso|r1|N20|c1,syn-logical_syntactic-sequential-r0,logical_syntactic,sequential,0,0,13362044807751343064,2026-10-01T05:40:30.502+00:00,completed,epsilon,True,True,True,True,,35.517499,45.127600998966955,43.57872199761914,1,54,0.4761350201294624,0.020082362214221106,170.21695899180008,,code,2-1-1-0-0-1-0-1,0.4962173823436835,True,1,batch,True,pso,20,1,swarm
oe3-ofat-pilot-v2,oe3,swarm|batch|bc1|h1|pso|r1|N20|c1,syn-logical_syntactic-sequential-r1,logical_syntactic,sequential,0,0,14311645315440717423,2026-10-01T05:40:30.547+00:00,completed,epsilon,True,True,True,True,,54.692733,63.98949799768161,62.27637100164429,3,67,0.4825463618186212,0.0,219.36215801223398,,code,2-0-1-0-1-1-0-1,0.4825463618186212,True,1,batch,True,pso,20,1,swarm
oe3-ofat-pilot-v2,oe3,swarm|batch|bc1|h1|pso|r1|N20|c1,syn-logical_syntactic-sequential-r2,logical_syntactic,sequential,0,0,15643440995604996842,2026-10-01T05:40:30.611+00:00,completed,epsilon,True,True,True,True,,31.976757,41.17527699781931,39.846802999818465,1,50,0.5052479809084092,0.0034158919247069264,160.0828310120516,,code,2-1-0-1-1-1-1-1,0.5086638728331161,True,1,batch,True,pso,20,1,swarm
oe3-ofat-pilot-v2,oe3,swarm|batch|bc1|h1|pso|r1|N20|c1,syn-logical_syntactic-sequential-r3,logical_syntactic,sequential,0,0,16960600487627624599,2026-10-01T05:40:30.652+00:00,completed,epsilon,True,True,True,True,,46.450716,55.49577300189412,53.80861799858394,3,64,0.47454039043400664,1.9637715242826204e-07,169.93567801698617,,code,2-0-1-1-1-1-0-1,0.47454058681115907,True,1,batch,True,pso,20,1,swarm
oe3-ofat-pilot-v2,oe3,swarm|batch|bc1|h1|pso|r1|N20|c1,syn-logical_syntactic-sequential-r4,logical_syntactic,sequential,0,0,17250185977012485747,2026-10-01T05:40:30.707+00:00,completed,epsilon,True,True,True,True,,49.025856,57.90167200029828,56.346929999563145,3,62,0.49533228036449595,0.0010555026473685336,167.25450798501603,,code,2-0-1-2-1-0-0-0,0.4963877830118645,True,1,batch,True,pso,20,1,swarm
oe3-ofat-pilot-v2,oe3,swarm|batch|bc1|h1|pso|r1|N20|c1,syn-logical_syntactic-conditional-r0,logical_syntactic,conditional,0,0,4732552759670585228,2026-10-01T05:40:30.765+00:00,completed,epsilon,True,True,True,True,,35.404157,41.30836900003487,39.752851000230294,1,59,0.4552124341978106,0.0036547194033032526,185.12625699940264,,code,2-1-1-1-0-1-0-1,0.45886715360111385,True,1,batch,True,pso,20,1,swarm
oe3-ofat-pilot-v2,oe3,swarm|batch|bc1|h1|pso|r1|N20|c1,syn-logical_syntactic-conditional-r1,logical_syntactic,conditional,0,0,16767561851559065070,2026-10-01T05:40:30.807+00:00,completed,epsilon,True,True,True,True,,41.076399,47.18445800244808,45.491660999687156,2,61,0.4440319075303329,0.007792650437786042,166.58541700002448,,code,2-1-1-1-0-1-0-1,0.45182455796811893,True,1,batch,True,pso,20,1,swarm
oe3-ofat-pilot-v2,oe3,swarm|batch|bc1|h1|pso|r1|N20|c1,syn-logical_syntactic-conditional-r2,logical_syntactic,conditional,0,0,6973891702751108736,2026-10-01T05:40:30.854+00:00,completed,epsilon,True,True,True,True,,35.104798,41.300386998045724,39.837762000388466,1,53,0.4631068467146388,0.0036547194033032526,145.24246201601997,,code,2-1-1-1-0-1-1-1,0.46676156611794206,True,1,batch,True,pso,20,1,swarm
oe3-ofat-pilot-v2,oe3,swarm|batch|bc1|h1|pso|r1|N20|c1,syn-logical_syntactic-conditional-r3,logical_syntactic,conditional,0,0,6626061848004110554,2026-10-01T05:40:30.895+00:00,completed,epsilon,True,True,True,True,,31.226433,36.99270200013416,35.45280700200237,1,51,0.4614734643861827,0.007792650437786042,137.43966698667577,,code,2-1-1-1-0-1-0-1,0.46926611482396874,True,1,batch,True,pso,20,1,swarm
oe3-ofat-pilot-v2,oe3,swarm|batch|bc1|h1|pso|r1|N20|c1,syn-logical_syntactic-conditional-r4,logical_syntactic,conditional,0,0,2581103798954869873,2026-10-01T05:40:30.932+00:00,completed,epsilon,True,True,True,True,,32.698029,38.19402999943122,36.75189099885756,1,51,0.4839345737065493,0.0036547194033032526,145.67710799138553,,code,2-1-1-1-1-1-1-1,0.48758929310985255,True,1,batch,True,pso,20,1,swarm
oe3-ofat-pilot-v2,oe3,swarm|batch|bc1|h1|pso|r1|N20|c1,syn-logical_syntactic-repetitive-r0,logical_syntactic,repetitive,0,0,2563900073831829840,2026-10-01T05:40:30.970+00:00,completed,epsilon,True,True,True,True,,34.418258,42.538864003290655,41.092641000432195,1,56,0.45068774937313677,0.02008255859137359,157.59186799914303,,code,2-1-2-1-0-1-1-1,0.47077030796451036,True,1,batch,True,pso,20,1,swarm
oe3-ofat-pilot-v2,oe3,swarm|batch|bc1|h1|pso|r1|N20|c1,syn-logical_syntactic-repetitive-r1,logical_syntactic,repetitive,0,0,1690962082425471307,2026-10-01T05:40:31.013+00:00,completed,epsilon,True,True,True,True,,37.947162,44.110370999987936,42.635503999918,1,56,0.46854772531455674,0.02008255859137359,182.13923099919566,,code,2-1-1-1-0-1-0-1,0.48863028390593033,True,1,batch,True,pso,20,1,swarm
oe3-ofat-pilot-v2,oe3,swarm|batch|bc1|h1|pso|r1|N20|c1,syn-logical_syntactic-repetitive-r2,logical_syntactic,repetitive,0,0,12298035747105259136,2026-10-01T05:40:31.057+00:00,completed,epsilon,True,True,True,True,,40.807601,49.95625000083237,48.53331499907654,1,53,0.48860682289608054,0.02008255859137359,156.06819899508918,,code,2-1-1-1-1-1-1-1,0.5086893814874541,True,1,batch,True,pso,20,1,swarm
oe3-ofat-pilot-v2,oe3,swarm|batch|bc1|h1|pso|r1|N20|c1,syn-logical_syntactic-repetitive-r3,logical_syntactic,repetitive,0,0,6665076571321463288,2026-10-01T05:40:31.107+00:00,completed,epsilon,True,True,True,True,,48.745888,57.10710100174765,55.44148900298751,3,63,0.48216814861223045,0.0,139.9872519853346,,code,2-0-1-0-1-1-0-1,0.48216814861223045,True,1,batch,True,pso,20,1,swarm
oe3-ofat-pilot-v2,oe3,swarm|batch|bc1|h1|pso|r1|N20|c1,syn-logical_syntactic-repetitive-r4,logical_syntactic,repetitive,0,0,3613547958009930106,2026-10-01T05:40:31.164+00:00,completed,epsilon,True,True,True,True,,39.775613,45.50626900163479,43.88371700042626,2,61,0.4154283128506681,0.028970245585525245,160.3679869895238,,code,2-1-1-1-0-1-0-1,0.44439855843619336,True,1,batch,True,pso,20,1,swarm
oe3-ofat-pilot-v2,oe3,swarm|batch|bc1|h1|pso|r1|N20|c1,syn-logical_syntactic-arrays_vectors-r0,logical_syntactic,arrays_vectors,0,0,14948705039163960895,2026-10-01T05:40:31.210+00:00,completed,epsilon,True,True,True,True,,32.584979,40.97342400200432,39.48150699943653,1,51,0.4856184373133194,0.02008255859137359,136.66337200484713,,code,2-1-1-1-0-0-1-1,0.505700995904693,True,1,batch,True,pso,20,1,swarm
oe3-ofat-pilot-v2,oe3,swarm|batch|bc1|h1|pso|r1|N20|c1,syn-logical_syntactic-arrays_vectors-r1,logical_syntactic,arrays_vectors,0,0,13327273701071249688,2026-10-01T05:40:31.251+00:00,completed,epsilon,True,True,True,True,,49.130396,59.05629900007625,57.440291999228066,2,65,0.47317793671230085,0.010866792799564984,168.09854600128537,,code,2-2-1-1-1-0-0-1,0.48404472951186583,True,1,batch,True,pso,20,1,swarm
oe3-ofat-pilot-v2,oe3,swarm|batch|bc1|h1|pso|r1|N20|c1,syn-logical_syntactic-arrays_vectors-r2,logical_syntactic,arrays_vectors,0,0,7678510444233138347,2026-10-01T05:40:31.310+00:00,completed,epsilon,True,True,True,True,,37.090695,45.95495700050378,44.35467700022855,1,59,0.49083089405366653,0.027874816274854664,176.81388700319286,,code,2-1-1-0-0-1-0-1,0.5187057103285212,True,1,batch,True,pso,20,1,swarm
oe3-ofat-pilot-v2,oe3,swarm|batch|bc1|h1|pso|r1|N20|c1,syn-logical_syntactic-arrays_vectors-r3,logical_syntactic,arrays_vectors,0,0,3475821061836782133,2026-10-01T05:40:31.356+00:00,completed,epsilon,True,True,True,True,,45.231626,54.69474400160834,53.074235998792574,2,62,0.5279095277556373,1.472828643489521e-07,161.39421600142992,,code,2-0-1-2-1-0-1-1,0.5279096750385016,True,1,batch,True,pso,20,1,swarm
oe3-ofat-pilot-v2,oe3,swarm|batch|bc1|h1|pso|r1|N20|c1,syn-logical_syntactic-arrays_vectors-r4,logical_syntactic,arrays_vectors,0,0,15069723113616053544,2026-10-01T05:40:31.410+00:00,completed,epsilon,True,True,True,True,,42.530191,51.802494999719784,49.993053999060066,2,60,0.4592948548206536,0.007792650437785986,162.88265097618955,,code,2-0-1-1-0-1-1-1,0.46708750525843956,True,1,batch,True,pso,20,1,swarm
oe3-ofat-pilot-v2,oe3,swarm|batch|bc1|h1|pso|r1|N20|c1,syn-logical_syntactic-functions-r0,logical_syntactic,functions,0,0,15105445333404857368,2026-10-01T05:40:31.462+00:00,completed,epsilon,True,True,True,True,,35.238209,44.1548460003105,42.72225500244531,1,53,0.4876998796280693,0.027875012652007147,156.45783299451347,,code,2-1-1-1-1-1-0-1,0.5155748922800765,True,1,batch,True,pso,20,1,swarm
oe3-ofat-pilot-v2,oe3,swarm|batch|bc1|h1|pso|r1|N20|c1,syn-logical_syntactic-functions-r1,logical_syntactic,functions,0,0,7545233351544256523,2026-10-01T05:40:31.506+00:00,completed,epsilon,True,True,True,True,,35.853088,44.12529299952439,42.60504799822229,1,58,0.4742120227778769,0.021023062154443717,166.79980198607691,,code,2-0-1-2-0-0-0-1,0.4952350849323206,True,1,batch,True,pso,20,1,swarm
oe3-ofat-pilot-v2,oe3,swarm|batch|bc1|h1|pso|r1|N20|c1,syn-logical_syntactic-functions-r2,logical_syntactic,functions,0,0,6130147880867857550,2026-10-01T05:40:31.550+00:00,completed,epsilon,True,True,True,True,,40.196712,49.14286299754167,47.633780999603914,1,59,0.4703323912858079,0.027875012652007147,194.76204801000702,,code,2-1-0-1-1-1-1-1,0.49820740393781504,True,1,batch,True,pso,20,1,swarm
oe3-ofat-pilot-v2,oe3,swarm|batch|bc1|h1|pso|r1|N20|c1,syn-logical_syntactic-functions-r3,logical_syntactic,functions,0,0,4820333934433401313,2026-10-01T05:40:31.600+00:00,completed,epsilon,True,True,True,True,,34.001437,42.68950500045321,40.97213400018518,1,56,0.46627757409622445,0.02008255859137359,176.2051610055137,,code,2-1-1-1-1-1-0-1,0.48636013268759803,True,1,batch,True,pso,20,1,swarm
oe3-ofat-pilot-v2,oe3,swarm|batch|bc1|h1|pso|r1|N20|c1,syn-logical_syntactic-functions-r4,logical_syntactic,functions,0,0,10275058418311301455,2026-10-01T05:40:31.642+00:00,completed,epsilon,True,True,True,True,,47.888663,54.069957997853635,52.37224200027413,3,66,0.44825847177744416,0.007792650437785986,168.15931199906314,,code,2-0-0-1-1-1-0-1,0.45605112221523014,True,1,batch,True,pso,20,1,swarm
oe3-ofat-pilot-v2,oe3,swarm|batch|bc1|h1|pso|r1|N20|c1,syn-explanatory_conceptual-sequential-r0,explanatory_conceptual,sequential,0,0,14947352377729861017,2026-10-01T05:40:31.696+00:00,completed,epsilon,True,True,True,True,,54.29444,62.59897399650072,60.81698200068786,4,71,0.467455645058524,0.0,177.14505999171075,,text,0-0-1-0-2-0-0-1,0.467455645058524,True,1,batch,True,pso,20,1,swarm
oe3-ofat-pilot-v2,oe3,swarm|batch|bc1|h1|pso|r1|N20|c1,syn-explanatory_conceptual-sequential-r1,explanatory_conceptual,sequential,0,0,3272787541859846898,2026-10-01T05:40:31.759+00:00,completed,epsilon,True,True,True,True,,33.56891,43.23244500119472,41.830193000350846,1,50,0.45267043074923324,0.006749225258040281,142.48759000410485,,text,0-1-0-1-2-1-0-1,0.4594196560072735,True,1,batch,True,pso,20,1,swarm
oe3-ofat-pilot-v2,oe3,swarm|batch|bc1|h1|pso|r1|N20|c1,syn-explanatory_conceptual-sequential-r2,explanatory_conceptual,sequential,0,0,7023970792698232399,2026-10-01T05:40:31.802+00:00,completed,epsilon,True,True,True,True,,63.817537,74.62285699875792,72.47635400199215,4,73,0.45488132858608143,0.007792797720650335,199.25634300607734,,text,1-0-1-2-2-1-1-1,0.46267412630673177,True,1,batch,True,pso,20,1,swarm
oe3-ofat-pilot-v2,oe3,swarm|batch|bc1|h1|pso|r1|N20|c1,syn-explanatory_conceptual-sequential-r3,explanatory_conceptual,sequential,0,0,15905282458092997945,2026-10-01T05:40:31.877+00:00,completed,epsilon,True,True,True,True,,43.61796,52.454898999712896,50.91113600065,2,57,0.4489765705985682,1.9637715242826204e-07,155.00507099978762,,text,1-0-1-1-2-1-1-1,0.44897676697572064,True,1,batch,True,pso,20,1,swarm
oe3-ofat-pilot-v2,oe3,swarm|batch|bc1|h1|pso|r1|N20|c1,syn-explanatory_conceptual-sequential-r4,explanatory_conceptual,sequential,0,0,16212943396658008924,2026-10-01T05:40:31.929+00:00,completed,epsilon,True,True,True,True,,51.288134,60.91504900177824,59.19357699895045,3,66,0.45722945344337185,0.009273546497608254,208.4520949968126,,text,1-1-1-0-2-1-1-1,0.4665029999409801,True,1,batch,True,pso,20,1,swarm
oe3-ofat-pilot-v2,oe3,swarm|batch|bc1|h1|pso|r1|N20|c1,syn-explanatory_conceptual-conditional-r0,explanatory_conceptual,conditional,0,0,5916953307552671090,2026-10-01T05:40:31.990+00:00,completed,epsilon,True,True,True,True,,33.730679,39.83491499820957,38.379000001441455,1,51,0.487737317609176,0.007792650437786042,146.96527700788786,,code,2-1-1-1-2-1-1-1,0.49552996804696203,True,1,batch,True,pso,20,1,swarm
oe3-ofat-pilot-v2,oe3,swarm|batch|bc1|h1|pso|r1|N20|c1,syn-explanatory_conceptual-conditional-r1,explanatory_conceptual,conditional,0,0,18124705353368190302,2026-10-01T05:40:32.030+00:00,completed,epsilon,True,True,True,True,,39.598364,45.07225599809317,43.72624000097858,2,51,0.47520911893219114,0.0036547194033032526,116.60382900572496,,text,1-1-1-1-2-1-1-1,0.4788638383354944,True,1,batch,True,pso,20,1,swarm
oe3-ofat-pilot-v2,oe3,swarm|batch|bc1|h1|pso|r1|N20|c1,syn-explanatory_conceptual-conditional-r2,explanatory_conceptual,conditional,0,0,1341896759769893857,2026-10-01T05:40:32.075+00:00,completed,epsilon,True,True,True,True,,31.645481,37.299895000614924,35.893747000955045,1,53,0.4825120796519577,0.007792650437786042,141.3467819932672,,diagram,1-1-2-1-2-1-1-1,0.49030473008974373,True,1,batch,True,pso,20,1,swarm
oe3-ofat-pilot-v2,oe3,swarm|batch|bc1|h1|pso|r1|N20|c1,syn-explanatory_conceptual-conditional-r3,explanatory_conceptual,conditional,0,0,11332394261640184133,2026-10-01T05:40:32.113+00:00,completed,epsilon,True,True,True,True,,43.467343,49.08098399755545,47.56111699680332,2,60,0.43096370532164535,0.0036547194033032526,150.92192700649704,,text,1-1-0-1-2-1-0-1,0.4346184247249486,True,1,batch,True,pso,20,1,swarm
oe3-ofat-pilot-v2,oe3,swarm|batch|bc1|h1|pso|r1|N20|c1,syn-explanatory_conceptual-conditional-r4,explanatory_conceptual,conditional,0,0,8670080275324173838,2026-10-01T05:40:32.162+00:00,completed,epsilon,True,True,True,True,,40.750758,46.64999399756198,44.84012199827703,2,62,0.45734345073001487,0.007792650437786042,181.24509301890447,,text,1-1-1-1-2-1-0-1,0.4651361011678009,True,1,batch,True,pso,20,1,swarm
oe3-ofat-pilot-v2,oe3,swarm|batch|bc1|h1|pso|r1|N20|c1,syn-explanatory_conceptual-repetitive-r0,explanatory_conceptual,repetitive,0,0,3237454591878846868,2026-10-01T05:40:32.208+00:00,completed,epsilon,True,True,True,True,,32.703936,38.596924001467414,37.06444899944472,1,52,0.43547017695048224,0.030711075187125847,159.3814539897379,,text,0-1-1-1-2-1-0-1,0.4661812521376081,True,1,batch,True,pso,20,1,swarm
oe3-ofat-pilot-v2,oe3,swarm|batch|bc1|h1|pso|r1|N20|c1,syn-explanatory_conceptual-repetitive-r1,explanatory_conceptual,repetitive,0,0,10148232421566165977,2026-10-01T05:40:32.247+00:00,completed,epsilon,True,True,True,True,,46.389493,52.584168002795195,51.00337299882085,2,60,0.5255407002055713,1.9637715242826204e-07,142.50115301251614,,text,1-0-1-1-2-1-1-1,0.5255408965827237,True,1,batch,True,pso,20,1,swarm
oe3-ofat-pilot-v2,oe3,swarm|batch|bc1|h1|pso|r1|N20|c1,syn-explanatory_conceptual-repetitive-r2,explanatory_conceptual,repetitive,0,0,10189736659373836677,2026-10-01T05:40:32.300+00:00,completed,epsilon,True,True,True,True,,32.466685,40.92152600060217,39.45460499744513,1,52,0.49088145414572526,0.0017991482131319847,137.58170400604465,,text,1-0-1-1-2-1-1-1,0.49268060235885724,True,1,batch,True,pso,20,1,swarm
oe3-ofat-pilot-v2,oe3,swarm|batch|bc1|h1|pso|r1|N20|c1,syn-explanatory_conceptual-repetitive-r3,explanatory_conceptual,repetitive,0,0,5679236231213962541,2026-10-01T05:40:32.340+00:00,completed,epsilon,True,True,True,True,,47.523482,55.31658499967307,53.28931899930467,2,60,0.47773671108267024,0.009947252053144284,135.3331750038847,,text,1-0-1-0-2-1-1-1,0.4876839631358145,True,1,batch,True,pso,20,1,swarm
oe3-ofat-pilot-v2,oe3,swarm|batch|bc1|h1|pso|r1|N20|c1,syn-explanatory_conceptual-repetitive-r4,explanatory_conceptual,repetitive,0,0,615434091092212846,2026-10-01T05:40:32.396+00:00,completed,epsilon,True,True,True,True,,41.595902,49.00195700247423,47.39342399989255,1,55,0.45405216601876935,0.02008255859137359,186.3042070066339,,text,1-1-0-1-2-1-1-1,0.47413472461014294,True,1,batch,True,pso,20,1,swarm
oe3-ofat-pilot-v2,oe3,swarm|batch|bc1|h1|pso|r1|N20|c1,syn-explanatory_conceptual-arrays_vectors-r0,explanatory_conceptual,arrays_vectors,0,0,8420274505294676143,2026-10-01T05:40:32.445+00:00,completed,epsilon,True,True,True,True,,35.309769,41.3112979986181,39.798698999220505,1,56,0.49778085910851905,0.027875012652007147,177.89691499503883,,text,1-1-1-1-2-1-0-1,0.5256558717605262,True,1,batch,True,pso,20,1,swarm
oe3-ofat-pilot-v2,oe3,swarm|batch|bc1|h1|pso|r1|N20|c1,syn-explanatory_conceptual-arrays_vectors-r1,explanatory_conceptual,arrays_vectors,0,0,11621185609108110648,2026-10-01T05:40:32.486+00:00,completed,epsilon,True,True,True,True,,34.431349,43.68156799682765,42.227889000059804,1,51,0.4615647597787113,0.028694684783154678,130.51996498059447,,text,0-1-0-1-2-1-1-1,0.490259444561866,True,1,batch,True,pso,20,1,swarm
oe3-ofat-pilot-v2,oe3,swarm|batch|bc1|h1|pso|r1|N20|c1,syn-explanatory_conceptual-arrays_vectors-r2,explanatory_conceptual,arrays_vectors,0,0,3616904053699891200,2026-10-01T05:40:32.530+00:00,completed,epsilon,True,True,True,True,,31.236473,37.04086699872278,35.60643099990557,1,53,0.5002467392530876,0.027875012652007203,134.15340100267727,,diagram,0-1-2-1-2-1-1-1,0.5281217519050948,True,1,batch,True,pso,20,1,swarm
oe3-ofat-pilot-v2,oe3,swarm|batch|bc1|h1|pso|r1|N20|c1,syn-explanatory_conceptual-arrays_vectors-r3,explanatory_conceptual,arrays_vectors,0,0,9640228565651749554,2026-10-01T05:40:32.567+00:00,completed,epsilon,True,True,True,True,,37.77089,43.869148001249414,42.4604840009124,1,51,0.4899428394838256,0.017498999281390593,131.57484401052645,,text,0-1-1-1-2-1-0-1,0.5074418387652162,True,1,batch,True,pso,20,1,swarm
oe3-ofat-pilot-v2,oe3,swarm|batch|bc1|h1|pso|r1|N20|c1,syn-explanatory_conceptual-arrays_vectors-r4,explanatory_conceptual,arrays_vectors,0,0,12383051168938743430,2026-10-01T05:40:32.611+00:00,completed,epsilon,True,True,True,True,,39.369901,45.053303001623135,43.6157149997598,2,53,0.5099955953246345,0.007792650437785986,140.76591099697808,,text,1-0-1-1-2-1-1-1,0.5177882457624204,True,1,batch,True,pso,20,1,swarm
oe3-ofat-pilot-v2,oe3,swarm|batch|bc1|h1|pso|r1|N20|c1,syn-explanatory_conceptual-functions-r0,explanatory_conceptual,functions,0,0,4847129841761666601,2026-10-01T05:40:32.656+00:00,completed,epsilon,True,True,True,True,,32.63634,40.67437800040352,39.32697900017956,1,51,0.4945698834876539,0.01617519995265254,127.79514200874257,,text,1-2-1-1-2-0-1-1,0.5107450834403064,True,1,batch,True,pso,20,1,swarm
oe3-ofat-pilot-v2,oe3,swarm|batch|bc1|h1|pso|r1|N20|c1,syn-explanatory_conceptual-functions-r1,explanatory_conceptual,functions,0,0,8968182148387190867,2026-10-01T05:40:32.696+00:00,completed,epsilon,True,True,True,True,,57.755566,70.00271099968813,68.18525400012732,4,69,0.4985151422574555,0.014907373379307698,146.7275109967426,,code,2-2-1-2-2-0-0-1,0.5134225156367632,True,1,batch,True,pso,20,1,swarm
oe3-ofat-pilot-v2,oe3,swarm|batch|bc1|h1|pso|r1|N20|c1,syn-explanatory_conceptual-functions-r2,explanatory_conceptual,functions,0,0,15850266999198055000,2026-10-01T05:40:32.767+00:00,completed,epsilon,True,True,True,True,,47.095899,53.38068600030965,51.61113999929512,3,67,0.4811703400530759,0.005038735019827212,155.72345801864276,,text,1-0-1-1-2-1-0-1,0.4862090750729031,True,1,batch,True,pso,20,1,swarm
oe3-ofat-pilot-v2,oe3,swarm|batch|bc1|h1|pso|r1|N20|c1,syn-explanatory_conceptual-functions-r3,explanatory_conceptual,functions,0,0,15409255459732107106,2026-10-01T05:40:32.820+00:00,completed,epsilon,True,True,True,True,,33.010652,38.99442900001304,37.35026299909805,1,54,0.49777727535266225,0.007792650437785986,148.80079698253275,,text,1-0-1-1-2-1-1-1,0.5055699257904482,True,1,batch,True,pso,20,1,swarm
oe3-ofat-pilot-v2,oe3,swarm|batch|bc1|h1|pso|r1|N20|c1,syn-explanatory_conceptual-functions-r4,explanatory_conceptual,functions,0,0,13584105466744503536,2026-10-01T05:40:32.859+00:00,completed,epsilon,True,True,True,True,,41.288977,50.14808000123594,48.631107001710916,2,58,0.4919079769589474,0.007792454060633558,132.22925000100636,,text,1-0-1-0-2-1-1-1,0.49970043101958095,True,1,batch,True,pso,20,1,swarm
oe3-ofat-pilot-v2,oe3,swarm|batch|bc1|h1|pso|r1|N20|c1,syn-balanced_multimodal-sequential-r0,balanced_multimodal,sequential,0,0,12829628287881295465,2026-10-01T05:40:32.909+00:00,completed,epsilon,True,True,True,True,,46.591437,55.000219002977246,53.23826700259815,2,62,0.4948649211252828,1.9637715242826204e-07,187.9231620106924,,diagram,1-0-2-1-1-1-1-1,0.4948651175024352,True,1,batch,True,pso,20,1,swarm
oe3-ofat-pilot-v2,oe3,swarm|batch|bc1|h1|pso|r1|N20|c1,syn-balanced_multimodal-sequential-r1,balanced_multimodal,sequential,0,0,15851898587384579384,2026-10-01T05:40:32.964+00:00,completed,epsilon,True,True,True,True,,37.312746,42.82833199977176,41.346453999722144,1,59,0.46254329609296624,0.023319774530693393,189.0062480010693,,diagram,1-1-2-1-1-1-1-1,0.48586307062365963,True,1,batch,True,pso,20,1,swarm
oe3-ofat-pilot-v2,oe3,swarm|batch|bc1|h1|pso|r1|N20|c1,syn-balanced_multimodal-sequential-r2,balanced_multimodal,sequential,0,0,9812259528755781404,2026-10-01T05:40:33.007+00:00,completed,epsilon,True,True,True,True,,41.423842,49.94163700030185,48.295413002051646,2,60,0.5195512786534427,1.9637715242826204e-07,157.6650779889454,,code,2-0-1-1-1-1-1-1,0.5195514750305952,True,1,batch,True,pso,20,1,swarm
oe3-ofat-pilot-v2,oe3,swarm|batch|bc1|h1|pso|r1|N20|c1,syn-balanced_multimodal-sequential-r3,balanced_multimodal,sequential,0,0,17396203175820366605,2026-10-01T05:40:33.057+00:00,completed,epsilon,True,True,True,True,,50.737481,59.01864799670875,57.35491200175602,3,64,0.5055952816994697,0.0,159.12486300613972,,text,1-0-1-0-2-1-1-1,0.5055952816994697,True,1,batch,True,pso,20,1,swarm
oe3-ofat-pilot-v2,oe3,swarm|batch|bc1|h1|pso|r1|N20|c1,syn-balanced_multimodal-sequential-r4,balanced_multimodal,sequential,0,0,16072189927809315852,2026-10-01T05:40:33.116+00:00,completed,epsilon,True,True,True,True,,45.867421,55.856950999441324,54.12099000022863,3,66,0.4997105397388589,0.006721039910257187,165.43742500062325,,code,2-2-2-1-2-1-2-1,0.5064315796491161,True,1,batch,True,pso,20,1,swarm
oe3-ofat-pilot-v2,oe3,swarm|batch|bc1|h1|pso|r1|N20|c1,syn-balanced_multimodal-conditional-r0,balanced_multimodal,conditional,0,0,9492171042143771967,2026-10-01T05:40:33.172+00:00,completed,epsilon,True,True,True,True,,37.342088,43.24906200054102,41.670793001685524,1,54,0.48780502665661635,0.0036547194033032526,147.74568700840842,,code,2-1-1-1-1-1-1-1,0.4914597460599196,True,1,batch,True,pso,20,1,swarm
oe3-ofat-pilot-v2,oe3,swarm|batch|bc1|h1|pso|r1|N20|c1,syn-balanced_multimodal-conditional-r1,balanced_multimodal,conditional,0,0,12567349465944861023,2026-10-01T05:40:33.215+00:00,completed,epsilon,True,True,True,True,,32.39286,38.33938800016767,36.73057299965876,1,52,0.4988095313719645,0.0,136.1108040048369,,code,1-1-1-0-1-0-1-1,0.4988095313719645,True,1,batch,True,pso,20,1,swarm
oe3-ofat-pilot-v2,oe3,swarm|batch|bc1|h1|pso|r1|N20|c1,syn-balanced_multimodal-conditional-r2,balanced_multimodal,conditional,0,0,4742918314447581142,2026-10-01T05:40:33.253+00:00,completed,epsilon,True,True,True,True,,34.504435,40.189901999838185,38.785434000601526,1,52,0.4784409614577118,0.02094032221573877,143.3845239858056,,code,2-1-1-1-2-1-2-1,0.4993812836734506,True,1,batch,True,pso,20,1,swarm
oe3-ofat-pilot-v2,oe3,swarm|batch|bc1|h1|pso|r1|N20|c1,syn-balanced_multimodal-conditional-r3,balanced_multimodal,conditional,0,0,11394639668150330671,2026-10-01T05:40:33.294+00:00,completed,epsilon,True,True,True,True,,27.923947,33.514410999487154,32.15008700135513,1,51,0.4637423303052723,0.007792650437786042,134.6806779970293,,text,1-1-1-1-2-1-1-1,0.47153498074305833,True,1,batch,True,pso,20,1,swarm
oe3-ofat-pilot-v2,oe3,swarm|batch|bc1|h1|pso|r1|N20|c1,syn-balanced_multimodal-conditional-r4,balanced_multimodal,conditional,0,0,2277667993778051270,2026-10-01T05:40:33.327+00:00,completed,epsilon,True,True,True,True,,43.931098,52.86304199762526,51.27359499965678,3,62,0.4970117057765307,1.963771524837732e-07,135.42036701050685,,code,2-1-1-1-2-0-2-1,0.4970119021536832,True,1,batch,True,pso,20,1,swarm
oe3-ofat-pilot-v2,oe3,swarm|batch|bc1|h1|pso|r1|N20|c1,syn-balanced_multimodal-repetitive-r0,balanced_multimodal,repetitive,0,0,3839617547738254315,2026-10-01T05:40:33.380+00:00,completed,epsilon,True,True,True,True,,41.205555,46.963161999883596,45.55894399891258,1,55,0.5383161833171735,0.020082558591373534,137.64371000400686,,code,2-1-1-1-1-1-2-1,0.558398741908547,True,1,batch,True,pso,20,1,swarm
oe3-ofat-pilot-v2,oe3,swarm|batch|bc1|h1|pso|r1|N20|c1,syn-balanced_multimodal-repetitive-r1,balanced_multimodal,repetitive,0,0,2659073220867155690,2026-10-01T05:40:33.427+00:00,completed,epsilon,True,True,True,True,,41.121491,47.15165800007526,45.49975999907474,2,60,0.5300479510764751,1.9637715242826204e-07,138.67904600617481,,code,2-0-2-1-2-1-1-1,0.5300481474536275,True,1,batch,True,pso,20,1,swarm
oe3-ofat-pilot-v2,oe3,swarm|batch|bc1|h1|pso|r1|N20|c1,syn-balanced_multimodal-repetitive-r2,balanced_multimodal,repetitive,0,0,12027688066564710874,2026-10-01T05:40:33.474+00:00,completed,epsilon,True,True,True,True,,31.965466,37.3557270031597,35.95477300041239,1,51,0.48695008664679024,0.02008255859137359,138.3157039969904,,code,2-1-2-1-1-1-2-1,0.5070326452381638,True,1,batch,True,pso,20,1,swarm
oe3-ofat-pilot-v2,oe3,swarm|batch|bc1|h1|pso|r1|N20|c1,syn-balanced_multimodal-repetitive-r3,balanced_multimodal,repetitive,0,0,10665835498416014906,2026-10-01T05:40:33.512+00:00,completed,epsilon,True,True,True,True,,34.452268,43.13282200018875,41.67926900117891,1,51,0.4984038111225635,0.020082362214221106,127.6454460093447,,diagram,1-1-2-0-2-1-1-1,0.5184861733367846,True,1,batch,True,pso,20,1,swarm
oe3-ofat-pilot-v2,oe3,swarm|batch|bc1|h1|pso|r1|N20|c1,syn-balanced_multimodal-repetitive-r4,balanced_multimodal,repetitive,0,0,16842203000296662102,2026-10-01T05:40:33.555+00:00,completed,epsilon,True,True,True,True,,37.546526,43.265469998004846,41.73483900012798,1,50,0.5354470399519666,0.020082558591373645,122.19681199077397,,code,2-1-1-1-1-1-2-1,0.5555295985433403,True,1,batch,True,pso,20,1,swarm
oe3-ofat-pilot-v2,oe3,swarm|batch|bc1|h1|pso|r1|N20|c1,syn-balanced_multimodal-arrays_vectors-r0,balanced_multimodal,arrays_vectors,0,0,8202019099685287209,2026-10-01T05:40:33.598+00:00,completed,epsilon,True,True,True,True,,42.272679,50.7718750013737,49.01288999826647,2,62,0.5214552573504015,0.007792454060633558,128.31708198769218,,code,2-0-1-0-2-1-1-1,0.5292477114110351,True,1,batch,True,pso,20,1,swarm
oe3-ofat-pilot-v2,oe3,swarm|batch|bc1|h1|pso|r1|N20|c1,syn-balanced_multimodal-arrays_vectors-r1,balanced_multimodal,arrays_vectors,0,0,1557390382835702406,2026-10-01T05:40:33.649+00:00,completed,epsilon,True,True,True,True,,33.519446,41.72206700241077,40.20036300062202,1,56,0.5096115026932262,0.01001413080874669,161.83559398704205,,code,1-0-1-1-1-1-1-1,0.5196256335019729,True,1,batch,True,pso,20,1,swarm
oe3-ofat-pilot-v2,oe3,swarm|batch|bc1|h1|pso|r1|N20|c1,syn-balanced_multimodal-arrays_vectors-r2,balanced_multimodal,arrays_vectors,0,0,1551228789342824201,2026-10-01T05:40:33.690+00:00,completed,epsilon,True,True,True,True,,34.252356,40.207719001045916,38.804684998467565,1,53,0.5207081594293232,0.027875012652007092,138.99670900745832,,text,1-1-1-1-2-1-1-1,0.5485831720813303,True,1,batch,True,pso,20,1,swarm
oe3-ofat-pilot-v2,oe3,swarm|batch|bc1|h1|pso|r1|N20|c1,syn-balanced_multimodal-arrays_vectors-r3,balanced_multimodal,arrays_vectors,0,0,11908930478528390133,2026-10-01T05:40:33.731+00:00,completed,epsilon,True,True,True,True,,45.765181,54.01106199860806,52.30501999903936,2,62,0.5326887851156756,0.019041613531884827,176.57238301090612,,code,1-0-1-1-1-0-1-1,0.5517303986475605,True,1,batch,True,pso,20,1,swarm
oe3-ofat-pilot-v2,oe3,swarm|batch|bc1|h1|pso|r1|N20|c1,syn-balanced_multimodal-arrays_vectors-r4,balanced_multimodal,arrays_vectors,0,0,7080146454937735062,2026-10-01T05:40:33.785+00:00,completed,epsilon,True,True,True,True,,31.166938,36.91733599771396,35.453937998681795,1,53,0.5231764212501887,0.0034158919247068154,149.50434399567956,,code,2-1-1-1-1-0-1-1,0.5265923131748955,True,1,batch,True,pso,20,1,swarm
oe3-ofat-pilot-v2,oe3,swarm|batch|bc1|h1|pso|r1|N20|c1,syn-balanced_multimodal-functions-r0,balanced_multimodal,functions,0,0,2933908082685948832,2026-10-01T05:40:33.822+00:00,completed,epsilon,True,True,True,True,,44.55928,54.12484099724679,52.50255999999354,2,60,0.5082813071929754,0.022699680157076907,157.68101699977663,,code,2-2-2-1-1-1-1-1,0.5309809873500523,True,1,batch,True,pso,20,1,swarm
oe3-ofat-pilot-v2,oe3,swarm|batch|bc1|h1|pso|r1|N20|c1,syn-balanced_multimodal-functions-r1,balanced_multimodal,functions,0,0,368220290834284782,2026-10-01T05:40:33.876+00:00,completed,epsilon,True,True,True,True,,31.711002,37.3852890006674,35.978870997496415,1,53,0.4917724457549157,0.02008255859137359,164.7944190135882,,code,2-1-1-1-1-1-2-1,0.5118550043462893,True,1,batch,True,pso,20,1,swarm
oe3-ofat-pilot-v2,oe3,swarm|batch|bc1|h1|pso|r1|N20|c1,syn-balanced_multimodal-functions-r2,balanced_multimodal,functions,0,0,8673480799685267205,2026-10-01T05:40:33.913+00:00,completed,epsilon,True,True,True,True,,53.007263,61.68209299721639,59.822331997565925,3,67,0.5181875250450265,0.0,164.61444401423637,,code,2-0-1-0-1-0-1-1,0.5181875250450265,True,1,batch,True,pso,20,1,swarm
oe3-ofat-pilot-v2,oe3,swarm|batch|bc1|h1|pso|r1|N20|c1,syn-balanced_multimodal-functions-r3,balanced_multimodal,functions,0,0,18228905326412579013,2026-10-01T05:40:33.975+00:00,completed,epsilon,True,True,True,True,,33.916681,42.22984200168867,40.76151000117534,1,57,0.489537761565406,0.027875012652007147,186.5796979913359,,diagram,1-1-2-1-2-1-1-1,0.5174127742174132,True,1,batch,True,pso,20,1,swarm
oe3-ofat-pilot-v2,oe3,swarm|batch|bc1|h1|pso|r1|N20|c1,syn-balanced_multimodal-functions-r4,balanced_multimodal,functions,0,0,4683180797726806680,2026-10-01T05:40:34.017+00:00,completed,epsilon,True,True,True,True,,43.649378,49.22825399989961,47.74106600234518,2,57,0.4810101863870243,0.022699680157077018,144.80199400147455,,diagram,1-2-2-1-1-1-1-1,0.5037098665441013,True,1,batch,True,pso,20,1,swarm
oe3-ofat-pilot-v2,oe3,swarm|batch|bc1|h1|pso|r1|N20|c1,syn-visual_dominant-sequential-r0,visual_dominant,sequential,1,0,3334967381364256590,2026-10-01T05:40:34.066+00:00,completed,epsilon,True,True,True,True,,37.022817,45.46993399708299,44.00957400139305,2,54,0.4747507119144429,0.0010553553645042402,122.62506499513718,,diagram,1-0-2-1-1-1-0-0,0.47580606727894714,True,1,batch,True,pso,20,1,swarm
oe3-ofat-pilot-v2,oe3,swarm|batch|bc1|h1|pso|r1|N20|c1,syn-visual_dominant-sequential-r1,visual_dominant,sequential,1,0,14463353593492607384,2026-10-01T05:40:34.112+00:00,completed,epsilon,True,True,True,True,,34.231587,39.92644399841083,38.56224300034228,1,53,0.44878503224528293,0.02008255859137359,157.78790001079864,,diagram,1-1-2-1-0-1-1-1,0.4688675908366565,True,1,batch,True,pso,20,1,swarm
oe3-ofat-pilot-v2,oe3,swarm|batch|bc1|h1|pso|r1|N20|c1,syn-visual_dominant-sequential-r2,visual_dominant,sequential,1,0,1449473017236341336,2026-10-01T05:40:34.152+00:00,completed,epsilon,True,True,True,True,,34.281829,40.06398600176908,38.53815500042401,1,58,0.43325366196641485,0.03524242282272433,178.05229499309294,,diagram,0-1-2-1-0-1-0-1,0.4684960847891392,True,1,batch,True,pso,20,1,swarm
oe3-ofat-pilot-v2,oe3,swarm|batch|bc1|h1|pso|r1|N20|c1,syn-visual_dominant-sequential-r3,visual_dominant,sequential,1,0,11784465089289360140,2026-10-01T05:40:34.192+00:00,completed,epsilon,True,True,True,True,,42.62797,48.844535998796346,47.191872999974294,2,63,0.49689284274488765,1.9637715242826204e-07,188.92162602226875,,diagram,1-0-2-1-0-1-1-1,0.4968930391220401,True,1,batch,True,pso,20,1,swarm
oe3-ofat-pilot-v2,oe3,swarm|batch|bc1|h1|pso|r1|N20|c1,syn-visual_dominant-sequential-r4,visual_dominant,sequential,1,0,9843101576308061791,2026-10-01T05:40:34.241+00:00,completed,epsilon,True,True,True,True,,34.485981,55.93739500181982,54.375793999497546,1,53,0.44621475259761745,0.0077761988976089436,134.6098859988463,,diagram,1-2-2-1-1-1-0-0,0.4539909514952264,True,1,batch,True,pso,20,1,swarm
oe3-ofat-pilot-v2,oe3,swarm|batch|bc1|h1|pso|r1|N20|c1,syn-visual_dominant-conditional-r0,visual_dominant,conditional,1,0,399204953024597195,2026-10-01T05:40:34.297+00:00,completed,epsilon,True,True,True,True,,34.037754,40.28102099982789,38.760079001804115,1,56,0.4683786250362893,0.007792650437786042,170.2063840094093,,diagram,1-1-2-1-0-1-0-1,0.47617127547407534,True,1,batch,True,pso,20,1,swarm
oe3-ofat-pilot-v2,oe3,swarm|batch|bc1|h1|pso|r1|N20|c1,syn-visual_dominant-conditional-r1,visual_dominant,conditional,1,0,7224635709434446062,2026-10-01T05:40:34.337+00:00,completed,epsilon,True,True,True,True,,41.175239,47.465632000239566,45.889418997830944,2,63,0.43347702875536903,0.0036547194033032526,194.89234400361715,,diagram,1-1-2-1-0-1-0-1,0.4371317481586723,True,1,batch,True,pso,20,1,swarm
oe3-ofat-pilot-v2,oe3,swarm|batch|bc1|h1|pso|r1|N20|c1,syn-visual_dominant-conditional-r2,visual_dominant,conditional,1,0,12837783749454387842,2026-10-01T05:40:34.384+00:00,completed,epsilon,True,True,True,True,,48.178154,58.04171899944777,56.37902300077258,3,65,0.4757631054163088,3.436600168327253e-07,137.56787601663166,,code,2-1-2-2-1-0-1-1,0.4757634490763256,True,1,batch,True,pso,20,1,swarm
oe3-ofat-pilot-v2,oe3,swarm|batch|bc1|h1|pso|r1|N20|c1,syn-visual_dominant-conditional-r3,visual_dominant,conditional,1,0,1552749880042890602,2026-10-01T05:40:34.442+00:00,completed,epsilon,True,True,True,True,,56.848103,65.66202999965753,63.82728199969279,3,69,0.45741192371591466,0.0,175.8077740039896,,diagram,1-1-2-0-0-0-1-1,0.45741192371591466,True,1,batch,True,pso,20,1,swarm
oe3-ofat-pilot-v2,oe3,swarm|batch|bc1|h1|pso|r1|N20|c1,syn-visual_dominant-conditional-r4,visual_dominant,conditional,1,0,6016564164395138588,2026-10-01T05:40:34.508+00:00,completed,epsilon,True,True,True,True,,39.896654,45.93097499673604,44.29315699962899,2,59,0.44865674501612823,1.963771524837732e-07,136.59801598175764,,diagram,1-1-2-1-1-0-0-1,0.4486569413932807,True,1,batch,True,pso,20,1,swarm
oe3-ofat-pilot-v2,oe3,swarm|batch|bc1|h1|pso|r1|N20|c1,syn-visual_dominant-repetitive-r0,visual_dominant,repetitive,1,0,388248794542993201,2026-10-01T05:40:34.554+00:00,completed,epsilon,True,True,True,True,,43.381209,49.641042001894675,47.87048500293167,2,60,0.4900640634881811,1.9637715242826204e-07,128.0304569925029,,diagram,1-0-2-1-1-1-0-1,0.49006425986533353,True,1,batch,True,pso,20,1,swarm
oe3-ofat-pilot-v2,oe3,swarm|batch|bc1|h1|pso|r1|N20|c1,syn-visual_dominant-repetitive-r1,visual_dominant,repetitive,1,0,6429826071426475855,2026-10-01T05:40:34.604+00:00,completed,epsilon,True,True,True,True,,37.848802,43.5292260008282,42.03758999938145,2,55,0.47132853097575106,0.02008255859137359,145.89706598902598,,code,2-1-2-1-1-1-1-1,0.49141108956712465,True,1,batch,True,pso,20,1,swarm
oe3-ofat-pilot-v2,oe3,swarm|batch|bc1|h1|pso|r1|N20|c1,syn-visual_dominant-repetitive-r2,visual_dominant,repetitive,1,0,681915851494163713,2026-10-01T05:40:34.647+00:00,completed,epsilon,True,True,True,True,,34.033468,39.86441099914373,38.22441300144419,1,54,0.4973688479790045,0.020082362214221106,149.50971500248252,,code,2-1-2-0-1-1-0-1,0.5174512101932256,True,1,batch,True,pso,20,1,swarm
oe3-ofat-pilot-v2,oe3,swarm|batch|bc1|h1|pso|r1|N20|c1,syn-visual_dominant-repetitive-r3,visual_dominant,repetitive,1,0,9442719100814584237,2026-10-01T05:40:34.687+00:00,completed,epsilon,True,True,True,True,,42.005836,51.47690999729093,49.95856899768114,2,55,0.5053301087599773,0.0,130.01900499925193,,diagram,1-0-2-0-0-1-0-1,0.5053301087599773,True,1,batch,True,pso,20,1,swarm
oe3-ofat-pilot-v2,oe3,swarm|batch|bc1|h1|pso|r1|N20|c1,syn-visual_dominant-repetitive-r4,visual_dominant,repetitive,1,0,13949056110443868569,2026-10-01T05:40:34.739+00:00,completed,epsilon,True,True,True,True,,51.100812,57.22248099846183,55.441800999687985,4,65,0.46760730899554137,1.9637715242826204e-07,135.97425499456165,,diagram,1-0-2-1-0-1-0-1,0.4676075053726938,True,1,batch,True,pso,20,1,swarm
oe3-ofat-pilot-v2,oe3,swarm|batch|bc1|h1|pso|r1|N20|c1,syn-visual_dominant-arrays_vectors-r0,visual_dominant,arrays_vectors,1,0,2917865247295538106,2026-10-01T05:40:34.796+00:00,completed,epsilon,True,True,True,True,,32.494872,38.04938200119068,36.455852998187765,1,59,0.46105976353153516,0.027875012652007147,172.96712698601763,,diagram,1-1-2-1-0-1-0-1,0.4889347761835423,True,1,batch,True,pso,20,1,swarm
oe3-ofat-pilot-v2,oe3,swarm|batch|bc1|h1|pso|r1|N20|c1,syn-visual_dominant-arrays_vectors-r1,visual_dominant,arrays_vectors,1,0,5722646615589724131,2026-10-01T05:40:34.834+00:00,completed,epsilon,True,True,True,True,,35.58802,43.140737998328405,41.706849999172846,1,53,0.448934361287075,0.004258245401240313,125.3412229651213,,diagram,1-0-2-1-1-0-1-0,0.4531926066883153,True,1,batch,True,pso,20,1,swarm
oe3-ofat-pilot-v2,oe3,swarm|batch|bc1|h1|pso|r1|N20|c1,syn-visual_dominant-arrays_vectors-r2,visual_dominant,arrays_vectors,1,0,7131356553039093964,2026-10-01T05:40:34.877+00:00,completed,epsilon,True,True,True,True,,43.439496,51.63069199988968,50.03346000012243,3,59,0.5140420274407931,0.007792454060633558,128.50632699054,,diagram,1-0-2-0-1-1-1-1,0.5218344815014266,True,1,batch,True,pso,20,1,swarm
oe3-ofat-pilot-v2,oe3,swarm|batch|bc1|h1|pso|r1|N20|c1,syn-visual_dominant-arrays_vectors-r3,visual_dominant,arrays_vectors,1,0,9708572912594749697,2026-10-01T05:40:34.929+00:00,completed,epsilon,True,True,True,True,,53.256526,67.52204099757364,65.49267299851635,1,57,0.5179109459939615,0.01002641009046179,172.55414001524656,,diagram,0-1-2-1-1-0-0-0,0.5279373560844233,True,1,batch,True,pso,20,1,swarm
oe3-ofat-pilot-v2,oe3,swarm|batch|bc1|h1|pso|r1|N20|c1,syn-visual_dominant-arrays_vectors-r4,visual_dominant,arrays_vectors,1,0,8051371913516571402,2026-10-01T05:40:34.996+00:00,completed,epsilon,True,True,True,True,,30.368039,39.31938999812701,37.94125100102974,1,48,0.48288447505901916,0.014696718078363646,111.24915399548303,,diagram,1-1-2-1-1-1-0-1,0.4975811931373828,True,1,batch,True,pso,20,1,swarm
oe3-ofat-pilot-v2,oe3,swarm|batch|bc1|h1|pso|r1|N20|c1,syn-visual_dominant-functions-r0,visual_dominant,functions,1,0,16135236781280778921,2026-10-01T05:40:35.036+00:00,completed,epsilon,True,True,True,True,,41.078865,47.541547999571776,45.72229800032801,2,62,0.4977881257361313,1.9637715242826204e-07,175.9611939832942,,diagram,1-0-2-1-1-1-0-1,0.4977883221132837,True,1,batch,True,pso,20,1,swarm
oe3-ofat-pilot-v2,oe3,swarm|batch|bc1|h1|pso|r1|N20|c1,syn-visual_dominant-functions-r1,visual_dominant,functions,1,0,11881822526199768276,2026-10-01T05:40:35.083+00:00,completed,epsilon,True,True,True,True,,40.523475,46.814326000458095,45.148762001190335,2,59,0.4941057150421845,0.007792650437785986,149.80400900435146,,code,2-0-2-1-1-1-0-1,0.5018983654799705,True,1,batch,True,pso,20,1,swarm
oe3-ofat-pilot-v2,oe3,swarm|batch|bc1|h1|pso|r1|N20|c1,syn-visual_dominant-functions-r2,visual_dominant,functions,1,0,8281290246287181489,2026-10-01T05:40:35.130+00:00,completed,epsilon,True,True,True,True,,54.070381,60.242658997594845,58.44058799993945,4,71,0.471376010746655,1.9637715242826204e-07,124.80881999860496,,diagram,1-0-2-1-1-0-1-1,0.47137620712380746,True,1,batch,True,pso,20,1,swarm
oe3-ofat-pilot-v2,oe3,swarm|batch|bc1|h1|pso|r1|N20|c1,syn-visual_dominant-functions-r3,visual_dominant,functions,1,0,11110122146323643609,2026-10-01T05:40:35.190+00:00,completed,epsilon,True,True,True,True,,53.609169,63.00102500244975,61.33895599850803,3,64,0.46752807932785406,0.012907029719290863,171.81195800712473,,diagram,1-2-2-0-0-0-1-1,0.4804351090471449,True,1,batch,True,pso,20,1,swarm
oe3-ofat-pilot-v2,oe3,swarm|batch|bc1|h1|pso|r1|N20|c1,syn-visual_dominant-functions-r4,visual_dominant,functions,1,0,3086301632103932787,2026-10-01T05:40:35.253+00:00,completed,epsilon,True,True,True,True,,35.845299,41.73437200006447,40.305700997123495,2,55,0.48282466482518693,0.019803777820581292,109.33468801040725,,code,2-2-2-1-1-1-1-1,0.5026284426457682,True,1,batch,True,pso,20,1,swarm
oe3-ofat-pilot-v2,oe3,swarm|batch|bc1|h1|pso|r1|N20|c1,syn-logical_syntactic-sequential-r0,logical_syntactic,sequential,1,0,7251352304488983451,2026-10-01T05:40:35.295+00:00,completed,epsilon,True,True,True,True,,39.431591,48.357697000028566,46.50557700006175,1,59,0.4761348237523099,0.02008255859137359,173.85912201440198,,code,2-1-1-1-0-1-0-1,0.4962173823436835,True,1,batch,True,pso,20,1,swarm
oe3-ofat-pilot-v2,oe3,swarm|batch|bc1|h1|pso|r1|N20|c1,syn-logical_syntactic-sequential-r1,logical_syntactic,sequential,1,0,12053108598153308178,2026-10-01T05:40:35.343+00:00,completed,epsilon,True,True,True,True,,52.286318,60.86500699893804,59.19911900127772,4,65,0.4825461654414688,1.9637715242826204e-07,129.69490399844284,,code,2-0-1-1-1-1-0-1,0.4825463618186212,True,1,batch,True,pso,20,1,swarm
oe3-ofat-pilot-v2,oe3,swarm|batch|bc1|h1|pso|r1|N20|c1,syn-logical_syntactic-sequential-r2,logical_syntactic,sequential,1,0,16364623137167520195,2026-10-01T05:40:35.404+00:00,completed,epsilon,True,True,True,True,,33.127821,38.80492499956745,37.326680998376105,1,53,0.5052479809084092,0.0034158919247069264,150.52306499586578,,code,2-1-0-1-1-1-1-1,0.5086638728331161,True,1,batch,True,pso,20,1,swarm
oe3-ofat-pilot-v2,oe3,swarm|batch|bc1|h1|pso|r1|N20|c1,syn-logical_syntactic-sequential-r3,logical_syntactic,sequential,1,0,14054898920044902309,2026-10-01T05:40:35.443+00:00,completed,epsilon,True,True,True,True,,41.187962,47.18151799897896,45.54469499998959,2,60,0.47454039043400664,1.9637715242826204e-07,176.11470101949874,,code,2-0-1-1-1-1-0-1,0.47454058681115907,True,1,batch,True,pso,20,1,swarm
oe3-ofat-pilot-v2,oe3,swarm|batch|bc1|h1|pso|r1|N20|c1,syn-logical_syntactic-sequential-r4,logical_syntactic,sequential,1,0,13156865779355580401,2026-10-01T05:40:35.490+00:00,completed,epsilon,True,True,True,True,,38.422528,47.62183799903141,46.05796699979692,1,58,0.4768785814363051,0.019509201575559354,179.46113003195447,,code,2-0-1-1-1-1-1-1,0.4963877830118645,True,1,batch,True,pso,20,1,swarm
oe3-ofat-pilot-v2,oe3,swarm|batch|bc1|h1|pso|r1|N20|c1,syn-logical_syntactic-conditional-r0,logical_syntactic,conditional,1,0,11414306351426817161,2026-10-01T05:40:35.538+00:00,completed,epsilon,True,True,True,True,,41.615447,47.824032000789884,46.090276999166235,1,61,0.4552124341978106,0.0036547194033032526,231.5175870045657,,code,2-1-1-1-0-1-0-1,0.45886715360111385,True,1,batch,True,pso,20,1,swarm
oe3-ofat-pilot-v2,oe3,swarm|batch|bc1|h1|pso|r1|N20|c1,syn-logical_syntactic-conditional-r1,logical_syntactic,conditional,1,0,7856604676471064028,2026-10-01T05:40:35.586+00:00,completed,epsilon,True,True,True,True,,51.702657,57.72421100118663,56.0026849998394,3,69,0.45182436159096645,1.963771524837732e-07,170.03914499051672,,code,2-1-1-1-0-0-0-1,0.45182455796811893,True,1,batch,True,pso,20,1,swarm
oe3-ofat-pilot-v2,oe3,swarm|batch|bc1|h1|pso|r1|N20|c1,syn-logical_syntactic-conditional-r2,logical_syntactic,conditional,1,0,3752771868888662993,2026-10-01T05:40:35.643+00:00,completed,epsilon,True,True,True,True,,37.532442,43.10283399900072,41.59662500023842,1,55,0.4631068467146388,0.0036547194033032526,145.00195800584288,,code,2-1-1-1-0-1-1-1,0.46676156611794206,True,1,batch,True,pso,20,1,swarm
oe3-ofat-pilot-v2,oe3,swarm|batch|bc1|h1|pso|r1|N20|c1,syn-logical_syntactic-conditional-r3,logical_syntactic,conditional,1,0,2424363617272683664,2026-10-01T05:40:35.687+00:00,completed,epsilon,True,True,True,True,,31.327581,36.76514000108,35.30838699953165,1,51,0.46926591844681625,1.963771524837732e-07,128.9904219769438,,code,2-1-1-1-0-0-0-1,0.46926611482396874,True,1,batch,True,pso,20,1,swarm
oe3-ofat-pilot-v2,oe3,swarm|batch|bc1|h1|pso|r1|N20|c1,syn-logical_syntactic-conditional-r4,logical_syntactic,conditional,1,0,10671629074959594599,2026-10-01T05:40:35.723+00:00,completed,epsilon,True,True,True,True,,30.876407,36.58768199966289,35.066147000179626,1,49,0.4839345737065493,0.0036547194033032526,122.60348499187612,,code,2-1-1-1-1-1-1-1,0.48758929310985255,True,1,batch,True,pso,20,1,swarm
oe3-ofat-pilot-v2,oe3,swarm|batch|bc1|h1|pso|r1|N20|c1,syn-logical_syntactic-repetitive-r0,logical_syntactic,repetitive,1,0,15966723904431689505,2026-10-01T05:40:35.760+00:00,completed,epsilon,True,True,True,True,,34.210971,40.197775000706315,38.829478002298856,1,56,0.45068774937313677,0.02008255859137359,142.05344898778665,,code,2-1-2-1-0-1-1-1,0.47077030796451036,True,1,batch,True,pso,20,1,swarm
oe3-ofat-pilot-v2,oe3,swarm|batch|bc1|h1|pso|r1|N20|c1,syn-logical_syntactic-repetitive-r1,logical_syntactic,repetitive,1,0,3470008616984474820,2026-10-01T05:40:35.800+00:00,completed,epsilon,True,True,True,True,,41.432834,50.552940996567486,48.9082829990366,2,60,0.4875749285414261,0.0010553553645042402,143.77711602305234,,code,2-0-1-1-0-1-0-0,0.48863028390593033,True,1,batch,True,pso,20,1,swarm
oe3-ofat-pilot-v2,oe3,swarm|batch|bc1|h1|pso|r1|N20|c1,syn-logical_syntactic-repetitive-r2,logical_syntactic,repetitive,1,0,11319749022719662673,2026-10-01T05:40:35.851+00:00,completed,epsilon,True,True,True,True,,47.135636,53.33542399966973,51.64159199921414,2,57,0.5086891851103017,1.9637715242826204e-07,128.67465900210613,,code,2-0-1-1-1-1-1-1,0.5086893814874541,True,1,batch,True,pso,20,1,swarm
oe3-ofat-pilot-v2,oe3,swarm|batch|bc1|h1|pso|r1|N20|c1,syn-logical_syntactic-repetitive-r3,logical_syntactic,repetitive,1,0,4643417038172318447,2026-10-01T05:40:35.904+00:00,completed,epsilon,True,True,True,True,,45.584048,51.6510660017957,50.005173001409275,3,61,0.48216814861223045,0.0,134.5256100055627,,code,2-0-1-0-1-1-0-1,0.48216814861223045,True,1,batch,True,pso,20,1,swarm
oe3-ofat-pilot-v2,oe3,swarm|batch|bc1|h1|pso|r1|N20|c1,syn-logical_syntactic-repetitive-r4,logical_syntactic,repetitive,1,0,15250258441158635833,2026-10-01T05:40:35.956+00:00,completed,epsilon,True,True,True,True,,42.879948,51.449983002385125,49.79744299998856,2,60,0.42431619622197225,0.020082362214221106,161.05280200346124,,code,2-1-0-0-1-1-0-1,0.44439855843619336,True,1,batch,True,pso,20,1,swarm
oe3-ofat-pilot-v2,oe3,swarm|batch|bc1|h1|pso|r1|N20|c1,syn-logical_syntactic-arrays_vectors-r0,logical_syntactic,arrays_vectors,1,0,794293079882404652,2026-10-01T05:40:36.007+00:00,completed,epsilon,True,True,True,True,,30.197084,37.63004599750275,36.240958997950656,1,51,0.497908345466907,0.007792650437785986,126.39255000817336,,code,2-0-1-1-0-1-1-1,0.505700995904693,True,1,batch,True,pso,20,1,swarm
oe3-ofat-pilot-v2,oe3,swarm|batch|bc1|h1|pso|r1|N20|c1,syn-logical_syntactic-arrays_vectors-r1,logical_syntactic,arrays_vectors,1,0,13279616171390739924,2026-10-01T05:40:36.045+00:00,completed,epsilon,True,True,True,True,,48.592238,57.88217900044401,56.07727200185764,3,69,0.4766932553481305,0.007351474163735328,163.67903399909736,,code,2-2-1-0-1-0-1-1,0.48404472951186583,True,1,batch,True,pso,20,1,swarm
oe3-ofat-pilot-v2,oe3,swarm|batch|bc1|h1|pso|r1|N20|c1,syn-logical_syntactic-arrays_vectors-r2,logical_syntactic,arrays_vectors,1,0,9505461881805374079,2026-10-01T05:40:36.103+00:00,completed,epsilon,True,True,True,True,,33.170691,38.98960799779161,37.58061800181167,1,53,0.49083069767651405,0.027875012652007147,138.30734300070878,,code,2-1-1-1-0-1-0-1,0.5187057103285212,True,1,batch,True,pso,20,1,swarm
oe3-ofat-pilot-v2,oe3,swarm|batch|bc1|h1|pso|r1|N20|c1,syn-logical_syntactic-arrays_vectors-r3,logical_syntactic,arrays_vectors,1,0,8401228647824766960,2026-10-01T05:40:36.142+00:00,completed,epsilon,True,True,True,True,,35.916808,41.707412998221116,40.047010999842314,1,59,0.510410675757111,0.017498999281390648,173.9677200137892,,code,2-1-1-1-1-1-1-1,0.5279096750385016,True,1,batch,True,pso,20,1,swarm
oe3-ofat-pilot-v2,oe3,swarm|batch|bc1|h1|pso|r1|N20|c1,syn-logical_syntactic-arrays_vectors-r4,logical_syntactic,arrays_vectors,1,0,18034434371952724805,2026-10-01T05:40:36.183+00:00,completed,epsilon,True,True,True,True,,48.818746,55.08771099994192,53.29007700129296,3,66,0.4636716133337328,0.00341589192470676,171.6602469910128,,code,2-1-1-1-0-0-1-1,0.46708750525843956,True,1,batch,True,pso,20,1,swarm
oe3-ofat-pilot-v2,oe3,swarm|batch|bc1|h1|pso|r1|N20|c1,syn-logical_syntactic-functions-r0,logical_syntactic,functions,1,0,356074301951452711,2026-10-01T05:40:36.239+00:00,completed,epsilon,True,True,True,True,,35.147546,40.831785001500975,39.315381000051275,1,55,0.4876998796280693,0.027875012652007147,158.5502250139025,,code,2-1-1-1-1-1-0-1,0.5155748922800765,True,1,batch,True,pso,20,1,swarm
oe3-ofat-pilot-v2,oe3,swarm|batch|bc1|h1|pso|r1|N20|c1,syn-logical_syntactic-functions-r1,logical_syntactic,functions,1,0,18385489952471934676,2026-10-01T05:40:36.279+00:00,completed,epsilon,True,True,True,True,,47.958115,53.81897499682964,52.190087000781205,4,65,0.4952348885551682,1.9637715242826204e-07,149.81045001909834,,code,2-0-1-1-1-0-0-1,0.4952350849323206,True,1,batch,True,pso,20,1,swarm
oe3-ofat-pilot-v2,oe3,swarm|batch|bc1|h1|pso|r1|N20|c1,syn-logical_syntactic-functions-r2,logical_syntactic,functions,1,0,6055816422684010007,2026-10-01T05:40:36.333+00:00,completed,epsilon,True,True,True,True,,32.494698,38.02387200266821,36.669517001428176,1,48,0.4703323912858079,0.027875012652007147,121.9630319865798,,code,2-1-0-1-1-1-1-1,0.49820740393781504,True,1,batch,True,pso,20,1,swarm
oe3-ofat-pilot-v2,oe3,swarm|batch|bc1|h1|pso|r1|N20|c1,syn-logical_syntactic-functions-r3,logical_syntactic,functions,1,0,12612345210513099450,2026-10-01T05:40:36.371+00:00,completed,epsilon,True,True,True,True,,32.391384,38.2376759989711,36.76445200107992,1,58,0.46627757409622445,0.02008255859137359,173.56752999062866,,code,2-1-1-1-1-1-0-1,0.48636013268759803,True,1,batch,True,pso,20,1,swarm
oe3-ofat-pilot-v2,oe3,swarm|batch|bc1|h1|pso|r1|N20|c1,syn-logical_syntactic-functions-r4,logical_syntactic,functions,1,0,10415694527128160469,2026-10-01T05:40:36.409+00:00,completed,epsilon,True,True,True,True,,36.516029,46.23216199979652,44.75012599868933,1,51,0.40713748248632187,0.048913639728908276,137.8551540060196,,code,2-2-1-1-1-1-1-1,0.45605112221523014,True,1,batch,True,pso,20,1,swarm
oe3-ofat-pilot-v2,oe3,swarm|batch|bc1|h1|pso|r1|N20|c1,syn-explanatory_conceptual-sequential-r0,explanatory_conceptual,sequential,1,0,5940893258720170927,2026-10-01T05:40:36.456+00:00,completed,epsilon,True,True,True,True,,37.228595,45.662669002922485,44.154715000331635,1,56,0.4193516078456325,0.04810403721289147,174.52581401036818,,text,0-0-1-2-2-0-1-1,0.467455645058524,True,1,batch,True,pso,20,1,swarm
oe3-ofat-pilot-v2,oe3,swarm|batch|bc1|h1|pso|r1|N20|c1,syn-explanatory_conceptual-sequential-r1,explanatory_conceptual,sequential,1,0,17003596441327521031,2026-10-01T05:40:36.501+00:00,completed,epsilon,True,True,True,True,,33.765256,39.63270900203497,38.13482799887424,1,57,0.45267043074923324,0.006749225258040281,166.34320000803223,,text,0-1-0-1-2-1-0-1,0.4594196560072735,True,1,batch,True,pso,20,1,swarm
oe3-ofat-pilot-v2,oe3,swarm|batch|bc1|h1|pso|r1|N20|c1,syn-explanatory_conceptual-sequential-r2,explanatory_conceptual,sequential,1,0,18052668489611125550,2026-10-01T05:40:36.541+00:00,completed,epsilon,True,True,True,True,,44.156567,52.15876600050251,50.51193499821238,2,63,0.4347991136547246,0.027875012652007147,154.22375598816635,,text,1-1-1-1-2-1-1-1,0.46267412630673177,True,1,batch,True,pso,20,1,swarm
oe3-ofat-pilot-v2,oe3,swarm|batch|bc1|h1|pso|r1|N20|c1,syn-explanatory_conceptual-sequential-r3,explanatory_conceptual,sequential,1,0,6496118862096545493,2026-10-01T05:40:36.593+00:00,completed,epsilon,True,True,True,True,,46.720646,55.23853200065787,53.72655300016049,2,57,0.44582930063903703,0.003147466336683613,127.10610399700079,,text,1-2-1-1-2-1-1-1,0.44897676697572064,True,1,batch,True,pso,20,1,swarm
oe3-ofat-pilot-v2,oe3,swarm|batch|bc1|h1|pso|r1|N20|c1,syn-explanatory_conceptual-sequential-r4,explanatory_conceptual,sequential,1,0,1500050021784736840,2026-10-01T05:40:36.648+00:00,completed,epsilon,True,True,True,True,,51.839436,60.28015999982017,58.46851200112724,3,69,0.4665029999409801,0.0,145.07164799877756,,text,1-1-1-0-2-0-1-1,0.4665029999409801,True,1,batch,True,pso,20,1,swarm
oe3-ofat-pilot-v2,oe3,swarm|batch|bc1|h1|pso|r1|N20|c1,syn-explanatory_conceptual-conditional-r0,explanatory_conceptual,conditional,1,0,16561957339801224966,2026-10-01T05:40:36.709+00:00,completed,epsilon,True,True,True,True,,33.790785,39.47481100112782,37.99496999999974,1,51,0.487737317609176,0.007792650437786042,143.6367810009425,,code,2-1-1-1-2-1-1-1,0.49552996804696203,True,1,batch,True,pso,20,1,swarm
oe3-ofat-pilot-v2,oe3,swarm|batch|bc1|h1|pso|r1|N20|c1,syn-explanatory_conceptual-conditional-r1,explanatory_conceptual,conditional,1,0,3094637029774210609,2026-10-01T05:40:36.748+00:00,completed,epsilon,True,True,True,True,,40.724323,46.596085998316994,45.08326100039994,2,57,0.4788636419583419,1.963771524837732e-07,120.55829400962698,,text,1-1-1-1-2-0-1-1,0.4788638383354944,True,1,batch,True,pso,20,1,swarm
oe3-ofat-pilot-v2,oe3,swarm|batch|bc1|h1|pso|r1|N20|c1,syn-explanatory_conceptual-conditional-r2,explanatory_conceptual,conditional,1,0,3804476585378584912,2026-10-01T05:40:36.795+00:00,completed,epsilon,True,True,True,True,,34.392368,40.098451001540525,38.506212000356754,1,56,0.4825120796519577,0.007792650437786042,170.60590099275885,,diagram,1-1-2-1-2-1-1-1,0.49030473008974373,True,1,batch,True,pso,20,1,swarm
oe3-ofat-pilot-v2,oe3,swarm|batch|bc1|h1|pso|r1|N20|c1,syn-explanatory_conceptual-conditional-r3,explanatory_conceptual,conditional,1,0,17655201975640420228,2026-10-01T05:40:36.835+00:00,completed,epsilon,True,True,True,True,,50.073466,56.32916299873614,54.722021999623394,3,63,0.4346182283477961,1.963771524837732e-07,145.14946800147317,,text,1-1-0-1-2-0-0-1,0.4346184247249486,True,1,batch,True,pso,20,1,swarm
oe3-ofat-pilot-v2,oe3,swarm|batch|bc1|h1|pso|r1|N20|c1,syn-explanatory_conceptual-conditional-r4,explanatory_conceptual,conditional,1,0,12297342674909518057,2026-10-01T05:40:36.891+00:00,completed,epsilon,True,True,True,True,,43.187399,54.960994002613006,53.270281998266,2,62,0.43714016499501035,0.02799593617279056,189.2370410004919,,text,1-1-1-1-2-2-0-1,0.4651361011678009,True,1,batch,True,pso,20,1,swarm
oe3-ofat-pilot-v2,oe3,swarm|batch|bc1|h1|pso|r1|N20|c1,syn-explanatory_conceptual-repetitive-r0,explanatory_conceptual,repetitive,1,0,6786978368093374640,2026-10-01T05:40:36.946+00:00,completed,epsilon,True,True,True,True,,48.002035,56.84496200046851,55.05392200211645,2,65,0.4661812521376081,0.0,182.5752769889488,,text,1-0-1-0-2-1-0-1,0.4661812521376081,True,1,batch,True,pso,20,1,swarm
oe3-ofat-pilot-v2,oe3,swarm|batch|bc1|h1|pso|r1|N20|c1,syn-explanatory_conceptual-repetitive-r1,explanatory_conceptual,repetitive,1,0,5950440212697171806,2026-10-01T05:40:37.003+00:00,completed,epsilon,True,True,True,True,,47.669667,53.35315499905846,51.772093000181485,2,61,0.5255407002055713,1.9637715242826204e-07,152.3302159999904,,text,1-0-1-1-2-1-1-1,0.5255408965827237,True,1,batch,True,pso,20,1,swarm
oe3-ofat-pilot-v2,oe3,swarm|batch|bc1|h1|pso|r1|N20|c1,syn-explanatory_conceptual-repetitive-r2,explanatory_conceptual,repetitive,1,0,6222910758705333057,2026-10-01T05:40:37.057+00:00,completed,epsilon,True,True,True,True,,36.769798,42.27145299955737,40.83854200143833,1,52,0.4707990919315041,0.021881510427353146,146.08108300148484,,text,1-1-1-1-2-1-1-1,0.49268060235885724,True,1,batch,True,pso,20,1,swarm
oe3-ofat-pilot-v2,oe3,swarm|batch|bc1|h1|pso|r1|N20|c1,syn-explanatory_conceptual-repetitive-r3,explanatory_conceptual,repetitive,1,0,17395909730376452467,2026-10-01T05:40:37.099+00:00,completed,epsilon,True,True,True,True,,34.162541,40.30150100152241,38.86252200027229,1,54,0.4676016009215934,0.020082362214221106,157.4039230036548,,code,2-1-1-0-2-1-1-1,0.4876839631358145,True,1,batch,True,pso,20,1,swarm
oe3-ofat-pilot-v2,oe3,swarm|batch|bc1|h1|pso|r1|N20|c1,syn-explanatory_conceptual-repetitive-r4,explanatory_conceptual,repetitive,1,0,2621255172561224409,2026-10-01T05:40:37.139+00:00,completed,epsilon,True,True,True,True,,36.200048,41.9263330004469,40.52397499981453,1,53,0.45405216601876935,0.02008255859137359,145.48354101381386,,text,1-1-0-1-2-1-1-1,0.47413472461014294,True,1,batch,True,pso,20,1,swarm
oe3-ofat-pilot-v2,oe3,swarm|batch|bc1|h1|pso|r1|N20|c1,syn-explanatory_conceptual-arrays_vectors-r0,explanatory_conceptual,arrays_vectors,1,0,10569514230950469850,2026-10-01T05:40:37.181+00:00,completed,epsilon,True,True,True,True,,31.607847,37.2377760031668,35.74496100191027,1,53,0.49778085910851905,0.027875012652007147,137.35804201321454,,text,1-1-1-1-2-1-0-1,0.5256558717605262,True,1,batch,True,pso,20,1,swarm
oe3-ofat-pilot-v2,oe3,swarm|batch|bc1|h1|pso|r1|N20|c1,syn-explanatory_conceptual-arrays_vectors-r1,explanatory_conceptual,arrays_vectors,1,0,6346414434741826451,2026-10-01T05:40:37.218+00:00,completed,epsilon,True,True,True,True,,46.240527,52.29699000119581,50.505341998359654,3,67,0.48198184809505246,0.00827759646681353,168.34703399683863,,text,0-2-0-1-2-0-1-1,0.490259444561866,True,1,batch,True,pso,20,1,swarm
oe3-ofat-pilot-v2,oe3,swarm|batch|bc1|h1|pso|r1|N20|c1,syn-explanatory_conceptual-arrays_vectors-r2,explanatory_conceptual,arrays_vectors,1,0,7456642890382495948,2026-10-01T05:40:37.271+00:00,completed,epsilon,True,True,True,True,,34.691815,40.7065790022898,39.23974100325722,1,50,0.5002467392530876,0.027875012652007203,119.96196300911559,,diagram,0-1-2-1-2-1-1-1,0.5281217519050948,True,1,batch,True,pso,20,1,swarm
oe3-ofat-pilot-v2,oe3,swarm|batch|bc1|h1|pso|r1|N20|c1,syn-explanatory_conceptual-arrays_vectors-r3,explanatory_conceptual,arrays_vectors,1,0,5229689892982576134,2026-10-01T05:40:37.311+00:00,completed,epsilon,True,True,True,True,,35.595105,41.3106300002255,39.89103899948532,1,53,0.4899428394838256,0.017498999281390593,145.05987100184586,,text,0-1-1-1-2-1-0-1,0.5074418387652162,True,1,batch,True,pso,20,1,swarm
oe3-ofat-pilot-v2,oe3,swarm|batch|bc1|h1|pso|r1|N20|c1,syn-explanatory_conceptual-arrays_vectors-r4,explanatory_conceptual,arrays_vectors,1,0,867854565777186929,2026-10-01T05:40:37.353+00:00,completed,epsilon,True,True,True,True,,36.102667,42.11372600184404,40.476689999195514,2,57,0.5143723538377136,0.0034158919247068154,129.45189099057117,,text,1-1-1-1-2-0-1-1,0.5177882457624204,True,1,batch,True,pso,20,1,swarm
oe3-ofat-pilot-v2,oe3,swarm|batch|bc1|h1|pso|r1|N20|c1,syn-explanatory_conceptual-functions-r0,explanatory_conceptual,functions,1,0,390018258882957971,2026-10-01T05:40:37.395+00:00,completed,epsilon,True,True,True,True,,39.854793,47.75216399866622,46.085910998954205,2,58,0.5029524330025205,0.007792650437785986,161.653178000548,,text,1-0-1-1-2-1-1-1,0.5107450834403064,True,1,batch,True,pso,20,1,swarm
oe3-ofat-pilot-v2,oe3,swarm|batch|bc1|h1|pso|r1|N20|c1,syn-explanatory_conceptual-functions-r1,explanatory_conceptual,functions,1,0,11160429587351825343,2026-10-01T05:40:37.443+00:00,completed,epsilon,True,True,True,True,,52.130053,58.442020999791566,56.733700999757275,3,67,0.5005154859174724,0.012907029719290808,175.24028299766448,,code,2-2-1-0-2-0-0-1,0.5134225156367632,True,1,batch,True,pso,20,1,swarm
oe3-ofat-pilot-v2,oe3,swarm|batch|bc1|h1|pso|r1|N20|c1,syn-explanatory_conceptual-functions-r2,explanatory_conceptual,functions,1,0,5090813952958751476,2026-10-01T05:40:37.501+00:00,completed,epsilon,True,True,True,True,,39.612747,45.49916199903237,43.90928300199448,2,62,0.4862088786957507,1.9637715242826204e-07,168.53181199313045,,text,1-0-1-1-2-1-1-1,0.4862090750729031,True,1,batch,True,pso,20,1,swarm
oe3-ofat-pilot-v2,oe3,swarm|batch|bc1|h1|pso|r1|N20|c1,syn-explanatory_conceptual-functions-r3,explanatory_conceptual,functions,1,0,7362159366338916777,2026-10-01T05:40:37.547+00:00,completed,epsilon,True,True,True,True,,32.149474,37.876810998568544,36.412282002856955,1,51,0.4776949131384411,0.027875012652007147,135.1584740045641,,text,1-1-1-1-2-1-1-1,0.5055699257904482,True,1,batch,True,pso,20,1,swarm
oe3-ofat-pilot-v2,oe3,swarm|batch|bc1|h1|pso|r1|N20|c1,syn-explanatory_conceptual-functions-r4,explanatory_conceptual,functions,1,0,4046828528569989559,2026-10-01T05:40:37.584+00:00,completed,epsilon,True,True,True,True,,45.979434,53.821025998331606,52.13601699870196,3,66,0.49970043101958095,0.0,152.47705801116948,,text,1-0-1-0-2-0-1-1,0.49970043101958095,True,1,batch,True,pso,20,1,swarm
oe3-ofat-pilot-v2,oe3,swarm|batch|bc1|h1|pso|r1|N20|c1,syn-balanced_multimodal-sequential-r0,balanced_multimodal,sequential,1,0,8313710015022879933,2026-10-01T05:40:37.638+00:00,completed,epsilon,True,True,True,True,,39.149912,44.87031700045918,43.254043001070386,2,58,0.4865712744916427,0.008293843010792501,153.60435698594776,,diagram,1-0-2-1-1-1-0-1,0.4948651175024352,True,1,batch,True,pso,20,1,swarm
oe3-ofat-pilot-v2,oe3,swarm|batch|bc1|h1|pso|r1|N20|c1,syn-balanced_multimodal-sequential-r1,balanced_multimodal,sequential,1,0,17034292383154152654,2026-10-01T05:40:37.683+00:00,completed,epsilon,True,True,True,True,,35.699858,41.6493470002024,40.186084999731975,1,53,0.46254329609296624,0.023319774530693393,162.24551299321084,,diagram,1-1-2-1-1-1-1-1,0.48586307062365963,True,1,batch,True,pso,20,1,swarm
oe3-ofat-pilot-v2,oe3,swarm|batch|bc1|h1|pso|r1|N20|c1,syn-balanced_multimodal-sequential-r2,balanced_multimodal,sequential,1,0,17948066834823550806,2026-10-01T05:40:37.725+00:00,completed,epsilon,True,True,True,True,,33.685794,39.36508200058597,37.94170300170663,1,49,0.4994689164392216,0.02008255859137359,115.74655401371214,,code,2-1-1-1-1-1-1-1,0.5195514750305952,True,1,batch,True,pso,20,1,swarm
oe3-ofat-pilot-v2,oe3,swarm|batch|bc1|h1|pso|r1|N20|c1,syn-balanced_multimodal-sequential-r3,balanced_multimodal,sequential,1,0,16502357028709200888,2026-10-01T05:40:37.764+00:00,completed,epsilon,True,True,True,True,,47.295893,53.33288800102309,51.68299100114382,3,63,0.5055952816994697,0.0,135.88531500272885,,text,1-0-1-0-2-1-1-1,0.5055952816994697,True,1,batch,True,pso,20,1,swarm
oe3-ofat-pilot-v2,oe3,swarm|batch|bc1|h1|pso|r1|N20|c1,syn-balanced_multimodal-sequential-r4,balanced_multimodal,sequential,1,0,8817791777023713523,2026-10-01T05:40:37.817+00:00,completed,epsilon,True,True,True,True,,46.886252,55.828281001595315,54.18794499928481,3,62,0.5064313832719637,1.9637715242826204e-07,131.70593600510125,,code,2-0-2-1-2-1-2-1,0.5064315796491161,True,1,batch,True,pso,20,1,swarm
oe3-ofat-pilot-v2,oe3,swarm|batch|bc1|h1|pso|r1|N20|c1,syn-balanced_multimodal-conditional-r0,balanced_multimodal,conditional,1,0,6807183157127120355,2026-10-01T05:40:37.873+00:00,completed,epsilon,True,True,True,True,,33.996897,42.42090200204984,41.04282899788814,1,50,0.48780522303376883,0.003654523026150769,133.22144099987975,,code,2-1-1-0-1-1-1-1,0.4914597460599196,True,1,batch,True,pso,20,1,swarm
oe3-ofat-pilot-v2,oe3,swarm|batch|bc1|h1|pso|r1|N20|c1,syn-balanced_multimodal-conditional-r1,balanced_multimodal,conditional,1,0,4678364357267402099,2026-10-01T05:40:37.916+00:00,completed,epsilon,True,True,True,True,,31.571283,37.90501700132154,35.94755099766189,1,49,0.49101688093417845,0.007792650437786042,134.40458499768016,,code,2-1-2-1-2-1-2-1,0.4988095313719645,True,1,batch,True,pso,20,1,swarm
oe3-ofat-pilot-v2,oe3,swarm|batch|bc1|h1|pso|r1|N20|c1,syn-balanced_multimodal-conditional-r2,balanced_multimodal,conditional,1,0,2073738674720842464,2026-10-01T05:40:37.954+00:00,completed,epsilon,True,True,True,True,,36.278986,45.66598800010979,44.29330399943865,1,51,0.4946714052827956,0.004709878390655009,135.6640310100043,,code,0-1-0-1-0-1-0-0,0.4993812836734506,True,1,batch,True,pso,20,1,swarm
oe3-ofat-pilot-v2,oe3,swarm|batch|bc1|h1|pso|r1|N20|c1,syn-balanced_multimodal-conditional-r3,balanced_multimodal,conditional,1,0,1284693550691140380,2026-10-01T05:40:37.999+00:00,completed,epsilon,True,True,True,True,,35.384157,41.25752799882321,39.728125997498864,1,58,0.4637423303052723,0.007792650437786042,174.23870501055055,,text,1-1-1-1-2-1-1-1,0.47153498074305833,True,1,batch,True,pso,20,1,swarm
oe3-ofat-pilot-v2,oe3,swarm|batch|bc1|h1|pso|r1|N20|c1,syn-balanced_multimodal-conditional-r4,balanced_multimodal,conditional,1,0,5974251366865820635,2026-10-01T05:40:38.041+00:00,completed,epsilon,True,True,True,True,,39.974333,46.0439310008951,44.55494899957557,2,57,0.4958057468423476,0.001206155311335555,137.11315899861094,,code,1-1-1-1-1-0-1-1,0.4970119021536832,True,1,batch,True,pso,20,1,swarm
oe3-ofat-pilot-v2,oe3,swarm|batch|bc1|h1|pso|r1|N20|c1,syn-balanced_multimodal-repetitive-r0,balanced_multimodal,repetitive,1,0,7710084901704534217,2026-10-01T05:40:38.087+00:00,completed,epsilon,True,True,True,True,,40.964437,46.81385100047919,45.32331199879991,1,53,0.5383161833171735,0.020082558591373534,148.02579999905356,,code,2-1-1-1-1-1-2-1,0.558398741908547,True,1,batch,True,pso,20,1,swarm
oe3-ofat-pilot-v2,oe3,swarm|batch|bc1|h1|pso|r1|N20|c1,syn-balanced_multimodal-repetitive-r1,balanced_multimodal,repetitive,1,0,6042849434585660190,2026-10-01T05:40:38.134+00:00,completed,epsilon,True,True,True,True,,36.235982,42.27656999864848,40.75324600125896,1,56,0.5099655888622538,0.020082558591373645,154.2652880179108,,code,2-1-2-1-2-1-1-1,0.5300481474536275,True,1,batch,True,pso,20,1,swarm
oe3-ofat-pilot-v2,oe3,swarm|batch|bc1|h1|pso|r1|N20|c1,syn-balanced_multimodal-repetitive-r2,balanced_multimodal,repetitive,1,0,4091229752520203628,2026-10-01T05:40:38.176+00:00,completed,epsilon,True,True,True,True,,35.253552,41.168523999658646,39.59261999989394,1,59,0.48695008664679024,0.02008255859137359,170.92394600371563,,code,2-1-2-1-1-1-2-1,0.5070326452381638,True,1,batch,True,pso,20,1,swarm
oe3-ofat-pilot-v2,oe3,swarm|batch|bc1|h1|pso|r1|N20|c1,syn-balanced_multimodal-repetitive-r3,balanced_multimodal,repetitive,1,0,18293002212130046117,2026-10-01T05:40:38.217+00:00,completed,epsilon,True,True,True,True,,36.759946,42.49529299704591,40.84975099976873,1,56,0.498403614745411,0.02008255859137359,157.5479459981207,,diagram,1-1-2-1-2-1-1-1,0.5184861733367846,True,1,batch,True,pso,20,1,swarm
oe3-ofat-pilot-v2,oe3,swarm|batch|bc1|h1|pso|r1|N20|c1,syn-balanced_multimodal-repetitive-r4,balanced_multimodal,repetitive,1,0,17369906960138739270,2026-10-01T05:40:38.259+00:00,completed,epsilon,True,True,True,True,,48.434105,54.927425997448154,53.348859000834636,2,60,0.5555295985433403,0.0,151.7477569947541,,code,2-0-1-0-1-1-2-1,0.5555295985433403,True,1,batch,True,pso,20,1,swarm
oe3-ofat-pilot-v2,oe3,swarm|batch|bc1|h1|pso|r1|N20|c1,syn-balanced_multimodal-arrays_vectors-r0,balanced_multimodal,arrays_vectors,1,0,379503498259880790,2026-10-01T05:40:38.314+00:00,completed,epsilon,True,True,True,True,,31.921725,40.01438200066332,38.655879001453286,1,53,0.5013728951361804,0.027874816274854664,147.32548798426998,,code,2-1-1-0-2-1-1-1,0.5292477114110351,True,1,batch,True,pso,20,1,swarm
oe3-ofat-pilot-v2,oe3,swarm|batch|bc1|h1|pso|r1|N20|c1,syn-balanced_multimodal-arrays_vectors-r1,balanced_multimodal,arrays_vectors,1,0,5564201871696204878,2026-10-01T05:40:38.354+00:00,completed,epsilon,True,True,True,True,,41.206907,52.72968899953412,50.67961600070703,1,53,0.5096113554103618,0.01001427809161104,142.7226410021929,,code,1-0-1-2-1-1-1-1,0.5196256335019729,True,1,batch,True,pso,20,1,swarm
oe3-ofat-pilot-v2,oe3,swarm|batch|bc1|h1|pso|r1|N20|c1,syn-balanced_multimodal-arrays_vectors-r2,balanced_multimodal,arrays_vectors,1,0,17388681570381543666,2026-10-01T05:40:38.407+00:00,completed,epsilon,True,True,True,True,,63.745181,74.71861300291494,72.97937299881596,2,65,0.5407905216435444,0.007792650437785986,226.25901399777752,,text,1-0-1-1-2-1-1-1,0.5485831720813303,True,1,batch,True,pso,20,1,swarm
oe3-ofat-pilot-v2,oe3,swarm|batch|bc1|h1|pso|r1|N20|c1,syn-balanced_multimodal-arrays_vectors-r3,balanced_multimodal,arrays_vectors,1,0,17553891701874167660,2026-10-01T05:40:38.482+00:00,completed,epsilon,True,True,True,True,,45.326952,50.935330997162964,49.45161399882636,2,57,0.5326887851156756,0.019041613531884827,156.0512549932281,,code,1-0-1-1-1-0-1-1,0.5517303986475605,True,1,batch,True,pso,20,1,swarm
oe3-ofat-pilot-v2,oe3,swarm|batch|bc1|h1|pso|r1|N20|c1,syn-balanced_multimodal-arrays_vectors-r4,balanced_multimodal,arrays_vectors,1,0,15382256458381187390,2026-10-01T05:40:38.533+00:00,completed,epsilon,True,True,True,True,,33.332795,41.04853299941169,39.51155200047651,1,53,0.5118957914736844,0.014696521701211163,149.7935999997884,,code,2-1-1-0-1-1-1-1,0.5265923131748955,True,1,batch,True,pso,20,1,swarm
oe3-ofat-pilot-v2,oe3,swarm|batch|bc1|h1|pso|r1|N20|c1,syn-balanced_multimodal-functions-r0,balanced_multimodal,functions,1,0,7719418254047656559,2026-10-01T05:40:38.574+00:00,completed,epsilon,True,True,True,True,,29.924194,35.61654499935685,34.38414499760256,1,46,0.5031061710751976,0.027874816274854664,100.74893301846598,,code,2-1-2-0-1-1-1-1,0.5309809873500523,True,1,batch,True,pso,20,1,swarm
oe3-ofat-pilot-v2,oe3,swarm|batch|bc1|h1|pso|r1|N20|c1,syn-balanced_multimodal-functions-r1,balanced_multimodal,functions,1,0,3230558624107485757,2026-10-01T05:40:38.610+00:00,completed,epsilon,True,True,True,True,,34.573983,40.23798599882866,38.783067000622395,1,49,0.4917724457549157,0.02008255859137359,161.22767600328962,,code,2-1-1-1-1-1-2-1,0.5118550043462893,True,1,batch,True,pso,20,1,swarm
oe3-ofat-pilot-v2,oe3,swarm|batch|bc1|h1|pso|r1|N20|c1,syn-balanced_multimodal-functions-r2,balanced_multimodal,functions,1,0,4758260729385850854,2026-10-01T05:40:38.650+00:00,completed,epsilon,True,True,True,True,,66.253784,75.40251600221382,73.28988600056618,5,77,0.5152288157391723,0.002958709305854179,161.15863700347995,,code,2-2-1-0-1-0-1-1,0.5181875250450265,True,1,batch,True,pso,20,1,swarm
oe3-ofat-pilot-v2,oe3,swarm|batch|bc1|h1|pso|r1|N20|c1,syn-balanced_multimodal-functions-r3,balanced_multimodal,functions,1,0,17412235304818197162,2026-10-01T05:40:38.725+00:00,completed,epsilon,True,True,True,True,,33.010483,38.78476799945929,37.32307300015236,1,50,0.489537761565406,0.027875012652007147,127.48128800790502,,diagram,1-1-2-1-2-1-1-1,0.5174127742174132,True,1,batch,True,pso,20,1,swarm
oe3-ofat-pilot-v2,oe3,swarm|batch|bc1|h1|pso|r1|N20|c1,syn-balanced_multimodal-functions-r4,balanced_multimodal,functions,1,0,10538569118723935937,2026-10-01T05:40:38.764+00:00,completed,epsilon,True,True,True,True,,55.991703,64.85809600053472,63.013226998009486,4,71,0.4888026404476579,0.014907226096443404,162.02628100857254,,diagram,1-2-2-1-1-0-1-1,0.5037098665441013,True,1,batch,True,pso,20,1,swarm
oe3-ofat-pilot-v2,oe3,swarm|batch|bc1|h1|pso|r1|N20|c1,syn-visual_dominant-sequential-r0,visual_dominant,sequential,2,0,933970462017344115,2026-10-01T05:40:38.829+00:00,completed,epsilon,True,True,True,True,,29.558855,35.05636900081299,33.73417799957679,1,47,0.45572350868757355,0.02008255859137359,120.9647809760124,,diagram,1-1-2-1-1-1-0-1,0.47580606727894714,True,1,batch,True,pso,20,1,swarm
oe3-ofat-pilot-v2,oe3,swarm|batch|bc1|h1|pso|r1|N20|c1,syn-visual_dominant-sequential-r1,visual_dominant,sequential,2,0,15218885005855845146,2026-10-01T05:40:38.864+00:00,completed,epsilon,True,True,True,True,,34.737298,43.19568800201523,41.81616599817062,1,51,0.4487852286224354,0.020082362214221106,149.4063849959352,,diagram,1-1-2-0-0-1-1-1,0.4688675908366565,True,1,batch,True,pso,20,1,swarm
oe3-ofat-pilot-v2,oe3,swarm|batch|bc1|h1|pso|r1|N20|c1,syn-visual_dominant-sequential-r2,visual_dominant,sequential,2,0,7545626482412980018,2026-10-01T05:40:38.907+00:00,completed,epsilon,True,True,True,True,,53.529574,59.48787200031802,57.671351001772564,4,73,0.46849588841198675,1.9637715242826204e-07,187.06368700567742,,diagram,1-0-2-1-0-1-0-1,0.4684960847891392,True,1,batch,True,pso,20,1,swarm
oe3-ofat-pilot-v2,oe3,swarm|batch|bc1|h1|pso|r1|N20|c1,syn-visual_dominant-sequential-r3,visual_dominant,sequential,2,0,13538790792892562212,2026-10-01T05:40:38.967+00:00,completed,epsilon,True,True,True,True,,39.714367,45.82401700099581,44.21751699919696,2,58,0.49689284274488765,1.9637715242826204e-07,148.93367100007063,,diagram,1-0-2-1-0-1-1-1,0.4968930391220401,True,1,batch,True,pso,20,1,swarm
oe3-ofat-pilot-v2,oe3,swarm|batch|bc1|h1|pso|r1|N20|c1,syn-visual_dominant-sequential-r4,visual_dominant,sequential,2,0,7393655945380185391,2026-10-01T05:40:39.013+00:00,completed,epsilon,True,True,True,True,,32.753656,38.237393000599695,36.71723200022825,1,57,0.44620035377287093,0.0077905977223554634,168.56408999591812,,diagram,1-0-2-1-1-1-1-1,0.4539909514952264,True,1,batch,True,pso,20,1,swarm
oe3-ofat-pilot-v2,oe3,swarm|batch|bc1|h1|pso|r1|N20|c1,syn-visual_dominant-conditional-r0,visual_dominant,conditional,2,0,17253185604956212818,2026-10-01T05:40:39.051+00:00,completed,epsilon,True,True,True,True,,35.868998,42.28748400055338,40.83054200236802,1,56,0.4683786250362893,0.007792650437786042,179.54782100578,,diagram,1-1-2-1-0-1-0-1,0.47617127547407534,True,1,batch,True,pso,20,1,swarm
oe3-ofat-pilot-v2,oe3,swarm|batch|bc1|h1|pso|r1|N20|c1,syn-visual_dominant-conditional-r1,visual_dominant,conditional,2,0,3235172617710283348,2026-10-01T05:40:39.093+00:00,completed,epsilon,True,True,True,True,,59.164786,68.63785099994857,66.85274499977822,4,68,0.43713140449865545,3.436600168327253e-07,121.45680800023409,,diagram,1-1-2-2-0-0-0-1,0.4371317481586723,True,1,batch,True,pso,20,1,swarm
oe3-ofat-pilot-v2,oe3,swarm|batch|bc1|h1|pso|r1|N20|c1,syn-visual_dominant-conditional-r2,visual_dominant,conditional,2,0,16949393807535874105,2026-10-01T05:40:39.162+00:00,completed,epsilon,True,True,True,True,,48.561196,58.09991099886247,56.04252999910386,3,66,0.4669158360283403,0.008847613047985314,161.9514109943136,,code,2-1-2-0-1-1-1-0,0.4757634490763256,True,1,batch,True,pso,20,1,swarm
oe3-ofat-pilot-v2,oe3,swarm|batch|bc1|h1|pso|r1|N20|c1,syn-visual_dominant-conditional-r3,visual_dominant,conditional,2,0,6814480715556192419,2026-10-01T05:40:39.220+00:00,completed,epsilon,True,True,True,True,,46.33249,52.87949000194203,51.18017200220493,2,65,0.4537572043126114,0.0036547194033032526,145.55795699953458,,diagram,1-1-2-1-0-1-1-1,0.45741192371591466,True,1,batch,True,pso,20,1,swarm
oe3-ofat-pilot-v2,oe3,swarm|batch|bc1|h1|pso|r1|N20|c1,syn-visual_dominant-conditional-r4,visual_dominant,conditional,2,0,9372143264887450917,2026-10-01T05:40:39.273+00:00,completed,epsilon,True,True,True,True,,50.140982,56.269846001669066,54.48906099991291,3,69,0.4486569413932807,0.0,181.21633200930913,,diagram,1-1-2-0-1-0-0-1,0.4486569413932807,True,1,batch,True,pso,20,1,swarm
oe3-ofat-pilot-v2,oe3,swarm|batch|bc1|h1|pso|r1|N20|c1,syn-visual_dominant-repetitive-r0,visual_dominant,repetitive,2,0,17432386358067490306,2026-10-01T05:40:39.329+00:00,completed,epsilon,True,True,True,True,,36.028282,41.8754229976912,40.333956996619236,1,58,0.46998170127395994,0.02008255859137359,142.9584150015837,,diagram,1-1-2-1-1-1-0-1,0.49006425986533353,True,1,batch,True,pso,20,1,swarm
oe3-ofat-pilot-v2,oe3,swarm|batch|bc1|h1|pso|r1|N20|c1,syn-visual_dominant-repetitive-r1,visual_dominant,repetitive,2,0,4534189775785306943,2026-10-01T05:40:39.371+00:00,completed,epsilon,True,True,True,True,,44.826292,50.84638900007121,49.191145997610874,2,63,0.47132853097575106,0.02008255859137359,169.75969199974656,,code,2-1-2-1-1-1-1-1,0.49141108956712465,True,1,batch,True,pso,20,1,swarm
oe3-ofat-pilot-v2,oe3,swarm|batch|bc1|h1|pso|r1|N20|c1,syn-visual_dominant-repetitive-r2,visual_dominant,repetitive,2,0,14890725539570871282,2026-10-01T05:40:39.422+00:00,completed,epsilon,True,True,True,True,,40.830325,46.55758500302909,44.9752169988642,1,59,0.497368651601852,0.02008255859137359,196.7123479848215,,code,2-1-2-1-1-1-0-1,0.5174512101932256,True,1,batch,True,pso,20,1,swarm
oe3-ofat-pilot-v2,oe3,swarm|batch|bc1|h1|pso|r1|N20|c1,syn-visual_dominant-repetitive-r3,visual_dominant,repetitive,2,0,11175944323486150873,2026-10-01T05:40:39.468+00:00,completed,epsilon,True,True,True,True,,43.374257,54.71498900078586,52.98827499791514,1,59,0.48131196792957526,0.024018140830402046,184.94765999753434,,diagram,1-2-2-0-0-1-0-1,0.5053301087599773,True,1,batch,True,pso,20,1,swarm
oe3-ofat-pilot-v2,oe3,swarm|batch|bc1|h1|pso|r1|N20|c1,syn-visual_dominant-repetitive-r4,visual_dominant,repetitive,2,0,6321021491439439287,2026-10-01T05:40:39.523+00:00,completed,epsilon,True,True,True,True,,51.723585,58.3636529991054,56.63420599739766,3,67,0.46760730899554137,1.9637715242826204e-07,152.4233799861512,,diagram,1-0-2-1-0-1-0-1,0.4676075053726938,True,1,batch,True,pso,20,1,swarm
oe3-ofat-pilot-v2,oe3,swarm|batch|bc1|h1|pso|r1|N20|c1,syn-visual_dominant-arrays_vectors-r0,visual_dominant,arrays_vectors,2,0,15952936129579093559,2026-10-01T05:40:39.581+00:00,completed,epsilon,True,True,True,True,,40.988343,62.01468799918075,60.28811899886932,2,63,0.4727635718000115,0.016171204383530813,183.73989598984244,,diagram,1-0-2-0-0-1-0-2,0.4889347761835423,True,1,batch,True,pso,20,1,swarm
oe3-ofat-pilot-v2,oe3,swarm|batch|bc1|h1|pso|r1|N20|c1,syn-visual_dominant-arrays_vectors-r1,visual_dominant,arrays_vectors,2,0,4150365637679857595,2026-10-01T05:40:39.643+00:00,completed,epsilon,True,True,True,True,,41.911797,50.23936900033732,48.69150900049135,2,59,0.44540015262768173,0.007792454060633558,141.43877000209417,,diagram,1-0-2-0-0-1-0-1,0.4531926066883153,True,1,batch,True,pso,20,1,swarm
oe3-ofat-pilot-v2,oe3,swarm|batch|bc1|h1|pso|r1|N20|c1,syn-visual_dominant-arrays_vectors-r2,visual_dominant,arrays_vectors,2,0,9121830484626340551,2026-10-01T05:40:39.694+00:00,completed,epsilon,True,True,True,True,,33.043495,38.83536099965568,37.34062200237531,1,54,0.4939594688494195,0.027875012652007147,151.91299998361552,,diagram,1-1-2-1-1-1-1-1,0.5218344815014266,True,1,batch,True,pso,20,1,swarm
oe3-ofat-pilot-v2,oe3,swarm|batch|bc1|h1|pso|r1|N20|c1,syn-visual_dominant-arrays_vectors-r3,visual_dominant,arrays_vectors,2,0,8306973448203974922,2026-10-01T05:40:39.733+00:00,completed,epsilon,True,True,True,True,,36.962272,42.993577000743244,41.44791899670963,1,58,0.5104383568030326,0.017498999281390648,178.90566800755144,,diagram,0-1-2-1-1-1-0-1,0.5279373560844233,True,1,batch,True,pso,20,1,swarm
oe3-ofat-pilot-v2,oe3,swarm|batch|bc1|h1|pso|r1|N20|c1,syn-visual_dominant-arrays_vectors-r4,visual_dominant,arrays_vectors,2,0,6090714346369449132,2026-10-01T05:40:39.776+00:00,completed,epsilon,True,True,True,True,,38.726201,44.625254999118624,42.907254999590805,2,61,0.49416530121267593,0.003415891924706871,163.1432919978799,,diagram,1-1-2-1-1-0-0-1,0.4975811931373828,True,1,batch,True,pso,20,1,swarm
oe3-ofat-pilot-v2,oe3,swarm|batch|bc1|h1|pso|r1|N20|c1,syn-visual_dominant-functions-r0,visual_dominant,functions,2,0,1938275832337831069,2026-10-01T05:40:39.820+00:00,completed,epsilon,True,True,True,True,,41.808311,47.74152399841114,46.13327500192099,2,62,0.4977881257361313,1.9637715242826204e-07,155.4989650075361,,diagram,1-0-2-1-1-1-0-1,0.4977883221132837,True,1,batch,True,pso,20,1,swarm
oe3-ofat-pilot-v2,oe3,swarm|batch|bc1|h1|pso|r1|N20|c1,syn-visual_dominant-functions-r1,visual_dominant,functions,2,0,18320065843555622638,2026-10-01T05:40:39.868+00:00,completed,epsilon,True,True,True,True,,34.045701,39.80031000173767,38.292806999379536,1,56,0.4740233528279633,0.027875012652007147,155.72575999767645,,code,2-1-2-1-1-1-0-1,0.5018983654799705,True,1,batch,True,pso,20,1,swarm
oe3-ofat-pilot-v2,oe3,swarm|batch|bc1|h1|pso|r1|N20|c1,syn-visual_dominant-functions-r2,visual_dominant,functions,2,0,2018128801505319285,2026-10-01T05:40:39.908+00:00,completed,epsilon,True,True,True,True,,39.725325,50.5140079985722,48.78712100253324,2,60,0.4612015381927306,0.01017466893107688,159.87686098341968,,diagram,1-2-2-0-1-0-1-2,0.47137620712380746,True,1,batch,True,pso,20,1,swarm
oe3-ofat-pilot-v2,oe3,swarm|batch|bc1|h1|pso|r1|N20|c1,syn-visual_dominant-functions-r3,visual_dominant,functions,2,0,11458603809094557690,2026-10-01T05:40:39.958+00:00,completed,epsilon,True,True,True,True,,56.851946,63.239309998607496,61.44030799987377,4,70,0.46752807932785406,0.012907029719290863,142.90908198266254,,diagram,1-2-2-0-0-0-1-1,0.4804351090471449,True,1,batch,True,pso,20,1,swarm
oe3-ofat-pilot-v2,oe3,swarm|batch|bc1|h1|pso|r1|N20|c1,syn-visual_dominant-functions-r4,visual_dominant,functions,2,0,3571204151565300957,2026-10-01T05:40:40.022+00:00,completed,epsilon,True,True,True,True,,49.189484,57.86868299765047,56.06455800079857,4,65,0.5026284426457682,0.0,158.29165398953023,,code,2-0-2-0-1-1-1-1,0.5026284426457682,True,1,batch,True,pso,20,1,swarm
oe3-ofat-pilot-v2,oe3,swarm|batch|bc1|h1|pso|r1|N20|c1,syn-logical_syntactic-sequential-r0,logical_syntactic,sequential,2,0,6703238505377356793,2026-10-01T05:40:40.079+00:00,completed,epsilon,True,True,True,True,,38.751047,44.73356000016793,43.28085800079862,1,53,0.4761348237523099,0.02008255859137359,142.7406460042877,,code,2-1-1-1-0-1-0-1,0.4962173823436835,True,1,batch,True,pso,20,1,swarm
oe3-ofat-pilot-v2,oe3,swarm|batch|bc1|h1|pso|r1|N20|c1,syn-logical_syntactic-sequential-r1,logical_syntactic,sequential,2,0,2732344214726962996,2026-10-01T05:40:40.124+00:00,completed,epsilon,True,True,True,True,,45.635802,53.95624100128771,52.18291300116107,2,61,0.4624638032272476,0.02008255859137359,145.10893900948219,,code,2-1-1-1-1-1-0-1,0.4825463618186212,True,1,batch,True,pso,20,1,swarm
oe3-ofat-pilot-v2,oe3,swarm|batch|bc1|h1|pso|r1|N20|c1,syn-logical_syntactic-sequential-r2,logical_syntactic,sequential,2,0,9866697793834971187,2026-10-01T05:40:40.178+00:00,completed,epsilon,True,True,True,True,,29.940137,35.29302300012205,34.006808000413,1,47,0.5052479809084092,0.0034158919247069264,112.83373898853561,,code,2-1-0-1-1-1-1-1,0.5086638728331161,True,1,batch,True,pso,20,1,swarm
oe3-ofat-pilot-v2,oe3,swarm|batch|bc1|h1|pso|r1|N20|c1,syn-logical_syntactic-sequential-r3,logical_syntactic,sequential,2,0,10397115182704620962,2026-10-01T05:40:40.213+00:00,completed,epsilon,True,True,True,True,,33.563472,39.39346699917223,37.790886002767365,1,56,0.47454039043400664,1.9637715242826204e-07,151.98954099314864,,code,2-0-1-1-1-1-0-1,0.47454058681115907,True,1,batch,True,pso,20,1,swarm
oe3-ofat-pilot-v2,oe3,swarm|batch|bc1|h1|pso|r1|N20|c1,syn-logical_syntactic-sequential-r4,logical_syntactic,sequential,2,0,15306839444144451490,2026-10-01T05:40:40.253+00:00,completed,epsilon,True,True,True,True,,42.178081,64.93844500073465,63.276559001678834,2,61,0.4729105214541622,0.0234772615577023,173.50803199077208,,code,2-2-1-0-1-1-0-1,0.4963877830118645,True,1,batch,True,pso,20,1,swarm
oe3-ofat-pilot-v2,oe3,swarm|batch|bc1|h1|pso|r1|N20|c1,syn-logical_syntactic-conditional-r0,logical_syntactic,conditional,2,0,12735488349665473455,2026-10-01T05:40:40.318+00:00,completed,epsilon,True,True,True,True,,35.550043,41.38098299881676,39.8845359995903,1,58,0.4552124341978106,0.0036547194033032526,176.26851600817363,,code,2-1-1-1-0-1-0-1,0.45886715360111385,True,1,batch,True,pso,20,1,swarm
oe3-ofat-pilot-v2,oe3,swarm|batch|bc1|h1|pso|r1|N20|c1,syn-logical_syntactic-conditional-r1,logical_syntactic,conditional,2,0,11399479585009898413,2026-10-01T05:40:40.359+00:00,completed,epsilon,True,True,True,True,,49.601348,55.61789399871486,53.80568699911237,3,66,0.45182455796811893,0.0,165.34901298504334,,code,2-1-1-0-0-0-0-1,0.45182455796811893,True,1,batch,True,pso,20,1,swarm
oe3-ofat-pilot-v2,oe3,swarm|batch|bc1|h1|pso|r1|N20|c1,syn-logical_syntactic-conditional-r2,logical_syntactic,conditional,2,0,3681324614498174940,2026-10-01T05:40:40.415+00:00,completed,epsilon,True,True,True,True,,30.821703,36.74258600221947,35.47993400206906,1,45,0.4631068467146388,0.0036547194033032526,104.89313000882656,,code,2-1-1-1-0-1-1-1,0.46676156611794206,True,1,batch,True,pso,20,1,swarm
oe3-ofat-pilot-v2,oe3,swarm|batch|bc1|h1|pso|r1|N20|c1,syn-logical_syntactic-conditional-r3,logical_syntactic,conditional,2,0,1495775939040843714,2026-10-01T05:40:40.452+00:00,completed,epsilon,True,True,True,True,,33.887798,39.649099999223836,38.217997000174364,1,51,0.4614734643861827,0.007792650437786042,148.68495499615224,,code,2-1-1-1-0-1-0-1,0.46926611482396874,True,1,batch,True,pso,20,1,swarm
oe3-ofat-pilot-v2,oe3,swarm|batch|bc1|h1|pso|r1|N20|c1,syn-logical_syntactic-conditional-r4,logical_syntactic,conditional,2,0,11016568118539380630,2026-10-01T05:40:40.491+00:00,completed,epsilon,True,True,True,True,,39.703727,45.166749998315936,43.67346899744007,2,57,0.48758909673270007,1.963771524837732e-07,121.94767800211442,,code,2-1-1-1-1-0-1-1,0.48758929310985255,True,1,batch,True,pso,20,1,swarm
oe3-ofat-pilot-v2,oe3,swarm|batch|bc1|h1|pso|r1|N20|c1,syn-logical_syntactic-repetitive-r0,logical_syntactic,repetitive,2,0,8669339458277283579,2026-10-01T05:40:40.536+00:00,completed,epsilon,True,True,True,True,,32.938818,38.66461600046023,37.210657999821706,1,50,0.45068774937313677,0.02008255859137359,125.59619799471308,,code,2-1-2-1-0-1-1-1,0.47077030796451036,True,1,batch,True,pso,20,1,swarm
oe3-ofat-pilot-v2,oe3,swarm|batch|bc1|h1|pso|r1|N20|c1,syn-logical_syntactic-repetitive-r1,logical_syntactic,repetitive,2,0,7087564763739291896,2026-10-01T05:40:40.575+00:00,completed,epsilon,True,True,True,True,,30.398196,36.03094799836981,34.66740300063975,1,48,0.46854772531455674,0.02008255859137359,111.02778599571042,,code,2-1-1-1-0-1-0-1,0.48863028390593033,True,1,batch,True,pso,20,1,swarm
oe3-ofat-pilot-v2,oe3,swarm|batch|bc1|h1|pso|r1|N20|c1,syn-logical_syntactic-repetitive-r2,logical_syntactic,repetitive,2,0,17774420465350218166,2026-10-01T05:40:40.611+00:00,completed,epsilon,True,True,True,True,,40.096424,45.84474800140015,44.38421300073969,1,51,0.48860682289608054,0.02008255859137359,123.56960599916154,,code,2-1-1-1-1-1-1-1,0.5086893814874541,True,1,batch,True,pso,20,1,swarm
oe3-ofat-pilot-v2,oe3,swarm|batch|bc1|h1|pso|r1|N20|c1,syn-logical_syntactic-repetitive-r3,logical_syntactic,repetitive,2,0,11177538339330417699,2026-10-01T05:40:40.657+00:00,completed,epsilon,True,True,True,True,,51.63614,58.23861799945007,56.37287299759919,3,69,0.48029503237703386,0.0018731162351965924,208.86862300334948,,code,2-0-0-0-1-1-0-1,0.48216814861223045,True,1,batch,True,pso,20,1,swarm
oe3-ofat-pilot-v2,oe3,swarm|batch|bc1|h1|pso|r1|N20|c1,syn-logical_syntactic-repetitive-r4,logical_syntactic,repetitive,2,0,5975297501444787526,2026-10-01T05:40:40.715+00:00,completed,epsilon,True,True,True,True,,56.988673,66.10320799882174,64.34840099973371,4,71,0.4271906688368101,0.01720788959938324,142.21622798255163,,code,2-0-0-2-1-0-0-1,0.44439855843619336,True,1,batch,True,pso,20,1,swarm
oe3-ofat-pilot-v2,oe3,swarm|batch|bc1|h1|pso|r1|N20|c1,syn-logical_syntactic-arrays_vectors-r0,logical_syntactic,arrays_vectors,2,0,12465654442624101670,2026-10-01T05:40:40.781+00:00,completed,epsilon,True,True,True,True,,32.247517,38.47876000145334,36.689321997982915,1,56,0.4778259832526858,0.027875012652007147,149.7604849984617,,code,2-1-1-1-0-1-1-1,0.505700995904693,True,1,batch,True,pso,20,1,swarm
oe3-ofat-pilot-v2,oe3,swarm|batch|bc1|h1|pso|r1|N20|c1,syn-logical_syntactic-arrays_vectors-r1,logical_syntactic,arrays_vectors,2,0,686629181118521670,2026-10-01T05:40:40.820+00:00,completed,epsilon,True,True,True,True,,46.881545,55.45020999852568,53.854590998525964,3,56,0.4829892268644973,0.0010555026473685336,117.00241600887196,,code,2-0-1-2-1-0-1-0,0.48404472951186583,True,1,batch,True,pso,20,1,swarm
oe3-ofat-pilot-v2,oe3,swarm|batch|bc1|h1|pso|r1|N20|c1,syn-logical_syntactic-arrays_vectors-r2,logical_syntactic,arrays_vectors,2,0,16460370737839111721,2026-10-01T05:40:40.875+00:00,completed,epsilon,True,True,True,True,,37.145479,43.34377499981201,41.52121999868541,1,61,0.49083069767651405,0.027875012652007147,165.70854198422683,,code,2-1-1-1-0-1-0-1,0.5187057103285212,True,1,batch,True,pso,20,1,swarm
oe3-ofat-pilot-v2,oe3,swarm|batch|bc1|h1|pso|r1|N20|c1,syn-logical_syntactic-arrays_vectors-r3,logical_syntactic,arrays_vectors,2,0,4892650009174421881,2026-10-01T05:40:40.919+00:00,completed,epsilon,True,True,True,True,,36.859495,43.06885600090027,41.61774900057935,1,51,0.510410675757111,0.017498999281390648,138.26116997282952,,code,2-1-1-1-1-1-1-1,0.5279096750385016,True,1,batch,True,pso,20,1,swarm
oe3-ofat-pilot-v2,oe3,swarm|batch|bc1|h1|pso|r1|N20|c1,syn-logical_syntactic-arrays_vectors-r4,logical_syntactic,arrays_vectors,2,0,2417416973143296410,2026-10-01T05:40:40.962+00:00,completed,epsilon,True,True,True,True,,46.740676,54.172244999790564,52.54227399927913,3,61,0.46708730888128713,1.9637715242826204e-07,113.28447899637057,,code,2-0-1-1-0-0-1-1,0.46708750525843956,True,1,batch,True,pso,20,1,swarm
oe3-ofat-pilot-v2,oe3,swarm|batch|bc1|h1|pso|r1|N20|c1,syn-logical_syntactic-functions-r0,logical_syntactic,functions,2,0,15429747080000417372,2026-10-01T05:40:41.016+00:00,completed,epsilon,True,True,True,True,,33.246589,41.06705599770066,39.57355500097037,1,54,0.515574695902924,1.9637715242826204e-07,174.15609100417382,,code,2-0-1-1-1-0-0-1,0.5155748922800765,True,1,batch,True,pso,20,1,swarm
oe3-ofat-pilot-v2,oe3,swarm|batch|bc1|h1|pso|r1|N20|c1,syn-logical_syntactic-functions-r1,logical_syntactic,functions,2,0,294230652380773904,2026-10-01T05:40:41.057+00:00,completed,epsilon,True,True,True,True,,38.352603,44.42719700091402,42.795401997864246,2,59,0.4776444942622855,0.0175905906700351,137.79574099566327,,code,2-0-2-0-1-1-0-1,0.4952350849323206,True,1,batch,True,pso,20,1,swarm
oe3-ofat-pilot-v2,oe3,swarm|batch|bc1|h1|pso|r1|N20|c1,syn-logical_syntactic-functions-r2,logical_syntactic,functions,2,0,13615402844050324778,2026-10-01T05:40:41.101+00:00,completed,epsilon,True,True,True,True,,37.649989,46.811664000415476,45.24334999950952,1,52,0.4904149498771815,0.007792454060633558,125.75751098902555,,code,2-0-0-0-1-1-1-1,0.49820740393781504,True,1,batch,True,pso,20,1,swarm
oe3-ofat-pilot-v2,oe3,swarm|batch|bc1|h1|pso|r1|N20|c1,syn-logical_syntactic-functions-r3,logical_syntactic,functions,2,0,2628094489362841849,2026-10-01T05:40:41.148+00:00,completed,epsilon,True,True,True,True,,31.273866,37.11409400057164,35.55995600254391,1,56,0.46627757409622445,0.02008255859137359,158.99855199417993,,code,2-1-1-1-1-1-0-1,0.48636013268759803,True,1,batch,True,pso,20,1,swarm
oe3-ofat-pilot-v2,oe3,swarm|batch|bc1|h1|pso|r1|N20|c1,syn-logical_syntactic-functions-r4,logical_syntactic,functions,2,0,2404872287879725645,2026-10-01T05:40:41.185+00:00,completed,epsilon,True,True,True,True,,64.349505,73.3542900015891,71.40416900074342,4,68,0.44882022462120214,0.007230897594028007,138.28171800304835,,code,2-2-0-1-1-0-0-1,0.45605112221523014,True,1,batch,True,pso,20,1,swarm
oe3-ofat-pilot-v2,oe3,swarm|batch|bc1|h1|pso|r1|N20|c1,syn-explanatory_conceptual-sequential-r0,explanatory_conceptual,sequential,2,0,14486601001991957285,2026-10-01T05:40:41.259+00:00,completed,epsilon,True,True,True,True,,43.416197,52.329394999105716,50.5271449983411,2,65,0.46745544868137157,1.9637715242826204e-07,197.9005640076615,,text,0-0-1-1-2-0-0-1,0.467455645058524,True,1,batch,True,pso,20,1,swarm
oe3-ofat-pilot-v2,oe3,swarm|batch|bc1|h1|pso|r1|N20|c1,syn-explanatory_conceptual-sequential-r1,explanatory_conceptual,sequential,2,0,7259571591719946957,2026-10-01T05:40:41.311+00:00,completed,epsilon,True,True,True,True,,37.343838,43.04758199941716,41.47774500233936,1,56,0.45267043074923324,0.006749225258040281,164.4851559954651,,text,0-1-0-1-2-1-0-1,0.4594196560072735,True,1,batch,True,pso,20,1,swarm
oe3-ofat-pilot-v2,oe3,swarm|batch|bc1|h1|pso|r1|N20|c1,syn-explanatory_conceptual-sequential-r2,explanatory_conceptual,sequential,2,0,4560824736483476529,2026-10-01T05:40:41.354+00:00,completed,epsilon,True,True,True,True,,41.545543,50.784383001882816,49.010487000487046,2,65,0.44259176409251066,0.020082362214221106,179.49862398870422,,text,1-1-1-0-2-0-1-1,0.46267412630673177,True,1,batch,True,pso,20,1,swarm
oe3-ofat-pilot-v2,oe3,swarm|batch|bc1|h1|pso|r1|N20|c1,syn-explanatory_conceptual-sequential-r3,explanatory_conceptual,sequential,2,0,9930174057851836806,2026-10-01T05:40:41.405+00:00,completed,epsilon,True,True,True,True,,43.734096,53.94441499811364,52.044453001144575,3,65,0.44059782027567096,0.008378946700049683,148.34742499812907,,text,1-0-1-1-2-1-1-2,0.44897676697572064,True,1,batch,True,pso,20,1,swarm
oe3-ofat-pilot-v2,oe3,swarm|batch|bc1|h1|pso|r1|N20|c1,syn-explanatory_conceptual-sequential-r4,explanatory_conceptual,sequential,2,0,9320799391319476761,2026-10-01T05:40:41.459+00:00,completed,epsilon,True,True,True,True,,47.609105,55.84593599996879,54.047380999691086,2,63,0.4633307605530749,0.0031722393879051736,154.52297999394258,,text,1-1-1-1-2-0-1-1,0.4665029999409801,True,1,batch,True,pso,20,1,swarm
oe3-ofat-pilot-v2,oe3,swarm|batch|bc1|h1|pso|r1|N20|c1,syn-explanatory_conceptual-conditional-r0,explanatory_conceptual,conditional,2,0,1472434634288188504,2026-10-01T05:40:41.515+00:00,completed,epsilon,True,True,True,True,,32.446427,41.65030200238107,40.05104700263473,1,59,0.4877375139863285,0.007792454060633558,167.1783950082094,,code,2-1-1-0-2-1-1-1,0.49552996804696203,True,1,batch,True,pso,20,1,swarm
oe3-ofat-pilot-v2,oe3,swarm|batch|bc1|h1|pso|r1|N20|c1,syn-explanatory_conceptual-conditional-r1,explanatory_conceptual,conditional,2,0,9456364817232365643,2026-10-01T05:40:41.556+00:00,completed,epsilon,True,True,True,True,,40.389756,46.19166799966479,44.585306000954006,2,56,0.47520911893219114,0.0036547194033032526,138.45571699675176,,text,1-1-1-1-2-1-1-1,0.4788638383354944,True,1,batch,True,pso,20,1,swarm
oe3-ofat-pilot-v2,oe3,swarm|batch|bc1|h1|pso|r1|N20|c1,syn-explanatory_conceptual-conditional-r2,explanatory_conceptual,conditional,2,0,5881994369337550437,2026-10-01T05:40:41.603+00:00,completed,epsilon,True,True,True,True,,36.09043,42.10136799883912,40.495922999980394,1,59,0.4825122760291102,0.007792454060633558,188.57013500973446,,diagram,1-1-2-0-2-1-1-1,0.49030473008974373,True,1,batch,True,pso,20,1,swarm
oe3-ofat-pilot-v2,oe3,swarm|batch|bc1|h1|pso|r1|N20|c1,syn-explanatory_conceptual-conditional-r3,explanatory_conceptual,conditional,2,0,8435174638097405506,2026-10-01T05:40:41.645+00:00,completed,epsilon,True,True,True,True,,32.756219,38.71557299862616,37.18727200248395,1,52,0.40097835467564585,0.03364007004930275,134.4632710039855,,text,0-1-0-1-2-1-0-1,0.4346184247249486,True,1,batch,True,pso,20,1,swarm
oe3-ofat-pilot-v2,oe3,swarm|batch|bc1|h1|pso|r1|N20|c1,syn-explanatory_conceptual-conditional-r4,explanatory_conceptual,conditional,2,0,16811290955777993261,2026-10-01T05:40:41.683+00:00,completed,epsilon,True,True,True,True,,51.601953,58.117854001466185,56.16655799894943,3,67,0.4651361011678009,0.0,154.43706299821528,,text,1-1-1-0-2-0-0-1,0.4651361011678009,True,1,batch,True,pso,20,1,swarm
oe3-ofat-pilot-v2,oe3,swarm|batch|bc1|h1|pso|r1|N20|c1,syn-explanatory_conceptual-repetitive-r0,explanatory_conceptual,repetitive,2,0,16651396803649518729,2026-10-01T05:40:41.742+00:00,completed,epsilon,True,True,True,True,,49.494387,55.42870599674643,53.61577599978773,2,65,0.4460986935462345,0.02008255859137359,164.58164902232727,,text,1-1-1-1-2-1-0-1,0.4661812521376081,True,1,batch,True,pso,20,1,swarm
oe3-ofat-pilot-v2,oe3,swarm|batch|bc1|h1|pso|r1|N20|c1,syn-explanatory_conceptual-repetitive-r1,explanatory_conceptual,repetitive,2,0,11245067322156158965,2026-10-01T05:40:41.797+00:00,completed,epsilon,True,True,True,True,,53.493551,59.53436400159262,57.85423300039838,2,62,0.5255407002055713,1.9637715242826204e-07,174.24638800296805,,text,1-0-1-1-2-1-1-1,0.5255408965827237,True,1,batch,True,pso,20,1,swarm
oe3-ofat-pilot-v2,oe3,swarm|batch|bc1|h1|pso|r1|N20|c1,syn-explanatory_conceptual-repetitive-r2,explanatory_conceptual,repetitive,2,0,1941751807694570845,2026-10-01T05:40:41.857+00:00,completed,epsilon,True,True,True,True,,32.934892,38.75105699989945,37.3219169996446,1,53,0.4707990919315041,0.021881510427353146,145.5478080043856,,text,1-1-1-1-2-1-1-1,0.49268060235885724,True,1,batch,True,pso,20,1,swarm
oe3-ofat-pilot-v2,oe3,swarm|batch|bc1|h1|pso|r1|N20|c1,syn-explanatory_conceptual-repetitive-r3,explanatory_conceptual,repetitive,2,0,7312862892071760212,2026-10-01T05:40:41.895+00:00,completed,epsilon,True,True,True,True,,28.187458,33.74418200110085,32.388610001362395,1,47,0.46760140454444094,0.02008255859137359,107.32055500501784,,code,2-1-1-1-2-1-1-1,0.4876839631358145,True,1,batch,True,pso,20,1,swarm
oe3-ofat-pilot-v2,oe3,swarm|batch|bc1|h1|pso|r1|N20|c1,syn-explanatory_conceptual-repetitive-r4,explanatory_conceptual,repetitive,2,0,11178940480046766617,2026-10-01T05:40:41.929+00:00,completed,epsilon,True,True,True,True,,34.713072,40.98711699771229,39.23238700008369,1,55,0.45405216601876935,0.02008255859137359,166.11116000117696,,text,1-1-0-1-2-1-1-1,0.47413472461014294,True,1,batch,True,pso,20,1,swarm
oe3-ofat-pilot-v2,oe3,swarm|batch|bc1|h1|pso|r1|N20|c1,syn-explanatory_conceptual-arrays_vectors-r0,explanatory_conceptual,arrays_vectors,2,0,3176049071516707528,2026-10-01T05:40:41.970+00:00,completed,epsilon,True,True,True,True,,30.225308,35.789961999398656,34.46832500048913,1,50,0.49778085910851905,0.027875012652007147,114.09585899631858,,text,1-1-1-1-2-1-0-1,0.5256558717605262,True,1,batch,True,pso,20,1,swarm
oe3-ofat-pilot-v2,oe3,swarm|batch|bc1|h1|pso|r1|N20|c1,syn-explanatory_conceptual-arrays_vectors-r1,explanatory_conceptual,arrays_vectors,2,0,11472989949711724537,2026-10-01T05:40:42.006+00:00,completed,epsilon,True,True,True,True,,44.590646,50.673162997554755,49.00297299900558,2,63,0.48246679412408,0.007792650437785986,168.0551469899833,,text,0-0-0-1-2-1-1-1,0.490259444561866,True,1,batch,True,pso,20,1,swarm
oe3-ofat-pilot-v2,oe3,swarm|batch|bc1|h1|pso|r1|N20|c1,syn-explanatory_conceptual-arrays_vectors-r2,explanatory_conceptual,arrays_vectors,2,0,10382386641063741548,2026-10-01T05:40:42.057+00:00,completed,epsilon,True,True,True,True,,32.541656,38.098838998848805,36.62255299786921,1,49,0.5002467392530876,0.027875012652007203,113.44068601018877,,diagram,0-1-2-1-2-1-1-1,0.5281217519050948,True,1,batch,True,pso,20,1,swarm
oe3-ofat-pilot-v2,oe3,swarm|batch|bc1|h1|pso|r1|N20|c1,syn-explanatory_conceptual-arrays_vectors-r3,explanatory_conceptual,arrays_vectors,2,0,2259169429594963540,2026-10-01T05:40:42.095+00:00,completed,epsilon,True,True,True,True,,35.080203,41.335494999657385,39.89232199819526,1,54,0.4899428394838256,0.017498999281390593,160.877735996186,,text,0-1-1-1-2-1-0-1,0.5074418387652162,True,1,batch,True,pso,20,1,swarm
oe3-ofat-pilot-v2,oe3,swarm|batch|bc1|h1|pso|r1|N20|c1,syn-explanatory_conceptual-arrays_vectors-r4,explanatory_conceptual,arrays_vectors,2,0,16509041288914301223,2026-10-01T05:40:42.136+00:00,completed,epsilon,True,True,True,True,,29.121289,34.991189000720624,33.55081399786286,1,53,0.5030917240612093,0.014696521701211163,139.07677200004971,,text,1-1-1-0-2-1-1-1,0.5177882457624204,True,1,batch,True,pso,20,1,swarm
oe3-ofat-pilot-v2,oe3,swarm|batch|bc1|h1|pso|r1|N20|c1,syn-explanatory_conceptual-functions-r0,explanatory_conceptual,functions,2,0,17531483786064496240,2026-10-01T05:40:42.171+00:00,completed,epsilon,True,True,True,True,,30.220163,50.82968900023843,49.37765100112301,1,47,0.4828702671654518,0.027874816274854664,104.21844100126926,,text,1-1-1-0-2-1-1-1,0.5107450834403064,True,1,batch,True,pso,20,1,swarm
oe3-ofat-pilot-v2,oe3,swarm|batch|bc1|h1|pso|r1|N20|c1,syn-explanatory_conceptual-functions-r1,explanatory_conceptual,functions,2,0,2918462925200927164,2026-10-01T05:40:42.222+00:00,completed,epsilon,True,True,True,True,,43.007561,49.233955000090646,47.641645000112476,1,56,0.4908433042588953,0.022579211377867947,149.34169999415266,,code,2-2-1-1-2-0-1-1,0.5134225156367632,True,1,batch,True,pso,20,1,swarm
oe3-ofat-pilot-v2,oe3,swarm|batch|bc1|h1|pso|r1|N20|c1,syn-explanatory_conceptual-functions-r2,explanatory_conceptual,functions,2,0,10502451655373640013,2026-10-01T05:40:42.271+00:00,completed,epsilon,True,True,True,True,,38.826253,44.81694399873959,43.24831999838352,2,59,0.4862088786957507,1.9637715242826204e-07,170.12372399080638,,text,1-0-1-1-2-1-1-1,0.4862090750729031,True,1,batch,True,pso,20,1,swarm
oe3-ofat-pilot-v2,oe3,swarm|batch|bc1|h1|pso|r1|N20|c1,syn-explanatory_conceptual-functions-r3,explanatory_conceptual,functions,2,0,9101098485372157783,2026-10-01T05:40:42.316+00:00,completed,epsilon,True,True,True,True,,46.558524,52.38851299873204,50.57816499902401,2,63,0.49777727535266225,0.007792650437785986,151.69662901062384,,text,1-0-1-1-2-1-1-1,0.5055699257904482,True,1,batch,True,pso,20,1,swarm
oe3-ofat-pilot-v2,oe3,swarm|batch|bc1|h1|pso|r1|N20|c1,syn-explanatory_conceptual-functions-r4,explanatory_conceptual,functions,2,0,2282946250972105915,2026-10-01T05:40:42.368+00:00,completed,epsilon,True,True,True,True,,50.298073,56.43571400287328,54.65108199859969,3,69,0.49970043101958095,0.0,200.49015401967426,,text,1-0-1-0-2-0-1-1,0.49970043101958095,True,1,batch,True,pso,20,1,swarm
oe3-ofat-pilot-v2,oe3,swarm|batch|bc1|h1|pso|r1|N20|c1,syn-balanced_multimodal-sequential-r0,balanced_multimodal,sequential,2,0,8447297626789157734,2026-10-01T05:40:42.425+00:00,completed,epsilon,True,True,True,True,,40.236171,46.157084998412756,44.49584100075299,2,55,0.47478255891106164,0.02008255859137359,111.95264899041273,,diagram,1-1-2-1-1-1-1-1,0.4948651175024352,True,1,batch,True,pso,20,1,swarm
oe3-ofat-pilot-v2,oe3,swarm|batch|bc1|h1|pso|r1|N20|c1,syn-balanced_multimodal-sequential-r1,balanced_multimodal,sequential,2,0,14002032390557949515,2026-10-01T05:40:42.471+00:00,completed,epsilon,True,True,True,True,,42.495891,48.61157499908586,46.86407299959683,2,63,0.4657807084094385,0.020082362214221106,180.8071169999327,,code,2-1-2-0-1-1-1-1,0.48586307062365963,True,1,batch,True,pso,20,1,swarm
oe3-ofat-pilot-v2,oe3,swarm|batch|bc1|h1|pso|r1|N20|c1,syn-balanced_multimodal-sequential-r2,balanced_multimodal,sequential,2,0,7504185198732801890,2026-10-01T05:40:42.520+00:00,completed,epsilon,True,True,True,True,,33.618295,41.934088003472425,40.31080999993719,1,57,0.4994691128163741,0.020082362214221106,178.1140479959594,,code,2-1-1-0-1-1-1-1,0.5195514750305952,True,1,batch,True,pso,20,1,swarm
oe3-ofat-pilot-v2,oe3,swarm|batch|bc1|h1|pso|r1|N20|c1,syn-balanced_multimodal-sequential-r3,balanced_multimodal,sequential,2,0,5533078066589847335,2026-10-01T05:40:42.562+00:00,completed,epsilon,True,True,True,True,,34.835998,42.97929500171449,41.55421799805481,1,54,0.4813460564414294,0.02424922525804024,151.58547098262045,,text,1-1-1-1-2-1-1-1,0.5055952816994697,True,1,batch,True,pso,20,1,swarm
oe3-ofat-pilot-v2,oe3,swarm|batch|bc1|h1|pso|r1|N20|c1,syn-balanced_multimodal-sequential-r4,balanced_multimodal,sequential,2,0,14835646452101714281,2026-10-01T05:40:42.605+00:00,completed,epsilon,True,True,True,True,,35.156649,43.33234700243338,41.73423499742057,1,56,0.4831680338827303,0.02326354576638584,156.5781340102518,,code,2-1-2-1-2-1-1-1,0.5064315796491161,True,1,batch,True,pso,20,1,swarm
oe3-ofat-pilot-v2,oe3,swarm|batch|bc1|h1|pso|r1|N20|c1,syn-balanced_multimodal-conditional-r0,balanced_multimodal,conditional,2,0,18123689100739274857,2026-10-01T05:40:42.648+00:00,completed,epsilon,True,True,True,True,,35.540445,41.76230799930636,40.085300999635365,1,56,0.48780502665661635,0.0036547194033032526,159.2830410035788,,code,2-1-1-1-1-1-1-1,0.4914597460599196,True,1,batch,True,pso,20,1,swarm
oe3-ofat-pilot-v2,oe3,swarm|batch|bc1|h1|pso|r1|N20|c1,syn-balanced_multimodal-conditional-r1,balanced_multimodal,conditional,2,0,8620693703250771292,2026-10-01T05:40:42.690+00:00,completed,epsilon,True,True,True,True,,37.546264,43.85226399972453,42.219530001602834,1,57,0.498809334994812,1.963771524837732e-07,164.53005000906515,,code,1-1-1-1-1-0-1-1,0.4988095313719645,True,1,batch,True,pso,20,1,swarm
oe3-ofat-pilot-v2,oe3,swarm|batch|bc1|h1|pso|r1|N20|c1,syn-balanced_multimodal-conditional-r2,balanced_multimodal,conditional,2,0,4177528802721280060,2026-10-01T05:40:42.734+00:00,completed,epsilon,True,True,True,True,,35.897345,45.63018400222063,44.08587800207897,1,56,0.495726416987283,0.0036548666861676016,141.51446499354591,,code,1-1-1-2-1-1-1-1,0.4993812836734506,True,1,batch,True,pso,20,1,swarm
oe3-ofat-pilot-v2,oe3,swarm|batch|bc1|h1|pso|r1|N20|c1,syn-balanced_multimodal-conditional-r3,balanced_multimodal,conditional,2,0,6004589078447390537,2026-10-01T05:40:42.779+00:00,completed,epsilon,True,True,True,True,,40.38494,46.12105100022745,44.478367002739105,2,58,0.47153478436590585,1.963771524837732e-07,142.33172500240514,,text,1-1-1-1-2-0-1-1,0.47153498074305833,True,1,batch,True,pso,20,1,swarm
oe3-ofat-pilot-v2,oe3,swarm|batch|bc1|h1|pso|r1|N20|c1,syn-balanced_multimodal-conditional-r4,balanced_multimodal,conditional,2,0,15390802926142810456,2026-10-01T05:40:42.825+00:00,completed,epsilon,True,True,True,True,,36.448422,42.3775149974972,40.89929199835751,1,54,0.49335718275037993,0.0036547194033032526,152.09327400924857,,code,2-1-1-1-2-1-2-1,0.4970119021536832,True,1,batch,True,pso,20,1,swarm
oe3-ofat-pilot-v2,oe3,swarm|batch|bc1|h1|pso|r1|N20|c1,syn-balanced_multimodal-repetitive-r0,balanced_multimodal,repetitive,2,0,1346203531563287096,2026-10-01T05:40:42.868+00:00,completed,epsilon,True,True,True,True,,35.640226,41.80605999863474,40.318335999472765,1,54,0.5383161833171735,0.020082558591373534,173.7075680111181,,code,2-1-1-1-1-1-2-1,0.558398741908547,True,1,batch,True,pso,20,1,swarm
oe3-ofat-pilot-v2,oe3,swarm|batch|bc1|h1|pso|r1|N20|c1,syn-balanced_multimodal-repetitive-r1,balanced_multimodal,repetitive,2,0,15966608529395865366,2026-10-01T05:40:42.910+00:00,completed,epsilon,True,True,True,True,,33.271718,41.997279000497656,40.58024400001159,1,48,0.5099657852394064,0.020082362214221106,119.9632100031107,,code,2-1-2-0-2-1-1-1,0.5300481474536275,True,1,batch,True,pso,20,1,swarm
oe3-ofat-pilot-v2,oe3,swarm|batch|bc1|h1|pso|r1|N20|c1,syn-balanced_multimodal-repetitive-r2,balanced_multimodal,repetitive,2,0,12952745568191493432,2026-10-01T05:40:42.952+00:00,completed,epsilon,True,True,True,True,,37.996615,44.43149199869367,42.965446002199315,1,55,0.48695008664679024,0.02008255859137359,195.54318200014924,,code,2-1-2-1-1-1-2-1,0.5070326452381638,True,1,batch,True,pso,20,1,swarm
oe3-ofat-pilot-v2,oe3,swarm|batch|bc1|h1|pso|r1|N20|c1,syn-balanced_multimodal-repetitive-r3,balanced_multimodal,repetitive,2,0,4046630919765129189,2026-10-01T05:40:42.996+00:00,completed,epsilon,True,True,True,True,,34.552501,40.155700997274835,38.49703499872703,1,56,0.498403614745411,0.02008255859137359,170.3722299876999,,diagram,1-1-2-1-2-1-1-1,0.5184861733367846,True,1,batch,True,pso,20,1,swarm
oe3-ofat-pilot-v2,oe3,swarm|batch|bc1|h1|pso|r1|N20|c1,syn-balanced_multimodal-repetitive-r4,balanced_multimodal,repetitive,2,0,16362929293659838061,2026-10-01T05:40:43.036+00:00,completed,epsilon,True,True,True,True,,49.16291,55.03144799877191,53.403727997647366,3,62,0.5555295985433403,0.0,141.58979898600762,,code,2-0-1-0-1-1-2-1,0.5555295985433403,True,1,batch,True,pso,20,1,swarm
oe3-ofat-pilot-v2,oe3,swarm|batch|bc1|h1|pso|r1|N20|c1,syn-balanced_multimodal-arrays_vectors-r0,balanced_multimodal,arrays_vectors,2,0,3584950309651211707,2026-10-01T05:40:43.091+00:00,completed,epsilon,True,True,True,True,,32.040067,37.57904700250947,36.16949099887279,1,47,0.5013726987590279,0.027875012652007203,113.18695299271963,,code,2-1-1-1-2-1-1-1,0.5292477114110351,True,1,batch,True,pso,20,1,swarm
oe3-ofat-pilot-v2,oe3,swarm|batch|bc1|h1|pso|r1|N20|c1,syn-balanced_multimodal-arrays_vectors-r1,balanced_multimodal,arrays_vectors,2,0,15889600935136838771,2026-10-01T05:40:43.129+00:00,completed,epsilon,True,True,True,True,,46.712152,52.53845499828458,50.88687199895503,2,62,0.5091265566641985,0.010499076837774401,183.67942900104623,,code,1-2-1-1-1-0-1-1,0.5196256335019729,True,1,batch,True,pso,20,1,swarm
oe3-ofat-pilot-v2,oe3,swarm|batch|bc1|h1|pso|r1|N20|c1,syn-balanced_multimodal-arrays_vectors-r2,balanced_multimodal,arrays_vectors,2,0,14508102243054643269,2026-10-01T05:40:43.181+00:00,completed,epsilon,True,True,True,True,,34.375585,39.975075000256766,38.48836999895866,1,53,0.5207081594293232,0.027875012652007092,138.25385798482398,,text,1-1-1-1-2-1-1-1,0.5485831720813303,True,1,batch,True,pso,20,1,swarm
oe3-ofat-pilot-v2,oe3,swarm|batch|bc1|h1|pso|r1|N20|c1,syn-balanced_multimodal-arrays_vectors-r3,balanced_multimodal,arrays_vectors,2,0,11947795539240216146,2026-10-01T05:40:43.221+00:00,completed,epsilon,True,True,True,True,,50.306007,58.96729400046752,57.179583000106504,3,64,0.5439379445869269,0.007792454060633558,155.77936700198686,,code,2-0-2-1-1-1-2-1,0.5517303986475605,True,1,batch,True,pso,20,1,swarm
oe3-ofat-pilot-v2,oe3,swarm|batch|bc1|h1|pso|r1|N20|c1,syn-balanced_multimodal-arrays_vectors-r4,balanced_multimodal,arrays_vectors,2,0,3917925863049030086,2026-10-01T05:40:43.280+00:00,completed,epsilon,True,True,True,True,,49.968724,58.28947899863124,56.58612900151638,4,69,0.5265923131748955,0.0,136.73260199934398,,code,2-0-1-0-1-0-1-1,0.5265923131748955,True,1,batch,True,pso,20,1,swarm
oe3-ofat-pilot-v2,oe3,swarm|batch|bc1|h1|pso|r1|N20|c1,syn-balanced_multimodal-functions-r0,balanced_multimodal,functions,2,0,6550835933060694946,2026-10-01T05:40:43.339+00:00,completed,epsilon,True,True,True,True,,37.327621,42.943692998960614,41.4669989986578,1,54,0.5031059746980451,0.027875012652007203,156.04197297012212,,code,2-1-2-1-1-1-1-1,0.5309809873500523,True,1,batch,True,pso,20,1,swarm
oe3-ofat-pilot-v2,oe3,swarm|batch|bc1|h1|pso|r1|N20|c1,syn-balanced_multimodal-functions-r1,balanced_multimodal,functions,2,0,3881832823610794111,2026-10-01T05:40:43.382+00:00,completed,epsilon,True,True,True,True,,28.764154,34.226535997731844,32.95867699853261,1,45,0.4917724457549157,0.02008255859137359,97.05295800322043,,code,2-1-1-1-1-1-2-1,0.5118550043462893,True,1,batch,True,pso,20,1,swarm
oe3-ofat-pilot-v2,oe3,swarm|batch|bc1|h1|pso|r1|N20|c1,syn-balanced_multimodal-functions-r2,balanced_multimodal,functions,2,0,3016560622276445506,2026-10-01T05:40:43.416+00:00,completed,epsilon,True,True,True,True,,34.892999,45.83788599848049,44.37825299828546,1,48,0.5031640261075007,0.015023498937525859,125.44388499882186,,code,2-2-1-2-1-1-1-1,0.5181875250450265,True,1,batch,True,pso,20,1,swarm
oe3-ofat-pilot-v2,oe3,swarm|batch|bc1|h1|pso|r1|N20|c1,syn-balanced_multimodal-functions-r3,balanced_multimodal,functions,2,0,2061094210757061170,2026-10-01T05:40:43.462+00:00,completed,epsilon,True,True,True,True,,32.098109,37.99399200215703,36.537619002046995,1,55,0.489537761565406,0.027875012652007147,171.0490630053177,,diagram,1-1-2-1-2-1-1-1,0.5174127742174132,True,1,batch,True,pso,20,1,swarm
oe3-ofat-pilot-v2,oe3,swarm|batch|bc1|h1|pso|r1|N20|c1,syn-balanced_multimodal-functions-r4,balanced_multimodal,functions,2,0,13400621087723788685,2026-10-01T05:40:43.500+00:00,completed,epsilon,True,True,True,True,,55.393909,64.06957600120222,62.16185500306892,4,70,0.5037096701669489,1.9637715242826204e-07,127.86226601348811,,diagram,1-0-2-1-1-0-1-1,0.5037098665441013,True,1,batch,True,pso,20,1,swarm
oe3-ofat-pilot-v2,oe3,swarm|batch|bc1|h0|pso|r1|N20|c1,syn-visual_dominant-sequential-r0,visual_dominant,sequential,0,0,8580140326324496627,2026-10-01T05:40:45.205+00:00,completed,epsilon,True,True,True,True,,51.704275,57.71285799710313,55.938350000360515,4,70,0.45572370506472604,0.020082362214221106,154.00416001750853,,diagram,1-1-2-0-1-1-0-1,0.47580606727894714,True,1,batch,False,pso,20,1,swarm
oe3-ofat-pilot-v2,oe3,swarm|batch|bc1|h0|pso|r1|N20|c1,syn-visual_dominant-sequential-r1,visual_dominant,sequential,0,0,17048800117076641484,2026-10-01T05:40:45.262+00:00,completed,epsilon,True,True,True,True,,44.037988,50.13427599988063,48.456561999046244,2,62,0.441566311750361,0.027301279086295538,153.8677189626595,,diagram,1-1-2-0-1-1-1-1,0.4688675908366565,True,1,batch,False,pso,20,1,swarm
oe3-ofat-pilot-v2,oe3,swarm|batch|bc1|h0|pso|r1|N20|c1,syn-visual_dominant-sequential-r2,visual_dominant,sequential,0,0,4355585619346073820,2026-10-01T05:40:45.313+00:00,completed,epsilon,True,True,True,True,,40.727318,46.57326800224837,45.08778599847574,2,55,0.392169284841793,0.0763267999473462,129.17783700978185,,diagram,1-1-2-1-1-1-0-1,0.4684960847891392,True,1,batch,False,pso,20,1,swarm
oe3-ofat-pilot-v2,oe3,swarm|batch|bc1|h0|pso|r1|N20|c1,syn-visual_dominant-sequential-r3,visual_dominant,sequential,0,0,5551779150201999310,2026-10-01T05:40:45.359+00:00,completed,epsilon,True,True,True,True,,43.111785,48.80373400010285,47.21850299756625,2,59,0.48701981814659584,0.009873220975444241,140.33491798915537,,diagram,1-0-2-1-0-2-1-1,0.4968930391220401,True,1,batch,False,pso,20,1,swarm
oe3-ofat-pilot-v2,oe3,swarm|batch|bc1|h0|pso|r1|N20|c1,syn-visual_dominant-sequential-r4,visual_dominant,sequential,0,0,13994061115368628468,2026-10-01T05:40:45.408+00:00,completed,epsilon,True,True,True,True,,46.604543,52.26496399700409,50.62356499911402,2,63,0.43947951023976617,0.014511441255460222,148.46746099457673,,diagram,1-2-2-1-1-1-1-1,0.4539909514952264,True,1,batch,False,pso,20,1,swarm
oe3-ofat-pilot-v2,oe3,swarm|batch|bc1|h0|pso|r1|N20|c1,syn-visual_dominant-conditional-r0,visual_dominant,conditional,0,0,11471567894967710186,2026-10-01T05:40:45.460+00:00,completed,epsilon,True,True,True,True,,38.808298,44.38698800004204,42.896295999526046,2,59,0.4095046088074087,0.06666666666666665,162.19225000907738,,code,1-1-1-0-0-0-0-1,0.47617127547407534,True,1,batch,False,pso,20,1,swarm
oe3-ofat-pilot-v2,oe3,swarm|batch|bc1|h0|pso|r1|N20|c1,syn-visual_dominant-conditional-r1,visual_dominant,conditional,0,0,13928515270300365190,2026-10-01T05:40:45.505+00:00,completed,epsilon,True,True,True,True,,37.222737,42.66990099858958,41.10999200202059,1,59,0.4040981579183222,0.033033590240350075,166.93893501926206,,diagram,1-1-2-1-1-1-1-1,0.4371317481586723,True,1,batch,False,pso,20,1,swarm
oe3-ofat-pilot-v2,oe3,swarm|batch|bc1|h0|pso|r1|N20|c1,syn-visual_dominant-conditional-r2,visual_dominant,conditional,0,0,7530803405880337628,2026-10-01T05:40:45.547+00:00,completed,epsilon,True,True,True,True,,38.457736,44.206292997841956,42.54347500318545,2,60,0.47576325269917313,1.963771524837732e-07,160.82416901021904,,code,2-1-2-1-1-0-1-1,0.4757634490763256,True,1,batch,False,pso,20,1,swarm
oe3-ofat-pilot-v2,oe3,swarm|batch|bc1|h0|pso|r1|N20|c1,syn-visual_dominant-conditional-r3,visual_dominant,conditional,0,0,12303691227522993195,2026-10-01T05:40:45.592+00:00,completed,epsilon,True,True,True,True,,45.342214,50.85388199950103,49.28715200003353,2,60,0.4537572043126114,0.0036547194033032526,157.30732698723924,,diagram,1-1-2-1-0-1-1-1,0.45741192371591466,True,1,batch,False,pso,20,1,swarm
oe3-ofat-pilot-v2,oe3,swarm|batch|bc1|h0|pso|r1|N20|c1,syn-visual_dominant-conditional-r4,visual_dominant,conditional,0,0,7123775909059268369,2026-10-01T05:40:45.642+00:00,completed,epsilon,True,True,True,True,,30.051675,35.58391899787239,34.14849799810327,1,51,0.43905885028638547,0.009598091106895246,131.1458930065514,,diagram,1-1-2-0-1-0-1-1,0.4486569413932807,True,1,batch,False,pso,20,1,swarm
oe3-ofat-pilot-v2,oe3,swarm|batch|bc1|h0|pso|r1|N20|c1,syn-visual_dominant-repetitive-r0,visual_dominant,repetitive,0,0,3652346516165016234,2026-10-01T05:40:45.678+00:00,completed,epsilon,True,True,True,True,,44.906038,54.32547199961846,52.73954299991601,2,60,0.4699818976511124,0.020082362214221106,176.25397299763137,,diagram,1-1-2-0-1-1-0-1,0.49006425986533353,True,1,batch,False,pso,20,1,swarm
oe3-ofat-pilot-v2,oe3,swarm|batch|bc1|h0|pso|r1|N20|c1,syn-visual_dominant-repetitive-r1,visual_dominant,repetitive,0,0,9493985239135120539,2026-10-01T05:40:45.732+00:00,completed,epsilon,True,True,True,True,,45.903189,54.8719450016506,53.228520999255124,2,58,0.47132853097575106,0.02008255859137359,160.80441903954537,,code,2-1-2-1-1-1-1-1,0.49141108956712465,True,1,batch,False,pso,20,1,swarm
oe3-ofat-pilot-v2,oe3,swarm|batch|bc1|h0|pso|r1|N20|c1,syn-visual_dominant-repetitive-r2,visual_dominant,repetitive,0,0,15577984090316381348,2026-10-01T05:40:45.787+00:00,completed,epsilon,True,True,True,True,,36.607325,45.60729500008165,44.117890000052284,1,56,0.47182777232915224,0.04562343786407336,170.62388999132213,,code,2-1-2-1-1-0-0-1,0.5174512101932256,True,1,batch,False,pso,20,1,swarm
oe3-ofat-pilot-v2,oe3,swarm|batch|bc1|h0|pso|r1|N20|c1,syn-visual_dominant-repetitive-r3,visual_dominant,repetitive,0,0,13061490195280824700,2026-10-01T05:40:45.833+00:00,completed,epsilon,True,True,True,True,,40.768011,51.94128900257056,50.491119000071194,2,51,0.5053299123828249,1.9637715242826204e-07,119.00640100054538,,diagram,1-0-2-1-0-1-0-1,0.5053301087599773,True,1,batch,False,pso,20,1,swarm
oe3-ofat-pilot-v2,oe3,swarm|batch|bc1|h0|pso|r1|N20|c1,syn-visual_dominant-repetitive-r4,visual_dominant,repetitive,0,0,5153165576748431564,2026-10-01T05:40:45.885+00:00,completed,epsilon,True,True,True,True,,65.054421,77.22318700325559,75.17343599829474,5,77,0.45932158598455114,0.00828591938814266,185.99987800704525,,diagram,1-0-2-1-0-2-0-1,0.4676075053726938,True,1,batch,False,pso,20,1,swarm
oe3-ofat-pilot-v2,oe3,swarm|batch|bc1|h0|pso|r1|N20|c1,syn-visual_dominant-arrays_vectors-r0,visual_dominant,arrays_vectors,0,0,2484686855457110652,2026-10-01T05:40:45.962+00:00,completed,epsilon,True,True,True,True,,60.111973,69.07498199871043,67.14425400059554,5,77,0.4889347761835423,0.0,155.60536297233222,,diagram,1-0-2-0-0-0-0-1,0.4889347761835423,True,1,batch,False,pso,20,1,swarm
oe3-ofat-pilot-v2,oe3,swarm|batch|bc1|h0|pso|r1|N20|c1,syn-visual_dominant-arrays_vectors-r1,visual_dominant,arrays_vectors,0,0,14387502913323118724,2026-10-01T05:40:46.031+00:00,completed,epsilon,True,True,True,True,,48.32339,58.60943800144014,57.001493998541264,2,61,0.4365875719168584,0.016605034771456917,211.46580400354972,,diagram,1-2-2-1-1-1-0-1,0.4531926066883153,True,1,batch,False,pso,20,1,swarm
oe3-ofat-pilot-v2,oe3,swarm|batch|bc1|h0|pso|r1|N20|c1,syn-visual_dominant-arrays_vectors-r2,visual_dominant,arrays_vectors,0,0,18083930375172244621,2026-10-01T05:40:46.090+00:00,completed,epsilon,True,True,True,True,,53.584462,62.58738100223127,60.86381299974164,2,65,0.5017519229100531,0.020082558591373534,197.75762499355767,,diagram,1-1-2-1-1-0-1-1,0.5218344815014266,True,1,batch,False,pso,20,1,swarm
oe3-ofat-pilot-v2,oe3,swarm|batch|bc1|h0|pso|r1|N20|c1,syn-visual_dominant-arrays_vectors-r3,visual_dominant,arrays_vectors,0,0,16074832408338533935,2026-10-01T05:40:46.152+00:00,completed,epsilon,True,True,True,True,,61.063655,70.89956200070446,69.00589799988666,5,74,0.5279372088015589,1.472828643489521e-07,158.0941320091269,,diagram,0-0-2-2-1-0-0-1,0.5279373560844233,True,1,batch,False,pso,20,1,swarm
oe3-ofat-pilot-v2,oe3,swarm|batch|bc1|h0|pso|r1|N20|c1,syn-visual_dominant-arrays_vectors-r4,visual_dominant,arrays_vectors,0,0,13236652181889018265,2026-10-01T05:40:46.223+00:00,completed,epsilon,True,True,True,True,,41.80682,50.54212799950619,48.940495998976985,2,60,0.4941651539298116,0.00341603920757122,157.80454800539206,,diagram,1-1-2-2-1-0-0-1,0.4975811931373828,True,1,batch,False,pso,20,1,swarm
oe3-ofat-pilot-v2,oe3,swarm|batch|bc1|h0|pso|r1|N20|c1,syn-visual_dominant-functions-r0,visual_dominant,functions,0,0,11375697626506085209,2026-10-01T05:40:46.274+00:00,completed,epsilon,True,True,True,True,,40.547155,49.94568199981586,48.460016998433275,2,57,0.49246648242421764,0.005321839689066077,143.16414799734952,,diagram,1-0-2-0-1-1-1-1,0.4977883221132837,True,1,batch,False,pso,20,1,swarm
oe3-ofat-pilot-v2,oe3,swarm|batch|bc1|h0|pso|r1|N20|c1,syn-visual_dominant-functions-r1,visual_dominant,functions,0,0,12724222799605840855,2026-10-01T05:40:46.324+00:00,completed,epsilon,True,True,True,True,,54.593916,63.97220100188861,62.089827999443514,4,71,0.4795134424098952,0.02238492307007528,173.30392100058228,,code,1-2-1-0-0-0-0-1,0.5018983654799705,True,1,batch,False,pso,20,1,swarm
oe3-ofat-pilot-v2,oe3,swarm|batch|bc1|h0|pso|r1|N20|c1,syn-visual_dominant-functions-r2,visual_dominant,functions,0,0,2855966151648987497,2026-10-01T05:40:46.388+00:00,completed,epsilon,True,True,True,True,,43.288607,51.643915998283774,49.875833003170555,3,64,0.471376010746655,1.9637715242826204e-07,178.12764399538656,,diagram,1-0-2-1-1-0-1-1,0.47137620712380746,True,1,batch,False,pso,20,1,swarm
oe3-ofat-pilot-v2,oe3,swarm|batch|bc1|h0|pso|r1|N20|c1,syn-visual_dominant-functions-r3,visual_dominant,functions,0,0,15496158585802717903,2026-10-01T05:40:46.439+00:00,completed,epsilon,True,True,True,True,,51.089511,60.214566001377534,58.5512129982817,3,64,0.4465792546745846,0.033855854372560334,184.85926899677764,,code,2-0-2-1-1-0-1-0,0.4804351090471449,True,1,batch,False,pso,20,1,swarm
oe3-ofat-pilot-v2,oe3,swarm|batch|bc1|h0|pso|r1|N20|c1,syn-visual_dominant-functions-r4,visual_dominant,functions,0,0,10259835321663512086,2026-10-01T05:40:46.500+00:00,completed,epsilon,True,True,True,True,,38.244047,46.37464999905205,44.86746399925323,1,56,0.45544437169358715,0.04718407095218108,171.33309099505135,,code,1-1-1-1-0-1-1-1,0.5026284426457682,True,1,batch,False,pso,20,1,swarm
oe3-ofat-pilot-v2,oe3,swarm|batch|bc1|h0|pso|r1|N20|c1,syn-logical_syntactic-sequential-r0,logical_syntactic,sequential,0,0,13362044807751343064,2026-10-01T05:40:46.546+00:00,completed,epsilon,True,True,True,True,,55.269176,64.68139700155007,62.73906599744805,4,69,0.49516222335633175,0.0010551589873517564,175.36943700370722,,code,2-0-1-0-0-1-0-0,0.4962173823436835,True,1,batch,False,pso,20,1,swarm
oe3-ofat-pilot-v2,oe3,swarm|batch|bc1|h0|pso|r1|N20|c1,syn-logical_syntactic-sequential-r1,logical_syntactic,sequential,0,0,14311645315440717423,2026-10-01T05:40:46.611+00:00,completed,epsilon,True,True,True,True,,45.296032,54.768313999375096,53.039877999253804,2,63,0.46094950559406833,0.021596856224552874,203.12372700648535,,code,1-0-1-1-0-1-0-1,0.4825463618186212,True,1,batch,False,pso,20,1,swarm
oe3-ofat-pilot-v2,oe3,swarm|batch|bc1|h0|pso|r1|N20|c1,syn-logical_syntactic-sequential-r2,logical_syntactic,sequential,0,0,15643440995604996842,2026-10-01T05:40:46.665+00:00,completed,epsilon,True,True,True,True,,47.166843,56.43908999991254,54.712927998480154,3,62,0.4800694048697838,0.028594467963332315,153.76187499838244,,code,2-0-1-0-0-1-1-1,0.5086638728331161,True,1,batch,False,pso,20,1,swarm
oe3-ofat-pilot-v2,oe3,swarm|batch|bc1|h0|pso|r1|N20|c1,syn-logical_syntactic-sequential-r3,logical_syntactic,sequential,0,0,16960600487627624599,2026-10-01T05:40:46.722+00:00,completed,epsilon,True,True,True,True,,44.602643,54.08020399772795,52.42319500030135,2,60,0.4661616401111094,0.008378946700049683,198.48440899438225,,code,2-0-1-1-1-1-0-2,0.47454058681115907,True,1,batch,False,pso,20,1,swarm
oe3-ofat-pilot-v2,oe3,swarm|batch|bc1|h0|pso|r1|N20|c1,syn-logical_syntactic-sequential-r4,logical_syntactic,sequential,0,0,17250185977012485747,2026-10-01T05:40:46.776+00:00,completed,epsilon,True,True,True,True,,47.757502,57.02429300072254,55.334627999400254,3,62,0.49533228036449595,0.0010555026473685336,155.9018620266875,,code,2-0-1-2-1-0-0-0,0.4963877830118645,True,1,batch,False,pso,20,1,swarm
oe3-ofat-pilot-v2,oe3,swarm|batch|bc1|h0|pso|r1|N20|c1,syn-logical_syntactic-conditional-r0,logical_syntactic,conditional,0,0,4732552759670585228,2026-10-01T05:40:46.833+00:00,completed,epsilon,True,True,True,True,,44.831789,54.535082999791484,52.923220999218756,2,63,0.41315296794304474,0.04571418565806912,210.25165699477753,,code,2-1-1-2-1-1-1-1,0.45886715360111385,True,1,batch,False,pso,20,1,swarm
oe3-ofat-pilot-v2,oe3,swarm|batch|bc1|h0|pso|r1|N20|c1,syn-logical_syntactic-conditional-r1,logical_syntactic,conditional,0,0,16767561851559065070,2026-10-01T05:40:46.888+00:00,completed,epsilon,True,True,True,True,,36.023114,45.63550500097335,44.09120700074709,1,57,0.41705544621514223,0.0347691117529767,188.1837590098523,,code,2-0-1-1-0-1-0-1,0.45182455796811893,True,1,batch,False,pso,20,1,swarm
oe3-ofat-pilot-v2,oe3,swarm|batch|bc1|h0|pso|r1|N20|c1,syn-logical_syntactic-conditional-r2,logical_syntactic,conditional,0,0,6973891702751108736,2026-10-01T05:40:46.933+00:00,completed,epsilon,True,True,True,True,,49.411534,59.33715100036352,57.348834998265374,2,62,0.4631070430917913,0.003654523026150769,161.33364900661684,,code,2-1-1-0-0-1-1-1,0.46676156611794206,True,1,batch,False,pso,20,1,swarm
oe3-ofat-pilot-v2,oe3,swarm|batch|bc1|h0|pso|r1|N20|c1,syn-logical_syntactic-conditional-r3,logical_syntactic,conditional,0,0,6626061848004110554,2026-10-01T05:40:46.993+00:00,completed,epsilon,True,True,True,True,,46.930342,58.24721500175656,56.587707997096004,3,62,0.39360446481158207,0.07566165001238667,142.8067299964478,,code,2-2-1-2-1-1-1-1,0.46926611482396874,True,1,batch,False,pso,20,1,swarm
oe3-ofat-pilot-v2,oe3,swarm|batch|bc1|h0|pso|r1|N20|c1,syn-logical_syntactic-conditional-r4,logical_syntactic,conditional,0,0,2581103798954869873,2026-10-01T05:40:47.051+00:00,completed,epsilon,True,True,True,True,,41.863298,47.72483600027044,46.106298999802675,2,60,0.4839345737065493,0.0036547194033032526,133.37305399218843,,code,2-1-1-1-1-1-1-1,0.48758929310985255,True,1,batch,False,pso,20,1,swarm
oe3-ofat-pilot-v2,oe3,swarm|batch|bc1|h0|pso|r1|N20|c1,syn-logical_syntactic-repetitive-r0,logical_syntactic,repetitive,0,0,2563900073831829840,2026-10-01T05:40:47.099+00:00,completed,epsilon,True,True,True,True,,36.916977,42.84537800049293,41.214695000235224,1,56,0.4187613893221604,0.052008918642349966,167.27962397665263,,code,2-1-1-1-1-1-1-1,0.47077030796451036,True,1,batch,False,pso,20,1,swarm
oe3-ofat-pilot-v2,oe3,swarm|batch|bc1|h0|pso|r1|N20|c1,syn-logical_syntactic-repetitive-r1,logical_syntactic,repetitive,0,0,1690962082425471307,2026-10-01T05:40:47.141+00:00,completed,epsilon,True,True,True,True,,53.200155,62.64149700291455,60.92817199896672,3,66,0.4886300875287779,1.9637715242826204e-07,151.14890100443432,,code,2-0-1-1-0-1-0-1,0.48863028390593033,True,1,batch,False,pso,20,1,swarm
oe3-ofat-pilot-v2,oe3,swarm|batch|bc1|h0|pso|r1|N20|c1,syn-logical_syntactic-repetitive-r2,logical_syntactic,repetitive,0,0,12298035747105259136,2026-10-01T05:40:47.204+00:00,completed,epsilon,True,True,True,True,,57.427222,67.12034299926017,65.47318199955043,2,62,0.48860682289608054,0.02008255859137359,163.58043398982034,,code,2-1-1-1-1-1-1-1,0.5086893814874541,True,1,batch,False,pso,20,1,swarm
oe3-ofat-pilot-v2,oe3,swarm|batch|bc1|h0|pso|r1|N20|c1,syn-logical_syntactic-repetitive-r3,logical_syntactic,repetitive,0,0,6665076571321463288,2026-10-01T05:40:47.271+00:00,completed,epsilon,True,True,True,True,,35.96915,44.103004001954105,42.699628000264056,1,52,0.4521819943826899,0.02998615422954054,137.080251998477,,code,2-0-1-0-1-1-1-1,0.48216814861223045,True,1,batch,False,pso,20,1,swarm
oe3-ofat-pilot-v2,oe3,swarm|batch|bc1|h0|pso|r1|N20|c1,syn-logical_syntactic-repetitive-r4,logical_syntactic,repetitive,0,0,3613547958009930106,2026-10-01T05:40:47.315+00:00,completed,epsilon,True,True,True,True,,48.300877,56.72485800096183,55.03523100196617,3,67,0.42271996158476816,0.021678596851425203,174.99444699087536,,code,2-1-0-1-1-0-0-0,0.44439855843619336,True,1,batch,False,pso,20,1,swarm
oe3-ofat-pilot-v2,oe3,swarm|batch|bc1|h0|pso|r1|N20|c1,syn-logical_syntactic-arrays_vectors-r0,logical_syntactic,arrays_vectors,0,0,14948705039163960895,2026-10-01T05:40:47.372+00:00,completed,epsilon,True,True,True,True,,34.361725,42.33647599903634,40.80196499853628,1,56,0.4856184373133194,0.02008255859137359,172.53142098418152,,code,2-1-1-1-0-0-1-1,0.505700995904693,True,1,batch,False,pso,20,1,swarm
oe3-ofat-pilot-v2,oe3,swarm|batch|bc1|h0|pso|r1|N20|c1,syn-logical_syntactic-arrays_vectors-r1,logical_syntactic,arrays_vectors,0,0,13327273701071249688,2026-10-01T05:40:47.414+00:00,completed,epsilon,True,True,True,True,,50.052839,59.82928100274876,57.89850600194768,3,69,0.4766932553481305,0.007351474163735328,158.31378500845443,,code,2-2-1-0-1-0-1-1,0.48404472951186583,True,1,batch,False,pso,20,1,swarm
oe3-ofat-pilot-v2,oe3,swarm|batch|bc1|h0|pso|r1|N20|c1,syn-logical_syntactic-arrays_vectors-r2,logical_syntactic,arrays_vectors,0,0,7678510444233138347,2026-10-01T05:40:47.474+00:00,completed,epsilon,True,True,True,True,,50.328052,58.622240998374764,56.914877000963315,3,67,0.4814659129436679,0.03723979738485328,198.92959798987064,,code,2-0-1-1-1-0-0-1,0.5187057103285212,True,1,batch,False,pso,20,1,swarm
oe3-ofat-pilot-v2,oe3,swarm|batch|bc1|h0|pso|r1|N20|c1,syn-logical_syntactic-arrays_vectors-r3,logical_syntactic,arrays_vectors,0,0,3475821061836782133,2026-10-01T05:40:47.533+00:00,completed,epsilon,True,True,True,True,,46.34077,52.504143000987824,50.744364998536184,2,62,0.5279095277556373,1.472828643489521e-07,160.0504710061094,,code,2-0-1-2-1-0-1-1,0.5279096750385016,True,1,batch,False,pso,20,1,swarm
oe3-ofat-pilot-v2,oe3,swarm|batch|bc1|h0|pso|r1|N20|c1,syn-logical_syntactic-arrays_vectors-r4,logical_syntactic,arrays_vectors,0,0,15069723113616053544,2026-10-01T05:40:47.585+00:00,completed,epsilon,True,True,True,True,,44.232372,53.40826500105322,51.760947000730084,2,60,0.4592948548206536,0.007792650437785986,163.44868198530057,,code,2-0-1-1-0-1-1-1,0.46708750525843956,True,1,batch,False,pso,20,1,swarm
oe3-ofat-pilot-v2,oe3,swarm|batch|bc1|h0|pso|r1|N20|c1,syn-logical_syntactic-functions-r0,logical_syntactic,functions,0,0,15105445333404857368,2026-10-01T05:40:47.639+00:00,completed,epsilon,True,True,True,True,,55.033381,63.16101900301874,61.27130099775968,4,68,0.515574695902924,1.9637715242826204e-07,145.4831010125128,,code,2-0-1-1-1-0-0-1,0.5155748922800765,True,1,batch,False,pso,20,1,swarm
oe3-ofat-pilot-v2,oe3,swarm|batch|bc1|h0|pso|r1|N20|c1,syn-logical_syntactic-functions-r1,logical_syntactic,functions,0,0,7545233351544256523,2026-10-01T05:40:47.702+00:00,completed,epsilon,True,True,True,True,,36.093709,44.9619779974455,43.34485599974869,1,58,0.4742120227778769,0.021023062154443717,162.61121300858687,,code,2-0-1-2-0-0-0-1,0.4952350849323206,True,1,batch,False,pso,20,1,swarm
oe3-ofat-pilot-v2,oe3,swarm|batch|bc1|h0|pso|r1|N20|c1,syn-logical_syntactic-functions-r2,logical_syntactic,functions,0,0,6130147880867857550,2026-10-01T05:40:47.747+00:00,completed,epsilon,True,True,True,True,,61.410127,73.4336829991662,71.55543499902706,4,71,0.4904146062171647,0.007792797720650335,190.03717499873363,,code,2-0-0-2-1-1-1-1,0.49820740393781504,True,1,batch,False,pso,20,1,swarm
oe3-ofat-pilot-v2,oe3,swarm|batch|bc1|h0|pso|r1|N20|c1,syn-logical_syntactic-functions-r3,logical_syntactic,functions,0,0,4820333934433401313,2026-10-01T05:40:47.820+00:00,completed,epsilon,True,True,True,True,,44.078168,54.11964400263969,52.27797599945916,2,65,0.46655635486701674,0.019803777820581292,177.3662009952011,,code,2-2-1-1-1-1-0-1,0.48636013268759803,True,1,batch,False,pso,20,1,swarm
oe3-ofat-pilot-v2,oe3,swarm|batch|bc1|h0|pso|r1|N20|c1,syn-logical_syntactic-functions-r4,logical_syntactic,functions,0,0,10275058418311301455,2026-10-01T05:40:47.875+00:00,completed,epsilon,True,True,True,True,,43.890916,52.31842400098685,50.47128200021689,2,65,0.44767237189233294,0.0083787503228972,168.81935100750746,,code,2-0-0-0-1-0-0-2,0.45605112221523014,True,1,batch,False,pso,20,1,swarm
oe3-ofat-pilot-v2,oe3,swarm|batch|bc1|h0|pso|r1|N20|c1,syn-explanatory_conceptual-sequential-r0,explanatory_conceptual,sequential,0,0,14947352377729861017,2026-10-01T05:40:47.927+00:00,completed,epsilon,True,True,True,True,,53.718777,62.560463997215265,60.39488700116635,5,75,0.467455645058524,0.0,180.08733800667494,,text,0-0-1-0-2-0-0-1,0.467455645058524,True,1,batch,False,pso,20,1,swarm
oe3-ofat-pilot-v2,oe3,swarm|batch|bc1|h0|pso|r1|N20|c1,syn-explanatory_conceptual-sequential-r1,explanatory_conceptual,sequential,0,0,3272787541859846898,2026-10-01T05:40:47.989+00:00,completed,epsilon,True,True,True,True,,42.871788,52.83702399901813,51.21052699905704,2,57,0.4342203498817181,0.025199306125555432,134.861494986261,,text,1-0-0-1-2-1-0-1,0.4594196560072735,True,1,batch,False,pso,20,1,swarm
oe3-ofat-pilot-v2,oe3,swarm|batch|bc1|h0|pso|r1|N20|c1,syn-explanatory_conceptual-sequential-r2,explanatory_conceptual,sequential,0,0,7023970792698232399,2026-10-01T05:40:48.042+00:00,completed,epsilon,True,True,True,True,,57.427699,67.56820000009611,65.71918500048923,4,73,0.45488132858608143,0.007792797720650335,184.38469698306054,,text,1-0-1-2-2-1-1-1,0.46267412630673177,True,1,batch,False,pso,20,1,swarm
oe3-ofat-pilot-v2,oe3,swarm|batch|bc1|h0|pso|r1|N20|c1,syn-explanatory_conceptual-sequential-r3,explanatory_conceptual,sequential,0,0,15905282458092997945,2026-10-01T05:40:48.110+00:00,completed,epsilon,True,True,True,True,,42.549574,51.36291300004814,49.76656299913884,2,60,0.4489765705985682,1.9637715242826204e-07,144.7720669875087,,text,1-0-1-1-2-1-1-1,0.44897676697572064,True,1,batch,False,pso,20,1,swarm
oe3-ofat-pilot-v2,oe3,swarm|batch|bc1|h0|pso|r1|N20|c1,syn-explanatory_conceptual-sequential-r4,explanatory_conceptual,sequential,0,0,16212943396658008924,2026-10-01T05:40:48.161+00:00,completed,epsilon,True,True,True,True,,44.573796,54.51980199723039,52.62752199996612,2,62,0.4541026135712051,0.012400386369774974,189.41601099109496,,text,1-1-1-1-2-1-1-1,0.4665029999409801,True,1,batch,False,pso,20,1,swarm
oe3-ofat-pilot-v2,oe3,swarm|batch|bc1|h0|pso|r1|N20|c1,syn-explanatory_conceptual-conditional-r0,explanatory_conceptual,conditional,0,0,5916953307552671090,2026-10-01T05:40:48.216+00:00,completed,epsilon,True,True,True,True,,40.815753,50.59690899724956,48.96007900242694,2,57,0.48773717032631164,0.007792797720650391,132.7946650016368,,code,2-1-1-2-2-1-1-1,0.49552996804696203,True,1,batch,False,pso,20,1,swarm
oe3-ofat-pilot-v2,oe3,swarm|batch|bc1|h0|pso|r1|N20|c1,syn-explanatory_conceptual-conditional-r1,explanatory_conceptual,conditional,0,0,18124705353368190302,2026-10-01T05:40:48.266+00:00,completed,epsilon,True,True,True,True,,42.974856,48.92284000015934,47.34012599874404,2,56,0.4752089716493268,0.0036548666861676016,118.07439799054988,,text,1-1-1-2-2-1-1-1,0.4788638383354944,True,1,batch,False,pso,20,1,swarm
oe3-ofat-pilot-v2,oe3,swarm|batch|bc1|h0|pso|r1|N20|c1,syn-explanatory_conceptual-conditional-r2,explanatory_conceptual,conditional,0,0,1341896759769893857,2026-10-01T05:40:48.315+00:00,completed,epsilon,True,True,True,True,,33.196118,41.566936000890564,40.12549099934404,1,53,0.463768626565854,0.026536103523889742,153.68417199717052,,diagram,1-1-2-1-1-1-1-1,0.49030473008974373,True,1,batch,False,pso,20,1,swarm
oe3-ofat-pilot-v2,oe3,swarm|batch|bc1|h0|pso|r1|N20|c1,syn-explanatory_conceptual-conditional-r3,explanatory_conceptual,conditional,0,0,11332394261640184133,2026-10-01T05:40:48.357+00:00,completed,epsilon,True,True,True,True,,35.389666,41.251668000768404,39.83693800182664,1,53,0.39465476250762344,0.03996366221732517,150.87033500905477,,text,1-1-1-0-2-1-0-1,0.4346184247249486,True,1,batch,False,pso,20,1,swarm
oe3-ofat-pilot-v2,oe3,swarm|batch|bc1|h0|pso|r1|N20|c1,syn-explanatory_conceptual-conditional-r4,explanatory_conceptual,conditional,0,0,8670080275324173838,2026-10-01T05:40:48.398+00:00,completed,epsilon,True,True,True,True,,46.031818,55.52996199912741,53.68226800055709,3,66,0.4567571544677512,0.008378946700049683,167.10577000097103,,text,1-1-1-1-2-0-0-2,0.4651361011678009,True,1,batch,False,pso,20,1,swarm
oe3-ofat-pilot-v2,oe3,swarm|batch|bc1|h0|pso|r1|N20|c1,syn-explanatory_conceptual-repetitive-r0,explanatory_conceptual,repetitive,0,0,3237454591878846868,2026-10-01T05:40:48.454+00:00,completed,epsilon,True,True,True,True,,40.901982,50.28583700186573,48.61338199771126,2,61,0.4547017253356287,0.01147952680197939,191.00876299926952,,text,1-0-1-2-2-1-1-1,0.4661812521376081,True,1,batch,False,pso,20,1,swarm
oe3-ofat-pilot-v2,oe3,swarm|batch|bc1|h0|pso|r1|N20|c1,syn-explanatory_conceptual-repetitive-r1,explanatory_conceptual,repetitive,0,0,10148232421566165977,2026-10-01T05:40:48.504+00:00,completed,epsilon,True,True,True,True,,45.990274,55.45952000102261,53.7879379990045,2,60,0.5255408965827237,0.0,163.24036101165845,,text,1-0-1-0-2-1-1-1,0.5255408965827237,True,1,batch,False,pso,20,1,swarm
oe3-ofat-pilot-v2,oe3,swarm|batch|bc1|h0|pso|r1|N20|c1,syn-explanatory_conceptual-repetitive-r2,explanatory_conceptual,repetitive,0,0,10189736659373836677,2026-10-01T05:40:48.559+00:00,completed,epsilon,True,True,True,True,,33.516355,42.09451399947284,40.579507000074955,1,52,0.49088145414572526,0.0017991482131319847,149.3725619933478,,text,1-0-1-1-2-1-1-1,0.49268060235885724,True,1,batch,False,pso,20,1,swarm
oe3-ofat-pilot-v2,oe3,swarm|batch|bc1|h0|pso|r1|N20|c1,syn-explanatory_conceptual-repetitive-r3,explanatory_conceptual,repetitive,0,0,5679236231213962541,2026-10-01T05:40:48.602+00:00,completed,epsilon,True,True,True,True,,50.909595,59.08402999921236,57.39800700030173,2,60,0.47773671108267024,0.009947252053144284,158.00783499240626,,text,1-0-1-0-2-1-1-1,0.4876839631358145,True,1,batch,False,pso,20,1,swarm
oe3-ofat-pilot-v2,oe3,swarm|batch|bc1|h0|pso|r1|N20|c1,syn-explanatory_conceptual-repetitive-r4,explanatory_conceptual,repetitive,0,0,615434091092212846,2026-10-01T05:40:48.661+00:00,completed,epsilon,True,True,True,True,,32.236795,38.1323080000584,36.68154099796084,1,52,0.4515370451477001,0.022597679462442843,127.99235999339,,text,1-0-1-1-2-1-1-1,0.47413472461014294,True,1,batch,False,pso,20,1,swarm
oe3-ofat-pilot-v2,oe3,swarm|batch|bc1|h0|pso|r1|N20|c1,syn-explanatory_conceptual-arrays_vectors-r0,explanatory_conceptual,arrays_vectors,0,0,8420274505294676143,2026-10-01T05:40:48.699+00:00,completed,epsilon,True,True,True,True,,41.739923,49.201152000023285,47.59738700158778,2,60,0.5135169778544232,0.01213889390610301,180.88927500369823,,text,1-0-1-1-2-0-1-1,0.5256558717605262,True,1,batch,False,pso,20,1,swarm
oe3-ofat-pilot-v2,oe3,swarm|batch|bc1|h0|pso|r1|N20|c1,syn-explanatory_conceptual-arrays_vectors-r1,explanatory_conceptual,arrays_vectors,0,0,11621185609108110648,2026-10-01T05:40:48.748+00:00,completed,epsilon,True,True,True,True,,50.285957,57.994038998003816,56.248780001624255,3,66,0.45024466299328314,0.04001478156858285,156.1711649986837,,text,0-0-1-1-2-0-1-1,0.490259444561866,True,1,batch,False,pso,20,1,swarm
oe3-ofat-pilot-v2,oe3,swarm|batch|bc1|h0|pso|r1|N20|c1,syn-explanatory_conceptual-arrays_vectors-r2,explanatory_conceptual,arrays_vectors,0,0,3616904053699891200,2026-10-01T05:40:48.806+00:00,completed,epsilon,True,True,True,True,,34.330692,45.10743499849923,43.65152700120234,1,53,0.4959458529641962,0.03217589894089862,149.22931100498008,,diagram,1-2-2-0-2-1-1-1,0.5281217519050948,True,1,batch,False,pso,20,1,swarm
oe3-ofat-pilot-v2,oe3,swarm|batch|bc1|h0|pso|r1|N20|c1,syn-explanatory_conceptual-arrays_vectors-r3,explanatory_conceptual,arrays_vectors,0,0,9640228565651749554,2026-10-01T05:40:48.851+00:00,completed,epsilon,True,True,True,True,,47.448317,58.78177100021276,57.26717400102643,2,55,0.48356775181068856,0.02387408695452764,138.39752099393925,,text,0-2-1-1-2-1-0-1,0.5074418387652162,True,1,batch,False,pso,20,1,swarm
oe3-ofat-pilot-v2,oe3,swarm|batch|bc1|h0|pso|r1|N20|c1,syn-explanatory_conceptual-arrays_vectors-r4,explanatory_conceptual,arrays_vectors,0,0,12383051168938743430,2026-10-01T05:40:48.910+00:00,completed,epsilon,True,True,True,True,,37.776233,43.511062998732086,42.03976899952977,2,53,0.5099955953246345,0.007792650437785986,118.89991200892398,,text,1-0-1-1-2-1-1-1,0.5177882457624204,True,1,batch,False,pso,20,1,swarm
oe3-ofat-pilot-v2,oe3,swarm|batch|bc1|h0|pso|r1|N20|c1,syn-explanatory_conceptual-functions-r0,explanatory_conceptual,functions,0,0,4847129841761666601,2026-10-01T05:40:48.953+00:00,completed,epsilon,True,True,True,True,,33.542988,42.170934000751004,40.66718700050842,1,54,0.4945698834876539,0.01617519995265254,136.40012500590058,,text,1-2-1-1-2-0-1-1,0.5107450834403064,True,1,batch,False,pso,20,1,swarm
oe3-ofat-pilot-v2,oe3,swarm|batch|bc1|h0|pso|r1|N20|c1,syn-explanatory_conceptual-functions-r1,explanatory_conceptual,functions,0,0,8968182148387190867,2026-10-01T05:40:48.996+00:00,completed,epsilon,True,True,True,True,,60.88377,73.05054599783034,71.12137799776974,4,71,0.4985151422574555,0.014907373379307698,165.69171602002208,,code,2-2-1-2-2-0-0-1,0.5134225156367632,True,1,batch,False,pso,20,1,swarm
oe3-ofat-pilot-v2,oe3,swarm|batch|bc1|h0|pso|r1|N20|c1,syn-explanatory_conceptual-functions-r2,explanatory_conceptual,functions,0,0,15850266999198055000,2026-10-01T05:40:49.069+00:00,completed,epsilon,True,True,True,True,,57.09392,66.17653000284918,64.12037300106022,5,75,0.4862088786957507,1.9637715242826204e-07,164.2310489928057,,text,1-0-1-1-2-1-1-1,0.4862090750729031,True,1,batch,False,pso,20,1,swarm
oe3-ofat-pilot-v2,oe3,swarm|batch|bc1|h0|pso|r1|N20|c1,syn-explanatory_conceptual-functions-r3,explanatory_conceptual,functions,0,0,15409255459732107106,2026-10-01T05:40:49.135+00:00,completed,epsilon,True,True,True,True,,34.451998,44.01600799974403,42.37142400234006,1,54,0.49777727535266225,0.007792650437785986,160.66019398393905,,text,1-0-1-1-2-1-1-1,0.5055699257904482,True,1,batch,False,pso,20,1,swarm
oe3-ofat-pilot-v2,oe3,swarm|batch|bc1|h0|pso|r1|N20|c1,syn-explanatory_conceptual-functions-r4,explanatory_conceptual,functions,0,0,13584105466744503536,2026-10-01T05:40:49.179+00:00,completed,epsilon,True,True,True,True,,40.675834,49.408550999942236,47.902848997182446,2,58,0.4919079769589474,0.007792454060633558,143.75664699488865,,text,1-0-1-0-2-1-1-1,0.49970043101958095,True,1,batch,False,pso,20,1,swarm
oe3-ofat-pilot-v2,oe3,swarm|batch|bc1|h0|pso|r1|N20|c1,syn-balanced_multimodal-sequential-r0,balanced_multimodal,sequential,0,0,12829628287881295465,2026-10-01T05:40:49.228+00:00,completed,epsilon,True,True,True,True,,46.499775,54.878087001270615,53.08720099856146,3,66,0.4836833336687062,0.011181783833729031,175.69132000219258,,diagram,1-0-2-0-2-1-1-1,0.4948651175024352,True,1,batch,False,pso,20,1,swarm
oe3-ofat-pilot-v2,oe3,swarm|batch|bc1|h0|pso|r1|N20|c1,syn-balanced_multimodal-sequential-r1,balanced_multimodal,sequential,0,0,15851898587384579384,2026-10-01T05:40:49.283+00:00,completed,epsilon,True,True,True,True,,51.931889,61.590616998728365,59.885581002163235,3,67,0.45252939363030953,0.0333336769933501,184.36995597667908,,code,2-0-2-2-1-1-1-1,0.48586307062365963,True,1,batch,False,pso,20,1,swarm
oe3-ofat-pilot-v2,oe3,swarm|batch|bc1|h0|pso|r1|N20|c1,syn-balanced_multimodal-sequential-r2,balanced_multimodal,sequential,0,0,9812259528755781404,2026-10-01T05:40:49.345+00:00,completed,epsilon,True,True,True,True,,49.82631,59.32197799847927,57.397134998609545,2,63,0.5195512786534427,1.9637715242826204e-07,180.6401450063118,,code,2-0-1-1-1-1-1-1,0.5195514750305952,True,1,batch,False,pso,20,1,swarm
oe3-ofat-pilot-v2,oe3,swarm|batch|bc1|h0|pso|r1|N20|c1,syn-balanced_multimodal-sequential-r3,balanced_multimodal,sequential,0,0,17396203175820366605,2026-10-01T05:40:49.404+00:00,completed,epsilon,True,True,True,True,,50.318631,59.869161999813514,58.20721700001741,3,64,0.5055952816994697,0.0,188.3592430104103,,text,1-0-1-0-2-1-1-1,0.5055952816994697,True,1,batch,False,pso,20,1,swarm
oe3-ofat-pilot-v2,oe3,swarm|batch|bc1|h0|pso|r1|N20|c1,syn-balanced_multimodal-sequential-r4,balanced_multimodal,sequential,0,0,16072189927809315852,2026-10-01T05:40:49.464+00:00,completed,epsilon,True,True,True,True,,43.88575,49.50077800094732,47.90258799766889,2,63,0.4997105397388589,0.006721039910257187,171.86769197612094,,code,1-2-1-1-1-1-1-1,0.5064315796491161,True,1,batch,False,pso,20,1,swarm
oe3-ofat-pilot-v2,oe3,swarm|batch|bc1|h0|pso|r1|N20|c1,syn-balanced_multimodal-conditional-r0,balanced_multimodal,conditional,0,0,9492171042143771967,2026-10-01T05:40:49.514+00:00,completed,epsilon,True,True,True,True,,49.696933,59.07960500189802,57.19580699951621,3,65,0.4914595496827671,1.963771524837732e-07,159.153034999375,,code,2-1-1-1-1-0-1-1,0.4914597460599196,True,1,batch,False,pso,20,1,swarm
oe3-ofat-pilot-v2,oe3,swarm|batch|bc1|h0|pso|r1|N20|c1,syn-balanced_multimodal-conditional-r1,balanced_multimodal,conditional,0,0,12567349465944861023,2026-10-01T05:40:49.573+00:00,completed,epsilon,True,True,True,True,,32.660645,38.42135200102348,37.03658000085852,1,52,0.4988095313719645,0.0,138.37432900806633,,code,1-1-1-0-1-0-1-1,0.4988095313719645,True,1,batch,False,pso,20,1,swarm
oe3-ofat-pilot-v2,oe3,swarm|batch|bc1|h0|pso|r1|N20|c1,syn-balanced_multimodal-conditional-r2,balanced_multimodal,conditional,0,0,4742918314447581142,2026-10-01T05:40:49.611+00:00,completed,epsilon,True,True,True,True,,44.326841,49.920328998268815,48.35747799734236,2,58,0.4726391815307248,0.026742102142725765,159.67348999606762,,audio,1-1-1-0-1-1-2-1,0.4993812836734506,True,1,batch,False,pso,20,1,swarm
oe3-ofat-pilot-v2,oe3,swarm|batch|bc1|h0|pso|r1|N20|c1,syn-balanced_multimodal-conditional-r3,balanced_multimodal,conditional,0,0,11394639668150330671,2026-10-01T05:40:49.661+00:00,completed,epsilon,True,True,True,True,,38.954888,45.12878400055342,43.52402899894514,2,58,0.47153498074305833,0.0,144.9863489706047,,text,1-1-1-0-2-0-1-1,0.47153498074305833,True,1,batch,False,pso,20,1,swarm
oe3-ofat-pilot-v2,oe3,swarm|batch|bc1|h0|pso|r1|N20|c1,syn-balanced_multimodal-conditional-r4,balanced_multimodal,conditional,0,0,2277667993778051270,2026-10-01T05:40:49.706+00:00,completed,epsilon,True,True,True,True,,43.493445,53.096280000318075,51.49541399805457,2,57,0.4923020237630282,0.004709878390655009,125.17528001524413,,code,2-1-1-1-2-1-2-0,0.4970119021536832,True,1,batch,False,pso,20,1,swarm
oe3-ofat-pilot-v2,oe3,swarm|batch|bc1|h0|pso|r1|N20|c1,syn-balanced_multimodal-repetitive-r0,balanced_multimodal,repetitive,0,0,3839617547738254315,2026-10-01T05:40:49.759+00:00,completed,epsilon,True,True,True,True,,54.237473,60.203435001312755,58.50827799804392,3,63,0.5176107083147575,0.04078803359378946,152.61414199341863,,audio,1-0-1-1-1-1-2-1,0.558398741908547,True,1,batch,False,pso,20,1,swarm
oe3-ofat-pilot-v2,oe3,swarm|batch|bc1|h0|pso|r1|N20|c1,syn-balanced_multimodal-repetitive-r1,balanced_multimodal,repetitive,0,0,2659073220867155690,2026-10-01T05:40:49.820+00:00,completed,epsilon,True,True,True,True,,45.094468,51.448426998831565,49.75106600250001,3,64,0.5300481474536275,0.0,140.597782985449,,code,2-0-2-0-2-1-1-1,0.5300481474536275,True,1,batch,False,pso,20,1,swarm
oe3-ofat-pilot-v2,oe3,swarm|batch|bc1|h0|pso|r1|N20|c1,syn-balanced_multimodal-repetitive-r2,balanced_multimodal,repetitive,0,0,12027688066564710874,2026-10-01T05:40:49.871+00:00,completed,epsilon,True,True,True,True,,36.558792,42.35771500316332,40.87226699994062,1,54,0.4762955756523676,0.03073706958579625,142.82066098413478,,code,1-0-1-0-1-1-1-1,0.5070326452381638,True,1,batch,False,pso,20,1,swarm
oe3-ofat-pilot-v2,oe3,swarm|batch|bc1|h0|pso|r1|N20|c1,syn-balanced_multimodal-repetitive-r3,balanced_multimodal,repetitive,0,0,10665835498416014906,2026-10-01T05:40:49.913+00:00,completed,epsilon,True,True,True,True,,55.350358,61.24574600107735,59.54510800074786,3,64,0.5184859769596322,1.9637715242826204e-07,163.75952698274168,,diagram,1-0-2-1-2-1-1-1,0.5184861733367846,True,1,batch,False,pso,20,1,swarm
oe3-ofat-pilot-v2,oe3,swarm|batch|bc1|h0|pso|r1|N20|c1,syn-balanced_multimodal-repetitive-r4,balanced_multimodal,repetitive,0,0,16842203000296662102,2026-10-01T05:40:49.975+00:00,completed,epsilon,True,True,True,True,,57.315229,68.0757510017429,66.40628699824447,3,63,0.547150848220443,0.008378750322897255,133.6692519914031,,code,2-0-1-0-1-1-2-2,0.5555295985433403,True,1,batch,False,pso,20,1,swarm
oe3-ofat-pilot-v2,oe3,swarm|batch|bc1|h0|pso|r1|N20|c1,syn-balanced_multimodal-arrays_vectors-r0,balanced_multimodal,arrays_vectors,0,0,8202019099685287209,2026-10-01T05:40:50.043+00:00,completed,epsilon,True,True,True,True,,48.074892,53.9173609977297,52.22875599793042,3,66,0.5091651528196616,0.020082558591373534,137.76791002441445,,code,2-1-1-1-2-0-1-1,0.5292477114110351,True,1,batch,False,pso,20,1,swarm
oe3-ofat-pilot-v2,oe3,swarm|batch|bc1|h0|pso|r1|N20|c1,syn-balanced_multimodal-arrays_vectors-r1,balanced_multimodal,arrays_vectors,0,0,1557390382835702406,2026-10-01T05:40:50.097+00:00,completed,epsilon,True,True,True,True,,32.961569,41.01827799968305,39.42369599826634,1,56,0.5096115026932262,0.01001413080874669,152.50693999932506,,code,1-0-1-1-1-1-1-1,0.5196256335019729,True,1,batch,False,pso,20,1,swarm
oe3-ofat-pilot-v2,oe3,swarm|batch|bc1|h0|pso|r1|N20|c1,syn-balanced_multimodal-arrays_vectors-r2,balanced_multimodal,arrays_vectors,0,0,1551228789342824201,2026-10-01T05:40:50.138+00:00,completed,epsilon,True,True,True,True,,63.906005,74.25283100019442,72.26388600247446,5,77,0.5245650312509283,0.02401814083040199,164.64254000514808,,text,1-2-1-0-2-0-1-1,0.5485831720813303,True,1,batch,False,pso,20,1,swarm
oe3-ofat-pilot-v2,oe3,swarm|batch|bc1|h0|pso|r1|N20|c1,syn-balanced_multimodal-arrays_vectors-r3,balanced_multimodal,arrays_vectors,0,0,11908930478528390133,2026-10-01T05:40:50.212+00:00,completed,epsilon,True,True,True,True,,45.125598,53.19673299891292,51.47393700099201,2,62,0.5326887851156756,0.019041613531884827,162.9973729959425,,code,1-0-1-1-1-0-1-1,0.5517303986475605,True,1,batch,False,pso,20,1,swarm
oe3-ofat-pilot-v2,oe3,swarm|batch|bc1|h0|pso|r1|N20|c1,syn-balanced_multimodal-arrays_vectors-r4,balanced_multimodal,arrays_vectors,0,0,7080146454937735062,2026-10-01T05:40:50.265+00:00,completed,epsilon,True,True,True,True,,30.351781,37.77703599917004,36.315762998128776,1,53,0.5231764212501887,0.0034158919247068154,132.92751900868967,,code,2-1-1-1-1-0-1-1,0.5265923131748955,True,1,batch,False,pso,20,1,swarm
oe3-ofat-pilot-v2,oe3,swarm|batch|bc1|h0|pso|r1|N20|c1,syn-balanced_multimodal-functions-r0,balanced_multimodal,functions,0,0,2933908082685948832,2026-10-01T05:40:50.303+00:00,completed,epsilon,True,True,True,True,,39.29699,49.890631999005564,48.27518800084363,1,56,0.5031058274151807,0.027875159934871552,155.00839898627092,,code,2-1-2-2-1-1-1-1,0.5309809873500523,True,1,batch,False,pso,20,1,swarm
oe3-ofat-pilot-v2,oe3,swarm|batch|bc1|h0|pso|r1|N20|c1,syn-balanced_multimodal-functions-r1,balanced_multimodal,functions,0,0,368220290834284782,2026-10-01T05:40:50.353+00:00,completed,epsilon,True,True,True,True,,55.068214,65.19026100068004,63.17239000054542,2,60,0.4668529098267092,0.045002094519580094,180.08735600613556,,code,2-2-1-0-1-1-1-1,0.5118550043462893,True,1,batch,False,pso,20,1,swarm
oe3-ofat-pilot-v2,oe3,swarm|batch|bc1|h0|pso|r1|N20|c1,syn-balanced_multimodal-functions-r2,balanced_multimodal,functions,0,0,8673480799685267205,2026-10-01T05:40:50.418+00:00,completed,epsilon,True,True,True,True,,47.618396,59.534464999160264,57.76768999930937,2,63,0.4843585870433459,0.03382893800168063,241.59809698757613,,code,1-0-1-2-1-1-1-1,0.5181875250450265,True,1,batch,False,pso,20,1,swarm
oe3-ofat-pilot-v2,oe3,swarm|batch|bc1|h0|pso|r1|N20|c1,syn-balanced_multimodal-functions-r3,balanced_multimodal,functions,0,0,18228905326412579013,2026-10-01T05:40:50.478+00:00,completed,epsilon,True,True,True,True,,45.344517,52.86182499912684,51.0453780007083,3,67,0.5043786139736476,0.01303416024376558,167.4589059790164,,code,2-0-2-0-2-0-1-1,0.5174127742174132,True,1,batch,False,pso,20,1,swarm
oe3-ofat-pilot-v2,oe3,swarm|batch|bc1|h0|pso|r1|N20|c1,syn-balanced_multimodal-functions-r4,balanced_multimodal,functions,0,0,4683180797726806680,2026-10-01T05:40:50.530+00:00,completed,epsilon,True,True,True,True,,45.427682,53.645542000595015,51.95718300092267,2,63,0.5037096701669489,1.9637715242826204e-07,140.84738301564443,,diagram,1-0-2-1-1-0-1-1,0.5037098665441013,True,1,batch,False,pso,20,1,swarm
oe3-ofat-pilot-v2,oe3,swarm|batch|bc1|h0|pso|r1|N20|c1,syn-visual_dominant-sequential-r0,visual_dominant,sequential,1,0,3334967381364256590,2026-10-01T05:40:50.584+00:00,completed,epsilon,True,True,True,True,,33.694057,41.800104998401366,40.32846500194864,1,52,0.40913920423512806,0.06666686304381908,135.2023010098229,,code,1-0-1-1-1-1-0-1,0.47580606727894714,True,1,batch,False,pso,20,1,swarm
oe3-ofat-pilot-v2,oe3,swarm|batch|bc1|h0|pso|r1|N20|c1,syn-visual_dominant-sequential-r1,visual_dominant,sequential,1,0,14463353593492607384,2026-10-01T05:40:50.626+00:00,completed,epsilon,True,True,True,True,,43.682083,52.677394000056665,50.93995299830567,2,60,0.4415661153732085,0.02730147546344802,152.94389600868325,,diagram,1-1-2-1-1-1-1-1,0.4688675908366565,True,1,batch,False,pso,20,1,swarm
oe3-ofat-pilot-v2,oe3,swarm|batch|bc1|h0|pso|r1|N20|c1,syn-visual_dominant-sequential-r2,visual_dominant,sequential,1,0,1449473017236341336,2026-10-01T05:40:50.679+00:00,completed,epsilon,True,True,True,True,,43.106898,53.954679002345074,52.15613600012148,2,62,0.4281272598768934,0.040368824912245804,184.3898330107504,,diagram,0-2-1-2-0-1-0-1,0.4684960847891392,True,1,batch,False,pso,20,1,swarm
oe3-ofat-pilot-v2,oe3,swarm|batch|bc1|h0|pso|r1|N20|c1,syn-visual_dominant-sequential-r3,visual_dominant,sequential,1,0,11784465089289360140,2026-10-01T05:40:50.733+00:00,completed,epsilon,True,True,True,True,,51.250878,57.95933999979752,56.1337379986071,3,69,0.4968930391220401,0.0,204.74996398965084,,diagram,1-0-2-0-0-1-1-1,0.4968930391220401,True,1,batch,False,pso,20,1,swarm
oe3-ofat-pilot-v2,oe3,swarm|batch|bc1|h0|pso|r1|N20|c1,syn-visual_dominant-sequential-r4,visual_dominant,sequential,1,0,9843101576308061791,2026-10-01T05:40:50.791+00:00,completed,epsilon,True,True,True,True,,41.677199,47.65970199878211,46.09715000333381,2,57,0.4472699115849692,0.006721039910257187,142.33625099881053,,diagram,1-2-2-1-1-1-0-1,0.4539909514952264,True,1,batch,False,pso,20,1,swarm
oe3-ofat-pilot-v2,oe3,swarm|batch|bc1|h0|pso|r1|N20|c1,syn-visual_dominant-conditional-r0,visual_dominant,conditional,1,0,399204953024597195,2026-10-01T05:40:50.838+00:00,completed,epsilon,True,True,True,True,,32.819176,38.76576500260853,37.13535100177978,1,56,0.3636817439101795,0.11248953156389585,156.94293399716975,,diagram,0-0-1-1-0-1-0-1,0.47617127547407534,True,1,batch,False,pso,20,1,swarm
oe3-ofat-pilot-v2,oe3,swarm|batch|bc1|h0|pso|r1|N20|c1,syn-visual_dominant-conditional-r1,visual_dominant,conditional,1,0,7224635709434446062,2026-10-01T05:40:50.877+00:00,completed,epsilon,True,True,True,True,,44.523105,50.752900999214035,48.9855970008648,2,63,0.407752680944473,0.029379067214199306,175.20349899992942,,diagram,1-1-2-1-1-0-1-1,0.4371317481586723,True,1,batch,False,pso,20,1,swarm
oe3-ofat-pilot-v2,oe3,swarm|batch|bc1|h0|pso|r1|N20|c1,syn-visual_dominant-conditional-r2,visual_dominant,conditional,1,0,12837783749454387842,2026-10-01T05:40:50.928+00:00,completed,epsilon,True,True,True,True,,51.240229,60.437623997131595,58.683385999756865,3,65,0.4757631054163088,3.436600168327253e-07,147.35103699968158,,code,2-1-2-2-1-0-1-1,0.4757634490763256,True,1,batch,False,pso,20,1,swarm
oe3-ofat-pilot-v2,oe3,swarm|batch|bc1|h0|pso|r1|N20|c1,syn-visual_dominant-conditional-r3,visual_dominant,conditional,1,0,1552749880042890602,2026-10-01T05:40:50.988+00:00,completed,epsilon,True,True,True,True,,55.716049,61.99614200158976,59.9922309993417,3,67,0.45375705702974706,0.0036548666861676016,158.71198800453806,,diagram,1-1-2-2-0-1-1-1,0.45741192371591466,True,1,batch,False,pso,20,1,swarm
oe3-ofat-pilot-v2,oe3,swarm|batch|bc1|h0|pso|r1|N20|c1,syn-visual_dominant-conditional-r4,visual_dominant,conditional,1,0,6016564164395138588,2026-10-01T05:40:51.050+00:00,completed,epsilon,True,True,True,True,,40.352452,50.30640599943581,48.5516219996498,2,62,0.4324855406325975,0.01617140076068324,147.112538990567,,diagram,1-1-2-1-1-1-0-2,0.4486569413932807,True,1,batch,False,pso,20,1,swarm
oe3-ofat-pilot-v2,oe3,swarm|batch|bc1|h0|pso|r1|N20|c1,syn-visual_dominant-repetitive-r0,visual_dominant,repetitive,1,0,388248794542993201,2026-10-01T05:40:51.101+00:00,completed,epsilon,True,True,True,True,,44.147118,50.2595130019472,48.6821200029226,2,60,0.4800084632270202,0.010055796638313352,138.19738201271485,,diagram,1-0-2-0-1-1-1-1,0.49006425986533353,True,1,batch,False,pso,20,1,swarm
oe3-ofat-pilot-v2,oe3,swarm|batch|bc1|h0|pso|r1|N20|c1,syn-visual_dominant-repetitive-r1,visual_dominant,repetitive,1,0,6429826071426475855,2026-10-01T05:40:51.151+00:00,completed,epsilon,True,True,True,True,,44.625045,52.519915996526834,50.96010100169224,2,58,0.45873723794555843,0.03267385162156622,140.89049600793413,,diagram,1-1-2-0-1-1-1-1,0.49141108956712465,True,1,batch,False,pso,20,1,swarm
oe3-ofat-pilot-v2,oe3,swarm|batch|bc1|h0|pso|r1|N20|c1,syn-visual_dominant-repetitive-r2,visual_dominant,repetitive,1,0,681915851494163713,2026-10-01T05:40:51.203+00:00,completed,epsilon,True,True,True,True,,37.40337,46.74892199909664,45.22877899944433,1,56,0.43465457964176,0.08279663055146558,153.16589699657942,,code,2-0-1-0-1-1-1-2,0.5174512101932256,True,1,batch,False,pso,20,1,swarm
oe3-ofat-pilot-v2,oe3,swarm|batch|bc1|h0|pso|r1|N20|c1,syn-visual_dominant-repetitive-r3,visual_dominant,repetitive,1,0,9442719100814584237,2026-10-01T05:40:51.250+00:00,completed,epsilon,True,True,True,True,,44.940253,50.722905001748586,49.18901800192543,2,55,0.5053301087599773,0.0,141.90807999008254,,diagram,1-0-2-0-0-1-0-1,0.5053301087599773,True,1,batch,False,pso,20,1,swarm
oe3-ofat-pilot-v2,oe3,swarm|batch|bc1|h0|pso|r1|N20|c1,syn-visual_dominant-repetitive-r4,visual_dominant,repetitive,1,0,13949056110443868569,2026-10-01T05:40:51.301+00:00,completed,epsilon,True,True,True,True,,42.002199,51.40484699950321,49.693073000526056,2,58,0.3886224542736617,0.07898505109903209,140.89612299742586,,diagram,1-0-2-0-1-1-1-2,0.4676075053726938,True,1,batch,False,pso,20,1,swarm
oe3-ofat-pilot-v2,oe3,swarm|batch|bc1|h0|pso|r1|N20|c1,syn-visual_dominant-arrays_vectors-r0,visual_dominant,arrays_vectors,1,0,2917865247295538106,2026-10-01T05:40:51.352+00:00,completed,epsilon,True,True,True,True,,42.003423,50.38570099713979,48.63025400118204,2,63,0.45015590759433854,0.03877886858920376,207.25328299276686,,diagram,1-1-2-0-1-0-1-1,0.4889347761835423,True,1,batch,False,pso,20,1,swarm
oe3-ofat-pilot-v2,oe3,swarm|batch|bc1|h0|pso|r1|N20|c1,syn-visual_dominant-arrays_vectors-r1,visual_dominant,arrays_vectors,1,0,5722646615589724131,2026-10-01T05:40:51.403+00:00,completed,epsilon,True,True,True,True,,35.81425,43.943584998487495,42.45423799875425,1,53,0.448934361287075,0.004258245401240313,154.72830899265992,,diagram,1-0-2-1-1-0-1-0,0.4531926066883153,True,1,batch,False,pso,20,1,swarm
oe3-ofat-pilot-v2,oe3,swarm|batch|bc1|h0|pso|r1|N20|c1,syn-visual_dominant-arrays_vectors-r2,visual_dominant,arrays_vectors,1,0,7131356553039093964,2026-10-01T05:40:51.447+00:00,completed,epsilon,True,True,True,True,,43.825047,52.58565399708459,51.057869000942446,3,59,0.5140420274407931,0.007792454060633558,138.00569900104853,,diagram,1-0-2-0-1-1-1-1,0.5218344815014266,True,1,batch,False,pso,20,1,swarm
oe3-ofat-pilot-v2,oe3,swarm|batch|bc1|h0|pso|r1|N20|c1,syn-visual_dominant-arrays_vectors-r3,visual_dominant,arrays_vectors,1,0,9708572912594749697,2026-10-01T05:40:51.499+00:00,completed,epsilon,True,True,True,True,,38.034155,46.31195299953106,44.784764999349136,1,57,0.5179109459939615,0.01002641009046179,165.91335100141242,,diagram,0-1-2-1-1-0-0-0,0.5279373560844233,True,1,batch,False,pso,20,1,swarm
oe3-ofat-pilot-v2,oe3,swarm|batch|bc1|h0|pso|r1|N20|c1,syn-visual_dominant-arrays_vectors-r4,visual_dominant,arrays_vectors,1,0,8051371913516571402,2026-10-01T05:40:51.546+00:00,completed,epsilon,True,True,True,True,,46.998546,54.35272199974861,52.667178999399766,3,66,0.4795184513403453,0.018062741797037485,137.92800199770696,,code,2-0-2-1-1-0-0-1,0.4975811931373828,True,1,batch,False,pso,20,1,swarm
oe3-ofat-pilot-v2,oe3,swarm|batch|bc1|h0|pso|r1|N20|c1,syn-visual_dominant-functions-r0,visual_dominant,functions,1,0,16135236781280778921,2026-10-01T05:40:51.600+00:00,completed,epsilon,True,True,True,True,,47.444904,53.52896299882559,51.756003998889355,3,66,0.4977883221132837,0.0,194.17006900517953,,diagram,1-0-2-0-1-1-0-1,0.4977883221132837,True,1,batch,False,pso,20,1,swarm
oe3-ofat-pilot-v2,oe3,swarm|batch|bc1|h0|pso|r1|N20|c1,syn-visual_dominant-functions-r1,visual_dominant,functions,1,0,11881822526199768276,2026-10-01T05:40:51.653+00:00,completed,epsilon,True,True,True,True,,43.472205,51.56619799890905,50.040080001053866,3,63,0.4941059114193369,0.007792454060633558,160.03425500402133,,code,2-0-2-0-1-1-0-1,0.5018983654799705,True,1,batch,False,pso,20,1,swarm
oe3-ofat-pilot-v2,oe3,swarm|batch|bc1|h0|pso|r1|N20|c1,syn-visual_dominant-functions-r2,visual_dominant,functions,1,0,8281290246287181489,2026-10-01T05:40:51.705+00:00,completed,epsilon,True,True,True,True,,58.389353,64.33482400098,62.47667900242959,4,71,0.471376010746655,1.9637715242826204e-07,139.76138599500683,,diagram,1-0-2-1-1-0-1-1,0.47137620712380746,True,1,batch,False,pso,20,1,swarm
oe3-ofat-pilot-v2,oe3,swarm|batch|bc1|h0|pso|r1|N20|c1,syn-visual_dominant-functions-r3,visual_dominant,functions,1,0,11110122146323643609,2026-10-01T05:40:51.769+00:00,completed,epsilon,True,True,True,True,,50.896443,60.09217500104569,58.414885999809485,3,64,0.46752807932785406,0.012907029719290863,155.21267800047121,,diagram,1-2-2-0-0-0-1-1,0.4804351090471449,True,1,batch,False,pso,20,1,swarm
oe3-ofat-pilot-v2,oe3,swarm|batch|bc1|h0|pso|r1|N20|c1,syn-visual_dominant-functions-r4,visual_dominant,functions,1,0,3086301632103932787,2026-10-01T05:40:51.830+00:00,completed,epsilon,True,True,True,True,,40.973667,47.27754999839817,45.78834299900336,2,55,0.45597809421353885,0.04665034843222937,128.5458739963904,,diagram,1-2-2-1-1-1-1-1,0.5026284426457682,True,1,batch,False,pso,20,1,swarm
oe3-ofat-pilot-v2,oe3,swarm|batch|bc1|h0|pso|r1|N20|c1,syn-logical_syntactic-sequential-r0,logical_syntactic,sequential,1,0,7251352304488983451,2026-10-01T05:40:51.877+00:00,completed,epsilon,True,True,True,True,,43.617547,55.80328699943493,54.094336002890486,1,59,0.4398069896356305,0.056410392708053037,185.5228810149939,,code,2-2-1-2-0-1-0-2,0.4962173823436835,True,1,batch,False,pso,20,1,swarm
oe3-ofat-pilot-v2,oe3,swarm|batch|bc1|h0|pso|r1|N20|c1,syn-logical_syntactic-sequential-r1,logical_syntactic,sequential,1,0,12053108598153308178,2026-10-01T05:40:51.933+00:00,completed,epsilon,True,True,True,True,,33.414799,41.87132800143445,40.516627002944006,1,50,0.42904403506131245,0.05350232675730876,136.32210299156674,,code,2-1-1-1-0-1-1-1,0.4825463618186212,True,1,batch,False,pso,20,1,swarm
oe3-ofat-pilot-v2,oe3,swarm|batch|bc1|h0|pso|r1|N20|c1,syn-logical_syntactic-sequential-r2,logical_syntactic,sequential,1,0,16364623137167520195,2026-10-01T05:40:51.974+00:00,completed,epsilon,True,True,True,True,,57.680509,64.30339199869195,62.345995000214316,4,73,0.4800694048697838,0.028594467963332315,157.55274098559065,,code,2-0-1-0-0-1-1-1,0.5086638728331161,True,1,batch,False,pso,20,1,swarm
oe3-ofat-pilot-v2,oe3,swarm|batch|bc1|h0|pso|r1|N20|c1,syn-logical_syntactic-sequential-r3,logical_syntactic,sequential,1,0,14054898920044902309,2026-10-01T05:40:52.039+00:00,completed,epsilon,True,True,True,True,,48.365014,60.24286200045026,58.430760000192095,2,65,0.4441736962766459,0.03036689053451319,172.76703098890337,,code,2-2-1-0-0-1-1-0,0.47454058681115907,True,1,batch,False,pso,20,1,swarm
oe3-ofat-pilot-v2,oe3,swarm|batch|bc1|h0|pso|r1|N20|c1,syn-logical_syntactic-sequential-r4,logical_syntactic,sequential,1,0,13156865779355580401,2026-10-01T05:40:52.099+00:00,completed,epsilon,True,True,True,True,,38.382303,47.40699799731374,45.8111789994291,1,58,0.4768785814363051,0.019509201575559354,165.41567099870358,,code,2-0-1-1-1-1-1-1,0.4963877830118645,True,1,batch,False,pso,20,1,swarm
oe3-ofat-pilot-v2,oe3,swarm|batch|bc1|h0|pso|r1|N20|c1,syn-logical_syntactic-conditional-r0,logical_syntactic,conditional,1,0,11414306351426817161,2026-10-01T05:40:52.146+00:00,completed,epsilon,True,True,True,True,,71.715523,80.43632000044454,78.45843799805152,5,77,0.45886715360111385,0.0,213.5570639912509,,code,2-1-1-0-0-0-0-1,0.45886715360111385,True,1,batch,False,pso,20,1,swarm
oe3-ofat-pilot-v2,oe3,swarm|batch|bc1|h0|pso|r1|N20|c1,syn-logical_syntactic-conditional-r1,logical_syntactic,conditional,1,0,7856604676471064028,2026-10-01T05:40:52.227+00:00,completed,epsilon,True,True,True,True,,55.736042,65.09923699923092,63.34042199887335,4,68,0.4440321039074854,0.007792454060633558,179.60046199990447,,code,2-1-1-0-0-1-0-1,0.45182455796811893,True,1,batch,False,pso,20,1,swarm
oe3-ofat-pilot-v2,oe3,swarm|batch|bc1|h0|pso|r1|N20|c1,syn-logical_syntactic-conditional-r2,logical_syntactic,conditional,1,0,3752771868888662993,2026-10-01T05:40:52.292+00:00,completed,epsilon,True,True,True,True,,46.133062,51.83930800194503,50.273639000806725,1,58,0.46205168772728705,0.004709878390655009,172.09334701028334,,code,2-1-1-1-0-1-1-0,0.46676156611794206,True,1,batch,False,pso,20,1,swarm
oe3-ofat-pilot-v2,oe3,swarm|batch|bc1|h0|pso|r1|N20|c1,syn-logical_syntactic-conditional-r3,logical_syntactic,conditional,1,0,2424363617272683664,2026-10-01T05:40:52.344+00:00,completed,epsilon,True,True,True,True,,31.660738,37.59262599851354,36.16717099794187,1,51,0.46926591844681625,1.963771524837732e-07,135.70662299370346,,code,2-1-1-1-0-0-0-1,0.46926611482396874,True,1,batch,False,pso,20,1,swarm
oe3-ofat-pilot-v2,oe3,swarm|batch|bc1|h0|pso|r1|N20|c1,syn-logical_syntactic-conditional-r4,logical_syntactic,conditional,1,0,10671629074959594599,2026-10-01T05:40:52.381+00:00,completed,epsilon,True,True,True,True,,41.263315,47.37467399900197,45.74927400244633,2,56,0.48393442642368495,0.0036548666861676016,124.68967100791063,,code,2-1-1-2-1-1-1-1,0.48758929310985255,True,1,batch,False,pso,20,1,swarm
oe3-ofat-pilot-v2,oe3,swarm|batch|bc1|h0|pso|r1|N20|c1,syn-logical_syntactic-repetitive-r0,logical_syntactic,repetitive,1,0,15966723904431689505,2026-10-01T05:40:52.429+00:00,completed,epsilon,True,True,True,True,,38.452642,49.47244200229761,47.85459900085698,1,55,0.43611378045809934,0.03465652750641102,146.51487898811368,,code,2-0-1-0-1-2-1-1,0.47077030796451036,True,1,batch,False,pso,20,1,swarm
oe3-ofat-pilot-v2,oe3,swarm|batch|bc1|h0|pso|r1|N20|c1,syn-logical_syntactic-repetitive-r1,logical_syntactic,repetitive,1,0,3470008616984474820,2026-10-01T05:40:52.478+00:00,completed,epsilon,True,True,True,True,,42.395227,51.81516200173064,50.10445899824845,2,63,0.4875749285414261,0.0010553553645042402,174.20041600024086,,code,2-0-1-1-0-1-0-0,0.48863028390593033,True,1,batch,False,pso,20,1,swarm
oe3-ofat-pilot-v2,oe3,swarm|batch|bc1|h0|pso|r1|N20|c1,syn-logical_syntactic-repetitive-r2,logical_syntactic,repetitive,1,0,11319749022719662673,2026-10-01T05:40:52.530+00:00,completed,epsilon,True,True,True,True,,49.549156,55.57099300131085,53.87960100051714,2,62,0.5086891851103017,1.9637715242826204e-07,169.5191180080763,,code,2-0-1-1-1-1-1-1,0.5086893814874541,True,1,batch,False,pso,20,1,swarm
oe3-ofat-pilot-v2,oe3,swarm|batch|bc1|h0|pso|r1|N20|c1,syn-logical_syntactic-repetitive-r3,logical_syntactic,repetitive,1,0,4643417038172318447,2026-10-01T05:40:52.586+00:00,completed,epsilon,True,True,True,True,,40.914744,49.389175001124386,47.870012997009326,2,57,0.46208559002085686,0.02008255859137359,126.51162100816862,,code,2-1-1-1-1-1-0-1,0.48216814861223045,True,1,batch,False,pso,20,1,swarm
oe3-ofat-pilot-v2,oe3,swarm|batch|bc1|h0|pso|r1|N20|c1,syn-logical_syntactic-repetitive-r4,logical_syntactic,repetitive,1,0,15250258441158635833,2026-10-01T05:40:52.635+00:00,completed,epsilon,True,True,True,True,,48.432772,54.50176799786277,52.71488099970156,3,67,0.40759186975114825,0.03680668868504511,171.86791799599277,,code,1-0-0-0-0-1-0-1,0.44439855843619336,True,1,batch,False,pso,20,1,swarm
oe3-ofat-pilot-v2,oe3,swarm|batch|bc1|h0|pso|r1|N20|c1,syn-logical_syntactic-arrays_vectors-r0,logical_syntactic,arrays_vectors,1,0,794293079882404652,2026-10-01T05:40:52.690+00:00,completed,epsilon,True,True,True,True,,30.776203,40.195331999711925,38.72339100053068,1,51,0.497908345466907,0.007792650437785986,131.59435800415886,,code,2-0-1-1-0-1-1-1,0.505700995904693,True,1,batch,False,pso,20,1,swarm
oe3-ofat-pilot-v2,oe3,swarm|batch|bc1|h0|pso|r1|N20|c1,syn-logical_syntactic-arrays_vectors-r1,logical_syntactic,arrays_vectors,1,0,13279616171390739924,2026-10-01T05:40:52.730+00:00,completed,epsilon,True,True,True,True,,45.027417,54.13066899927799,52.323374999105,2,65,0.4757671330450522,0.008277596466813641,166.40125999055172,,code,2-2-1-1-1-0-1-1,0.48404472951186583,True,1,batch,False,pso,20,1,swarm
oe3-ofat-pilot-v2,oe3,swarm|batch|bc1|h0|pso|r1|N20|c1,syn-logical_syntactic-arrays_vectors-r2,logical_syntactic,arrays_vectors,1,0,9505461881805374079,2026-10-01T05:40:52.784+00:00,completed,epsilon,True,True,True,True,,45.088098,53.66777900053421,51.92469000030542,2,62,0.4535912930459657,0.06511441728255551,156.7064610095638,,code,2-1-1-0-1-1-0-1,0.5187057103285212,True,1,batch,False,pso,20,1,swarm
oe3-ofat-pilot-v2,oe3,swarm|batch|bc1|h0|pso|r1|N20|c1,syn-logical_syntactic-arrays_vectors-r3,logical_syntactic,arrays_vectors,1,0,8401228647824766960,2026-10-01T05:40:52.838+00:00,completed,epsilon,True,True,True,True,,58.853785,67.16632700045011,65.2222829994571,4,73,0.5189384239353916,0.008971251103110034,195.8431970230927,,code,2-1-1-1-1-0-1-1,0.5279096750385016,True,1,batch,False,pso,20,1,swarm
oe3-ofat-pilot-v2,oe3,swarm|batch|bc1|h0|pso|r1|N20|c1,syn-logical_syntactic-arrays_vectors-r4,logical_syntactic,arrays_vectors,1,0,18034434371952724805,2026-10-01T05:40:52.905+00:00,completed,epsilon,True,True,True,True,,46.898537,54.834725000546314,53.18290599825559,2,62,0.459295051197806,0.007792454060633558,188.59043800498074,,code,2-0-1-0-0-1-1-1,0.46708750525843956,True,1,batch,False,pso,20,1,swarm
oe3-ofat-pilot-v2,oe3,swarm|batch|bc1|h0|pso|r1|N20|c1,syn-logical_syntactic-functions-r0,logical_syntactic,functions,1,0,356074301951452711,2026-10-01T05:40:52.960+00:00,completed,epsilon,True,True,True,True,,57.60602,66.95390399909229,65.16072600061307,4,70,0.5048237289135887,0.010751163366487737,169.06486899793808,,code,2-2-1-0-1-1-0-1,0.5155748922800765,True,1,batch,False,pso,20,1,swarm
oe3-ofat-pilot-v2,oe3,swarm|batch|bc1|h0|pso|r1|N20|c1,syn-logical_syntactic-functions-r1,logical_syntactic,functions,1,0,18385489952471934676,2026-10-01T05:40:53.027+00:00,completed,epsilon,True,True,True,True,,46.884199,52.955412000301294,51.36683499949868,4,65,0.4952348885551682,1.9637715242826204e-07,149.63330499409128,,code,2-0-1-1-1-0-0-1,0.4952350849323206,True,1,batch,False,pso,20,1,swarm
oe3-ofat-pilot-v2,oe3,swarm|batch|bc1|h0|pso|r1|N20|c1,syn-logical_syntactic-functions-r2,logical_syntactic,functions,1,0,6055816422684010007,2026-10-01T05:40:53.080+00:00,completed,epsilon,True,True,True,True,,41.216005,50.25044699868886,48.554240998782916,2,55,0.4703325876629604,0.027874816274854664,124.41451098378384,,code,2-1-0-0-1-1-1-1,0.49820740393781504,True,1,batch,False,pso,20,1,swarm
oe3-ofat-pilot-v2,oe3,swarm|batch|bc1|h0|pso|r1|N20|c1,syn-logical_syntactic-functions-r3,logical_syntactic,functions,1,0,12612345210513099450,2026-10-01T05:40:53.130+00:00,completed,epsilon,True,True,True,True,,41.69427,47.80693900102051,46.23801200068556,2,62,0.46009351479064076,0.02626661789695728,182.82819300563605,,code,2-0-1-1-1-1-1-1,0.48636013268759803,True,1,batch,False,pso,20,1,swarm
oe3-ofat-pilot-v2,oe3,swarm|batch|bc1|h0|pso|r1|N20|c1,syn-logical_syntactic-functions-r4,logical_syntactic,functions,1,0,10415694527128160469,2026-10-01T05:40:53.178+00:00,completed,epsilon,True,True,True,True,,36.494274,46.09137099760119,44.600515997444745,1,51,0.40713748248632187,0.048913639728908276,141.15468299414096,,code,2-2-1-1-1-1-1-1,0.45605112221523014,True,1,batch,False,pso,20,1,swarm
oe3-ofat-pilot-v2,oe3,swarm|batch|bc1|h0|pso|r1|N20|c1,syn-explanatory_conceptual-sequential-r0,explanatory_conceptual,sequential,1,0,5940893258720170927,2026-10-01T05:40:53.224+00:00,completed,epsilon,True,True,True,True,,39.326495,47.761671001353534,46.14499300078023,1,58,0.4193516078456325,0.04810403721289147,154.23155398902702,,text,0-0-1-2-2-0-1-1,0.467455645058524,True,1,batch,False,pso,20,1,swarm
oe3-ofat-pilot-v2,oe3,swarm|batch|bc1|h0|pso|r1|N20|c1,syn-explanatory_conceptual-sequential-r1,explanatory_conceptual,sequential,1,0,17003596441327521031,2026-10-01T05:40:53.272+00:00,completed,epsilon,True,True,True,True,,55.556455,64.63139100014814,62.766455001110444,3,67,0.4594196560072735,0.0,201.38023600030863,,text,0-0-0-0-2-1-0-1,0.4594196560072735,True,1,batch,False,pso,20,1,swarm
oe3-ofat-pilot-v2,oe3,swarm|batch|bc1|h0|pso|r1|N20|c1,syn-explanatory_conceptual-sequential-r2,explanatory_conceptual,sequential,1,0,18052668489611125550,2026-10-01T05:40:53.336+00:00,completed,epsilon,True,True,True,True,,44.912396,53.527796000707895,51.87882099926355,2,63,0.4347991136547246,0.027875012652007147,171.3401640164928,,text,1-1-1-1-2-1-1-1,0.46267412630673177,True,1,batch,False,pso,20,1,swarm
oe3-ofat-pilot-v2,oe3,swarm|batch|bc1|h0|pso|r1|N20|c1,syn-explanatory_conceptual-sequential-r3,explanatory_conceptual,sequential,1,0,6496118862096545493,2026-10-01T05:40:53.390+00:00,completed,epsilon,True,True,True,True,,44.85773,53.33584900290589,51.77235899827792,2,57,0.44582930063903703,0.003147466336683613,161.43276499733028,,text,1-2-1-1-2-1-1-1,0.44897676697572064,True,1,batch,False,pso,20,1,swarm
oe3-ofat-pilot-v2,oe3,swarm|batch|bc1|h0|pso|r1|N20|c1,syn-explanatory_conceptual-sequential-r4,explanatory_conceptual,sequential,1,0,1500050021784736840,2026-10-01T05:40:53.443+00:00,completed,epsilon,True,True,True,True,,48.711224,57.55438200139906,55.73559299955377,2,63,0.45722945344337185,0.009273546497608254,155.0687459994848,,text,1-1-1-0-2-1-1-1,0.4665029999409801,True,1,batch,False,pso,20,1,swarm
oe3-ofat-pilot-v2,oe3,swarm|batch|bc1|h0|pso|r1|N20|c1,syn-explanatory_conceptual-conditional-r0,explanatory_conceptual,conditional,1,0,16561957339801224966,2026-10-01T05:40:53.501+00:00,completed,epsilon,True,True,True,True,,40.934248,46.74040099780541,45.29020599875366,2,57,0.4877375139863285,0.007792454060633558,135.19021601085723,,code,2-1-1-0-2-1-1-1,0.49552996804696203,True,1,batch,False,pso,20,1,swarm
oe3-ofat-pilot-v2,oe3,swarm|batch|bc1|h0|pso|r1|N20|c1,syn-explanatory_conceptual-conditional-r1,explanatory_conceptual,conditional,1,0,3094637029774210609,2026-10-01T05:40:53.547+00:00,completed,epsilon,True,True,True,True,,41.998539,48.10483900291729,46.605767998698866,2,58,0.47067470808060424,0.008189130254890153,141.88035599120235,,text,1-1-0-1-2-1-1-1,0.4788638383354944,True,1,batch,False,pso,20,1,swarm
oe3-ofat-pilot-v2,oe3,swarm|batch|bc1|h0|pso|r1|N20|c1,syn-explanatory_conceptual-conditional-r2,explanatory_conceptual,conditional,1,0,3804476585378584912,2026-10-01T05:40:53.596+00:00,completed,epsilon,True,True,True,True,,43.045223,49.140875999000855,47.43350900025689,2,63,0.47156108062648755,0.018743649463256185,177.48156499235463,,diagram,1-1-2-1-1-0-1-1,0.49030473008974373,True,1,batch,False,pso,20,1,swarm
oe3-ofat-pilot-v2,oe3,swarm|batch|bc1|h0|pso|r1|N20|c1,syn-explanatory_conceptual-conditional-r3,explanatory_conceptual,conditional,1,0,17655201975640420228,2026-10-01T05:40:53.645+00:00,completed,epsilon,True,True,True,True,,43.359904,49.45631000009598,47.91340199881233,2,59,0.4346182283477961,1.963771524837732e-07,161.57463799633146,,text,1-1-0-1-2-0-0-1,0.4346184247249486,True,1,batch,False,pso,20,1,swarm
oe3-ofat-pilot-v2,oe3,swarm|batch|bc1|h0|pso|r1|N20|c1,syn-explanatory_conceptual-conditional-r4,explanatory_conceptual,conditional,1,0,12297342674909518057,2026-10-01T05:40:53.694+00:00,completed,epsilon,True,True,True,True,,46.742396,58.04160200204933,56.30234099953668,2,62,0.43714016499501035,0.02799593617279056,196.34457700183734,,text,1-1-1-1-2-2-0-1,0.4651361011678009,True,1,batch,False,pso,20,1,swarm
oe3-ofat-pilot-v2,oe3,swarm|batch|bc1|h0|pso|r1|N20|c1,syn-explanatory_conceptual-repetitive-r0,explanatory_conceptual,repetitive,1,0,6786978368093374640,2026-10-01T05:40:53.752+00:00,completed,epsilon,True,True,True,True,,49.443248,58.288121999794384,56.45980200279155,2,65,0.4661812521376081,0.0,200.93550999159987,,text,1-0-1-0-2-1-0-1,0.4661812521376081,True,1,batch,False,pso,20,1,swarm
oe3-ofat-pilot-v2,oe3,swarm|batch|bc1|h0|pso|r1|N20|c1,syn-explanatory_conceptual-repetitive-r1,explanatory_conceptual,repetitive,1,0,5950440212697171806,2026-10-01T05:40:53.811+00:00,completed,epsilon,True,True,True,True,,48.057325,53.882780001003994,52.33582399887382,2,61,0.5255407002055713,1.9637715242826204e-07,142.0192400110749,,text,1-0-1-1-2-1-1-1,0.5255408965827237,True,1,batch,False,pso,20,1,swarm
oe3-ofat-pilot-v2,oe3,swarm|batch|bc1|h0|pso|r1|N20|c1,syn-explanatory_conceptual-repetitive-r2,explanatory_conceptual,repetitive,1,0,6222910758705333057,2026-10-01T05:40:53.864+00:00,completed,epsilon,True,True,True,True,,48.444306,59.31489500289899,57.54889899981208,3,60,0.4833397203605153,0.009340881998341932,144.8015520050553,,code,2-0-1-0-2-2-1-0,0.49268060235885724,True,1,batch,False,pso,20,1,swarm
oe3-ofat-pilot-v2,oe3,swarm|batch|bc1|h0|pso|r1|N20|c1,syn-explanatory_conceptual-repetitive-r3,explanatory_conceptual,repetitive,1,0,17395909730376452467,2026-10-01T05:40:53.924+00:00,completed,epsilon,True,True,True,True,,57.332601,63.84568700013915,62.018255001021316,5,72,0.4876839631358145,0.0,165.1013680077726,,code,2-0-1-0-2-1-1-1,0.4876839631358145,True,1,batch,False,pso,20,1,swarm
oe3-ofat-pilot-v2,oe3,swarm|batch|bc1|h0|pso|r1|N20|c1,syn-explanatory_conceptual-repetitive-r4,explanatory_conceptual,repetitive,1,0,2621255172561224409,2026-10-01T05:40:53.988+00:00,completed,epsilon,True,True,True,True,,36.19462,41.912697997759096,40.47780600012629,1,53,0.39153704514770005,0.0825976794624429,146.1014810023303,,code,1-0-1-1-1-1-1-1,0.47413472461014294,True,1,batch,False,pso,20,1,swarm
oe3-ofat-pilot-v2,oe3,swarm|batch|bc1|h0|pso|r1|N20|c1,syn-explanatory_conceptual-arrays_vectors-r0,explanatory_conceptual,arrays_vectors,1,0,10569514230950469850,2026-10-01T05:40:54.030+00:00,completed,epsilon,True,True,True,True,,40.087086,46.00124299759045,44.55428099754499,2,57,0.5057245237937896,0.019931347966736568,154.12257397790816,,text,1-0-1-1-2-1-1-1,0.5256558717605262,True,1,batch,False,pso,20,1,swarm
oe3-ofat-pilot-v2,oe3,swarm|batch|bc1|h0|pso|r1|N20|c1,syn-explanatory_conceptual-arrays_vectors-r1,explanatory_conceptual,arrays_vectors,1,0,6346414434741826451,2026-10-01T05:40:54.076+00:00,completed,epsilon,True,True,True,True,,45.995266,52.131839001958724,50.438296999345766,3,65,0.45281937210030826,0.03744007246155773,171.89307200674222,,text,1-2-0-1-2-0-1-1,0.490259444561866,True,1,batch,False,pso,20,1,swarm
oe3-ofat-pilot-v2,oe3,swarm|batch|bc1|h0|pso|r1|N20|c1,syn-explanatory_conceptual-arrays_vectors-r2,explanatory_conceptual,arrays_vectors,1,0,7456642890382495948,2026-10-01T05:40:54.128+00:00,completed,epsilon,True,True,True,True,,55.627343,61.79287999839289,60.101372000644915,4,68,0.5281215555279424,1.9637715242826204e-07,130.6728360153032,,diagram,0-0-2-1-2-0-1-1,0.5281217519050948,True,1,batch,False,pso,20,1,swarm
oe3-ofat-pilot-v2,oe3,swarm|batch|bc1|h0|pso|r1|N20|c1,syn-explanatory_conceptual-arrays_vectors-r3,explanatory_conceptual,arrays_vectors,1,0,5229689892982576134,2026-10-01T05:40:54.190+00:00,completed,epsilon,True,True,True,True,,52.419848,58.43003800328006,56.78937600168865,3,64,0.47609289670280414,0.031348942062412066,140.17467700222173,,text,1-1-1-1-2-0-1-1,0.5074418387652162,True,1,batch,False,pso,20,1,swarm
oe3-ofat-pilot-v2,oe3,swarm|batch|bc1|h0|pso|r1|N20|c1,syn-explanatory_conceptual-arrays_vectors-r4,explanatory_conceptual,arrays_vectors,1,0,867854565777186929,2026-10-01T05:40:54.248+00:00,completed,epsilon,True,True,True,True,,38.476618,47.10567800066201,45.53235699859215,2,57,0.5177879021024037,3.4366001677721414e-07,129.609183001267,,text,1-0-1-2-2-0-1-1,0.5177882457624204,True,1,batch,False,pso,20,1,swarm
oe3-ofat-pilot-v2,oe3,swarm|batch|bc1|h0|pso|r1|N20|c1,syn-explanatory_conceptual-functions-r0,explanatory_conceptual,functions,1,0,390018258882957971,2026-10-01T05:40:54.295+00:00,completed,epsilon,True,True,True,True,,42.497464,50.62922200158937,49.066382001910824,2,58,0.5029524330025205,0.007792650437785986,159.7490859926948,,text,1-0-1-1-2-1-1-1,0.5107450834403064,True,1,batch,False,pso,20,1,swarm
oe3-ofat-pilot-v2,oe3,swarm|batch|bc1|h0|pso|r1|N20|c1,syn-explanatory_conceptual-functions-r1,explanatory_conceptual,functions,1,0,11160429587351825343,2026-10-01T05:40:54.346+00:00,completed,epsilon,True,True,True,True,,58.468893,66.88038300126209,65.03407300260733,4,73,0.5134225156367632,0.0,183.52155799940468,,code,2-0-1-0-2-0-0-1,0.5134225156367632,True,1,batch,False,pso,20,1,swarm
oe3-ofat-pilot-v2,oe3,swarm|batch|bc1|h0|pso|r1|N20|c1,syn-explanatory_conceptual-functions-r2,explanatory_conceptual,functions,1,0,5090813952958751476,2026-10-01T05:40:54.413+00:00,completed,epsilon,True,True,True,True,,41.542097,47.273558000597404,45.72336999990512,2,62,0.4862088786957507,1.9637715242826204e-07,162.6107109848122,,text,1-0-1-1-2-1-1-1,0.4862090750729031,True,1,batch,False,pso,20,1,swarm
oe3-ofat-pilot-v2,oe3,swarm|batch|bc1|h0|pso|r1|N20|c1,syn-explanatory_conceptual-functions-r3,explanatory_conceptual,functions,1,0,7362159366338916777,2026-10-01T05:40:54.460+00:00,completed,epsilon,True,True,True,True,,41.635227,47.77884499708307,46.21614099960425,2,55,0.4977771280697979,0.007792797720650335,141.92153600499987,,text,1-0-1-2-2-1-1-1,0.5055699257904482,True,1,batch,False,pso,20,1,swarm
oe3-ofat-pilot-v2,oe3,swarm|batch|bc1|h0|pso|r1|N20|c1,syn-explanatory_conceptual-functions-r4,explanatory_conceptual,functions,1,0,4046828528569989559,2026-10-01T05:40:54.508+00:00,completed,epsilon,True,True,True,True,,45.911219,52.25120400064043,50.54944500079728,3,66,0.49970043101958095,0.0,164.6902650132766,,text,1-0-1-0-2-0-1-1,0.49970043101958095,True,1,batch,False,pso,20,1,swarm
oe3-ofat-pilot-v2,oe3,swarm|batch|bc1|h0|pso|r1|N20|c1,syn-balanced_multimodal-sequential-r0,balanced_multimodal,sequential,1,0,8313710015022879933,2026-10-01T05:40:54.560+00:00,completed,epsilon,True,True,True,True,,39.361426,47.24476200135541,45.67304500233149,2,59,0.47478255891106164,0.02008255859137359,146.45716497723532,,diagram,1-1-2-1-1-1-1-1,0.4948651175024352,True,1,batch,False,pso,20,1,swarm
oe3-ofat-pilot-v2,oe3,swarm|batch|bc1|h0|pso|r1|N20|c1,syn-balanced_multimodal-sequential-r1,balanced_multimodal,sequential,1,0,17034292383154152654,2026-10-01T05:40:54.607+00:00,completed,epsilon,True,True,True,True,,45.930564,55.94545699932496,54.365964999306016,2,60,0.4774843203007624,0.008378750322897255,163.7515469976356,,code,2-0-2-0-1-1-1-2,0.48586307062365963,True,1,batch,False,pso,20,1,swarm
oe3-ofat-pilot-v2,oe3,swarm|batch|bc1|h0|pso|r1|N20|c1,syn-balanced_multimodal-sequential-r2,balanced_multimodal,sequential,1,0,17948066834823550806,2026-10-01T05:40:54.663+00:00,completed,epsilon,True,True,True,True,,40.173718,45.90531600115355,44.42277999987709,2,55,0.4994689164392216,0.02008255859137359,135.03419901571272,,code,2-1-1-1-1-1-1-1,0.5195514750305952,True,1,batch,False,pso,20,1,swarm
oe3-ofat-pilot-v2,oe3,swarm|batch|bc1|h0|pso|r1|N20|c1,syn-balanced_multimodal-sequential-r3,balanced_multimodal,sequential,1,0,16502357028709200888,2026-10-01T05:40:54.709+00:00,completed,epsilon,True,True,True,True,,34.68467,44.917772996996064,43.31142999944859,1,52,0.43168555803828396,0.0739097236611857,132.5074360136716,,code,0-1-0-2-0-1-0-0,0.5055952816994697,True,1,batch,False,pso,20,1,swarm
oe3-ofat-pilot-v2,oe3,swarm|batch|bc1|h0|pso|r1|N20|c1,syn-balanced_multimodal-sequential-r4,balanced_multimodal,sequential,1,0,8817791777023713523,2026-10-01T05:40:54.754+00:00,completed,epsilon,True,True,True,True,,31.77359,40.219988997705514,38.65445299743442,1,51,0.5064315796491161,0.0,143.42172400448848,,code,1-0-1-0-1-1-1-1,0.5064315796491161,True,1,batch,False,pso,20,1,swarm
oe3-ofat-pilot-v2,oe3,swarm|batch|bc1|h0|pso|r1|N20|c1,syn-balanced_multimodal-conditional-r0,balanced_multimodal,conditional,1,0,6807183157127120355,2026-10-01T05:40:54.794+00:00,completed,epsilon,True,True,True,True,,34.481992,40.30037600023206,38.69822300111991,1,50,0.4755412347730853,0.015918511286834303,118.51303499687084,,code,1-1-1-0-1-1-1-1,0.4914597460599196,True,1,batch,False,pso,20,1,swarm
oe3-ofat-pilot-v2,oe3,swarm|batch|bc1|h0|pso|r1|N20|c1,syn-balanced_multimodal-conditional-r1,balanced_multimodal,conditional,1,0,4678364357267402099,2026-10-01T05:40:54.835+00:00,completed,epsilon,True,True,True,True,,31.901438,41.52550599974347,40.10003099756432,1,49,0.47635642634837827,0.022453105023586217,124.66744900741088,,code,2-1-2-0-2-1-1-0,0.4988095313719645,True,1,batch,False,pso,20,1,swarm
oe3-ofat-pilot-v2,oe3,swarm|batch|bc1|h0|pso|r1|N20|c1,syn-balanced_multimodal-conditional-r2,balanced_multimodal,conditional,1,0,2073738674720842464,2026-10-01T05:40:54.876+00:00,completed,epsilon,True,True,True,True,,36.17053,42.26718700010679,40.67196200048784,1,53,0.4946714052827956,0.004709878390655009,156.16002199909212,,code,0-1-0-1-0-1-0-0,0.4993812836734506,True,1,batch,False,pso,20,1,swarm
oe3-ofat-pilot-v2,oe3,swarm|batch|bc1|h0|pso|r1|N20|c1,syn-balanced_multimodal-conditional-r3,balanced_multimodal,conditional,1,0,1284693550691140380,2026-10-01T05:40:54.918+00:00,completed,epsilon,True,True,True,True,,46.379927,55.654003997915424,53.878824997809716,2,65,0.46268717131792053,0.008847809425137798,184.91440399993306,,text,1-1-1-1-2-1-1-0,0.47153498074305833,True,1,batch,False,pso,20,1,swarm
oe3-ofat-pilot-v2,oe3,swarm|batch|bc1|h0|pso|r1|N20|c1,syn-balanced_multimodal-conditional-r4,balanced_multimodal,conditional,1,0,5974251366865820635,2026-10-01T05:40:54.974+00:00,completed,epsilon,True,True,True,True,,48.448361,54.27893800151651,52.67496000305982,3,61,0.49335718275037993,0.0036547194033032526,134.69764699590056,,code,2-1-1-1-2-1-2-1,0.4970119021536832,True,1,batch,False,pso,20,1,swarm
oe3-ofat-pilot-v2,oe3,swarm|batch|bc1|h0|pso|r1|N20|c1,syn-balanced_multimodal-repetitive-r0,balanced_multimodal,repetitive,1,0,7710084901704534217,2026-10-01T05:40:55.028+00:00,completed,epsilon,True,True,True,True,,49.393298,59.25890100115794,57.69814099767245,2,57,0.49752854247768885,0.06087019943085814,154.38856898991975,,audio,1-1-1-0-1-1-2-1,0.558398741908547,True,1,batch,False,pso,20,1,swarm
oe3-ofat-pilot-v2,oe3,swarm|batch|bc1|h0|pso|r1|N20|c1,syn-balanced_multimodal-repetitive-r1,balanced_multimodal,repetitive,1,0,6042849434585660190,2026-10-01T05:40:55.088+00:00,completed,epsilon,True,True,True,True,,54.223039,60.4818889987655,58.79091800306924,3,66,0.5300481474536275,0.0,148.45422798050953,,code,2-0-2-0-2-1-1-1,0.5300481474536275,True,1,batch,False,pso,20,1,swarm
oe3-ofat-pilot-v2,oe3,swarm|batch|bc1|h0|pso|r1|N20|c1,syn-balanced_multimodal-repetitive-r2,balanced_multimodal,repetitive,1,0,4091229752520203628,2026-10-01T05:40:55.148+00:00,completed,epsilon,True,True,True,True,,37.981741,46.49479600266204,44.82386400195537,1,57,0.45567213778829413,0.0513605074498697,185.3665620128683,,code,0-1-0-1-0-0-0-1,0.5070326452381638,True,1,batch,False,pso,20,1,swarm
oe3-ofat-pilot-v2,oe3,swarm|batch|bc1|h0|pso|r1|N20|c1,syn-balanced_multimodal-repetitive-r3,balanced_multimodal,repetitive,1,0,18293002212130046117,2026-10-01T05:40:55.195+00:00,completed,epsilon,True,True,True,True,,48.737061,54.79343999832054,53.08986899763113,3,64,0.5174308179722804,0.0010553553645041847,159.89183302787723,,diagram,1-0-2-1-2-1-1-0,0.5184861733367846,True,1,batch,False,pso,20,1,swarm
oe3-ofat-pilot-v2,oe3,swarm|batch|bc1|h0|pso|r1|N20|c1,syn-balanced_multimodal-repetitive-r4,balanced_multimodal,repetitive,1,0,17369906960138739270,2026-10-01T05:40:55.249+00:00,completed,epsilon,True,True,True,True,,43.477555,50.17208899880643,48.682040000130655,1,54,0.5208241146907647,0.03470548385257555,164.10999001451626,,code,2-0-1-1-1-1-1-1,0.5555295985433403,True,1,batch,False,pso,20,1,swarm
oe3-ofat-pilot-v2,oe3,swarm|batch|bc1|h0|pso|r1|N20|c1,syn-balanced_multimodal-arrays_vectors-r0,balanced_multimodal,arrays_vectors,1,0,379503498259880790,2026-10-01T05:40:55.300+00:00,completed,epsilon,True,True,True,True,,40.228268,45.77487899950938,44.28362700127764,2,57,0.5004429956412066,0.02880471576982846,146.95043999650704,,code,2-1-1-1-1-0-1-1,0.5292477114110351,True,1,batch,False,pso,20,1,swarm
oe3-ofat-pilot-v2,oe3,swarm|batch|bc1|h0|pso|r1|N20|c1,syn-balanced_multimodal-arrays_vectors-r1,balanced_multimodal,arrays_vectors,1,0,5564201871696204878,2026-10-01T05:40:55.345+00:00,completed,epsilon,True,True,True,True,,35.303603,43.38207199907629,41.70750699995551,1,55,0.5090252064309625,0.010600427071010388,149.69397000313757,,code,1-0-1-1-1-0-1-2,0.5196256335019729,True,1,batch,False,pso,20,1,swarm
oe3-ofat-pilot-v2,oe3,swarm|batch|bc1|h0|pso|r1|N20|c1,syn-balanced_multimodal-arrays_vectors-r2,balanced_multimodal,arrays_vectors,1,0,17388681570381543666,2026-10-01T05:40:55.389+00:00,completed,epsilon,True,True,True,True,,41.20631,50.99850600163336,49.29332499887096,2,62,0.539735559033345,0.008847613047985314,173.47220899954908,,text,1-0-1-0-2-1-1-0,0.5485831720813303,True,1,batch,False,pso,20,1,swarm
oe3-ofat-pilot-v2,oe3,swarm|batch|bc1|h0|pso|r1|N20|c1,syn-balanced_multimodal-arrays_vectors-r3,balanced_multimodal,arrays_vectors,1,0,17553891701874167660,2026-10-01T05:40:55.440+00:00,completed,epsilon,True,True,True,True,,42.557102,48.919893997663166,47.22337199928006,2,57,0.5326887851156756,0.019041613531884827,143.324647990197,,code,1-0-1-1-1-0-1-1,0.5517303986475605,True,1,batch,False,pso,20,1,swarm
oe3-ofat-pilot-v2,oe3,swarm|batch|bc1|h0|pso|r1|N20|c1,syn-balanced_multimodal-arrays_vectors-r4,balanced_multimodal,arrays_vectors,1,0,15382256458381187390,2026-10-01T05:40:55.489+00:00,completed,epsilon,True,True,True,True,,55.174342,61.270602000149665,59.454518002894474,4,70,0.518799859114262,0.007792454060633558,155.57236698309504,,code,2-0-1-0-1-1-1-1,0.5265923131748955,True,1,batch,False,pso,20,1,swarm
oe3-ofat-pilot-v2,oe3,swarm|batch|bc1|h0|pso|r1|N20|c1,syn-balanced_multimodal-functions-r0,balanced_multimodal,functions,1,0,7719418254047656559,2026-10-01T05:40:55.550+00:00,completed,epsilon,True,True,True,True,,44.156555,53.926114000205416,52.38967599871103,3,57,0.48460227340665696,0.04637871394339532,96.69530698812667,,code,2-0-1-2-1-0-1-1,0.5309809873500523,True,1,batch,False,pso,20,1,swarm
oe3-ofat-pilot-v2,oe3,swarm|batch|bc1|h0|pso|r1|N20|c1,syn-balanced_multimodal-functions-r1,balanced_multimodal,functions,1,0,3230558624107485757,2026-10-01T05:40:55.604+00:00,completed,epsilon,True,True,True,True,,42.050897,48.13094699784415,46.51400500006275,2,54,0.4917724457549157,0.02008255859137359,133.5174700019588,,code,2-1-1-1-1-1-2-1,0.5118550043462893,True,1,batch,False,pso,20,1,swarm
oe3-ofat-pilot-v2,oe3,swarm|batch|bc1|h0|pso|r1|N20|c1,syn-balanced_multimodal-functions-r2,balanced_multimodal,functions,1,0,4758260729385850854,2026-10-01T05:40:55.652+00:00,completed,epsilon,True,True,True,True,,44.262229,54.85031599891954,53.20005899920943,2,60,0.5109564801681342,0.007231044876892301,155.9529620066872,,code,2-2-1-2-1-0-1-1,0.5181875250450265,True,1,batch,False,pso,20,1,swarm
oe3-ofat-pilot-v2,oe3,swarm|batch|bc1|h0|pso|r1|N20|c1,syn-balanced_multimodal-functions-r3,balanced_multimodal,functions,1,0,17412235304818197162,2026-10-01T05:40:55.707+00:00,completed,epsilon,True,True,True,True,,36.975615,42.854218001593836,41.40313600146328,1,53,0.46801473134158544,0.04939804287582772,163.74547300577865,,code,1-0-1-0-1-1-1-1,0.5174127742174132,True,1,batch,False,pso,20,1,swarm
oe3-ofat-pilot-v2,oe3,swarm|batch|bc1|h0|pso|r1|N20|c1,syn-balanced_multimodal-functions-r4,balanced_multimodal,functions,1,0,10538569118723935937,2026-10-01T05:40:55.750+00:00,completed,epsilon,True,True,True,True,,48.895877,55.40765200203168,53.65809299837565,2,65,0.5037098665441013,0.0,171.21532600047502,,diagram,1-0-2-0-1-0-1-1,0.5037098665441013,True,1,batch,False,pso,20,1,swarm
oe3-ofat-pilot-v2,oe3,swarm|batch|bc1|h0|pso|r1|N20|c1,syn-visual_dominant-sequential-r0,visual_dominant,sequential,2,0,933970462017344115,2026-10-01T05:40:55.805+00:00,completed,epsilon,True,True,True,True,,38.634861,44.55391300143674,42.98514000038267,2,54,0.4758058709017947,1.9637715242826204e-07,120.52761301187196,,diagram,1-0-2-1-1-1-0-1,0.47580606727894714,True,1,batch,False,pso,20,1,swarm
oe3-ofat-pilot-v2,oe3,swarm|batch|bc1|h0|pso|r1|N20|c1,syn-visual_dominant-sequential-r1,visual_dominant,sequential,2,0,15218885005855845146,2026-10-01T05:40:55.850+00:00,completed,epsilon,True,True,True,True,,49.175161,56.24488900139113,54.55478500152822,3,62,0.44878503224528293,0.02008255859137359,136.93525900242486,,diagram,1-1-2-1-0-1-1-1,0.4688675908366565,True,1,batch,False,pso,20,1,swarm
oe3-ofat-pilot-v2,oe3,swarm|batch|bc1|h0|pso|r1|N20|c1,syn-visual_dominant-sequential-r2,visual_dominant,sequential,2,0,7545626482412980018,2026-10-01T05:40:55.906+00:00,completed,epsilon,True,True,True,True,,56.923457,76.7012589967635,74.67814199844724,5,77,0.4512883424726203,0.017207742316518893,212.1097620022477,,diagram,1-0-2-1-0-0-0-1,0.4684960847891392,True,1,batch,False,pso,20,1,swarm
oe3-ofat-pilot-v2,oe3,swarm|batch|bc1|h0|pso|r1|N20|c1,syn-visual_dominant-sequential-r3,visual_dominant,sequential,2,0,13538790792892562212,2026-10-01T05:40:55.983+00:00,completed,epsilon,True,True,True,True,,45.947154,58.606707003491465,56.72656599926995,3,67,0.4684319265849217,0.02846111253711836,162.6389519903444,,diagram,1-1-2-0-0-1-1-2,0.4968930391220401,True,1,batch,False,pso,20,1,swarm
oe3-ofat-pilot-v2,oe3,swarm|batch|bc1|h0|pso|r1|N20|c1,syn-visual_dominant-sequential-r4,visual_dominant,sequential,2,0,7393655945380185391,2026-10-01T05:40:56.041+00:00,completed,epsilon,True,True,True,True,,34.042139,42.40127699813456,40.79572399859899,1,57,0.44620035377287093,0.0077905977223554634,161.76789399094773,,diagram,1-0-2-1-1-1-1-1,0.4539909514952264,True,1,batch,False,pso,20,1,swarm
oe3-ofat-pilot-v2,oe3,swarm|batch|bc1|h0|pso|r1|N20|c1,syn-visual_dominant-conditional-r0,visual_dominant,conditional,2,0,17253185604956212818,2026-10-01T05:40:56.084+00:00,completed,epsilon,True,True,True,True,,59.243433,65.72082100319676,63.84012200214784,5,72,0.4683788214134418,0.007792454060633558,158.02323499803296,,diagram,1-1-2-0-0-1-0-1,0.47617127547407534,True,1,batch,False,pso,20,1,swarm
oe3-ofat-pilot-v2,oe3,swarm|batch|bc1|h0|pso|r1|N20|c1,syn-visual_dominant-conditional-r1,visual_dominant,conditional,2,0,3235172617710283348,2026-10-01T05:40:56.150+00:00,completed,epsilon,True,True,True,True,,44.216747,54.742519998399075,53.1612380000297,2,55,0.4178438124897518,0.01928793566892051,124.57768098791956,,diagram,0-2-2-1-1-1-0-1,0.4371317481586723,True,1,batch,False,pso,20,1,swarm
oe3-ofat-pilot-v2,oe3,swarm|batch|bc1|h0|pso|r1|N20|c1,syn-visual_dominant-conditional-r2,visual_dominant,conditional,2,0,16949393807535874105,2026-10-01T05:40:56.204+00:00,completed,epsilon,True,True,True,True,,46.038184,56.83538299854263,55.15985400052159,2,63,0.455540990546324,0.020222458530001597,174.43502701248715,,code,2-2-2-2-1-1-1-2,0.4757634490763256,True,1,batch,False,pso,20,1,swarm
oe3-ofat-pilot-v2,oe3,swarm|batch|bc1|h0|pso|r1|N20|c1,syn-visual_dominant-conditional-r3,visual_dominant,conditional,2,0,6814480715556192419,2026-10-01T05:40:56.261+00:00,completed,epsilon,True,True,True,True,,46.194055,51.96831899957033,50.31088000032469,2,65,0.45375705702974706,0.0036548666861676016,167.0881039986799,,diagram,1-1-2-2-0-1-1-1,0.45741192371591466,True,1,batch,False,pso,20,1,swarm
oe3-ofat-pilot-v2,oe3,swarm|batch|bc1|h0|pso|r1|N20|c1,syn-visual_dominant-conditional-r4,visual_dominant,conditional,2,0,9372143264887450917,2026-10-01T05:40:56.313+00:00,completed,epsilon,True,True,True,True,,53.176215,62.45083499743487,60.359843002515845,3,67,0.44522311848029167,0.0034338229129890485,193.18591499132935,,diagram,1-2-2-1-1-0-0-1,0.4486569413932807,True,1,batch,False,pso,20,1,swarm
oe3-ofat-pilot-v2,oe3,swarm|batch|bc1|h0|pso|r1|N20|c1,syn-visual_dominant-repetitive-r0,visual_dominant,repetitive,2,0,17432386358067490306,2026-10-01T05:40:56.376+00:00,completed,epsilon,True,True,True,True,,76.415539,83.64763099962147,81.59137400070904,5,77,0.49006425986533353,0.0,187.8439889975561,,diagram,1-0-2-0-1-1-0-1,0.49006425986533353,True,1,batch,False,pso,20,1,swarm
oe3-ofat-pilot-v2,oe3,swarm|batch|bc1|h0|pso|r1|N20|c1,syn-visual_dominant-repetitive-r1,visual_dominant,repetitive,2,0,4534189775785306943,2026-10-01T05:40:56.459+00:00,completed,epsilon,True,True,True,True,,45.066293,57.9582849968574,56.18308699922636,2,61,0.46771068238144764,0.023700407185677008,161.97347800054246,,diagram,1-0-2-0-1-2-1-2,0.49141108956712465,True,1,batch,False,pso,20,1,swarm
oe3-ofat-pilot-v2,oe3,swarm|batch|bc1|h0|pso|r1|N20|c1,syn-visual_dominant-repetitive-r2,visual_dominant,repetitive,2,0,14890725539570871282,2026-10-01T05:40:56.517+00:00,completed,epsilon,True,True,True,True,,54.872507,64.38661099673482,62.46087399995304,4,71,0.5090721162103116,0.008379093982914032,191.98583500229284,,code,2-0-2-2-1-1-0-2,0.5174512101932256,True,1,batch,False,pso,20,1,swarm
oe3-ofat-pilot-v2,oe3,swarm|batch|bc1|h0|pso|r1|N20|c1,syn-visual_dominant-repetitive-r3,visual_dominant,repetitive,2,0,11175944323486150873,2026-10-01T05:40:56.582+00:00,completed,epsilon,True,True,True,True,,48.3695,59.64051900082268,57.86221000016667,1,61,0.48131196792957526,0.024018140830402046,231.13826200290825,,diagram,1-2-2-0-0-1-0-1,0.5053301087599773,True,1,batch,False,pso,20,1,swarm
oe3-ofat-pilot-v2,oe3,swarm|batch|bc1|h0|pso|r1|N20|c1,syn-visual_dominant-repetitive-r4,visual_dominant,repetitive,2,0,6321021491439439287,2026-10-01T05:40:56.641+00:00,completed,epsilon,True,True,True,True,,46.016794,67.28745600048569,65.71625799915637,2,59,0.382103766697086,0.08550373867560779,159.5802210125188,,diagram,1-2-2-1-0-1-1-1,0.4676075053726938,True,1,batch,False,pso,20,1,swarm
oe3-ofat-pilot-v2,oe3,swarm|batch|bc1|h0|pso|r1|N20|c1,syn-visual_dominant-arrays_vectors-r0,visual_dominant,arrays_vectors,2,0,15952936129579093559,2026-10-01T05:40:56.709+00:00,completed,epsilon,True,True,True,True,,59.73542,66.09353699968779,64.12872299915762,5,75,0.4889347761835423,0.0,199.28367099966707,,diagram,1-0-2-0-0-0-0-1,0.4889347761835423,True,1,batch,False,pso,20,1,swarm
oe3-ofat-pilot-v2,oe3,swarm|batch|bc1|h0|pso|r1|N20|c1,syn-visual_dominant-arrays_vectors-r1,visual_dominant,arrays_vectors,2,0,4150365637679857595,2026-10-01T05:40:56.775+00:00,completed,epsilon,True,True,True,True,,52.253567,61.40098499963642,59.61342699811212,3,69,0.44540015262768173,0.007792454060633558,152.7784249963196,,diagram,1-0-2-0-0-1-0-1,0.4531926066883153,True,1,batch,False,pso,20,1,swarm
oe3-ofat-pilot-v2,oe3,swarm|batch|bc1|h0|pso|r1|N20|c1,syn-visual_dominant-arrays_vectors-r2,visual_dominant,arrays_vectors,2,0,9121830484626340551,2026-10-01T05:40:56.836+00:00,completed,epsilon,True,True,True,True,,43.893061,50.09376899761264,48.28702700251597,2,61,0.47366400135705733,0.04817048014436931,182.15806801229928,,code,1-0-1-1-1-0-1-1,0.5218344815014266,True,1,batch,False,pso,20,1,swarm
oe3-ofat-pilot-v2,oe3,swarm|batch|bc1|h0|pso|r1|N20|c1,syn-visual_dominant-arrays_vectors-r3,visual_dominant,arrays_vectors,2,0,8306973448203974922,2026-10-01T05:40:56.886+00:00,completed,epsilon,True,True,True,True,,48.258813,56.941981998534175,55.16340699978173,2,65,0.5104383568030326,0.017498999281390648,182.30508798807833,,diagram,0-1-2-1-1-1-0-1,0.5279373560844233,True,1,batch,False,pso,20,1,swarm
oe3-ofat-pilot-v2,oe3,swarm|batch|bc1|h0|pso|r1|N20|c1,syn-visual_dominant-arrays_vectors-r4,visual_dominant,arrays_vectors,2,0,6090714346369449132,2026-10-01T05:40:56.943+00:00,completed,epsilon,True,True,True,True,,50.818396,72.24022100126604,70.4113360006886,3,67,0.48844380831078077,0.009137384826602035,164.34298902046257,,diagram,1-2-2-1-1-0-0-1,0.4975811931373828,True,1,batch,False,pso,20,1,swarm
oe3-ofat-pilot-v2,oe3,swarm|batch|bc1|h0|pso|r1|N20|c1,syn-visual_dominant-functions-r0,visual_dominant,functions,2,0,1938275832337831069,2026-10-01T05:40:57.015+00:00,completed,epsilon,True,True,True,True,,34.330683,39.99893700165558,38.46467199764447,1,58,0.47266270460363635,0.02512561750964737,171.2405270073997,,diagram,1-2-2-1-1-1-1-1,0.4977883221132837,True,1,batch,False,pso,20,1,swarm
oe3-ofat-pilot-v2,oe3,swarm|batch|bc1|h0|pso|r1|N20|c1,syn-visual_dominant-functions-r1,visual_dominant,functions,2,0,18320065843555622638,2026-10-01T05:40:57.055+00:00,completed,epsilon,True,True,True,True,,54.48222,67.55637199967168,65.73083799958113,3,67,0.44805196593898666,0.0538463995409838,145.7438849806545,,code,1-2-1-1-0-2-0-1,0.5018983654799705,True,1,batch,False,pso,20,1,swarm
oe3-ofat-pilot-v2,oe3,swarm|batch|bc1|h0|pso|r1|N20|c1,syn-visual_dominant-functions-r2,visual_dominant,functions,2,0,2018128801505319285,2026-10-01T05:40:57.123+00:00,completed,epsilon,True,True,True,True,,39.403923,49.074368998844875,47.34356100016157,2,60,0.4612015381927306,0.01017466893107688,162.27752801443708,,diagram,1-2-2-0-1-0-1-2,0.47137620712380746,True,1,batch,False,pso,20,1,swarm
oe3-ofat-pilot-v2,oe3,swarm|batch|bc1|h0|pso|r1|N20|c1,syn-visual_dominant-functions-r3,visual_dominant,functions,2,0,11458603809094557690,2026-10-01T05:40:57.172+00:00,completed,epsilon,True,True,True,True,,44.675094,54.073713999969186,52.46788799922797,2,57,0.46650882264512183,0.013926286402023091,163.51948399896182,,diagram,1-0-2-0-1-1-1-1,0.4804351090471449,True,1,batch,False,pso,20,1,swarm
oe3-ofat-pilot-v2,oe3,swarm|batch|bc1|h0|pso|r1|N20|c1,syn-visual_dominant-functions-r4,visual_dominant,functions,2,0,3571204151565300957,2026-10-01T05:40:57.226+00:00,completed,epsilon,True,True,True,True,,37.17327,42.98718599966378,41.41434400298749,2,57,0.462373500896609,0.04025494174915922,166.04632099692793,,code,2-0-1-0-1-1-1-1,0.5026284426457682,True,1,batch,False,pso,20,1,swarm
oe3-ofat-pilot-v2,oe3,swarm|batch|bc1|h0|pso|r1|N20|c1,syn-logical_syntactic-sequential-r0,logical_syntactic,sequential,2,0,6703238505377356793,2026-10-01T05:40:57.269+00:00,completed,epsilon,True,True,True,True,,35.816138,57.45922600181075,55.97579900131677,1,50,0.3926230274475641,0.1035943548961194,124.97041299862155,,code,1-1-1-2-0-1-0-0,0.4962173823436835,True,1,batch,False,pso,20,1,swarm
oe3-ofat-pilot-v2,oe3,swarm|batch|bc1|h0|pso|r1|N20|c1,syn-logical_syntactic-sequential-r1,logical_syntactic,sequential,2,0,2732344214726962996,2026-10-01T05:40:57.327+00:00,completed,epsilon,True,True,True,True,,51.582563,62.07621800058405,60.21520899957977,3,65,0.45362654546070685,0.028919816357914352,157.11279098937482,,code,2-1-1-2-0-1-0-1,0.4825463618186212,True,1,batch,False,pso,20,1,swarm
oe3-ofat-pilot-v2,oe3,swarm|batch|bc1|h0|pso|r1|N20|c1,syn-logical_syntactic-sequential-r2,logical_syntactic,sequential,2,0,9866697793834971187,2026-10-01T05:40:57.389+00:00,completed,epsilon,True,True,True,True,,44.438045,53.878819999226835,52.234565002436284,2,59,0.4769390123903301,0.031724860442785996,129.41756901849527,,code,2-0-1-1-1-1-1-1,0.5086638728331161,True,1,batch,False,pso,20,1,swarm
oe3-ofat-pilot-v2,oe3,swarm|batch|bc1|h0|pso|r1|N20|c1,syn-logical_syntactic-sequential-r3,logical_syntactic,sequential,2,0,10397115182704620962,2026-10-01T05:40:57.443+00:00,completed,epsilon,True,True,True,True,,34.086546,43.30296100306441,41.69910700147739,1,56,0.47454039043400664,1.9637715242826204e-07,163.87762400806727,,code,2-0-1-1-1-1-0-1,0.47454058681115907,True,1,batch,False,pso,20,1,swarm
oe3-ofat-pilot-v2,oe3,swarm|batch|bc1|h0|pso|r1|N20|c1,syn-logical_syntactic-sequential-r4,logical_syntactic,sequential,2,0,15306839444144451490,2026-10-01T05:40:57.486+00:00,completed,epsilon,True,True,True,True,,59.0267,68.11080600164132,66.02104200283065,5,75,0.47687877781345756,0.019509005198406926,182.9830780113445,,code,2-0-1-0-1-1-1-1,0.4963877830118645,True,1,batch,False,pso,20,1,swarm
oe3-ofat-pilot-v2,oe3,swarm|batch|bc1|h0|pso|r1|N20|c1,syn-logical_syntactic-conditional-r0,logical_syntactic,conditional,2,0,12735488349665473455,2026-10-01T05:40:57.554+00:00,completed,epsilon,True,True,True,True,,45.664146,51.70842200095649,49.95391799820936,2,65,0.45773935311035757,0.001127800490756281,183.15737201328471,,code,2-1-1-1-1-0-0-1,0.45886715360111385,True,1,batch,False,pso,20,1,swarm
oe3-ofat-pilot-v2,oe3,swarm|batch|bc1|h0|pso|r1|N20|c1,syn-logical_syntactic-conditional-r1,logical_syntactic,conditional,2,0,11399479585009898413,2026-10-01T05:40:57.606+00:00,completed,epsilon,True,True,True,True,,46.324814,52.43336400235421,50.72486900098738,3,63,0.4031680111597384,0.04865654680838055,154.8577500077042,,code,2-1-0-1-1-1-0-1,0.45182455796811893,True,1,batch,False,pso,20,1,swarm
oe3-ofat-pilot-v2,oe3,swarm|batch|bc1|h0|pso|r1|N20|c1,syn-logical_syntactic-conditional-r2,logical_syntactic,conditional,2,0,3681324614498174940,2026-10-01T05:40:57.658+00:00,completed,epsilon,True,True,True,True,,56.336271,62.63926400060882,60.84083399764495,4,70,0.4667613697407896,1.963771524837732e-07,128.33428099997556,,code,2-1-1-1-0-0-1-1,0.46676156611794206,True,1,batch,False,pso,20,1,swarm
oe3-ofat-pilot-v2,oe3,swarm|batch|bc1|h0|pso|r1|N20|c1,syn-logical_syntactic-conditional-r3,logical_syntactic,conditional,2,0,1495775939040843714,2026-10-01T05:40:57.721+00:00,completed,epsilon,True,True,True,True,,66.458462,72.66804900064017,70.76878400039277,6,76,0.4614736607633352,0.007792454060633558,141.0289530066292,,code,2-1-1-0-0-1-0-1,0.46926611482396874,True,1,batch,False,pso,20,1,swarm
oe3-ofat-pilot-v2,oe3,swarm|batch|bc1|h0|pso|r1|N20|c1,syn-logical_syntactic-conditional-r4,logical_syntactic,conditional,2,0,11016568118539380630,2026-10-01T05:40:57.794+00:00,completed,epsilon,True,True,True,True,,44.334885,50.38319799859892,48.782623998704366,2,58,0.4839345737065493,0.0036547194033032526,142.02474599852394,,code,2-1-1-1-1-1-1-1,0.48758929310985255,True,1,batch,False,pso,20,1,swarm
oe3-ofat-pilot-v2,oe3,swarm|batch|bc1|h0|pso|r1|N20|c1,syn-logical_syntactic-repetitive-r0,logical_syntactic,repetitive,2,0,8669339458277283579,2026-10-01T05:40:57.844+00:00,completed,epsilon,True,True,True,True,,46.731767,55.4768360016169,53.883003998635104,3,61,0.42969877296773695,0.04107153499677341,125.92857798636611,,code,1-0-1-0-0-1-0-2,0.47077030796451036,True,1,batch,False,pso,20,1,swarm
oe3-ofat-pilot-v2,oe3,swarm|batch|bc1|h0|pso|r1|N20|c1,syn-logical_syntactic-repetitive-r1,logical_syntactic,repetitive,2,0,7087564763739291896,2026-10-01T05:40:57.899+00:00,completed,epsilon,True,True,True,True,,34.906407,43.88859899700037,42.58040400236496,1,48,0.39870142826332916,0.08992885564260117,122.31018899832438,,code,1-1-1-1-1-1-0-1,0.48863028390593033,True,1,batch,False,pso,20,1,swarm
oe3-ofat-pilot-v2,oe3,swarm|batch|bc1|h0|pso|r1|N20|c1,syn-logical_syntactic-repetitive-r2,logical_syntactic,repetitive,2,0,17774420465350218166,2026-10-01T05:40:57.943+00:00,completed,epsilon,True,True,True,True,,51.008133,57.17563399957726,55.298122999374755,2,60,0.488607019273233,0.020082362214221106,136.2167540074193,,code,2-1-1-0-1-1-1-1,0.5086893814874541,True,1,batch,False,pso,20,1,swarm
oe3-ofat-pilot-v2,oe3,swarm|batch|bc1|h0|pso|r1|N20|c1,syn-logical_syntactic-repetitive-r3,logical_syntactic,repetitive,2,0,11177538339330417699,2026-10-01T05:40:58.001+00:00,completed,epsilon,True,True,True,True,,45.093287,51.21835300087696,49.57681099767797,2,63,0.46208578639800935,0.020082362214221106,176.56174799853738,,code,2-1-1-0-1-1-0-1,0.48216814861223045,True,1,batch,False,pso,20,1,swarm
oe3-ofat-pilot-v2,oe3,swarm|batch|bc1|h0|pso|r1|N20|c1,syn-logical_syntactic-repetitive-r4,logical_syntactic,repetitive,2,0,5975297501444787526,2026-10-01T05:40:58.052+00:00,completed,epsilon,True,True,True,True,,57.665637,66.73520800177357,64.78957299987087,4,71,0.4271906688368101,0.01720788959938324,138.5220249874624,,code,2-0-0-2-1-0-0-1,0.44439855843619336,True,1,batch,False,pso,20,1,swarm
oe3-ofat-pilot-v2,oe3,swarm|batch|bc1|h0|pso|r1|N20|c1,syn-logical_syntactic-arrays_vectors-r0,logical_syntactic,arrays_vectors,2,0,12465654442624101670,2026-10-01T05:40:58.118+00:00,completed,epsilon,True,True,True,True,,45.89264,54.59048500051722,52.87164999754168,3,67,0.5057006522446762,3.4366001677721414e-07,189.76727899524107,,code,2-0-1-2-0-0-1-1,0.505700995904693,True,1,batch,False,pso,20,1,swarm
oe3-ofat-pilot-v2,oe3,swarm|batch|bc1|h0|pso|r1|N20|c1,syn-logical_syntactic-arrays_vectors-r1,logical_syntactic,arrays_vectors,2,0,686629181118521670,2026-10-01T05:40:58.173+00:00,completed,epsilon,True,True,True,True,,46.098594,52.01219499940635,50.2998160009156,3,59,0.48298937414736165,0.0010553553645041847,147.7530039898428,,code,2-0-1-1-1-0-1-0,0.48404472951186583,True,1,batch,False,pso,20,1,swarm
oe3-ofat-pilot-v2,oe3,swarm|batch|bc1|h0|pso|r1|N20|c1,syn-logical_syntactic-arrays_vectors-r2,logical_syntactic,arrays_vectors,2,0,16460370737839111721,2026-10-01T05:40:58.225+00:00,completed,epsilon,True,True,True,True,,37.729053,43.652883003233,42.02208200149471,1,61,0.4814659129436679,0.03723979738485328,174.52350801239564,,code,2-0-1-1-1-0-0-1,0.5187057103285212,True,1,batch,False,pso,20,1,swarm
oe3-ofat-pilot-v2,oe3,swarm|batch|bc1|h0|pso|r1|N20|c1,syn-logical_syntactic-arrays_vectors-r3,logical_syntactic,arrays_vectors,2,0,4892650009174421881,2026-10-01T05:40:58.269+00:00,completed,epsilon,True,True,True,True,,38.362346,44.08995600169874,42.716722997283796,1,49,0.510410675757111,0.017498999281390648,128.57931901227548,,code,2-1-1-1-1-1-1-1,0.5279096750385016,True,1,batch,False,pso,20,1,swarm
oe3-ofat-pilot-v2,oe3,swarm|batch|bc1|h0|pso|r1|N20|c1,syn-logical_syntactic-arrays_vectors-r4,logical_syntactic,arrays_vectors,2,0,2417416973143296410,2026-10-01T05:40:58.313+00:00,completed,epsilon,True,True,True,True,,45.108146,50.79719000059413,49.22788000112632,3,61,0.46708730888128713,1.9637715242826204e-07,120.77909200070476,,code,2-0-1-1-0-0-1-1,0.46708750525843956,True,1,batch,False,pso,20,1,swarm
oe3-ofat-pilot-v2,oe3,swarm|batch|bc1|h0|pso|r1|N20|c1,syn-logical_syntactic-functions-r0,logical_syntactic,functions,2,0,15429747080000417372,2026-10-01T05:40:58.364+00:00,completed,epsilon,True,True,True,True,,32.031989,37.95675600122195,36.33435500159976,1,54,0.515574695902924,1.9637715242826204e-07,163.50086599712452,,code,2-0-1-1-1-0-0-1,0.5155748922800765,True,1,batch,False,pso,20,1,swarm
oe3-ofat-pilot-v2,oe3,swarm|batch|bc1|h0|pso|r1|N20|c1,syn-logical_syntactic-functions-r1,logical_syntactic,functions,2,0,294230652380773904,2026-10-01T05:40:58.402+00:00,completed,epsilon,True,True,True,True,,55.816843,62.502396998752374,60.677643999952124,5,74,0.4952350849323206,0.0,163.11849700548305,,code,2-0-1-0-1-0-0-1,0.4952350849323206,True,1,batch,False,pso,20,1,swarm
oe3-ofat-pilot-v2,oe3,swarm|batch|bc1|h0|pso|r1|N20|c1,syn-logical_syntactic-functions-r2,logical_syntactic,functions,2,0,13615402844050324778,2026-10-01T05:40:58.464+00:00,completed,epsilon,True,True,True,True,,36.219868,42.17610100022284,40.63402999963728,1,52,0.4904149498771815,0.007792454060633558,128.49235800124683,,code,2-0-0-0-1-1-1-1,0.49820740393781504,True,1,batch,False,pso,20,1,swarm
oe3-ofat-pilot-v2,oe3,swarm|batch|bc1|h0|pso|r1|N20|c1,syn-logical_syntactic-functions-r3,logical_syntactic,functions,2,0,2628094489362841849,2026-10-01T05:40:58.506+00:00,completed,epsilon,True,True,True,True,,58.149029,64.27514599999995,62.265502998343436,6,78,0.4863599363104456,1.9637715242826204e-07,158.50756100497003,,code,2-0-1-1-1-1-0-1,0.48636013268759803,True,1,batch,False,pso,20,1,swarm
oe3-ofat-pilot-v2,oe3,swarm|batch|bc1|h0|pso|r1|N20|c1,syn-logical_syntactic-functions-r4,logical_syntactic,functions,2,0,2404872287879725645,2026-10-01T05:40:58.571+00:00,completed,epsilon,True,True,True,True,,50.444619,59.005967999837594,57.393552000576165,4,65,0.44882022462120214,0.007230897594028007,128.14214399731145,,code,2-2-0-1-1-0-0-1,0.45605112221523014,True,1,batch,False,pso,20,1,swarm
oe3-ofat-pilot-v2,oe3,swarm|batch|bc1|h0|pso|r1|N20|c1,syn-explanatory_conceptual-sequential-r0,explanatory_conceptual,sequential,2,0,14486601001991957285,2026-10-01T05:40:58.630+00:00,completed,epsilon,True,True,True,True,,44.781977,50.70337099823519,48.956360999000026,2,65,0.467455645058524,0.0,198.95913801780543,,text,0-0-1-0-2-0-0-1,0.467455645058524,True,1,batch,False,pso,20,1,swarm
oe3-ofat-pilot-v2,oe3,swarm|batch|bc1|h0|pso|r1|N20|c1,syn-explanatory_conceptual-sequential-r1,explanatory_conceptual,sequential,2,0,7259571591719946957,2026-10-01T05:40:58.680+00:00,completed,epsilon,True,True,True,True,,58.419639,64.4863079978677,62.77758400028688,4,68,0.4594194596301211,1.9637715242826204e-07,193.12779201356346,,text,0-0-0-1-2-1-0-1,0.4594196560072735,True,1,batch,False,pso,20,1,swarm
oe3-ofat-pilot-v2,oe3,swarm|batch|bc1|h0|pso|r1|N20|c1,syn-explanatory_conceptual-sequential-r2,explanatory_conceptual,sequential,2,0,4560824736483476529,2026-10-01T05:40:58.745+00:00,completed,epsilon,True,True,True,True,,52.879965,61.20684599954984,59.36374800148769,4,73,0.46267412630673177,0.0,196.0506449900596,,text,1-0-1-0-2-0-1-1,0.46267412630673177,True,1,batch,False,pso,20,1,swarm
oe3-ofat-pilot-v2,oe3,swarm|batch|bc1|h0|pso|r1|N20|c1,syn-explanatory_conceptual-sequential-r3,explanatory_conceptual,sequential,2,0,9930174057851836806,2026-10-01T05:40:58.806+00:00,completed,epsilon,True,True,True,True,,37.137163,42.88699699827703,41.37020000052871,2,58,0.4223099039319015,0.026666863043819156,154.61421198719646,,text,1-0-1-1-2-1-2-1,0.44897676697572064,True,1,batch,False,pso,20,1,swarm
oe3-ofat-pilot-v2,oe3,swarm|batch|bc1|h0|pso|r1|N20|c1,syn-explanatory_conceptual-sequential-r4,explanatory_conceptual,sequential,2,0,9320799391319476761,2026-10-01T05:40:58.849+00:00,completed,epsilon,True,True,True,True,,47.279362,55.78105799941113,54.108275999169564,2,63,0.4633307605530749,0.0031722393879051736,154.02728700224563,,text,1-1-1-1-2-0-1-1,0.4665029999409801,True,1,batch,False,pso,20,1,swarm
oe3-ofat-pilot-v2,oe3,swarm|batch|bc1|h0|pso|r1|N20|c1,syn-explanatory_conceptual-conditional-r0,explanatory_conceptual,conditional,2,0,1472434634288188504,2026-10-01T05:40:58.905+00:00,completed,epsilon,True,True,True,True,,51.385401,61.71064600130194,59.951523999188794,3,69,0.4920959978511086,0.003433970195853453,195.83814600537175,,code,2-2-1-2-2-0-1-1,0.49552996804696203,True,1,batch,False,pso,20,1,swarm
oe3-ofat-pilot-v2,oe3,swarm|batch|bc1|h0|pso|r1|N20|c1,syn-explanatory_conceptual-conditional-r1,explanatory_conceptual,conditional,2,0,9456364817232365643,2026-10-01T05:40:58.967+00:00,completed,epsilon,True,True,True,True,,44.555301,50.5316060007317,48.950697000691434,2,60,0.4671881979809899,0.011675640354504468,162.59577700117077,,code,2-1-1-1-2-0-2-1,0.4788638383354944,True,1,batch,False,pso,20,1,swarm
oe3-ofat-pilot-v2,oe3,swarm|batch|bc1|h0|pso|r1|N20|c1,syn-explanatory_conceptual-conditional-r2,explanatory_conceptual,conditional,2,0,5881994369337550437,2026-10-01T05:40:59.017+00:00,completed,epsilon,True,True,True,True,,56.300169,62.1502660033002,60.326363000058336,4,71,0.49030453371259125,1.963771524837732e-07,200.82461900167308,,diagram,1-1-2-1-2-0-1-1,0.49030473008974373,True,1,batch,False,pso,20,1,swarm
oe3-ofat-pilot-v2,oe3,swarm|batch|bc1|h0|pso|r1|N20|c1,syn-explanatory_conceptual-conditional-r3,explanatory_conceptual,conditional,2,0,8435174638097405506,2026-10-01T05:40:59.079+00:00,completed,epsilon,True,True,True,True,,48.61607,57.77679799939506,56.14077599966549,3,64,0.4148613445973051,0.01975708012764349,160.0521140158249,,text,0-1-1-2-2-0-0-1,0.4346184247249486,True,1,batch,False,pso,20,1,swarm
oe3-ofat-pilot-v2,oe3,swarm|batch|bc1|h0|pso|r1|N20|c1,syn-explanatory_conceptual-conditional-r4,explanatory_conceptual,conditional,2,0,16811290955777993261,2026-10-01T05:40:59.137+00:00,completed,epsilon,True,True,True,True,,58.584198,64.5250829984434,62.70507700173766,4,71,0.4651357575077841,3.436600168327253e-07,130.60832700675923,,text,1-1-1-2-2-0-0-1,0.4651361011678009,True,1,batch,False,pso,20,1,swarm
oe3-ofat-pilot-v2,oe3,swarm|batch|bc1|h0|pso|r1|N20|c1,syn-explanatory_conceptual-repetitive-r0,explanatory_conceptual,repetitive,2,0,16651396803649518729,2026-10-01T05:40:59.202+00:00,completed,epsilon,True,True,True,True,,49.028594,54.82324699914898,53.13025400027982,2,59,0.43547017695048224,0.030711075187125847,144.97799100150235,,text,0-1-1-1-2-1-0-1,0.4661812521376081,True,1,batch,False,pso,20,1,swarm
oe3-ofat-pilot-v2,oe3,swarm|batch|bc1|h0|pso|r1|N20|c1,syn-explanatory_conceptual-repetitive-r1,explanatory_conceptual,repetitive,2,0,11245067322156158965,2026-10-01T05:40:59.256+00:00,completed,epsilon,True,True,True,True,,62.828237,69.50191299983999,67.47226600055001,4,73,0.5255407002055713,1.9637715242826204e-07,208.00005800259552,,text,1-0-1-1-2-1-1-1,0.5255408965827237,True,1,batch,False,pso,20,1,swarm
oe3-ofat-pilot-v2,oe3,swarm|batch|bc1|h0|pso|r1|N20|c1,syn-explanatory_conceptual-repetitive-r2,explanatory_conceptual,repetitive,2,0,1941751807694570845,2026-10-01T05:40:59.326+00:00,completed,epsilon,True,True,True,True,,45.581581,52.203727998858085,50.52086599971517,2,65,0.4926804059817048,1.9637715242826204e-07,155.42627401417607,,code,2-0-1-1-2-1-1-1,0.49268060235885724,True,1,batch,False,pso,20,1,swarm
oe3-ofat-pilot-v2,oe3,swarm|batch|bc1|h0|pso|r1|N20|c1,syn-explanatory_conceptual-repetitive-r3,explanatory_conceptual,repetitive,2,0,7312862892071760212,2026-10-01T05:40:59.378+00:00,completed,epsilon,True,True,True,True,,43.090325,48.66264600059367,47.109267998166615,3,60,0.4876839631358145,0.0,139.21905900379056,,code,2-0-1-0-2-1-1-1,0.4876839631358145,True,1,batch,False,pso,20,1,swarm
oe3-ofat-pilot-v2,oe3,swarm|batch|bc1|h0|pso|r1|N20|c1,syn-explanatory_conceptual-repetitive-r4,explanatory_conceptual,repetitive,2,0,11178940480046766617,2026-10-01T05:40:59.427+00:00,completed,epsilon,True,True,True,True,,43.977659,49.76949299816624,48.1309050010168,2,61,0.4741345282329905,1.9637715242826204e-07,157.1505939942171,,text,1-0-0-1-2-1-1-1,0.47413472461014294,True,1,batch,False,pso,20,1,swarm
oe3-ofat-pilot-v2,oe3,swarm|batch|bc1|h0|pso|r1|N20|c1,syn-explanatory_conceptual-arrays_vectors-r0,explanatory_conceptual,arrays_vectors,2,0,3176049071516707528,2026-10-01T05:40:59.477+00:00,completed,epsilon,True,True,True,True,,59.817607,65.84398000268266,64.04252799984533,4,68,0.5055733131691527,0.020082558591373534,142.7507349906414,,text,1-1-1-1-2-0-0-1,0.5256558717605262,True,1,batch,False,pso,20,1,swarm
oe3-ofat-pilot-v2,oe3,swarm|batch|bc1|h0|pso|r1|N20|c1,syn-explanatory_conceptual-arrays_vectors-r1,explanatory_conceptual,arrays_vectors,2,0,11472989949711724537,2026-10-01T05:40:59.542+00:00,completed,epsilon,True,True,True,True,,50.21113,57.94891000186908,56.078722001984715,3,65,0.41024485937043553,0.08001458519143045,187.24590500735408,,text,0-0-1-0-2-0-2-1,0.490259444561866,True,1,batch,False,pso,20,1,swarm
oe3-ofat-pilot-v2,oe3,swarm|batch|bc1|h0|pso|r1|N20|c1,syn-explanatory_conceptual-arrays_vectors-r2,explanatory_conceptual,arrays_vectors,2,0,10382386641063741548,2026-10-01T05:40:59.600+00:00,completed,epsilon,True,True,True,True,,42.474459,51.13069499930134,49.5832260021416,2,58,0.5100818162877178,0.018039935617377045,152.6990819992674,,text,1-0-1-1-2-1-1-1,0.5281217519050948,True,1,batch,False,pso,20,1,swarm
oe3-ofat-pilot-v2,oe3,swarm|batch|bc1|h0|pso|r1|N20|c1,syn-explanatory_conceptual-arrays_vectors-r3,explanatory_conceptual,arrays_vectors,2,0,2259169429594963540,2026-10-01T05:40:59.652+00:00,completed,epsilon,True,True,True,True,,54.706578,63.34653399972012,61.50630699994508,4,70,0.5063865324950001,0.0010553062702161053,154.39851099413517,,text,0-0-1-2-2-0-0-0,0.5074418387652162,True,1,batch,False,pso,20,1,swarm
oe3-ofat-pilot-v2,oe3,swarm|batch|bc1|h0|pso|r1|N20|c1,syn-explanatory_conceptual-arrays_vectors-r4,explanatory_conceptual,arrays_vectors,2,0,16509041288914301223,2026-10-01T05:40:59.715+00:00,completed,epsilon,True,True,True,True,,47.445881,55.96539999896777,54.2147300002398,2,63,0.5030915276840568,0.014696718078363591,162.415967987785,,text,1-1-1-1-2-1-1-1,0.5177882457624204,True,1,batch,False,pso,20,1,swarm
oe3-ofat-pilot-v2,oe3,swarm|batch|bc1|h0|pso|r1|N20|c1,syn-explanatory_conceptual-functions-r0,explanatory_conceptual,functions,2,0,17531483786064496240,2026-10-01T05:40:59.771+00:00,completed,epsilon,True,True,True,True,,40.97832,47.57840299862437,46.13438900196343,2,51,0.48491945174293105,0.025825631697375395,143.54045499923828,,text,1-0-1-1-2-1-0-1,0.5107450834403064,True,1,batch,False,pso,20,1,swarm
oe3-ofat-pilot-v2,oe3,swarm|batch|bc1|h0|pso|r1|N20|c1,syn-explanatory_conceptual-functions-r1,explanatory_conceptual,functions,2,0,2918462925200927164,2026-10-01T05:40:59.818+00:00,completed,epsilon,True,True,True,True,,46.118264,52.294645000074524,50.72878899954958,1,56,0.49084315697603087,0.02257935866073235,157.20203899406442,,code,2-2-1-2-2-0-1-1,0.5134225156367632,True,1,batch,False,pso,20,1,swarm
oe3-ofat-pilot-v2,oe3,swarm|batch|bc1|h0|pso|r1|N20|c1,syn-explanatory_conceptual-functions-r2,explanatory_conceptual,functions,2,0,10502451655373640013,2026-10-01T05:40:59.871+00:00,completed,epsilon,True,True,True,True,,37.636081,43.77779900096357,42.1567800003686,2,59,0.4862088786957507,1.9637715242826204e-07,164.98897498769338,,text,1-0-1-1-2-1-1-1,0.4862090750729031,True,1,batch,False,pso,20,1,swarm
oe3-ofat-pilot-v2,oe3,swarm|batch|bc1|h0|pso|r1|N20|c1,syn-explanatory_conceptual-functions-r3,explanatory_conceptual,functions,2,0,9101098485372157783,2026-10-01T05:40:59.915+00:00,completed,epsilon,True,True,True,True,,44.889775,51.370205997955054,49.71963299976778,2,61,0.4977771280697979,0.007792797720650335,150.01575900798628,,text,1-0-1-2-2-1-1-1,0.5055699257904482,True,1,batch,False,pso,20,1,swarm
oe3-ofat-pilot-v2,oe3,swarm|batch|bc1|h0|pso|r1|N20|c1,syn-explanatory_conceptual-functions-r4,explanatory_conceptual,functions,2,0,2282946250972105915,2026-10-01T05:40:59.966+00:00,completed,epsilon,True,True,True,True,,50.432414,56.85758899926441,54.923694999160944,3,69,0.49970043101958095,0.0,197.2261990058864,,text,1-0-1-0-2-0-1-1,0.49970043101958095,True,1,batch,False,pso,20,1,swarm
oe3-ofat-pilot-v2,oe3,swarm|batch|bc1|h0|pso|r1|N20|c1,syn-balanced_multimodal-sequential-r0,balanced_multimodal,sequential,2,0,8447297626789157734,2026-10-01T05:41:00.023+00:00,completed,epsilon,True,True,True,True,,40.063291,45.879861998400884,44.328224001219496,2,57,0.47478255891106164,0.02008255859137359,108.80227099579325,,diagram,1-1-2-1-1-1-1-1,0.4948651175024352,True,1,batch,False,pso,20,1,swarm
oe3-ofat-pilot-v2,oe3,swarm|batch|bc1|h0|pso|r1|N20|c1,syn-balanced_multimodal-sequential-r1,balanced_multimodal,sequential,2,0,14002032390557949515,2026-10-01T05:41:00.069+00:00,completed,epsilon,True,True,True,True,,46.136325,55.33409800045774,53.312824999011355,2,65,0.48262585468433983,0.003237215939319804,191.57193299414934,,diagram,1-0-2-0-1-1-1-1,0.48586307062365963,True,1,batch,False,pso,20,1,swarm
oe3-ofat-pilot-v2,oe3,swarm|batch|bc1|h0|pso|r1|N20|c1,syn-balanced_multimodal-sequential-r2,balanced_multimodal,sequential,2,0,7504185198732801890,2026-10-01T05:41:00.124+00:00,completed,epsilon,True,True,True,True,,49.087813,59.014074999140576,57.148689000314334,3,67,0.5195514750305952,0.0,168.82171099776556,,code,2-0-1-0-1-1-1-1,0.5195514750305952,True,1,batch,False,pso,20,1,swarm
oe3-ofat-pilot-v2,oe3,swarm|batch|bc1|h0|pso|r1|N20|c1,syn-balanced_multimodal-sequential-r3,balanced_multimodal,sequential,2,0,5533078066589847335,2026-10-01T05:41:00.183+00:00,completed,epsilon,True,True,True,True,,46.620567,55.48296099732397,53.79993099995772,2,63,0.4813460564414294,0.02424922525804024,168.7711739889273,,text,1-1-1-1-2-1-1-1,0.5055952816994697,True,1,batch,False,pso,20,1,swarm
oe3-ofat-pilot-v2,oe3,swarm|batch|bc1|h0|pso|r1|N20|c1,syn-balanced_multimodal-sequential-r4,balanced_multimodal,sequential,2,0,14835646452101714281,2026-10-01T05:41:00.239+00:00,completed,epsilon,True,True,True,True,,43.283546,66.16143599967472,64.52847100081271,2,58,0.4913317894159617,0.015099790233154442,161.3300109976938,,code,1-2-1-1-1-1-1-2,0.5064315796491161,True,1,batch,False,pso,20,1,swarm
oe3-ofat-pilot-v2,oe3,swarm|batch|bc1|h0|pso|r1|N20|c1,syn-balanced_multimodal-conditional-r0,balanced_multimodal,conditional,2,0,18123689100739274857,2026-10-01T05:41:00.305+00:00,completed,epsilon,True,True,True,True,,46.151055,52.133265999145806,50.547240000014426,2,60,0.48780502665661635,0.0036547194033032526,182.00217900417792,,code,2-1-1-1-1-1-1-1,0.4914597460599196,True,1,batch,False,pso,20,1,swarm
oe3-ofat-pilot-v2,oe3,swarm|batch|bc1|h0|pso|r1|N20|c1,syn-balanced_multimodal-conditional-r1,balanced_multimodal,conditional,2,0,8620693703250771292,2026-10-01T05:41:00.357+00:00,completed,epsilon,True,True,True,True,,42.969743,48.79316999722505,47.13517799973488,1,57,0.498809334994812,1.963771524837732e-07,158.0331280122993,,code,1-1-1-1-1-0-1-1,0.4988095313719645,True,1,batch,False,pso,20,1,swarm
oe3-ofat-pilot-v2,oe3,swarm|batch|bc1|h0|pso|r1|N20|c1,syn-balanced_multimodal-conditional-r2,balanced_multimodal,conditional,2,0,4177528802721280060,2026-10-01T05:41:00.406+00:00,completed,epsilon,True,True,True,True,,38.415361,45.42048400253407,43.860370002221316,1,56,0.495726416987283,0.0036548666861676016,172.29469799617448,,code,1-1-1-2-1-1-1-1,0.4993812836734506,True,1,batch,False,pso,20,1,swarm
oe3-ofat-pilot-v2,oe3,swarm|batch|bc1|h0|pso|r1|N20|c1,syn-balanced_multimodal-conditional-r3,balanced_multimodal,conditional,2,0,6004589078447390537,2026-10-01T05:41:00.451+00:00,completed,epsilon,True,True,True,True,,40.953657,46.89339200194809,45.32120799922268,2,58,0.47153478436590585,1.963771524837732e-07,141.7384869892085,,text,1-1-1-1-2-0-1-1,0.47153498074305833,True,1,batch,False,pso,20,1,swarm
oe3-ofat-pilot-v2,oe3,swarm|batch|bc1|h0|pso|r1|N20|c1,syn-balanced_multimodal-conditional-r4,balanced_multimodal,conditional,2,0,15390802926142810456,2026-10-01T05:41:00.498+00:00,completed,epsilon,True,True,True,True,,50.945507,61.07038100162754,59.37741199886659,3,62,0.4844802520968605,0.012531650056822663,148.51341900073962,,code,2-2-1-1-2-1-2-0,0.4970119021536832,True,1,batch,False,pso,20,1,swarm
oe3-ofat-pilot-v2,oe3,swarm|batch|bc1|h0|pso|r1|N20|c1,syn-balanced_multimodal-repetitive-r0,balanced_multimodal,repetitive,2,0,1346203531563287096,2026-10-01T05:41:00.559+00:00,completed,epsilon,True,True,True,True,,54.943474,61.35435499891173,59.450124001159566,3,67,0.5583985455313946,1.9637715242826204e-07,178.28712800431325,,code,2-0-1-1-1-1-2-1,0.558398741908547,True,1,batch,False,pso,20,1,swarm
oe3-ofat-pilot-v2,oe3,swarm|batch|bc1|h0|pso|r1|N20|c1,syn-balanced_multimodal-repetitive-r1,balanced_multimodal,repetitive,2,0,15966608529395865366,2026-10-01T05:41:00.620+00:00,completed,epsilon,True,True,True,True,,58.185654,64.8448889987776,62.74519699945813,4,73,0.5300481474536275,0.0,136.2281069973566,,code,2-0-2-0-2-1-1-1,0.5300481474536275,True,1,batch,False,pso,20,1,swarm
oe3-ofat-pilot-v2,oe3,swarm|batch|bc1|h0|pso|r1|N20|c1,syn-balanced_multimodal-repetitive-r2,balanced_multimodal,repetitive,2,0,12952745568191493432,2026-10-01T05:41:00.685+00:00,completed,epsilon,True,True,True,True,,57.574808,63.83681800070917,62.019536999287084,3,69,0.4762955756523676,0.03073706958579625,168.11151301033874,,code,1-0-1-0-1-1-1-1,0.5070326452381638,True,1,batch,False,pso,20,1,swarm
oe3-ofat-pilot-v2,oe3,swarm|batch|bc1|h0|pso|r1|N20|c1,syn-balanced_multimodal-repetitive-r3,balanced_multimodal,repetitive,2,0,4046630919765129189,2026-10-01T05:41:00.749+00:00,completed,epsilon,True,True,True,True,,47.701976,53.683188001741655,51.98548800035496,3,64,0.4797236134797166,0.038762559857068,184.66561000205292,,code,1-0-1-2-1-1-0-1,0.5184861733367846,True,1,batch,False,pso,20,1,swarm
oe3-ofat-pilot-v2,oe3,swarm|batch|bc1|h0|pso|r1|N20|c1,syn-balanced_multimodal-repetitive-r4,balanced_multimodal,repetitive,2,0,16362929293659838061,2026-10-01T05:41:00.803+00:00,completed,epsilon,True,True,True,True,,48.014761,54.18639100025757,52.567853999789804,2,60,0.5067392843791684,0.0487903141641719,167.47911198983775,,code,1-0-1-0-0-1-1-1,0.5555295985433403,True,1,batch,False,pso,20,1,swarm
oe3-ofat-pilot-v2,oe3,swarm|batch|bc1|h0|pso|r1|N20|c1,syn-balanced_multimodal-arrays_vectors-r0,balanced_multimodal,arrays_vectors,2,0,3584950309651211707,2026-10-01T05:41:00.857+00:00,completed,epsilon,True,True,True,True,,52.381203,61.797018999641296,60.02966199957882,4,63,0.49299394843613076,0.03625376297490435,152.080711004127,,code,2-1-1-1-2-1-1-2,0.5292477114110351,True,1,batch,False,pso,20,1,swarm
oe3-ofat-pilot-v2,oe3,swarm|batch|bc1|h0|pso|r1|N20|c1,syn-balanced_multimodal-arrays_vectors-r1,balanced_multimodal,arrays_vectors,2,0,15889600935136838771,2026-10-01T05:41:00.919+00:00,completed,epsilon,True,True,True,True,,48.587329,55.19330499737407,53.43023100067512,2,65,0.5091265566641985,0.010499076837774401,198.03789599707684,,code,1-2-1-1-1-0-1-1,0.5196256335019729,True,1,batch,False,pso,20,1,swarm
oe3-ofat-pilot-v2,oe3,swarm|batch|bc1|h0|pso|r1|N20|c1,syn-balanced_multimodal-arrays_vectors-r2,balanced_multimodal,arrays_vectors,2,0,14508102243054643269,2026-10-01T05:41:00.974+00:00,completed,epsilon,True,True,True,True,,50.89477,56.757919999654405,55.099533001339296,3,66,0.5407905216435444,0.007792650437785986,145.9000030050775,,text,1-0-1-1-2-1-1-1,0.5485831720813303,True,1,batch,False,pso,20,1,swarm
oe3-ofat-pilot-v2,oe3,swarm|batch|bc1|h0|pso|r1|N20|c1,syn-balanced_multimodal-arrays_vectors-r3,balanced_multimodal,arrays_vectors,2,0,11947795539240216146,2026-10-01T05:41:01.031+00:00,completed,epsilon,True,True,True,True,,55.801544,64.61109700103407,62.88609399780398,3,67,0.5248963310550421,0.026834067592518385,186.2160750089999,,code,1-0-1-1-1-1-1-1,0.5517303986475605,True,1,batch,False,pso,20,1,swarm
oe3-ofat-pilot-v2,oe3,swarm|batch|bc1|h0|pso|r1|N20|c1,syn-balanced_multimodal-arrays_vectors-r4,balanced_multimodal,arrays_vectors,2,0,3917925863049030086,2026-10-01T05:41:01.095+00:00,completed,epsilon,True,True,True,True,,43.03713,51.916686999902595,50.31049500030349,2,60,0.5177445037497578,0.008847809425137743,136.4644369910806,,code,2-0-1-1-1-1-1-0,0.5265923131748955,True,1,batch,False,pso,20,1,swarm
oe3-ofat-pilot-v2,oe3,swarm|batch|bc1|h0|pso|r1|N20|c1,syn-balanced_multimodal-functions-r0,balanced_multimodal,functions,2,0,6550835933060694946,2026-10-01T05:41:01.147+00:00,completed,epsilon,True,True,True,True,,54.403647,63.79298400133848,62.08428800164256,3,65,0.5160737612536089,0.014907226096443349,161.77510100085607,,code,2-2-2-1-1-0-1-1,0.5309809873500523,True,1,batch,False,pso,20,1,swarm
oe3-ofat-pilot-v2,oe3,swarm|batch|bc1|h0|pso|r1|N20|c1,syn-balanced_multimodal-functions-r1,balanced_multimodal,functions,2,0,3881832823610794111,2026-10-01T05:41:01.211+00:00,completed,epsilon,True,True,True,True,,30.480147,40.7156249966647,39.39853799965931,1,45,0.47192920842109976,0.03992579592518952,106.01430800736574,,code,2-2-0-2-1-1-2-1,0.5118550043462893,True,1,batch,False,pso,20,1,swarm
oe3-ofat-pilot-v2,oe3,swarm|batch|bc1|h0|pso|r1|N20|c1,syn-balanced_multimodal-functions-r2,balanced_multimodal,functions,2,0,3016560622276445506,2026-10-01T05:41:01.252+00:00,completed,epsilon,True,True,True,True,,34.971822,45.67707900059759,44.31336000197916,1,50,0.5031640261075007,0.015023498937525859,129.04219100380854,,code,2-2-1-2-1-1-1-1,0.5181875250450265,True,1,batch,False,pso,20,1,swarm
oe3-ofat-pilot-v2,oe3,swarm|batch|bc1|h0|pso|r1|N20|c1,syn-balanced_multimodal-functions-r3,balanced_multimodal,functions,2,0,2061094210757061170,2026-10-01T05:41:01.298+00:00,completed,epsilon,True,True,True,True,,44.884527,53.78927900164854,52.068205000978196,2,62,0.48041095996036154,0.037001814257051624,154.46025499117093,,code,2-2-2-1-2-1-1-1,0.5174127742174132,True,1,batch,False,pso,20,1,swarm
oe3-ofat-pilot-v2,oe3,swarm|batch|bc1|h0|pso|r1|N20|c1,syn-balanced_multimodal-functions-r4,balanced_multimodal,functions,2,0,13400621087723788685,2026-10-01T05:41:01.351+00:00,completed,epsilon,True,True,True,True,,46.197298,55.432701999961864,53.755377000925364,2,63,0.4897476778374586,0.01396218870664273,155.42647297631856,,diagram,1-2-2-0-1-0-1-0,0.5037098665441013,True,1,batch,False,pso,20,1,swarm
oe3-ofat-pilot-v2,oe3,swarm|batch|bc1|h1|pso|r2|N20|c1,syn-visual_dominant-sequential-r0,visual_dominant,sequential,0,0,8580140326324496627,2026-10-01T05:41:03.024+00:00,completed,epsilon,True,True,True,True,,34.752082,41.31718999997247,39.75667399936356,1,56,0.45572350868757355,0.02008255859137359,166.58035900228657,,diagram,1-1-2-1-1-1-0-1,0.47580606727894714,True,1,batch,True,pso,20,2,swarm
oe3-ofat-pilot-v2,oe3,swarm|batch|bc1|h1|pso|r2|N20|c1,syn-visual_dominant-sequential-r1,visual_dominant,sequential,0,0,17048800117076641484,2026-10-01T05:41:03.065+00:00,completed,epsilon,True,True,True,True,,35.424809,40.9343710016401,39.60268400260247,1,53,0.44878503224528293,0.02008255859137359,142.7513930030946,,diagram,1-1-2-1-0-1-1-1,0.4688675908366565,True,1,batch,True,pso,20,2,swarm
oe3-ofat-pilot-v2,oe3,swarm|batch|bc1|h1|pso|r2|N20|c1,syn-visual_dominant-sequential-r2,visual_dominant,sequential,0,0,4355585619346073820,2026-10-01T05:41:03.106+00:00,completed,epsilon,True,True,True,True,,40.255207,46.34102199997869,44.657219001237536,2,58,0.4484135261977656,0.02008255859137359,151.95925899078637,,diagram,1-1-2-1-0-1-0-1,0.4684960847891392,True,1,batch,True,pso,20,2,swarm
oe3-ofat-pilot-v2,oe3,swarm|batch|bc1|h1|pso|r2|N20|c1,syn-visual_dominant-sequential-r3,visual_dominant,sequential,0,0,5551779150201999310,2026-10-01T05:41:03.153+00:00,completed,epsilon,True,True,True,True,,38.313063,44.815352997829905,43.231121002463624,2,56,0.49689284274488765,1.9637715242826204e-07,122.42100799796735,,diagram,1-0-2-1-0-1-1-1,0.4968930391220401,True,1,batch,True,pso,20,2,swarm
oe3-ofat-pilot-v2,oe3,swarm|batch|bc1|h1|pso|r2|N20|c1,syn-visual_dominant-sequential-r4,visual_dominant,sequential,0,0,13994061115368628468,2026-10-01T05:41:03.197+00:00,completed,epsilon,True,True,True,True,,44.674061,50.7838890007406,49.009375001332955,3,61,0.4539909514952264,0.0,133.49221700370768,,diagram,1-0-2-0-1-1-0-1,0.4539909514952264,True,1,batch,True,pso,20,2,swarm
oe3-ofat-pilot-v2,oe3,swarm|batch|bc1|h1|pso|r2|N20|c1,syn-visual_dominant-conditional-r0,visual_dominant,conditional,0,0,11471567894967710186,2026-10-01T05:41:03.248+00:00,completed,epsilon,True,True,True,True,,33.398436,39.411894998920616,37.89346600024146,1,55,0.4683786250362893,0.007792650437786042,160.110709992026,,diagram,1-1-2-1-0-1-0-1,0.47617127547407534,True,1,batch,True,pso,20,2,swarm
oe3-ofat-pilot-v2,oe3,swarm|batch|bc1|h1|pso|r2|N20|c1,syn-visual_dominant-conditional-r1,visual_dominant,conditional,0,0,13928515270300365190,2026-10-01T05:41:03.288+00:00,completed,epsilon,True,True,True,True,,53.337222,59.73644199912087,57.93628999890643,3,67,0.43347702875536903,0.0036547194033032526,173.21466999485375,,diagram,1-1-2-1-0-1-0-1,0.4371317481586723,True,1,batch,True,pso,20,2,swarm
oe3-ofat-pilot-v2,oe3,swarm|batch|bc1|h1|pso|r2|N20|c1,syn-visual_dominant-conditional-r2,visual_dominant,conditional,0,0,7530803405880337628,2026-10-01T05:41:03.347+00:00,completed,epsilon,True,True,True,True,,39.124508,45.02442100056214,43.34695999932592,2,60,0.47576325269917313,1.963771524837732e-07,164.3561990174277,,code,2-1-2-1-1-0-1-1,0.4757634490763256,True,1,batch,True,pso,20,2,swarm
oe3-ofat-pilot-v2,oe3,swarm|batch|bc1|h1|pso|r2|N20|c1,syn-visual_dominant-conditional-r3,visual_dominant,conditional,0,0,12303691227522993195,2026-10-01T05:41:03.392+00:00,completed,epsilon,True,True,True,True,,44.153846,49.71363999720779,48.16101100004744,2,60,0.4537572043126114,0.0036547194033032526,167.49239701644174,,diagram,1-1-2-1-0-1-1-1,0.45741192371591466,True,1,batch,True,pso,20,2,swarm
oe3-ofat-pilot-v2,oe3,swarm|batch|bc1|h1|pso|r2|N20|c1,syn-visual_dominant-conditional-r4,visual_dominant,conditional,0,0,7123775909059268369,2026-10-01T05:41:03.442+00:00,completed,epsilon,True,True,True,True,,29.179666,34.72331100056181,33.277536000241525,1,51,0.43905885028638547,0.009598091106895246,124.4538939933535,,diagram,1-1-2-0-1-0-1-1,0.4486569413932807,True,1,batch,True,pso,20,2,swarm
oe3-ofat-pilot-v2,oe3,swarm|batch|bc1|h1|pso|r2|N20|c1,syn-visual_dominant-repetitive-r0,visual_dominant,repetitive,0,0,3652346516165016234,2026-10-01T05:41:03.477+00:00,completed,epsilon,True,True,True,True,,39.305873,48.61682199771167,47.02950899809366,1,56,0.46998170127395994,0.02008255859137359,185.63116301765075,,diagram,1-1-2-1-1-1-0-1,0.49006425986533353,True,1,batch,True,pso,20,2,swarm
oe3-ofat-pilot-v2,oe3,swarm|batch|bc1|h1|pso|r2|N20|c1,syn-visual_dominant-repetitive-r1,visual_dominant,repetitive,0,0,9493985239135120539,2026-10-01T05:41:03.526+00:00,completed,epsilon,True,True,True,True,,48.344951,57.25365599937504,55.35403199974098,4,63,0.49141108956712465,0.0,146.09229200278162,,code,2-0-2-0-1-1-1-1,0.49141108956712465,True,1,batch,True,pso,20,2,swarm
oe3-ofat-pilot-v2,oe3,swarm|batch|bc1|h1|pso|r2|N20|c1,syn-visual_dominant-repetitive-r2,visual_dominant,repetitive,0,0,15577984090316381348,2026-10-01T05:41:03.583+00:00,completed,epsilon,True,True,True,True,,38.823733,49.98202899878379,47.99553900011233,1,59,0.497368651601852,0.02008255859137359,184.43220099174687,,code,2-1-2-1-1-1-0-1,0.5174512101932256,True,1,batch,True,pso,20,2,swarm
oe3-ofat-pilot-v2,oe3,swarm|batch|bc1|h1|pso|r2|N20|c1,syn-visual_dominant-repetitive-r3,visual_dominant,repetitive,0,0,13061490195280824700,2026-10-01T05:41:03.633+00:00,completed,epsilon,True,True,True,True,,38.184359,49.798156000179006,48.16278100042837,2,48,0.5053299123828249,1.9637715242826204e-07,101.39857900573448,,diagram,1-0-2-1-0-1-0-1,0.5053301087599773,True,1,batch,True,pso,20,2,swarm
oe3-ofat-pilot-v2,oe3,swarm|batch|bc1|h1|pso|r2|N20|c1,syn-visual_dominant-repetitive-r4,visual_dominant,repetitive,0,0,5153165576748431564,2026-10-01T05:41:03.683+00:00,completed,epsilon,True,True,True,True,,37.896,43.87235999820405,42.31254900150816,1,56,0.43539326357179114,0.032214241800902654,180.74389399890305,,diagram,0-1-2-1-0-1-0-1,0.4676075053726938,True,1,batch,True,pso,20,2,swarm
oe3-ofat-pilot-v2,oe3,swarm|batch|bc1|h1|pso|r2|N20|c1,syn-visual_dominant-arrays_vectors-r0,visual_dominant,arrays_vectors,0,0,2484686855457110652,2026-10-01T05:41:03.727+00:00,completed,epsilon,True,True,True,True,,35.423516,44.2807619983796,42.77240599913057,1,52,0.46105976353153516,0.027875012652007147,145.29023700454428,,diagram,1-1-2-1-0-1-0-1,0.4889347761835423,True,1,batch,True,pso,20,2,swarm
oe3-ofat-pilot-v2,oe3,swarm|batch|bc1|h1|pso|r2|N20|c1,syn-visual_dominant-arrays_vectors-r1,visual_dominant,arrays_vectors,0,0,14387502913323118724,2026-10-01T05:41:03.771+00:00,completed,epsilon,True,True,True,True,,47.850281,57.84067599961418,56.23437200119952,2,61,0.4406569611974138,0.01253564549090147,200.64424899097244,,diagram,1-2-2-1-1-0-1-0,0.4531926066883153,True,1,batch,True,pso,20,2,swarm
oe3-ofat-pilot-v2,oe3,swarm|batch|bc1|h1|pso|r2|N20|c1,syn-visual_dominant-arrays_vectors-r2,visual_dominant,arrays_vectors,0,0,18083930375172244621,2026-10-01T05:41:03.829+00:00,completed,epsilon,True,True,True,True,,44.600478,54.046201999881305,52.337892000650754,1,58,0.4939594688494195,0.027875012652007147,201.89513199000277,,diagram,1-1-2-1-1-1-1-1,0.5218344815014266,True,1,batch,True,pso,20,2,swarm
oe3-ofat-pilot-v2,oe3,swarm|batch|bc1|h1|pso|r2|N20|c1,syn-visual_dominant-arrays_vectors-r3,visual_dominant,arrays_vectors,0,0,16074832408338533935,2026-10-01T05:41:03.883+00:00,completed,epsilon,True,True,True,True,,38.109304,47.82835299920407,46.31686300126603,1,52,0.5104383568030326,0.017498999281390648,154.27404999985987,,diagram,0-1-2-1-1-1-0-1,0.5279373560844233,True,1,batch,True,pso,20,2,swarm
oe3-ofat-pilot-v2,oe3,swarm|batch|bc1|h1|pso|r2|N20|c1,syn-visual_dominant-arrays_vectors-r4,visual_dominant,arrays_vectors,0,0,13236652181889018265,2026-10-01T05:41:03.931+00:00,completed,epsilon,True,True,True,True,,46.516554,54.88208699898678,53.27066999961971,2,60,0.49416530121267593,0.003415891924706871,180.6298130024136,,diagram,1-1-2-1-1-0-0-1,0.4975811931373828,True,1,batch,True,pso,20,2,swarm
oe3-ofat-pilot-v2,oe3,swarm|batch|bc1|h1|pso|r2|N20|c1,syn-visual_dominant-functions-r0,visual_dominant,functions,0,0,11375697626506085209,2026-10-01T05:41:03.985+00:00,completed,epsilon,True,True,True,True,,32.549051,42.43999599930248,40.967093998915516,1,50,0.47798454429270243,0.019803777820581292,144.56379199478772,,diagram,1-2-2-1-1-1-0-1,0.4977883221132837,True,1,batch,True,pso,20,2,swarm
oe3-ofat-pilot-v2,oe3,swarm|batch|bc1|h1|pso|r2|N20|c1,syn-visual_dominant-functions-r1,visual_dominant,functions,0,0,12724222799605840855,2026-10-01T05:41:04.028+00:00,completed,epsilon,True,True,True,True,,43.562405,53.14892399837845,51.27823799921316,2,65,0.4941057150421845,0.007792650437785986,179.16717599699422,,code,2-0-2-1-1-1-0-1,0.5018983654799705,True,1,batch,True,pso,20,2,swarm
oe3-ofat-pilot-v2,oe3,swarm|batch|bc1|h1|pso|r2|N20|c1,syn-visual_dominant-functions-r2,visual_dominant,functions,0,0,2855966151648987497,2026-10-01T05:41:04.081+00:00,completed,epsilon,True,True,True,True,,41.966277,50.22564400132978,48.46678499961854,3,64,0.471376010746655,1.9637715242826204e-07,172.11980401423273,,diagram,1-0-2-1-1-0-1-1,0.47137620712380746,True,1,batch,True,pso,20,2,swarm
oe3-ofat-pilot-v2,oe3,swarm|batch|bc1|h1|pso|r2|N20|c1,syn-visual_dominant-functions-r3,visual_dominant,functions,0,0,15496158585802717903,2026-10-01T05:41:04.131+00:00,completed,epsilon,True,True,True,True,,37.30867,47.2721209989686,45.60288699940429,1,58,0.45256029277229026,0.027874816274854664,184.7835689939751,,diagram,1-1-2-0-0-1-1-1,0.4804351090471449,True,1,batch,True,pso,20,2,swarm
oe3-ofat-pilot-v2,oe3,swarm|batch|bc1|h1|pso|r2|N20|c1,syn-visual_dominant-functions-r4,visual_dominant,functions,0,0,10259835321663512086,2026-10-01T05:41:04.179+00:00,completed,epsilon,True,True,True,True,,47.400466,56.0036949973437,54.250385001068935,3,66,0.5026282462686158,1.9637715242826204e-07,162.13535599373694,,code,2-0-2-1-1-1-1-1,0.5026284426457682,True,1,batch,True,pso,20,2,swarm
oe3-ofat-pilot-v2,oe3,swarm|batch|bc1|h1|pso|r2|N20|c1,syn-logical_syntactic-sequential-r0,logical_syntactic,sequential,0,0,13362044807751343064,2026-10-01T05:41:04.235+00:00,completed,epsilon,True,True,True,True,,35.757272,45.21547100011958,43.7242209991382,1,54,0.4761350201294624,0.020082362214221106,170.29850399741224,,code,2-1-1-0-0-1-0-1,0.4962173823436835,True,1,batch,True,pso,20,2,swarm
oe3-ofat-pilot-v2,oe3,swarm|batch|bc1|h1|pso|r2|N20|c1,syn-logical_syntactic-sequential-r1,logical_syntactic,sequential,0,0,14311645315440717423,2026-10-01T05:41:04.280+00:00,completed,epsilon,True,True,True,True,,55.699681,64.55613400248694,62.886515999707626,3,67,0.4825463618186212,0.0,228.71459600319596,,code,2-0-1-0-1-1-0-1,0.4825463618186212,True,1,batch,True,pso,20,2,swarm
oe3-ofat-pilot-v2,oe3,swarm|batch|bc1|h1|pso|r2|N20|c1,syn-logical_syntactic-sequential-r2,logical_syntactic,sequential,0,0,15643440995604996842,2026-10-01T05:41:04.344+00:00,completed,epsilon,True,True,True,True,,30.313127,39.06213700247463,37.58519300026819,1,50,0.5052479809084092,0.0034158919247069264,147.00650200551678,,code,2-1-0-1-1-1-1-1,0.5086638728331161,True,1,batch,True,pso,20,2,swarm
oe3-ofat-pilot-v2,oe3,swarm|batch|bc1|h1|pso|r2|N20|c1,syn-logical_syntactic-sequential-r3,logical_syntactic,sequential,0,0,16960600487627624599,2026-10-01T05:41:04.383+00:00,completed,epsilon,True,True,True,True,,47.99543,56.843871003366075,55.14946200128179,3,64,0.47454039043400664,1.9637715242826204e-07,186.84646900922294,,code,2-0-1-1-1-1-0-1,0.47454058681115907,True,1,batch,True,pso,20,2,swarm
oe3-ofat-pilot-v2,oe3,swarm|batch|bc1|h1|pso|r2|N20|c1,syn-logical_syntactic-sequential-r4,logical_syntactic,sequential,0,0,17250185977012485747,2026-10-01T05:41:04.440+00:00,completed,epsilon,True,True,True,True,,49.949669,58.77210399921751,57.1265399994445,3,62,0.49533228036449595,0.0010555026473685336,165.89464599691524,,code,2-0-1-2-1-0-0-0,0.4963877830118645,True,1,batch,True,pso,20,2,swarm
oe3-ofat-pilot-v2,oe3,swarm|batch|bc1|h1|pso|r2|N20|c1,syn-logical_syntactic-conditional-r0,logical_syntactic,conditional,0,0,4732552759670585228,2026-10-01T05:41:04.499+00:00,completed,epsilon,True,True,True,True,,36.785588,42.74187899864046,41.17888100154232,1,59,0.4552124341978106,0.0036547194033032526,188.58607299357644,,code,2-1-1-1-0-1-0-1,0.45886715360111385,True,1,batch,True,pso,20,2,swarm
oe3-ofat-pilot-v2,oe3,swarm|batch|bc1|h1|pso|r2|N20|c1,syn-logical_syntactic-conditional-r1,logical_syntactic,conditional,0,0,16767561851559065070,2026-10-01T05:41:04.542+00:00,completed,epsilon,True,True,True,True,,40.469454,46.1571300002106,44.548824000230525,2,61,0.4440319075303329,0.007792650437786042,173.79456700388684,,code,2-1-1-1-0-1-0-1,0.45182455796811893,True,1,batch,True,pso,20,2,swarm
oe3-ofat-pilot-v2,oe3,swarm|batch|bc1|h1|pso|r2|N20|c1,syn-logical_syntactic-conditional-r2,logical_syntactic,conditional,0,0,6973891702751108736,2026-10-01T05:41:04.588+00:00,completed,epsilon,True,True,True,True,,37.790298,43.274502000713255,41.796764999162406,1,53,0.4631068467146388,0.0036547194033032526,147.07632399894868,,code,2-1-1-1-0-1-1-1,0.46676156611794206,True,1,batch,True,pso,20,2,swarm
oe3-ofat-pilot-v2,oe3,swarm|batch|bc1|h1|pso|r2|N20|c1,syn-logical_syntactic-conditional-r3,logical_syntactic,conditional,0,0,6626061848004110554,2026-10-01T05:41:04.631+00:00,completed,epsilon,True,True,True,True,,30.571319,36.17800800202531,34.788847999152495,1,51,0.4614734643861827,0.007792650437786042,131.1472259959753,,code,2-1-1-1-0-1-0-1,0.46926611482396874,True,1,batch,True,pso,20,2,swarm
oe3-ofat-pilot-v2,oe3,swarm|batch|bc1|h1|pso|r2|N20|c1,syn-logical_syntactic-conditional-r4,logical_syntactic,conditional,0,0,2581103798954869873,2026-10-01T05:41:04.668+00:00,completed,epsilon,True,True,True,True,,31.576018,37.53114500068477,36.04631100097322,1,51,0.4839345737065493,0.0036547194033032526,142.38620399279526,,code,2-1-1-1-1-1-1-1,0.48758929310985255,True,1,batch,True,pso,20,2,swarm
oe3-ofat-pilot-v2,oe3,swarm|batch|bc1|h1|pso|r2|N20|c1,syn-logical_syntactic-repetitive-r0,logical_syntactic,repetitive,0,0,2563900073831829840,2026-10-01T05:41:04.705+00:00,completed,epsilon,True,True,True,True,,35.557015,43.75372699723812,42.20880700086127,1,56,0.45068774937313677,0.02008255859137359,171.64813500548505,,code,2-1-2-1-0-1-1-1,0.47077030796451036,True,1,batch,True,pso,20,2,swarm
oe3-ofat-pilot-v2,oe3,swarm|batch|bc1|h1|pso|r2|N20|c1,syn-logical_syntactic-repetitive-r1,logical_syntactic,repetitive,0,0,1690962082425471307,2026-10-01T05:41:04.749+00:00,completed,epsilon,True,True,True,True,,38.845355,45.36854600155493,43.89960700063966,1,56,0.46854772531455674,0.02008255859137359,186.3036049959378,,code,2-1-1-1-0-1-0-1,0.48863028390593033,True,1,batch,True,pso,20,2,swarm
oe3-ofat-pilot-v2,oe3,swarm|batch|bc1|h1|pso|r2|N20|c1,syn-logical_syntactic-repetitive-r2,logical_syntactic,repetitive,0,0,12298035747105259136,2026-10-01T05:41:04.794+00:00,completed,epsilon,True,True,True,True,,40.318254,49.52156700164778,47.85591300242231,1,53,0.48860682289608054,0.02008255859137359,153.7085479746445,,code,2-1-1-1-1-1-1-1,0.5086893814874541,True,1,batch,True,pso,20,2,swarm
oe3-ofat-pilot-v2,oe3,swarm|batch|bc1|h1|pso|r2|N20|c1,syn-logical_syntactic-repetitive-r3,logical_syntactic,repetitive,0,0,6665076571321463288,2026-10-01T05:41:04.844+00:00,completed,epsilon,True,True,True,True,,48.133268,56.96369399811374,55.23053700017044,3,63,0.48216814861223045,0.0,144.08295400900855,,code,2-0-1-0-1-1-0-1,0.48216814861223045,True,1,batch,True,pso,20,2,swarm
oe3-ofat-pilot-v2,oe3,swarm|batch|bc1|h1|pso|r2|N20|c1,syn-logical_syntactic-repetitive-r4,logical_syntactic,repetitive,0,0,3613547958009930106,2026-10-01T05:41:04.901+00:00,completed,epsilon,True,True,True,True,,41.747155,48.11867199896369,46.51357300099335,2,61,0.4154283128506681,0.028970245585525245,159.96364601014716,,code,2-1-1-1-0-1-0-1,0.44439855843619336,True,1,batch,True,pso,20,2,swarm
oe3-ofat-pilot-v2,oe3,swarm|batch|bc1|h1|pso|r2|N20|c1,syn-logical_syntactic-arrays_vectors-r0,logical_syntactic,arrays_vectors,0,0,14948705039163960895,2026-10-01T05:41:04.949+00:00,completed,epsilon,True,True,True,True,,33.377764,42.28431200317573,40.782940999633865,1,51,0.4856184373133194,0.02008255859137359,140.5243590062336,,code,2-1-1-1-0-0-1-1,0.505700995904693,True,1,batch,True,pso,20,2,swarm
oe3-ofat-pilot-v2,oe3,swarm|batch|bc1|h1|pso|r2|N20|c1,syn-logical_syntactic-arrays_vectors-r1,logical_syntactic,arrays_vectors,0,0,13327273701071249688,2026-10-01T05:41:04.991+00:00,completed,epsilon,True,True,True,True,,49.076614,58.5455020009249,56.718670999543974,2,65,0.47317793671230085,0.010866792799564984,170.97853399534148,,code,2-2-1-1-1-0-0-1,0.48404472951186583,True,1,batch,True,pso,20,2,swarm
oe3-ofat-pilot-v2,oe3,swarm|batch|bc1|h1|pso|r2|N20|c1,syn-logical_syntactic-arrays_vectors-r2,logical_syntactic,arrays_vectors,0,0,7678510444233138347,2026-10-01T05:41:05.050+00:00,completed,epsilon,True,True,True,True,,38.214958,47.086131999094505,45.34233999947901,1,59,0.49083089405366653,0.027874816274854664,205.26635100812302,,code,2-1-1-0-0-1-0-1,0.5187057103285212,True,1,batch,True,pso,20,2,swarm
oe3-ofat-pilot-v2,oe3,swarm|batch|bc1|h1|pso|r2|N20|c1,syn-logical_syntactic-arrays_vectors-r3,logical_syntactic,arrays_vectors,0,0,3475821061836782133,2026-10-01T05:41:05.097+00:00,completed,epsilon,True,True,True,True,,47.420485,57.05315199884353,55.43972200030112,2,62,0.5279095277556373,1.472828643489521e-07,184.01982698672407,,code,2-0-1-2-1-0-1-1,0.5279096750385016,True,1,batch,True,pso,20,2,swarm
oe3-ofat-pilot-v2,oe3,swarm|batch|bc1|h1|pso|r2|N20|c1,syn-logical_syntactic-arrays_vectors-r4,logical_syntactic,arrays_vectors,0,0,15069723113616053544,2026-10-01T05:41:05.154+00:00,completed,epsilon,True,True,True,True,,44.103394,52.89512400122476,51.158002999727614,2,60,0.4592948548206536,0.007792650437785986,160.4805040059843,,code,2-0-1-1-0-1-1-1,0.46708750525843956,True,1,batch,True,pso,20,2,swarm
oe3-ofat-pilot-v2,oe3,swarm|batch|bc1|h1|pso|r2|N20|c1,syn-logical_syntactic-functions-r0,logical_syntactic,functions,0,0,15105445333404857368,2026-10-01T05:41:05.207+00:00,completed,epsilon,True,True,True,True,,34.953022,43.66428600042127,41.97322300024098,1,53,0.4876998796280693,0.027875012652007147,150.26044298475685,,code,2-1-1-1-1-1-0-1,0.5155748922800765,True,1,batch,True,pso,20,2,swarm
oe3-ofat-pilot-v2,oe3,swarm|batch|bc1|h1|pso|r2|N20|c1,syn-logical_syntactic-functions-r1,logical_syntactic,functions,0,0,7545233351544256523,2026-10-01T05:41:05.250+00:00,completed,epsilon,True,True,True,True,,35.734151,44.63939700144692,43.06340200128034,1,58,0.4742120227778769,0.021023062154443717,160.2240630173611,,code,2-0-1-2-0-0-0-1,0.4952350849323206,True,1,batch,True,pso,20,2,swarm
oe3-ofat-pilot-v2,oe3,swarm|batch|bc1|h1|pso|r2|N20|c1,syn-logical_syntactic-functions-r2,logical_syntactic,functions,0,0,6130147880867857550,2026-10-01T05:41:05.295+00:00,completed,epsilon,True,True,True,True,,39.822343,48.647695999534335,46.977809000964044,1,59,0.4703323912858079,0.027875012652007147,195.1464500077924,,code,2-1-0-1-1-1-1-1,0.49820740393781504,True,1,batch,True,pso,20,2,swarm
oe3-ofat-pilot-v2,oe3,swarm|batch|bc1|h1|pso|r2|N20|c1,syn-logical_syntactic-functions-r3,logical_syntactic,functions,0,0,4820333934433401313,2026-10-01T05:41:05.344+00:00,completed,epsilon,True,True,True,True,,32.138847,40.86766600084957,39.34496900183149,1,56,0.46627757409622445,0.02008255859137359,179.31092900942062,,code,2-1-1-1-1-1-0-1,0.48636013268759803,True,1,batch,True,pso,20,2,swarm
oe3-ofat-pilot-v2,oe3,swarm|batch|bc1|h1|pso|r2|N20|c1,syn-logical_syntactic-functions-r4,logical_syntactic,functions,0,0,10275058418311301455,2026-10-01T05:41:05.385+00:00,completed,epsilon,True,True,True,True,,47.730393,53.54194399842527,51.78546299794107,3,66,0.44825847177744416,0.007792650437785986,171.02238800796724,,code,2-0-0-1-1-1-0-1,0.45605112221523014,True,1,batch,True,pso,20,2,swarm
oe3-ofat-pilot-v2,oe3,swarm|batch|bc1|h1|pso|r2|N20|c1,syn-explanatory_conceptual-sequential-r0,explanatory_conceptual,sequential,0,0,14947352377729861017,2026-10-01T05:41:05.438+00:00,completed,epsilon,True,True,True,True,,50.700676,59.05797900049947,57.19862500336603,4,71,0.467455645058524,0.0,180.2200089921438,,text,0-0-1-0-2-0-0-1,0.467455645058524,True,1,batch,True,pso,20,2,swarm
oe3-ofat-pilot-v2,oe3,swarm|batch|bc1|h1|pso|r2|N20|c1,syn-explanatory_conceptual-sequential-r1,explanatory_conceptual,sequential,0,0,3272787541859846898,2026-10-01T05:41:05.497+00:00,completed,epsilon,True,True,True,True,,35.709956,45.32556400226895,43.821367999044014,1,50,0.45267043074923324,0.006749225258040281,156.62350699073917,,text,0-1-0-1-2-1-0-1,0.4594196560072735,True,1,batch,True,pso,20,2,swarm
oe3-ofat-pilot-v2,oe3,swarm|batch|bc1|h1|pso|r2|N20|c1,syn-explanatory_conceptual-sequential-r2,explanatory_conceptual,sequential,0,0,7023970792698232399,2026-10-01T05:41:05.543+00:00,completed,epsilon,True,True,True,True,,58.356918,68.35350300025311,66.44949200199335,4,73,0.45488132858608143,0.007792797720650335,195.23059200327467,,text,1-0-1-2-2-1-1-1,0.46267412630673177,True,1,batch,True,pso,20,2,swarm
oe3-ofat-pilot-v2,oe3,swarm|batch|bc1|h1|pso|r2|N20|c1,syn-explanatory_conceptual-sequential-r3,explanatory_conceptual,sequential,0,0,15905282458092997945,2026-10-01T05:41:05.611+00:00,completed,epsilon,True,True,True,True,,44.880692,53.434990000823746,51.88743200051249,2,57,0.4489765705985682,1.9637715242826204e-07,170.22240101679483,,text,1-0-1-1-2-1-1-1,0.44897676697572064,True,1,batch,True,pso,20,2,swarm
oe3-ofat-pilot-v2,oe3,swarm|batch|bc1|h1|pso|r2|N20|c1,syn-explanatory_conceptual-sequential-r4,explanatory_conceptual,sequential,0,0,16212943396658008924,2026-10-01T05:41:05.664+00:00,completed,epsilon,True,True,True,True,,51.663787,61.36621699988609,59.5958329977293,3,66,0.45722945344337185,0.009273546497608254,208.39371099090667,,text,1-1-1-0-2-1-1-1,0.4665029999409801,True,1,batch,True,pso,20,2,swarm
oe3-ofat-pilot-v2,oe3,swarm|batch|bc1|h1|pso|r2|N20|c1,syn-explanatory_conceptual-conditional-r0,explanatory_conceptual,conditional,0,0,5916953307552671090,2026-10-01T05:41:05.726+00:00,completed,epsilon,True,True,True,True,,33.894562,39.600832998985425,38.097504002507776,1,51,0.487737317609176,0.007792650437786042,139.58052398863052,,code,2-1-1-1-2-1-1-1,0.49552996804696203,True,1,batch,True,pso,20,2,swarm
oe3-ofat-pilot-v2,oe3,swarm|batch|bc1|h1|pso|r2|N20|c1,syn-explanatory_conceptual-conditional-r1,explanatory_conceptual,conditional,0,0,18124705353368190302,2026-10-01T05:41:05.765+00:00,completed,epsilon,True,True,True,True,,39.035243,44.823841999459546,43.462329002068145,2,51,0.47520911893219114,0.0036547194033032526,113.83022798877099,,text,1-1-1-1-2-1-1-1,0.4788638383354944,True,1,batch,True,pso,20,2,swarm
oe3-ofat-pilot-v2,oe3,swarm|batch|bc1|h1|pso|r2|N20|c1,syn-explanatory_conceptual-conditional-r2,explanatory_conceptual,conditional,0,0,1341896759769893857,2026-10-01T05:41:05.810+00:00,completed,epsilon,True,True,True,True,,32.112221,37.536002997512696,36.10955000112881,1,53,0.4825120796519577,0.007792650437786042,146.2758710108559,,diagram,1-1-2-1-2-1-1-1,0.49030473008974373,True,1,batch,True,pso,20,2,swarm
oe3-ofat-pilot-v2,oe3,swarm|batch|bc1|h1|pso|r2|N20|c1,syn-explanatory_conceptual-conditional-r3,explanatory_conceptual,conditional,0,0,11332394261640184133,2026-10-01T05:41:05.848+00:00,completed,epsilon,True,True,True,True,,44.635574,50.88891600098577,49.26385399812716,2,60,0.43096370532164535,0.0036547194033032526,163.87287999583157,,text,1-1-0-1-2-1-0-1,0.4346184247249486,True,1,batch,True,pso,20,2,swarm
oe3-ofat-pilot-v2,oe3,swarm|batch|bc1|h1|pso|r2|N20|c1,syn-explanatory_conceptual-conditional-r4,explanatory_conceptual,conditional,0,0,8670080275324173838,2026-10-01T05:41:05.899+00:00,completed,epsilon,True,True,True,True,,42.334323,48.512520999793196,46.7145980001078,2,62,0.45734345073001487,0.007792650437786042,191.79962399419983,,text,1-1-1-1-2-1-0-1,0.4651361011678009,True,1,batch,True,pso,20,2,swarm
oe3-ofat-pilot-v2,oe3,swarm|batch|bc1|h1|pso|r2|N20|c1,syn-explanatory_conceptual-repetitive-r0,explanatory_conceptual,repetitive,0,0,3237454591878846868,2026-10-01T05:41:05.947+00:00,completed,epsilon,True,True,True,True,,31.637541,37.63145900302334,36.13899799893261,1,52,0.43547017695048224,0.030711075187125847,143.88010599407662,,text,0-1-1-1-2-1-0-1,0.4661812521376081,True,1,batch,True,pso,20,2,swarm
oe3-ofat-pilot-v2,oe3,swarm|batch|bc1|h1|pso|r2|N20|c1,syn-explanatory_conceptual-repetitive-r1,explanatory_conceptual,repetitive,0,0,10148232421566165977,2026-10-01T05:41:05.985+00:00,completed,epsilon,True,True,True,True,,47.784048,54.218512999796076,52.46879999685916,2,60,0.5255407002055713,1.9637715242826204e-07,163.58294301426344,,text,1-0-1-1-2-1-1-1,0.5255408965827237,True,1,batch,True,pso,20,2,swarm
oe3-ofat-pilot-v2,oe3,swarm|batch|bc1|h1|pso|r2|N20|c1,syn-explanatory_conceptual-repetitive-r2,explanatory_conceptual,repetitive,0,0,10189736659373836677,2026-10-01T05:41:06.039+00:00,completed,epsilon,True,True,True,True,,34.065997,42.37062500033062,40.86981600266881,1,52,0.49088145414572526,0.0017991482131319847,141.710564986352,,text,1-0-1-1-2-1-1-1,0.49268060235885724,True,1,batch,True,pso,20,2,swarm
oe3-ofat-pilot-v2,oe3,swarm|batch|bc1|h1|pso|r2|N20|c1,syn-explanatory_conceptual-repetitive-r3,explanatory_conceptual,repetitive,0,0,5679236231213962541,2026-10-01T05:41:06.081+00:00,completed,epsilon,True,True,True,True,,41.479839,47.38491799798794,45.79824699976598,2,60,0.47773671108267024,0.009947252053144284,144.117763986534,,text,1-0-1-0-2-1-1-1,0.4876839631358145,True,1,batch,True,pso,20,2,swarm
oe3-ofat-pilot-v2,oe3,swarm|batch|bc1|h1|pso|r2|N20|c1,syn-explanatory_conceptual-repetitive-r4,explanatory_conceptual,repetitive,0,0,615434091092212846,2026-10-01T05:41:06.129+00:00,completed,epsilon,True,True,True,True,,35.546281,41.341135001857765,39.74699599712039,1,55,0.45405216601876935,0.02008255859137359,130.95160198840173,,text,1-1-0-1-2-1-1-1,0.47413472461014294,True,1,batch,True,pso,20,2,swarm
oe3-ofat-pilot-v2,oe3,swarm|batch|bc1|h1|pso|r2|N20|c1,syn-explanatory_conceptual-arrays_vectors-r0,explanatory_conceptual,arrays_vectors,0,0,8420274505294676143,2026-10-01T05:41:06.170+00:00,completed,epsilon,True,True,True,True,,33.489855,39.77090999978827,38.200992999918526,1,56,0.49778085910851905,0.027875012652007147,162.55430298525434,,text,1-1-1-1-2-1-0-1,0.5256558717605262,True,1,batch,True,pso,20,2,swarm
oe3-ofat-pilot-v2,oe3,swarm|batch|bc1|h1|pso|r2|N20|c1,syn-explanatory_conceptual-arrays_vectors-r1,explanatory_conceptual,arrays_vectors,0,0,11621185609108110648,2026-10-01T05:41:06.210+00:00,completed,epsilon,True,True,True,True,,34.682614,43.82016000090516,42.352892000053544,1,51,0.4615647597787113,0.028694684783154678,135.8691130210984,,text,0-1-0-1-2-1-1-1,0.490259444561866,True,1,batch,True,pso,20,2,swarm
oe3-ofat-pilot-v2,oe3,swarm|batch|bc1|h1|pso|r2|N20|c1,syn-explanatory_conceptual-arrays_vectors-r2,explanatory_conceptual,arrays_vectors,0,0,3616904053699891200,2026-10-01T05:41:06.254+00:00,completed,epsilon,True,True,True,True,,32.73579,39.09821799970814,37.538683998718625,1,53,0.5002467392530876,0.027875012652007203,148.70081598877906,,diagram,0-1-2-1-2-1-1-1,0.5281217519050948,True,1,batch,True,pso,20,2,swarm
oe3-ofat-pilot-v2,oe3,swarm|batch|bc1|h1|pso|r2|N20|c1,syn-explanatory_conceptual-arrays_vectors-r3,explanatory_conceptual,arrays_vectors,0,0,9640228565651749554,2026-10-01T05:41:06.293+00:00,completed,epsilon,True,True,True,True,,36.363095,42.28099600004498,40.84805700040306,1,51,0.4899428394838256,0.017498999281390593,133.27945699960915,,text,0-1-1-1-2-1-0-1,0.5074418387652162,True,1,batch,True,pso,20,2,swarm
oe3-ofat-pilot-v2,oe3,swarm|batch|bc1|h1|pso|r2|N20|c1,syn-explanatory_conceptual-arrays_vectors-r4,explanatory_conceptual,arrays_vectors,0,0,12383051168938743430,2026-10-01T05:41:06.335+00:00,completed,epsilon,True,True,True,True,,39.65885,45.50741300045047,43.911550998018356,2,53,0.5099955953246345,0.007792650437785986,137.0157530115734,,text,1-0-1-1-2-1-1-1,0.5177882457624204,True,1,batch,True,pso,20,2,swarm
oe3-ofat-pilot-v2,oe3,swarm|batch|bc1|h1|pso|r2|N20|c1,syn-explanatory_conceptual-functions-r0,explanatory_conceptual,functions,0,0,4847129841761666601,2026-10-01T05:41:06.381+00:00,completed,epsilon,True,True,True,True,,33.283573,42.08938499868964,40.60773499804782,1,51,0.4945698834876539,0.01617519995265254,127.7414610017398,,text,1-2-1-1-2-0-1-1,0.5107450834403064,True,1,batch,True,pso,20,2,swarm
oe3-ofat-pilot-v2,oe3,swarm|batch|bc1|h1|pso|r2|N20|c1,syn-explanatory_conceptual-functions-r1,explanatory_conceptual,functions,0,0,8968182148387190867,2026-10-01T05:41:06.423+00:00,completed,epsilon,True,True,True,True,,55.865812,67.98167600209126,66.20373900295817,4,69,0.4985151422574555,0.014907373379307698,153.55125301107975,,code,2-2-1-2-2-0-0-1,0.5134225156367632,True,1,batch,True,pso,20,2,swarm
oe3-ofat-pilot-v2,oe3,swarm|batch|bc1|h1|pso|r2|N20|c1,syn-explanatory_conceptual-functions-r2,explanatory_conceptual,functions,0,0,15850266999198055000,2026-10-01T05:41:06.491+00:00,completed,epsilon,True,True,True,True,,46.781455,52.86132499895757,51.17444699862972,3,67,0.4811703400530759,0.005038735019827212,152.8662060002493,,text,1-0-1-1-2-1-0-1,0.4862090750729031,True,1,batch,True,pso,20,2,swarm
oe3-ofat-pilot-v2,oe3,swarm|batch|bc1|h1|pso|r2|N20|c1,syn-explanatory_conceptual-functions-r3,explanatory_conceptual,functions,0,0,15409255459732107106,2026-10-01T05:41:06.544+00:00,completed,epsilon,True,True,True,True,,32.721387,38.3513100023265,36.9579780017375,1,54,0.49777727535266225,0.007792650437785986,148.90767999463642,,text,1-0-1-1-2-1-1-1,0.5055699257904482,True,1,batch,True,pso,20,2,swarm
oe3-ofat-pilot-v2,oe3,swarm|batch|bc1|h1|pso|r2|N20|c1,syn-explanatory_conceptual-functions-r4,explanatory_conceptual,functions,0,0,13584105466744503536,2026-10-01T05:41:06.582+00:00,completed,epsilon,True,True,True,True,,40.362473,48.93476900178939,47.3787769988121,2,58,0.4919079769589474,0.007792454060633558,120.63068499385021,,text,1-0-1-0-2-1-1-1,0.49970043101958095,True,1,batch,True,pso,20,2,swarm
oe3-ofat-pilot-v2,oe3,swarm|batch|bc1|h1|pso|r2|N20|c1,syn-balanced_multimodal-sequential-r0,balanced_multimodal,sequential,0,0,12829628287881295465,2026-10-01T05:41:06.631+00:00,completed,epsilon,True,True,True,True,,44.645819,52.73824300093111,51.06427400096436,2,62,0.4948649211252828,1.9637715242826204e-07,172.08513399550887,,diagram,1-0-2-1-1-1-1-1,0.4948651175024352,True,1,batch,True,pso,20,2,swarm
oe3-ofat-pilot-v2,oe3,swarm|batch|bc1|h1|pso|r2|N20|c1,syn-balanced_multimodal-sequential-r1,balanced_multimodal,sequential,0,0,15851898587384579384,2026-10-01T05:41:06.684+00:00,completed,epsilon,True,True,True,True,,38.202839,44.29255400100374,42.700910998973995,1,59,0.46254329609296624,0.023319774530693393,183.68737901982524,,diagram,1-1-2-1-1-1-1-1,0.48586307062365963,True,1,batch,True,pso,20,2,swarm
oe3-ofat-pilot-v2,oe3,swarm|batch|bc1|h1|pso|r2|N20|c1,syn-balanced_multimodal-sequential-r2,balanced_multimodal,sequential,0,0,9812259528755781404,2026-10-01T05:41:06.728+00:00,completed,epsilon,True,True,True,True,,42.494669,50.71103400041466,49.02731100082747,2,60,0.5195512786534427,1.9637715242826204e-07,171.2865280129132,,code,2-0-1-1-1-1-1-1,0.5195514750305952,True,1,batch,True,pso,20,2,swarm
oe3-ofat-pilot-v2,oe3,swarm|batch|bc1|h1|pso|r2|N20|c1,syn-balanced_multimodal-sequential-r3,balanced_multimodal,sequential,0,0,17396203175820366605,2026-10-01T05:41:06.779+00:00,completed,epsilon,True,True,True,True,,52.819969,61.05500799822039,59.41131099825725,3,64,0.5055952816994697,0.0,172.76286798673377,,text,1-0-1-0-2-1-1-1,0.5055952816994697,True,1,batch,True,pso,20,2,swarm
oe3-ofat-pilot-v2,oe3,swarm|batch|bc1|h1|pso|r2|N20|c1,syn-balanced_multimodal-sequential-r4,balanced_multimodal,sequential,0,0,16072189927809315852,2026-10-01T05:41:06.840+00:00,completed,epsilon,True,True,True,True,,48.553257,58.38228300126502,56.62348699843278,3,66,0.4997105397388589,0.006721039910257187,167.5572989836115,,code,2-2-2-1-2-1-2-1,0.5064315796491161,True,1,batch,True,pso,20,2,swarm
oe3-ofat-pilot-v2,oe3,swarm|batch|bc1|h1|pso|r2|N20|c1,syn-balanced_multimodal-conditional-r0,balanced_multimodal,conditional,0,0,9492171042143771967,2026-10-01T05:41:06.898+00:00,completed,epsilon,True,True,True,True,,38.914068,44.68235699823708,43.21511599846417,1,54,0.48780502665661635,0.0036547194033032526,157.02535899657008,,code,2-1-1-1-1-1-1-1,0.4914597460599196,True,1,batch,True,pso,20,2,swarm
oe3-ofat-pilot-v2,oe3,swarm|batch|bc1|h1|pso|r2|N20|c1,syn-balanced_multimodal-conditional-r1,balanced_multimodal,conditional,0,0,12567349465944861023,2026-10-01T05:41:06.943+00:00,completed,epsilon,True,True,True,True,,34.33417,40.305368002009345,38.834381997730816,1,52,0.4988095313719645,0.0,148.0263009947089,,code,1-1-1-0-1-0-1-1,0.4988095313719645,True,1,batch,True,pso,20,2,swarm
oe3-ofat-pilot-v2,oe3,swarm|batch|bc1|h1|pso|r2|N20|c1,syn-balanced_multimodal-conditional-r2,balanced_multimodal,conditional,0,0,4742918314447581142,2026-10-01T05:41:06.983+00:00,completed,epsilon,True,True,True,True,,35.850253,41.81782699743053,40.39236999960849,1,52,0.4784409614577118,0.02094032221573877,156.65015599142728,,code,2-1-1-1-2-1-2-1,0.4993812836734506,True,1,batch,True,pso,20,2,swarm
oe3-ofat-pilot-v2,oe3,swarm|batch|bc1|h1|pso|r2|N20|c1,syn-balanced_multimodal-conditional-r3,balanced_multimodal,conditional,0,0,11394639668150330671,2026-10-01T05:41:07.025+00:00,completed,epsilon,True,True,True,True,,29.988798,35.54031900057453,34.122918998036766,1,51,0.4637423303052723,0.007792650437786042,142.3517879792308,,text,1-1-1-1-2-1-1-1,0.47153498074305833,True,1,batch,True,pso,20,2,swarm
oe3-ofat-pilot-v2,oe3,swarm|batch|bc1|h1|pso|r2|N20|c1,syn-balanced_multimodal-conditional-r4,balanced_multimodal,conditional,0,0,2277667993778051270,2026-10-01T05:41:07.061+00:00,completed,epsilon,True,True,True,True,,47.550024,57.00446999981068,54.94316499971319,3,62,0.4970117057765307,1.963771524837732e-07,144.99338701437205,,code,2-1-1-1-2-0-2-1,0.4970119021536832,True,1,batch,True,pso,20,2,swarm
oe3-ofat-pilot-v2,oe3,swarm|batch|bc1|h1|pso|r2|N20|c1,syn-balanced_multimodal-repetitive-r0,balanced_multimodal,repetitive,0,0,3839617547738254315,2026-10-01T05:41:07.118+00:00,completed,epsilon,True,True,True,True,,41.117879,47.646063001593575,46.05035799977486,1,55,0.5383161833171735,0.020082558591373534,149.16674899083026,,code,2-1-1-1-1-1-2-1,0.558398741908547,True,1,batch,True,pso,20,2,swarm
oe3-ofat-pilot-v2,oe3,swarm|batch|bc1|h1|pso|r2|N20|c1,syn-balanced_multimodal-repetitive-r1,balanced_multimodal,repetitive,0,0,2659073220867155690,2026-10-01T05:41:07.165+00:00,completed,epsilon,True,True,True,True,,40.760977,46.646314000099665,44.972787000006065,2,60,0.5300479510764751,1.9637715242826204e-07,140.31133199290989,,code,2-0-2-1-2-1-1-1,0.5300481474536275,True,1,batch,True,pso,20,2,swarm
oe3-ofat-pilot-v2,oe3,swarm|batch|bc1|h1|pso|r2|N20|c1,syn-balanced_multimodal-repetitive-r2,balanced_multimodal,repetitive,0,0,12027688066564710874,2026-10-01T05:41:07.212+00:00,completed,epsilon,True,True,True,True,,31.411408,36.66786299800151,35.26874400267843,1,51,0.48695008664679024,0.02008255859137359,132.9040659929238,,code,2-1-2-1-1-1-2-1,0.5070326452381638,True,1,batch,True,pso,20,2,swarm
oe3-ofat-pilot-v2,oe3,swarm|batch|bc1|h1|pso|r2|N20|c1,syn-balanced_multimodal-repetitive-r3,balanced_multimodal,repetitive,0,0,10665835498416014906,2026-10-01T05:41:07.249+00:00,completed,epsilon,True,True,True,True,,35.122161,43.54568099734024,42.123627001274144,1,51,0.4984038111225635,0.020082362214221106,130.17294499880563,,diagram,1-1-2-0-2-1-1-1,0.5184861733367846,True,1,batch,True,pso,20,2,swarm
oe3-ofat-pilot-v2,oe3,swarm|batch|bc1|h1|pso|r2|N20|c1,syn-balanced_multimodal-repetitive-r4,balanced_multimodal,repetitive,0,0,16842203000296662102,2026-10-01T05:41:07.292+00:00,completed,epsilon,True,True,True,True,,38.667009,44.23009999663918,42.867969001235906,1,50,0.5354470399519666,0.020082558591373645,138.6679680079847,,code,2-1-1-1-1-1-2-1,0.5555295985433403,True,1,batch,True,pso,20,2,swarm
oe3-ofat-pilot-v2,oe3,swarm|batch|bc1|h1|pso|r2|N20|c1,syn-balanced_multimodal-arrays_vectors-r0,balanced_multimodal,arrays_vectors,0,0,8202019099685287209,2026-10-01T05:41:07.336+00:00,completed,epsilon,True,True,True,True,,41.719988,49.8430779989576,48.11804099881556,2,62,0.5214552573504015,0.007792454060633558,123.08637700983732,,code,2-0-1-0-2-1-1-1,0.5292477114110351,True,1,batch,True,pso,20,2,swarm
oe3-ofat-pilot-v2,oe3,swarm|batch|bc1|h1|pso|r2|N20|c1,syn-balanced_multimodal-arrays_vectors-r1,balanced_multimodal,arrays_vectors,0,0,1557390382835702406,2026-10-01T05:41:07.386+00:00,completed,epsilon,True,True,True,True,,32.998887,41.16656500264071,39.56601100071566,1,56,0.5096115026932262,0.01001413080874669,161.42468700289132,,code,1-0-1-1-1-1-1-1,0.5196256335019729,True,1,batch,True,pso,20,2,swarm
oe3-ofat-pilot-v2,oe3,swarm|batch|bc1|h1|pso|r2|N20|c1,syn-balanced_multimodal-arrays_vectors-r2,balanced_multimodal,arrays_vectors,0,0,1551228789342824201,2026-10-01T05:41:07.428+00:00,completed,epsilon,True,True,True,True,,36.416948,42.35227100070915,40.816405999066774,1,53,0.5207081594293232,0.027875012652007092,150.06727399575732,,text,1-1-1-1-2-1-1-1,0.5485831720813303,True,1,batch,True,pso,20,2,swarm
oe3-ofat-pilot-v2,oe3,swarm|batch|bc1|h1|pso|r2|N20|c1,syn-balanced_multimodal-arrays_vectors-r3,balanced_multimodal,arrays_vectors,0,0,11908930478528390133,2026-10-01T05:41:07.470+00:00,completed,epsilon,True,True,True,True,,46.871061,55.469119000918,53.83264999909443,2,62,0.5326887851156756,0.019041613531884827,178.68622300971782,,code,1-0-1-1-1-0-1-1,0.5517303986475605,True,1,batch,True,pso,20,2,swarm
oe3-ofat-pilot-v2,oe3,swarm|batch|bc1|h1|pso|r2|N20|c1,syn-balanced_multimodal-arrays_vectors-r4,balanced_multimodal,arrays_vectors,0,0,7080146454937735062,2026-10-01T05:41:07.525+00:00,completed,epsilon,True,True,True,True,,30.443664,36.004134999529924,34.555096997792134,1,53,0.5231764212501887,0.0034158919247068154,137.1358850153561,,code,2-1-1-1-1-0-1-1,0.5265923131748955,True,1,batch,True,pso,20,2,swarm
oe3-ofat-pilot-v2,oe3,swarm|batch|bc1|h1|pso|r2|N20|c1,syn-balanced_multimodal-functions-r0,balanced_multimodal,functions,0,0,2933908082685948832,2026-10-01T05:41:07.561+00:00,completed,epsilon,True,True,True,True,,45.245195,54.925699998420896,52.73357899932307,2,60,0.5082813071929754,0.022699680157076907,151.97359601886131,,code,2-2-2-1-1-1-1-1,0.5309809873500523,True,1,batch,True,pso,20,2,swarm
oe3-ofat-pilot-v2,oe3,swarm|batch|bc1|h1|pso|r2|N20|c1,syn-balanced_multimodal-functions-r1,balanced_multimodal,functions,0,0,368220290834284782,2026-10-01T05:41:07.616+00:00,completed,epsilon,True,True,True,True,,32.071725,38.662863000354264,37.23879099925398,1,53,0.4917724457549157,0.02008255859137359,165.74155400716037,,code,2-1-1-1-1-1-2-1,0.5118550043462893,True,1,batch,True,pso,20,2,swarm
oe3-ofat-pilot-v2,oe3,swarm|batch|bc1|h1|pso|r2|N20|c1,syn-balanced_multimodal-functions-r2,balanced_multimodal,functions,0,0,8673480799685267205,2026-10-01T05:41:07.655+00:00,completed,epsilon,True,True,True,True,,52.840735,62.515708999853814,59.728370997618185,3,67,0.5181875250450265,0.0,157.9146259986025,,code,2-0-1-0-1-0-1-1,0.5181875250450265,True,1,batch,True,pso,20,2,swarm
oe3-ofat-pilot-v2,oe3,swarm|batch|bc1|h1|pso|r2|N20|c1,syn-balanced_multimodal-functions-r3,balanced_multimodal,functions,0,0,18228905326412579013,2026-10-01T05:41:07.718+00:00,completed,epsilon,True,True,True,True,,33.497605,42.44230299809715,40.85282900268794,1,57,0.489537761565406,0.027875012652007147,167.493882011081,,diagram,1-1-2-1-2-1-1-1,0.5174127742174132,True,1,batch,True,pso,20,2,swarm
oe3-ofat-pilot-v2,oe3,swarm|batch|bc1|h1|pso|r2|N20|c1,syn-balanced_multimodal-functions-r4,balanced_multimodal,functions,0,0,4683180797726806680,2026-10-01T05:41:07.760+00:00,completed,epsilon,True,True,True,True,,45.336723,51.63327399714035,49.97763600113103,2,57,0.4810101863870243,0.022699680157077018,152.11144400584078,,diagram,1-2-2-1-1-1-1-1,0.5037098665441013,True,1,batch,True,pso,20,2,swarm
oe3-ofat-pilot-v2,oe3,swarm|batch|bc1|h1|pso|r2|N20|c1,syn-visual_dominant-sequential-r0,visual_dominant,sequential,1,0,3334967381364256590,2026-10-01T05:41:07.812+00:00,completed,epsilon,True,True,True,True,,38.178379,46.588367000367725,45.053698999254266,2,54,0.4747507119144429,0.0010553553645042402,142.5369339994318,,diagram,1-0-2-1-1-1-0-0,0.47580606727894714,True,1,batch,True,pso,20,2,swarm
oe3-ofat-pilot-v2,oe3,swarm|batch|bc1|h1|pso|r2|N20|c1,syn-visual_dominant-sequential-r1,visual_dominant,sequential,1,0,14463353593492607384,2026-10-01T05:41:07.858+00:00,completed,epsilon,True,True,True,True,,38.684685,44.72800900111906,43.19369899894809,1,53,0.44878503224528293,0.02008255859137359,159.8656039932451,,diagram,1-1-2-1-0-1-1-1,0.4688675908366565,True,1,batch,True,pso,20,2,swarm
oe3-ofat-pilot-v2,oe3,swarm|batch|bc1|h1|pso|r2|N20|c1,syn-visual_dominant-sequential-r2,visual_dominant,sequential,1,0,1449473017236341336,2026-10-01T05:41:07.903+00:00,completed,epsilon,True,True,True,True,,34.020333,39.81915500116884,38.28730399982305,1,58,0.43325366196641485,0.03524242282272433,179.50712400153267,,diagram,0-1-2-1-0-1-0-1,0.4684960847891392,True,1,batch,True,pso,20,2,swarm
oe3-ofat-pilot-v2,oe3,swarm|batch|bc1|h1|pso|r2|N20|c1,syn-visual_dominant-sequential-r3,visual_dominant,sequential,1,0,11784465089289360140,2026-10-01T05:41:07.943+00:00,completed,epsilon,True,True,True,True,,45.033333,50.77209399678395,49.09315099939704,2,63,0.49689284274488765,1.9637715242826204e-07,200.3998359917985,,diagram,1-0-2-1-0-1-1-1,0.4968930391220401,True,1,batch,True,pso,20,2,swarm
oe3-ofat-pilot-v2,oe3,swarm|batch|bc1|h1|pso|r2|N20|c1,syn-visual_dominant-sequential-r4,visual_dominant,sequential,1,0,9843101576308061791,2026-10-01T05:41:07.994+00:00,completed,epsilon,True,True,True,True,,34.198596,44.08886899909703,42.42635799892014,1,53,0.44621475259761745,0.0077761988976089436,141.76612399603619,,diagram,1-2-2-1-1-1-0-0,0.4539909514952264,True,1,batch,True,pso,20,2,swarm
oe3-ofat-pilot-v2,oe3,swarm|batch|bc1|h1|pso|r2|N20|c1,syn-visual_dominant-conditional-r0,visual_dominant,conditional,1,0,399204953024597195,2026-10-01T05:41:08.038+00:00,completed,epsilon,True,True,True,True,,35.068526,40.95125599997118,39.47920700011309,1,56,0.4683786250362893,0.007792650437786042,186.70878000918572,,diagram,1-1-2-1-0-1-0-1,0.47617127547407534,True,1,batch,True,pso,20,2,swarm
oe3-ofat-pilot-v2,oe3,swarm|batch|bc1|h1|pso|r2|N20|c1,syn-visual_dominant-conditional-r1,visual_dominant,conditional,1,0,7224635709434446062,2026-10-01T05:41:08.079+00:00,completed,epsilon,True,True,True,True,,43.474614,49.466692998976214,47.705871002108324,2,63,0.43347702875536903,0.0036547194033032526,202.98790698459993,,diagram,1-1-2-1-0-1-0-1,0.4371317481586723,True,1,batch,True,pso,20,2,swarm
oe3-ofat-pilot-v2,oe3,swarm|batch|bc1|h1|pso|r2|N20|c1,syn-visual_dominant-conditional-r2,visual_dominant,conditional,1,0,12837783749454387842,2026-10-01T05:41:08.128+00:00,completed,epsilon,True,True,True,True,,50.12066,60.001036999892676,58.297470000979956,3,65,0.4757631054163088,3.436600168327253e-07,159.48884499876945,,code,2-1-2-2-1-0-1-1,0.4757634490763256,True,1,batch,True,pso,20,2,swarm
oe3-ofat-pilot-v2,oe3,swarm|batch|bc1|h1|pso|r2|N20|c1,syn-visual_dominant-conditional-r3,visual_dominant,conditional,1,0,1552749880042890602,2026-10-01T05:41:08.188+00:00,completed,epsilon,True,True,True,True,,57.371359,66.34310300069046,64.38615599836339,3,69,0.45741192371591466,0.0,165.4786049811576,,diagram,1-1-2-0-0-0-1-1,0.45741192371591466,True,1,batch,True,pso,20,2,swarm
oe3-ofat-pilot-v2,oe3,swarm|batch|bc1|h1|pso|r2|N20|c1,syn-visual_dominant-conditional-r4,visual_dominant,conditional,1,0,6016564164395138588,2026-10-01T05:41:08.255+00:00,completed,epsilon,True,True,True,True,,40.506293,47.14259699903778,45.42820099959499,2,59,0.44865674501612823,1.963771524837732e-07,141.45824600218225,,diagram,1-1-2-1-1-0-0-1,0.4486569413932807,True,1,batch,True,pso,20,2,swarm
oe3-ofat-pilot-v2,oe3,swarm|batch|bc1|h1|pso|r2|N20|c1,syn-visual_dominant-repetitive-r0,visual_dominant,repetitive,1,0,388248794542993201,2026-10-01T05:41:08.302+00:00,completed,epsilon,True,True,True,True,,42.058268,48.617144999298034,46.855634998792084,2,60,0.4900640634881811,1.9637715242826204e-07,121.47568301452422,,diagram,1-0-2-1-1-1-0-1,0.49006425986533353,True,1,batch,True,pso,20,2,swarm
oe3-ofat-pilot-v2,oe3,swarm|batch|bc1|h1|pso|r2|N20|c1,syn-visual_dominant-repetitive-r1,visual_dominant,repetitive,1,0,6429826071426475855,2026-10-01T05:41:08.350+00:00,completed,epsilon,True,True,True,True,,55.600055,62.774622998404084,60.66682399978163,2,55,0.47132853097575106,0.02008255859137359,141.90933001495588,,code,2-1-2-1-1-1-1-1,0.49141108956712465,True,1,batch,True,pso,20,2,swarm
oe3-ofat-pilot-v2,oe3,swarm|batch|bc1|h1|pso|r2|N20|c1,syn-visual_dominant-repetitive-r2,visual_dominant,repetitive,1,0,681915851494163713,2026-10-01T05:41:08.413+00:00,completed,epsilon,True,True,True,True,,39.115948,45.85262599721318,44.35977899993304,1,54,0.4973688479790045,0.020082362214221106,192.56851799557273,,code,2-1-2-0-1-1-0-1,0.5174512101932256,True,1,batch,True,pso,20,2,swarm
oe3-ofat-pilot-v2,oe3,swarm|batch|bc1|h1|pso|r2|N20|c1,syn-visual_dominant-repetitive-r3,visual_dominant,repetitive,1,0,9442719100814584237,2026-10-01T05:41:08.459+00:00,completed,epsilon,True,True,True,True,,44.456499,53.81607600065763,52.28259100113064,2,55,0.5053301087599773,0.0,142.2714759992603,,diagram,1-0-2-0-0-1-0-1,0.5053301087599773,True,1,batch,True,pso,20,2,swarm
oe3-ofat-pilot-v2,oe3,swarm|batch|bc1|h1|pso|r2|N20|c1,syn-visual_dominant-repetitive-r4,visual_dominant,repetitive,1,0,13949056110443868569,2026-10-01T05:41:08.513+00:00,completed,epsilon,True,True,True,True,,52.329863,58.46138600099948,56.74599400299485,4,65,0.46760730899554137,1.9637715242826204e-07,124.54774598740191,,diagram,1-0-2-1-0-1-0-1,0.4676075053726938,True,1,batch,True,pso,20,2,swarm
oe3-ofat-pilot-v2,oe3,swarm|batch|bc1|h1|pso|r2|N20|c1,syn-visual_dominant-arrays_vectors-r0,visual_dominant,arrays_vectors,1,0,2917865247295538106,2026-10-01T05:41:08.571+00:00,completed,epsilon,True,True,True,True,,34.326165,40.09374899760587,38.50283499923535,1,59,0.46105976353153516,0.027875012652007147,197.68330299077698,,diagram,1-1-2-1-0-1-0-1,0.4889347761835423,True,1,batch,True,pso,20,2,swarm
oe3-ofat-pilot-v2,oe3,swarm|batch|bc1|h1|pso|r2|N20|c1,syn-visual_dominant-arrays_vectors-r1,visual_dominant,arrays_vectors,1,0,5722646615589724131,2026-10-01T05:41:08.611+00:00,completed,epsilon,True,True,True,True,,38.429586,45.9907110016502,44.44953399797669,1,53,0.448934361287075,0.004258245401240313,176.65192400158836,,diagram,1-0-2-1-1-0-1-0,0.4531926066883153,True,1,batch,True,pso,20,2,swarm
oe3-ofat-pilot-v2,oe3,swarm|batch|bc1|h1|pso|r2|N20|c1,syn-visual_dominant-arrays_vectors-r2,visual_dominant,arrays_vectors,1,0,7131356553039093964,2026-10-01T05:41:08.657+00:00,completed,epsilon,True,True,True,True,,47.213257,55.606548998184735,54.02548200072488,3,59,0.5140420274407931,0.007792454060633558,160.06784699510416,,diagram,1-0-2-0-1-1-1-1,0.5218344815014266,True,1,batch,True,pso,20,2,swarm
oe3-ofat-pilot-v2,oe3,swarm|batch|bc1|h1|pso|r2|N20|c1,syn-visual_dominant-arrays_vectors-r3,visual_dominant,arrays_vectors,1,0,9708572912594749697,2026-10-01T05:41:08.713+00:00,completed,epsilon,True,True,True,True,,39.38157,47.844495999015635,46.281557999463985,1,57,0.5179109459939615,0.01002641009046179,192.48118100061515,,diagram,0-1-2-1-1-0-0-0,0.5279373560844233,True,1,batch,True,pso,20,2,swarm
oe3-ofat-pilot-v2,oe3,swarm|batch|bc1|h1|pso|r2|N20|c1,syn-visual_dominant-arrays_vectors-r4,visual_dominant,arrays_vectors,1,0,8051371913516571402,2026-10-01T05:41:08.761+00:00,completed,epsilon,True,True,True,True,,29.854903,37.588219998724526,36.13023500292911,1,48,0.48288447505901916,0.014696718078363646,109.15529100388717,,diagram,1-1-2-1-1-1-0-1,0.4975811931373828,True,1,batch,True,pso,20,2,swarm
oe3-ofat-pilot-v2,oe3,swarm|batch|bc1|h1|pso|r2|N20|c1,syn-visual_dominant-functions-r0,visual_dominant,functions,1,0,16135236781280778921,2026-10-01T05:41:08.798+00:00,completed,epsilon,True,True,True,True,,43.797786,49.692780998157104,48.15732499992009,2,62,0.4977881257361313,1.9637715242826204e-07,190.77227399661277,,diagram,1-0-2-1-1-1-0-1,0.4977883221132837,True,1,batch,True,pso,20,2,swarm
oe3-ofat-pilot-v2,oe3,swarm|batch|bc1|h1|pso|r2|N20|c1,syn-visual_dominant-functions-r1,visual_dominant,functions,1,0,11881822526199768276,2026-10-01T05:41:08.848+00:00,completed,epsilon,True,True,True,True,,42.08944,48.21486400032882,46.54992799987667,2,59,0.4941057150421845,0.007792650437785986,160.8121059979039,,code,2-0-2-1-1-1-0-1,0.5018983654799705,True,1,batch,True,pso,20,2,swarm
oe3-ofat-pilot-v2,oe3,swarm|batch|bc1|h1|pso|r2|N20|c1,syn-visual_dominant-functions-r2,visual_dominant,functions,1,0,8281290246287181489,2026-10-01T05:41:08.896+00:00,completed,epsilon,True,True,True,True,,54.840567,61.054805999447126,59.24264200075413,4,71,0.471376010746655,1.9637715242826204e-07,119.17368499128837,,diagram,1-0-2-1-1-0-1-1,0.47137620712380746,True,1,batch,True,pso,20,2,swarm
oe3-ofat-pilot-v2,oe3,swarm|batch|bc1|h1|pso|r2|N20|c1,syn-visual_dominant-functions-r3,visual_dominant,functions,1,0,11110122146323643609,2026-10-01T05:41:08.957+00:00,completed,epsilon,True,True,True,True,,52.108973,61.0805979995348,59.310538999852724,3,64,0.46752807932785406,0.012907029719290863,166.99184101560246,,diagram,1-2-2-0-0-0-1-1,0.4804351090471449,True,1,batch,True,pso,20,2,swarm
oe3-ofat-pilot-v2,oe3,swarm|batch|bc1|h1|pso|r2|N20|c1,syn-visual_dominant-functions-r4,visual_dominant,functions,1,0,3086301632103932787,2026-10-01T05:41:09.019+00:00,completed,epsilon,True,True,True,True,,37.037084,42.94435100018745,41.44005499983905,2,55,0.48282466482518693,0.019803777820581292,113.3007060008014,,code,2-2-2-1-1-1-1-1,0.5026284426457682,True,1,batch,True,pso,20,2,swarm
oe3-ofat-pilot-v2,oe3,swarm|batch|bc1|h1|pso|r2|N20|c1,syn-logical_syntactic-sequential-r0,logical_syntactic,sequential,1,0,7251352304488983451,2026-10-01T05:41:09.061+00:00,completed,epsilon,True,True,True,True,,39.260792,48.08377900189953,46.44897000252968,1,59,0.4761348237523099,0.02008255859137359,186.10690899570739,,code,2-1-1-1-0-1-0-1,0.4962173823436835,True,1,batch,True,pso,20,2,swarm
oe3-ofat-pilot-v2,oe3,swarm|batch|bc1|h1|pso|r2|N20|c1,syn-logical_syntactic-sequential-r1,logical_syntactic,sequential,1,0,12053108598153308178,2026-10-01T05:41:09.110+00:00,completed,epsilon,True,True,True,True,,53.183193,61.36969300132478,59.636876998411026,4,65,0.4825461654414688,1.9637715242826204e-07,131.84444599093362,,code,2-0-1-1-1-1-0-1,0.4825463618186212,True,1,batch,True,pso,20,2,swarm
oe3-ofat-pilot-v2,oe3,swarm|batch|bc1|h1|pso|r2|N20|c1,syn-logical_syntactic-sequential-r2,logical_syntactic,sequential,1,0,16364623137167520195,2026-10-01T05:41:09.171+00:00,completed,epsilon,True,True,True,True,,31.929169,38.057038000260945,36.299965002399404,1,53,0.5052479809084092,0.0034158919247069264,143.1487049871766,,code,2-1-0-1-1-1-1-1,0.5086638728331161,True,1,batch,True,pso,20,2,swarm
oe3-ofat-pilot-v2,oe3,swarm|batch|bc1|h1|pso|r2|N20|c1,syn-logical_syntactic-sequential-r3,logical_syntactic,sequential,1,0,14054898920044902309,2026-10-01T05:41:09.209+00:00,completed,epsilon,True,True,True,True,,41.150277,47.0990370013169,45.5174620001344,2,60,0.47454039043400664,1.9637715242826204e-07,166.46287601146142,,code,2-0-1-1-1-1-0-1,0.47454058681115907,True,1,batch,True,pso,20,2,swarm
oe3-ofat-pilot-v2,oe3,swarm|batch|bc1|h1|pso|r2|N20|c1,syn-logical_syntactic-sequential-r4,logical_syntactic,sequential,1,0,13156865779355580401,2026-10-01T05:41:09.256+00:00,completed,epsilon,True,True,True,True,,38.436464,47.048118998645805,45.425176002027,1,58,0.4768785814363051,0.019509201575559354,170.42459500050035,,code,2-0-1-1-1-1-1-1,0.4963877830118645,True,1,batch,True,pso,20,2,swarm
oe3-ofat-pilot-v2,oe3,swarm|batch|bc1|h1|pso|r2|N20|c1,syn-logical_syntactic-conditional-r0,logical_syntactic,conditional,1,0,11414306351426817161,2026-10-01T05:41:09.303+00:00,completed,epsilon,True,True,True,True,,40.752594,46.65731400018558,45.01507299937657,1,61,0.4552124341978106,0.0036547194033032526,230.865938995175,,code,2-1-1-1-0-1-0-1,0.45886715360111385,True,1,batch,True,pso,20,2,swarm
oe3-ofat-pilot-v2,oe3,swarm|batch|bc1|h1|pso|r2|N20|c1,syn-logical_syntactic-conditional-r1,logical_syntactic,conditional,1,0,7856604676471064028,2026-10-01T05:41:09.350+00:00,completed,epsilon,True,True,True,True,,52.387343,58.77982699894346,56.890600000770064,3,69,0.45182436159096645,1.963771524837732e-07,177.93826001364013,,code,2-1-1-1-0-0-0-1,0.45182455796811893,True,1,batch,True,pso,20,2,swarm
oe3-ofat-pilot-v2,oe3,swarm|batch|bc1|h1|pso|r2|N20|c1,syn-logical_syntactic-conditional-r2,logical_syntactic,conditional,1,0,3752771868888662993,2026-10-01T05:41:09.409+00:00,completed,epsilon,True,True,True,True,,37.810664,43.601478999335086,42.0056669972837,1,55,0.4631068467146388,0.0036547194033032526,138.78137298435323,,code,2-1-1-1-0-1-1-1,0.46676156611794206,True,1,batch,True,pso,20,2,swarm
oe3-ofat-pilot-v2,oe3,swarm|batch|bc1|h1|pso|r2|N20|c1,syn-logical_syntactic-conditional-r3,logical_syntactic,conditional,1,0,2424363617272683664,2026-10-01T05:41:09.452+00:00,completed,epsilon,True,True,True,True,,30.484293,36.036446999787586,34.67002599791158,1,51,0.46926591844681625,1.963771524837732e-07,130.35054998683714,,code,2-1-1-1-0-0-0-1,0.46926611482396874,True,1,batch,True,pso,20,2,swarm
oe3-ofat-pilot-v2,oe3,swarm|batch|bc1|h1|pso|r2|N20|c1,syn-logical_syntactic-conditional-r4,logical_syntactic,conditional,1,0,10671629074959594599,2026-10-01T05:41:09.488+00:00,completed,epsilon,True,True,True,True,,30.140047,35.522286998457275,34.15916800076957,1,49,0.4839345737065493,0.0036547194033032526,119.56758398639914,,code,2-1-1-1-1-1-1-1,0.48758929310985255,True,1,batch,True,pso,20,2,swarm
oe3-ofat-pilot-v2,oe3,swarm|batch|bc1|h1|pso|r2|N20|c1,syn-logical_syntactic-repetitive-r0,logical_syntactic,repetitive,1,0,15966723904431689505,2026-10-01T05:41:09.524+00:00,completed,epsilon,True,True,True,True,,33.867348,39.25691599943093,37.78476300067268,1,56,0.45068774937313677,0.02008255859137359,147.59505699530177,,code,2-1-2-1-0-1-1-1,0.47077030796451036,True,1,batch,True,pso,20,2,swarm
oe3-ofat-pilot-v2,oe3,swarm|batch|bc1|h1|pso|r2|N20|c1,syn-logical_syntactic-repetitive-r1,logical_syntactic,repetitive,1,0,3470008616984474820,2026-10-01T05:41:09.563+00:00,completed,epsilon,True,True,True,True,,41.041624,49.99009400125942,48.33036399941193,2,60,0.4875749285414261,0.0010553553645042402,144.62321999198207,,code,2-0-1-1-0-1-0-0,0.48863028390593033,True,1,batch,True,pso,20,2,swarm
oe3-ofat-pilot-v2,oe3,swarm|batch|bc1|h1|pso|r2|N20|c1,syn-logical_syntactic-repetitive-r2,logical_syntactic,repetitive,1,0,11319749022719662673,2026-10-01T05:41:09.613+00:00,completed,epsilon,True,True,True,True,,47.954596,54.65794200063101,53.08993200014811,2,57,0.5086891851103017,1.9637715242826204e-07,141.6636979832167,,code,2-0-1-1-1-1-1-1,0.5086893814874541,True,1,batch,True,pso,20,2,swarm
oe3-ofat-pilot-v2,oe3,swarm|batch|bc1|h1|pso|r2|N20|c1,syn-logical_syntactic-repetitive-r3,logical_syntactic,repetitive,1,0,4643417038172318447,2026-10-01T05:41:09.668+00:00,completed,epsilon,True,True,True,True,,43.294164,49.356810999597656,47.64080799941439,3,61,0.48216814861223045,0.0,128.5909320072778,,code,2-0-1-0-1-1-0-1,0.48216814861223045,True,1,batch,True,pso,20,2,swarm
oe3-ofat-pilot-v2,oe3,swarm|batch|bc1|h1|pso|r2|N20|c1,syn-logical_syntactic-repetitive-r4,logical_syntactic,repetitive,1,0,15250258441158635833,2026-10-01T05:41:09.717+00:00,completed,epsilon,True,True,True,True,,42.587455,51.091848999931244,49.38841500188573,2,60,0.42431619622197225,0.020082362214221106,159.50172498666623,,code,2-1-0-0-1-1-0-1,0.44439855843619336,True,1,batch,True,pso,20,2,swarm
oe3-ofat-pilot-v2,oe3,swarm|batch|bc1|h1|pso|r2|N20|c1,syn-logical_syntactic-arrays_vectors-r0,logical_syntactic,arrays_vectors,1,0,794293079882404652,2026-10-01T05:41:09.768+00:00,completed,epsilon,True,True,True,True,,30.389918,38.459729999885894,36.83734299920616,1,51,0.497908345466907,0.007792650437785986,133.21683499764836,,code,2-0-1-1-0-1-1-1,0.505700995904693,True,1,batch,True,pso,20,2,swarm
oe3-ofat-pilot-v2,oe3,swarm|batch|bc1|h1|pso|r2|N20|c1,syn-logical_syntactic-arrays_vectors-r1,logical_syntactic,arrays_vectors,1,0,13279616171390739924,2026-10-01T05:41:09.807+00:00,completed,epsilon,True,True,True,True,,50.755809,60.43645599856973,58.53433199808933,3,69,0.4766932553481305,0.007351474163735328,172.79886799515555,,code,2-2-1-0-1-0-1-1,0.48404472951186583,True,1,batch,True,pso,20,2,swarm
oe3-ofat-pilot-v2,oe3,swarm|batch|bc1|h1|pso|r2|N20|c1,syn-logical_syntactic-arrays_vectors-r2,logical_syntactic,arrays_vectors,1,0,9505461881805374079,2026-10-01T05:41:09.867+00:00,completed,epsilon,True,True,True,True,,33.206765,39.13750599895138,37.6404820017342,1,53,0.49083069767651405,0.027875012652007147,144.2970790066063,,code,2-1-1-1-0-1-0-1,0.5187057103285212,True,1,batch,True,pso,20,2,swarm
oe3-ofat-pilot-v2,oe3,swarm|batch|bc1|h1|pso|r2|N20|c1,syn-logical_syntactic-arrays_vectors-r3,logical_syntactic,arrays_vectors,1,0,8401228647824766960,2026-10-01T05:41:09.906+00:00,completed,epsilon,True,True,True,True,,37.134926,42.99284399894532,41.366126999491826,1,59,0.510410675757111,0.017498999281390648,186.4344299855547,,code,2-1-1-1-1-1-1-1,0.5279096750385016,True,1,batch,True,pso,20,2,swarm
oe3-ofat-pilot-v2,oe3,swarm|batch|bc1|h1|pso|r2|N20|c1,syn-logical_syntactic-arrays_vectors-r4,logical_syntactic,arrays_vectors,1,0,18034434371952724805,2026-10-01T05:41:09.949+00:00,completed,epsilon,True,True,True,True,,51.05493,57.607558999734465,55.83572099931189,3,66,0.4636716133337328,0.00341589192470676,185.4525600028377,,code,2-1-1-1-0-0-1-1,0.46708750525843956,True,1,batch,True,pso,20,2,swarm
oe3-ofat-pilot-v2,oe3,swarm|batch|bc1|h1|pso|r2|N20|c1,syn-logical_syntactic-functions-r0,logical_syntactic,functions,1,0,356074301951452711,2026-10-01T05:41:10.007+00:00,completed,epsilon,True,True,True,True,,36.152113,42.092862000572495,40.505126999050844,1,55,0.4876998796280693,0.027875012652007147,171.75224999571682,,code,2-1-1-1-1-1-0-1,0.5155748922800765,True,1,batch,True,pso,20,2,swarm
oe3-ofat-pilot-v2,oe3,swarm|batch|bc1|h1|pso|r2|N20|c1,syn-logical_syntactic-functions-r1,logical_syntactic,functions,1,0,18385489952471934676,2026-10-01T05:41:10.049+00:00,completed,epsilon,True,True,True,True,,47.949323,53.91021700052079,52.1962410020933,4,65,0.4952348885551682,1.9637715242826204e-07,150.88462799283872,,code,2-0-1-1-1-0-0-1,0.4952350849323206,True,1,batch,True,pso,20,2,swarm
oe3-ofat-pilot-v2,oe3,swarm|batch|bc1|h1|pso|r2|N20|c1,syn-logical_syntactic-functions-r2,logical_syntactic,functions,1,0,6055816422684010007,2026-10-01T05:41:10.103+00:00,completed,epsilon,True,True,True,True,,31.791182,37.481447998288786,36.048808997293236,1,48,0.4703323912858079,0.027875012652007147,114.99417299571762,,code,2-1-0-1-1-1-1-1,0.49820740393781504,True,1,batch,True,pso,20,2,swarm
oe3-ofat-pilot-v2,oe3,swarm|batch|bc1|h1|pso|r2|N20|c1,syn-logical_syntactic-functions-r3,logical_syntactic,functions,1,0,12612345210513099450,2026-10-01T05:41:10.141+00:00,completed,epsilon,True,True,True,True,,32.457031,38.27912899942021,36.76497799824574,1,58,0.46627757409622445,0.02008255859137359,177.61400800027064,,code,2-1-1-1-1-1-0-1,0.48636013268759803,True,1,batch,True,pso,20,2,swarm
oe3-ofat-pilot-v2,oe3,swarm|batch|bc1|h1|pso|r2|N20|c1,syn-logical_syntactic-functions-r4,logical_syntactic,functions,1,0,10415694527128160469,2026-10-01T05:41:10.179+00:00,completed,epsilon,True,True,True,True,,36.285169,45.77331099790172,44.3146789984894,1,51,0.40713748248632187,0.048913639728908276,133.3669279864747,,code,2-2-1-1-1-1-1-1,0.45605112221523014,True,1,batch,True,pso,20,2,swarm
oe3-ofat-pilot-v2,oe3,swarm|batch|bc1|h1|pso|r2|N20|c1,syn-explanatory_conceptual-sequential-r0,explanatory_conceptual,sequential,1,0,5940893258720170927,2026-10-01T05:41:10.225+00:00,completed,epsilon,True,True,True,True,,37.535304,45.83820799962268,44.310306999250315,1,56,0.4193516078456325,0.04810403721289147,169.9095499899402,,text,0-0-1-2-2-0-1-1,0.467455645058524,True,1,batch,True,pso,20,2,swarm
oe3-ofat-pilot-v2,oe3,swarm|batch|bc1|h1|pso|r2|N20|c1,syn-explanatory_conceptual-sequential-r1,explanatory_conceptual,sequential,1,0,17003596441327521031,2026-10-01T05:41:10.270+00:00,completed,epsilon,True,True,True,True,,34.040813,39.96870699847932,38.45456999988528,1,57,0.45267043074923324,0.006749225258040281,179.18231898729383,,text,0-1-0-1-2-1-0-1,0.4594196560072735,True,1,batch,True,pso,20,2,swarm
oe3-ofat-pilot-v2,oe3,swarm|batch|bc1|h1|pso|r2|N20|c1,syn-explanatory_conceptual-sequential-r2,explanatory_conceptual,sequential,1,0,18052668489611125550,2026-10-01T05:41:10.310+00:00,completed,epsilon,True,True,True,True,,45.835623,54.28742100048112,52.48673599999165,2,63,0.4347991136547246,0.027875012652007147,163.24521001433837,,text,1-1-1-1-2-1-1-1,0.46267412630673177,True,1,batch,True,pso,20,2,swarm
oe3-ofat-pilot-v2,oe3,swarm|batch|bc1|h1|pso|r2|N20|c1,syn-explanatory_conceptual-sequential-r3,explanatory_conceptual,sequential,1,0,6496118862096545493,2026-10-01T05:41:10.365+00:00,completed,epsilon,True,True,True,True,,44.560128,53.053390998684336,51.49853700277163,2,57,0.44582930063903703,0.003147466336683613,129.45569799375335,,text,1-2-1-1-2-1-1-1,0.44897676697572064,True,1,batch,True,pso,20,2,swarm
oe3-ofat-pilot-v2,oe3,swarm|batch|bc1|h1|pso|r2|N20|c1,syn-explanatory_conceptual-sequential-r4,explanatory_conceptual,sequential,1,0,1500050021784736840,2026-10-01T05:41:10.418+00:00,completed,epsilon,True,True,True,True,,50.222054,58.33114399865735,56.59222299800604,3,69,0.4665029999409801,0.0,141.8821429967067,,text,1-1-1-0-2-0-1-1,0.4665029999409801,True,1,batch,True,pso,20,2,swarm
oe3-ofat-pilot-v2,oe3,swarm|batch|bc1|h1|pso|r2|N20|c1,syn-explanatory_conceptual-conditional-r0,explanatory_conceptual,conditional,1,0,16561957339801224966,2026-10-01T05:41:10.476+00:00,completed,epsilon,True,True,True,True,,34.252237,40.4483420024917,38.936826000281144,1,51,0.487737317609176,0.007792650437786042,129.77589301065322,,code,2-1-1-1-2-1-1-1,0.49552996804696203,True,1,batch,True,pso,20,2,swarm
oe3-ofat-pilot-v2,oe3,swarm|batch|bc1|h1|pso|r2|N20|c1,syn-explanatory_conceptual-conditional-r1,explanatory_conceptual,conditional,1,0,3094637029774210609,2026-10-01T05:41:10.517+00:00,completed,epsilon,True,True,True,True,,41.481176,47.541492000164,45.899897999333916,2,57,0.4788636419583419,1.963771524837732e-07,135.61999101426943,,text,1-1-1-1-2-0-1-1,0.4788638383354944,True,1,batch,True,pso,20,2,swarm
oe3-ofat-pilot-v2,oe3,swarm|batch|bc1|h1|pso|r2|N20|c1,syn-explanatory_conceptual-conditional-r2,explanatory_conceptual,conditional,1,0,3804476585378584912,2026-10-01T05:41:10.564+00:00,completed,epsilon,True,True,True,True,,34.328352,40.277664997120155,38.60565200011479,1,56,0.4825120796519577,0.007792650437786042,167.19889500960807,,diagram,1-1-2-1-2-1-1-1,0.49030473008974373,True,1,batch,True,pso,20,2,swarm
oe3-ofat-pilot-v2,oe3,swarm|batch|bc1|h1|pso|r2|N20|c1,syn-explanatory_conceptual-conditional-r3,explanatory_conceptual,conditional,1,0,17655201975640420228,2026-10-01T05:41:10.604+00:00,completed,epsilon,True,True,True,True,,50.19069,56.16066500078887,54.42752199815004,3,63,0.4346182283477961,1.963771524837732e-07,143.44985601917443,,text,1-1-0-1-2-0-0-1,0.4346184247249486,True,1,batch,True,pso,20,2,swarm
oe3-ofat-pilot-v2,oe3,swarm|batch|bc1|h1|pso|r2|N20|c1,syn-explanatory_conceptual-conditional-r4,explanatory_conceptual,conditional,1,0,12297342674909518057,2026-10-01T05:41:10.661+00:00,completed,epsilon,True,True,True,True,,43.398227,54.716196998924715,52.994155001215404,2,62,0.43714016499501035,0.02799593617279056,189.0191550110758,,text,1-1-1-1-2-2-0-1,0.4651361011678009,True,1,batch,True,pso,20,2,swarm
oe3-ofat-pilot-v2,oe3,swarm|batch|bc1|h1|pso|r2|N20|c1,syn-explanatory_conceptual-repetitive-r0,explanatory_conceptual,repetitive,1,0,6786978368093374640,2026-10-01T05:41:10.715+00:00,completed,epsilon,True,True,True,True,,47.883446,57.388431996514555,55.52652699770988,2,65,0.4661812521376081,0.0,188.36094401678056,,text,1-0-1-0-2-1-0-1,0.4661812521376081,True,1,batch,True,pso,20,2,swarm
oe3-ofat-pilot-v2,oe3,swarm|batch|bc1|h1|pso|r2|N20|c1,syn-explanatory_conceptual-repetitive-r1,explanatory_conceptual,repetitive,1,0,5950440212697171806,2026-10-01T05:41:10.773+00:00,completed,epsilon,True,True,True,True,,49.750985,56.46831799822394,54.87758700110135,2,61,0.5255407002055713,1.9637715242826204e-07,163.9192479918177,,text,1-0-1-1-2-1-1-1,0.5255408965827237,True,1,batch,True,pso,20,2,swarm
oe3-ofat-pilot-v2,oe3,swarm|batch|bc1|h1|pso|r2|N20|c1,syn-explanatory_conceptual-repetitive-r2,explanatory_conceptual,repetitive,1,0,6222910758705333057,2026-10-01T05:41:10.829+00:00,completed,epsilon,True,True,True,True,,36.589872,42.36196999772801,40.85882499930449,1,52,0.4707990919315041,0.021881510427353146,138.51581699618143,,text,1-1-1-1-2-1-1-1,0.49268060235885724,True,1,batch,True,pso,20,2,swarm
oe3-ofat-pilot-v2,oe3,swarm|batch|bc1|h1|pso|r2|N20|c1,syn-explanatory_conceptual-repetitive-r3,explanatory_conceptual,repetitive,1,0,17395909730376452467,2026-10-01T05:41:10.872+00:00,completed,epsilon,True,True,True,True,,33.608278,39.56220300096902,38.03274999881978,1,54,0.4676016009215934,0.020082362214221106,157.88179601357652,,code,2-1-1-0-2-1-1-1,0.4876839631358145,True,1,batch,True,pso,20,2,swarm
oe3-ofat-pilot-v2,oe3,swarm|batch|bc1|h1|pso|r2|N20|c1,syn-explanatory_conceptual-repetitive-r4,explanatory_conceptual,repetitive,1,0,2621255172561224409,2026-10-01T05:41:10.911+00:00,completed,epsilon,True,True,True,True,,36.253196,42.054256999108475,40.469338000548305,1,53,0.45405216601876935,0.02008255859137359,149.61945899928585,,text,1-1-0-1-2-1-1-1,0.47413472461014294,True,1,batch,True,pso,20,2,swarm
oe3-ofat-pilot-v2,oe3,swarm|batch|bc1|h1|pso|r2|N20|c1,syn-explanatory_conceptual-arrays_vectors-r0,explanatory_conceptual,arrays_vectors,1,0,10569514230950469850,2026-10-01T05:41:10.953+00:00,completed,epsilon,True,True,True,True,,33.317388,38.922759998968104,37.444843001139816,1,53,0.49778085910851905,0.027875012652007147,145.2032869912889,,text,1-1-1-1-2-1-0-1,0.5256558717605262,True,1,batch,True,pso,20,2,swarm
oe3-ofat-pilot-v2,oe3,swarm|batch|bc1|h1|pso|r2|N20|c1,syn-explanatory_conceptual-arrays_vectors-r1,explanatory_conceptual,arrays_vectors,1,0,6346414434741826451,2026-10-01T05:41:10.992+00:00,completed,epsilon,True,True,True,True,,47.0457,52.92755999835208,51.13203899963992,3,67,0.48198184809505246,0.00827759646681353,170.77040101401255,,text,0-2-0-1-2-0-1-1,0.490259444561866,True,1,batch,True,pso,20,2,swarm
oe3-ofat-pilot-v2,oe3,swarm|batch|bc1|h1|pso|r2|N20|c1,syn-explanatory_conceptual-arrays_vectors-r2,explanatory_conceptual,arrays_vectors,1,0,7456642890382495948,2026-10-01T05:41:11.045+00:00,completed,epsilon,True,True,True,True,,35.830252,41.6553360009857,40.278329001012025,1,50,0.5002467392530876,0.027875012652007203,126.57640301490798,,diagram,0-1-2-1-2-1-1-1,0.5281217519050948,True,1,batch,True,pso,20,2,swarm
oe3-ofat-pilot-v2,oe3,swarm|batch|bc1|h1|pso|r2|N20|c1,syn-explanatory_conceptual-arrays_vectors-r3,explanatory_conceptual,arrays_vectors,1,0,5229689892982576134,2026-10-01T05:41:11.087+00:00,completed,epsilon,True,True,True,True,,37.537808,43.60958399774972,42.073012999026105,1,53,0.4899428394838256,0.017498999281390593,150.12061099988418,,text,0-1-1-1-2-1-0-1,0.5074418387652162,True,1,batch,True,pso,20,2,swarm
oe3-ofat-pilot-v2,oe3,swarm|batch|bc1|h1|pso|r2|N20|c1,syn-explanatory_conceptual-arrays_vectors-r4,explanatory_conceptual,arrays_vectors,1,0,867854565777186929,2026-10-01T05:41:11.130+00:00,completed,epsilon,True,True,True,True,,35.622935,41.80645800079219,40.1551639988611,2,57,0.5143723538377136,0.0034158919247068154,131.13663399518475,,text,1-1-1-1-2-0-1-1,0.5177882457624204,True,1,batch,True,pso,20,2,swarm
oe3-ofat-pilot-v2,oe3,swarm|batch|bc1|h1|pso|r2|N20|c1,syn-explanatory_conceptual-functions-r0,explanatory_conceptual,functions,1,0,390018258882957971,2026-10-01T05:41:11.172+00:00,completed,epsilon,True,True,True,True,,39.789134,47.736422002344625,46.215188998758094,2,58,0.5029524330025205,0.007792650437785986,148.7766040122888,,text,1-0-1-1-2-1-1-1,0.5107450834403064,True,1,batch,True,pso,20,2,swarm
oe3-ofat-pilot-v2,oe3,swarm|batch|bc1|h1|pso|r2|N20|c1,syn-explanatory_conceptual-functions-r1,explanatory_conceptual,functions,1,0,11160429587351825343,2026-10-01T05:41:11.220+00:00,completed,epsilon,True,True,True,True,,53.588867,60.45966199963004,58.21378199834726,3,67,0.5005154859174724,0.012907029719290808,184.96364900977545,,code,2-2-1-0-2-0-0-1,0.5134225156367632,True,1,batch,True,pso,20,2,swarm
oe3-ofat-pilot-v2,oe3,swarm|batch|bc1|h1|pso|r2|N20|c1,syn-explanatory_conceptual-functions-r2,explanatory_conceptual,functions,1,0,5090813952958751476,2026-10-01T05:41:11.280+00:00,completed,epsilon,True,True,True,True,,40.171527,46.32334900088608,44.655495999904815,2,62,0.4862088786957507,1.9637715242826204e-07,168.1609979965374,,text,1-0-1-1-2-1-1-1,0.4862090750729031,True,1,batch,True,pso,20,2,swarm
oe3-ofat-pilot-v2,oe3,swarm|batch|bc1|h1|pso|r2|N20|c1,syn-explanatory_conceptual-functions-r3,explanatory_conceptual,functions,1,0,7362159366338916777,2026-10-01T05:41:11.327+00:00,completed,epsilon,True,True,True,True,,32.764281,40.17593100070371,37.836509000044316,1,51,0.4776949131384411,0.027875012652007147,130.2937009832216,,text,1-1-1-1-2-1-1-1,0.5055699257904482,True,1,batch,True,pso,20,2,swarm
oe3-ofat-pilot-v2,oe3,swarm|batch|bc1|h1|pso|r2|N20|c1,syn-explanatory_conceptual-functions-r4,explanatory_conceptual,functions,1,0,4046828528569989559,2026-10-01T05:41:11.367+00:00,completed,epsilon,True,True,True,True,,56.371608,64.13494099979289,62.325898001290625,3,66,0.49970043101958095,0.0,180.75959799080036,,text,1-0-1-0-2-0-1-1,0.49970043101958095,True,1,batch,True,pso,20,2,swarm
oe3-ofat-pilot-v2,oe3,swarm|batch|bc1|h1|pso|r2|N20|c1,syn-balanced_multimodal-sequential-r0,balanced_multimodal,sequential,1,0,8313710015022879933,2026-10-01T05:41:11.431+00:00,completed,epsilon,True,True,True,True,,38.696689,44.39824800283532,42.729251999844564,2,58,0.4865712744916427,0.008293843010792501,155.0486449969868,,diagram,1-0-2-1-1-1-0-1,0.4948651175024352,True,1,batch,True,pso,20,2,swarm
oe3-ofat-pilot-v2,oe3,swarm|batch|bc1|h1|pso|r2|N20|c1,syn-balanced_multimodal-sequential-r1,balanced_multimodal,sequential,1,0,17034292383154152654,2026-10-01T05:41:11.476+00:00,completed,epsilon,True,True,True,True,,35.090204,40.989285000250675,39.48914499778766,1,53,0.46254329609296624,0.023319774530693393,142.62444599364213,,diagram,1-1-2-1-1-1-1-1,0.48586307062365963,True,1,batch,True,pso,20,2,swarm
oe3-ofat-pilot-v2,oe3,swarm|batch|bc1|h1|pso|r2|N20|c1,syn-balanced_multimodal-sequential-r2,balanced_multimodal,sequential,1,0,17948066834823550806,2026-10-01T05:41:11.517+00:00,completed,epsilon,True,True,True,True,,34.374109,40.37678600070649,38.92601299958187,1,49,0.4994689164392216,0.02008255859137359,119.50652901389368,,code,2-1-1-1-1-1-1-1,0.5195514750305952,True,1,batch,True,pso,20,2,swarm
oe3-ofat-pilot-v2,oe3,swarm|batch|bc1|h1|pso|r2|N20|c1,syn-balanced_multimodal-sequential-r3,balanced_multimodal,sequential,1,0,16502357028709200888,2026-10-01T05:41:11.557+00:00,completed,epsilon,True,True,True,True,,47.327869,53.38281000149436,51.76488700089976,3,63,0.5055952816994697,0.0,130.85351600120902,,text,1-0-1-0-2-1-1-1,0.5055952816994697,True,1,batch,True,pso,20,2,swarm
oe3-ofat-pilot-v2,oe3,swarm|batch|bc1|h1|pso|r2|N20|c1,syn-balanced_multimodal-sequential-r4,balanced_multimodal,sequential,1,0,8817791777023713523,2026-10-01T05:41:11.610+00:00,completed,epsilon,True,True,True,True,,46.683483,54.936139000346884,53.09353100165026,3,62,0.5064313832719637,1.9637715242826204e-07,139.80934500970017,,code,2-0-2-1-2-1-2-1,0.5064315796491161,True,1,batch,True,pso,20,2,swarm
oe3-ofat-pilot-v2,oe3,swarm|batch|bc1|h1|pso|r2|N20|c1,syn-balanced_multimodal-conditional-r0,balanced_multimodal,conditional,1,0,6807183157127120355,2026-10-01T05:41:11.665+00:00,completed,epsilon,True,True,True,True,,33.180618,42.68199400030426,41.117508997558616,1,50,0.48780522303376883,0.003654523026150769,126.26003099011412,,code,2-1-1-0-1-1-1-1,0.4914597460599196,True,1,batch,True,pso,20,2,swarm
oe3-ofat-pilot-v2,oe3,swarm|batch|bc1|h1|pso|r2|N20|c1,syn-balanced_multimodal-conditional-r1,balanced_multimodal,conditional,1,0,4678364357267402099,2026-10-01T05:41:11.708+00:00,completed,epsilon,True,True,True,True,,30.0228,35.86978400198859,34.40849800244905,1,49,0.49101688093417845,0.007792650437786042,125.58053799339058,,code,2-1-2-1-2-1-2-1,0.4988095313719645,True,1,batch,True,pso,20,2,swarm
oe3-ofat-pilot-v2,oe3,swarm|batch|bc1|h1|pso|r2|N20|c1,syn-balanced_multimodal-conditional-r2,balanced_multimodal,conditional,1,0,2073738674720842464,2026-10-01T05:41:11.744+00:00,completed,epsilon,True,True,True,True,,37.28439,46.570413000154076,45.062860001053195,1,51,0.4946714052827956,0.004709878390655009,150.83155300705917,,code,0-1-0-1-0-1-0-0,0.4993812836734506,True,1,batch,True,pso,20,2,swarm
oe3-ofat-pilot-v2,oe3,swarm|batch|bc1|h1|pso|r2|N20|c1,syn-balanced_multimodal-conditional-r3,balanced_multimodal,conditional,1,0,1284693550691140380,2026-10-01T05:41:11.790+00:00,completed,epsilon,True,True,True,True,,36.635461,42.986578002455644,41.093304000241915,1,58,0.4637423303052723,0.007792650437786042,187.2823249957679,,text,1-1-1-1-2-1-1-1,0.47153498074305833,True,1,batch,True,pso,20,2,swarm
oe3-ofat-pilot-v2,oe3,swarm|batch|bc1|h1|pso|r2|N20|c1,syn-balanced_multimodal-conditional-r4,balanced_multimodal,conditional,1,0,5974251366865820635,2026-10-01T05:41:11.833+00:00,completed,epsilon,True,True,True,True,,41.946147,48.11254399828613,46.52894399987417,2,57,0.4958057468423476,0.001206155311335555,137.6090090022438,,code,1-1-1-1-1-0-1-1,0.4970119021536832,True,1,batch,True,pso,20,2,swarm
oe3-ofat-pilot-v2,oe3,swarm|batch|bc1|h1|pso|r2|N20|c1,syn-balanced_multimodal-repetitive-r0,balanced_multimodal,repetitive,1,0,7710084901704534217,2026-10-01T05:41:11.882+00:00,completed,epsilon,True,True,True,True,,41.289268,47.84187800032669,46.32396200031508,1,53,0.5383161833171735,0.020082558591373534,145.2754320059876,,code,2-1-1-1-1-1-2-1,0.558398741908547,True,1,batch,True,pso,20,2,swarm
oe3-ofat-pilot-v2,oe3,swarm|batch|bc1|h1|pso|r2|N20|c1,syn-balanced_multimodal-repetitive-r1,balanced_multimodal,repetitive,1,0,6042849434585660190,2026-10-01T05:41:11.929+00:00,completed,epsilon,True,True,True,True,,39.525788,45.91182299918728,44.2562660027761,1,56,0.5099655888622538,0.020082558591373645,152.833043007159,,code,2-1-2-1-2-1-1-1,0.5300481474536275,True,1,batch,True,pso,20,2,swarm
oe3-ofat-pilot-v2,oe3,swarm|batch|bc1|h1|pso|r2|N20|c1,syn-balanced_multimodal-repetitive-r2,balanced_multimodal,repetitive,1,0,4091229752520203628,2026-10-01T05:41:11.975+00:00,completed,epsilon,True,True,True,True,,36.930246,42.80032300084713,41.18036199724884,1,59,0.48695008664679024,0.02008255859137359,186.31985299279063,,code,2-1-2-1-1-1-2-1,0.5070326452381638,True,1,batch,True,pso,20,2,swarm
oe3-ofat-pilot-v2,oe3,swarm|batch|bc1|h1|pso|r2|N20|c1,syn-balanced_multimodal-repetitive-r3,balanced_multimodal,repetitive,1,0,18293002212130046117,2026-10-01T05:41:12.018+00:00,completed,epsilon,True,True,True,True,,36.818552,42.85179500220693,41.18282499985071,1,56,0.498403614745411,0.02008255859137359,163.27668700219928,,diagram,1-1-2-1-2-1-1-1,0.5184861733367846,True,1,batch,True,pso,20,2,swarm
oe3-ofat-pilot-v2,oe3,swarm|batch|bc1|h1|pso|r2|N20|c1,syn-balanced_multimodal-repetitive-r4,balanced_multimodal,repetitive,1,0,17369906960138739270,2026-10-01T05:41:12.061+00:00,completed,epsilon,True,True,True,True,,51.260864,57.17036799978814,55.48385300062364,2,60,0.5555295985433403,0.0,153.16050799677447,,code,2-0-1-0-1-1-2-1,0.5555295985433403,True,1,batch,True,pso,20,2,swarm
oe3-ofat-pilot-v2,oe3,swarm|batch|bc1|h1|pso|r2|N20|c1,syn-balanced_multimodal-arrays_vectors-r0,balanced_multimodal,arrays_vectors,1,0,379503498259880790,2026-10-01T05:41:12.118+00:00,completed,epsilon,True,True,True,True,,32.09052,40.32506899966393,38.77263899994432,1,53,0.5013728951361804,0.027874816274854664,147.00573600242095,,code,2-1-1-0-2-1-1-1,0.5292477114110351,True,1,batch,True,pso,20,2,swarm
oe3-ofat-pilot-v2,oe3,swarm|batch|bc1|h1|pso|r2|N20|c1,syn-balanced_multimodal-arrays_vectors-r1,balanced_multimodal,arrays_vectors,1,0,5564201871696204878,2026-10-01T05:41:12.158+00:00,completed,epsilon,True,True,True,True,,34.342957,42.97442400275031,41.44624999753432,1,53,0.5096113554103618,0.01001427809161104,146.84908400891393,,code,1-0-1-2-1-1-1-1,0.5196256335019729,True,1,batch,True,pso,20,2,swarm
oe3-ofat-pilot-v2,oe3,swarm|batch|bc1|h1|pso|r2|N20|c1,syn-balanced_multimodal-arrays_vectors-r2,balanced_multimodal,arrays_vectors,1,0,17388681570381543666,2026-10-01T05:41:12.201+00:00,completed,epsilon,True,True,True,True,,46.645922,55.91896099940641,54.14909400133183,2,65,0.5407905216435444,0.007792650437785986,183.2111909943248,,text,1-0-1-1-2-1-1-1,0.5485831720813303,True,1,batch,True,pso,20,2,swarm
oe3-ofat-pilot-v2,oe3,swarm|batch|bc1|h1|pso|r2|N20|c1,syn-balanced_multimodal-arrays_vectors-r3,balanced_multimodal,arrays_vectors,1,0,17553891701874167660,2026-10-01T05:41:12.257+00:00,completed,epsilon,True,True,True,True,,43.734367,49.7777140008111,48.19863900047494,2,57,0.5326887851156756,0.019041613531884827,144.49746099063802,,code,1-0-1-1-1-0-1-1,0.5517303986475605,True,1,batch,True,pso,20,2,swarm
oe3-ofat-pilot-v2,oe3,swarm|batch|bc1|h1|pso|r2|N20|c1,syn-balanced_multimodal-arrays_vectors-r4,balanced_multimodal,arrays_vectors,1,0,15382256458381187390,2026-10-01T05:41:12.307+00:00,completed,epsilon,True,True,True,True,,33.042147,40.81484500056831,39.31971599740791,1,53,0.5118957914736844,0.014696521701211163,146.83882101836736,,code,2-1-1-0-1-1-1-1,0.5265923131748955,True,1,batch,True,pso,20,2,swarm
oe3-ofat-pilot-v2,oe3,swarm|batch|bc1|h1|pso|r2|N20|c1,syn-balanced_multimodal-functions-r0,balanced_multimodal,functions,1,0,7719418254047656559,2026-10-01T05:41:12.348+00:00,completed,epsilon,True,True,True,True,,30.046889,36.068987003091024,34.69996599960723,1,46,0.5031061710751976,0.027874816274854664,102.52772699697269,,code,2-1-2-0-1-1-1-1,0.5309809873500523,True,1,batch,True,pso,20,2,swarm
oe3-ofat-pilot-v2,oe3,swarm|batch|bc1|h1|pso|r2|N20|c1,syn-balanced_multimodal-functions-r1,balanced_multimodal,functions,1,0,3230558624107485757,2026-10-01T05:41:12.384+00:00,completed,epsilon,True,True,True,True,,32.941004,38.84640899923397,37.43256699817721,1,49,0.4917724457549157,0.02008255859137359,108.05214601523136,,code,2-1-1-1-1-1-2-1,0.5118550043462893,True,1,batch,True,pso,20,2,swarm
oe3-ofat-pilot-v2,oe3,swarm|batch|bc1|h1|pso|r2|N20|c1,syn-balanced_multimodal-functions-r2,balanced_multimodal,functions,1,0,4758260729385850854,2026-10-01T05:41:12.423+00:00,completed,epsilon,True,True,True,True,,66.743519,76.06481399852782,73.94173099964974,5,77,0.5152288157391723,0.002958709305854179,150.75136100030423,,code,2-2-1-0-1-0-1-1,0.5181875250450265,True,1,batch,True,pso,20,2,swarm
oe3-ofat-pilot-v2,oe3,swarm|batch|bc1|h1|pso|r2|N20|c1,syn-balanced_multimodal-functions-r3,balanced_multimodal,functions,1,0,17412235304818197162,2026-10-01T05:41:12.499+00:00,completed,epsilon,True,True,True,True,,33.428033,39.209386999573326,37.76798100079759,1,50,0.489537761565406,0.027875012652007147,136.55909499558646,,diagram,1-1-2-1-2-1-1-1,0.5174127742174132,True,1,batch,True,pso,20,2,swarm
oe3-ofat-pilot-v2,oe3,swarm|batch|bc1|h1|pso|r2|N20|c1,syn-balanced_multimodal-functions-r4,balanced_multimodal,functions,1,0,10538569118723935937,2026-10-01T05:41:12.538+00:00,completed,epsilon,True,True,True,True,,56.269654,65.21130100009032,63.365687001351034,4,71,0.4888026404476579,0.014907226096443404,168.68480601430164,,diagram,1-2-2-1-1-0-1-1,0.5037098665441013,True,1,batch,True,pso,20,2,swarm
oe3-ofat-pilot-v2,oe3,swarm|batch|bc1|h1|pso|r2|N20|c1,syn-visual_dominant-sequential-r0,visual_dominant,sequential,2,0,933970462017344115,2026-10-01T05:41:12.603+00:00,completed,epsilon,True,True,True,True,,28.80452,34.53757700117421,33.23925699805841,1,47,0.45572350868757355,0.02008255859137359,116.36384000223049,,diagram,1-1-2-1-1-1-0-1,0.47580606727894714,True,1,batch,True,pso,20,2,swarm
oe3-ofat-pilot-v2,oe3,swarm|batch|bc1|h1|pso|r2|N20|c1,syn-visual_dominant-sequential-r1,visual_dominant,sequential,2,0,15218885005855845146,2026-10-01T05:41:12.638+00:00,completed,epsilon,True,True,True,True,,34.519078,42.97692000181996,41.52235000219662,1,51,0.4487852286224354,0.020082362214221106,146.5212950089263,,diagram,1-1-2-0-0-1-1-1,0.4688675908366565,True,1,batch,True,pso,20,2,swarm
oe3-ofat-pilot-v2,oe3,swarm|batch|bc1|h1|pso|r2|N20|c1,syn-visual_dominant-sequential-r2,visual_dominant,sequential,2,0,7545626482412980018,2026-10-01T05:41:12.681+00:00,completed,epsilon,True,True,True,True,,52.080964,58.41334700016887,56.48880700027803,4,73,0.46849588841198675,1.9637715242826204e-07,194.0956790091722,,diagram,1-0-2-1-0-1-0-1,0.4684960847891392,True,1,batch,True,pso,20,2,swarm
oe3-ofat-pilot-v2,oe3,swarm|batch|bc1|h1|pso|r2|N20|c1,syn-visual_dominant-sequential-r3,visual_dominant,sequential,2,0,13538790792892562212,2026-10-01T05:41:12.739+00:00,completed,epsilon,True,True,True,True,,41.144593,47.25308699926245,45.550630002253456,2,58,0.49689284274488765,1.9637715242826204e-07,149.9524020044883,,diagram,1-0-2-1-0-1-1-1,0.4968930391220401,True,1,batch,True,pso,20,2,swarm
oe3-ofat-pilot-v2,oe3,swarm|batch|bc1|h1|pso|r2|N20|c1,syn-visual_dominant-sequential-r4,visual_dominant,sequential,2,0,7393655945380185391,2026-10-01T05:41:12.787+00:00,completed,epsilon,True,True,True,True,,33.602548,39.64717800045037,38.00864799995907,1,57,0.44620035377287093,0.0077905977223554634,173.72108499876012,,diagram,1-0-2-1-1-1-1-1,0.4539909514952264,True,1,batch,True,pso,20,2,swarm
oe3-ofat-pilot-v2,oe3,swarm|batch|bc1|h1|pso|r2|N20|c1,syn-visual_dominant-conditional-r0,visual_dominant,conditional,2,0,17253185604956212818,2026-10-01T05:41:12.826+00:00,completed,epsilon,True,True,True,True,,36.728123,42.6918269986345,41.0259819982457,1,56,0.4683786250362893,0.007792650437786042,183.09488398757617,,diagram,1-1-2-1-0-1-0-1,0.47617127547407534,True,1,batch,True,pso,20,2,swarm
oe3-ofat-pilot-v2,oe3,swarm|batch|bc1|h1|pso|r2|N20|c1,syn-visual_dominant-conditional-r1,visual_dominant,conditional,2,0,3235172617710283348,2026-10-01T05:41:12.869+00:00,completed,epsilon,True,True,True,True,,58.987798,68.92470200182288,67.07792100132792,4,68,0.43713140449865545,3.436600168327253e-07,113.42189298986128,,diagram,1-1-2-2-0-0-0-1,0.4371317481586723,True,1,batch,True,pso,20,2,swarm
oe3-ofat-pilot-v2,oe3,swarm|batch|bc1|h1|pso|r2|N20|c1,syn-visual_dominant-conditional-r2,visual_dominant,conditional,2,0,16949393807535874105,2026-10-01T05:41:12.938+00:00,completed,epsilon,True,True,True,True,,50.101985,59.74250600047526,57.954922998760594,3,66,0.4669158360283403,0.008847613047985314,155.2606539854107,,code,2-1-2-0-1-1-1-0,0.4757634490763256,True,1,batch,True,pso,20,2,swarm
oe3-ofat-pilot-v2,oe3,swarm|batch|bc1|h1|pso|r2|N20|c1,syn-visual_dominant-conditional-r3,visual_dominant,conditional,2,0,6814480715556192419,2026-10-01T05:41:12.998+00:00,completed,epsilon,True,True,True,True,,47.569446,53.43218600319233,51.686233000509674,2,65,0.4537572043126114,0.0036547194033032526,158.1060380164219,,diagram,1-1-2-1-0-1-1-1,0.45741192371591466,True,1,batch,True,pso,20,2,swarm
oe3-ofat-pilot-v2,oe3,swarm|batch|bc1|h1|pso|r2|N20|c1,syn-visual_dominant-conditional-r4,visual_dominant,conditional,2,0,9372143264887450917,2026-10-01T05:41:13.051+00:00,completed,epsilon,True,True,True,True,,50.962775,56.83367299934616,55.041646999598015,3,69,0.4486569413932807,0.0,177.36819500569882,,diagram,1-1-2-0-1-0-0-1,0.4486569413932807,True,1,batch,True,pso,20,2,swarm
oe3-ofat-pilot-v2,oe3,swarm|batch|bc1|h1|pso|r2|N20|c1,syn-visual_dominant-repetitive-r0,visual_dominant,repetitive,2,0,17432386358067490306,2026-10-01T05:41:13.108+00:00,completed,epsilon,True,True,True,True,,39.163497,45.25748699961696,43.66016899803071,1,58,0.46998170127395994,0.02008255859137359,167.68593000145603,,diagram,1-1-2-1-1-1-0-1,0.49006425986533353,True,1,batch,True,pso,20,2,swarm
oe3-ofat-pilot-v2,oe3,swarm|batch|bc1|h1|pso|r2|N20|c1,syn-visual_dominant-repetitive-r1,visual_dominant,repetitive,2,0,4534189775785306943,2026-10-01T05:41:13.153+00:00,completed,epsilon,True,True,True,True,,45.720033,51.635456999065354,49.95767599757528,2,63,0.47132853097575106,0.02008255859137359,168.04852198552805,,code,2-1-2-1-1-1-1-1,0.49141108956712465,True,1,batch,True,pso,20,2,swarm
oe3-ofat-pilot-v2,oe3,swarm|batch|bc1|h1|pso|r2|N20|c1,syn-visual_dominant-repetitive-r2,visual_dominant,repetitive,2,0,14890725539570871282,2026-10-01T05:41:13.205+00:00,completed,epsilon,True,True,True,True,,42.161553,48.04441099986434,46.36613200273132,1,59,0.497368651601852,0.02008255859137359,204.146935001096,,code,2-1-2-1-1-1-0-1,0.5174512101932256,True,1,batch,True,pso,20,2,swarm
oe3-ofat-pilot-v2,oe3,swarm|batch|bc1|h1|pso|r2|N20|c1,syn-visual_dominant-repetitive-r3,visual_dominant,repetitive,2,0,11175944323486150873,2026-10-01T05:41:13.253+00:00,completed,epsilon,True,True,True,True,,47.037407,57.85483699946781,56.121081001037965,1,59,0.48131196792957526,0.024018140830402046,204.79564600039234,,diagram,1-2-2-0-0-1-0-1,0.5053301087599773,True,1,batch,True,pso,20,2,swarm
oe3-ofat-pilot-v2,oe3,swarm|batch|bc1|h1|pso|r2|N20|c1,syn-visual_dominant-repetitive-r4,visual_dominant,repetitive,2,0,6321021491439439287,2026-10-01T05:41:13.311+00:00,completed,epsilon,True,True,True,True,,53.335496,59.62048500077799,57.815210999251576,3,67,0.46760730899554137,1.9637715242826204e-07,154.13901498718138,,diagram,1-0-2-1-0-1-0-1,0.4676075053726938,True,1,batch,True,pso,20,2,swarm
oe3-ofat-pilot-v2,oe3,swarm|batch|bc1|h1|pso|r2|N20|c1,syn-visual_dominant-arrays_vectors-r0,visual_dominant,arrays_vectors,2,0,15952936129579093559,2026-10-01T05:41:13.371+00:00,completed,epsilon,True,True,True,True,,41.949449,50.756103002640884,49.08779899778892,2,63,0.4727635718000115,0.016171204383530813,188.77142900528247,,diagram,1-0-2-0-0-1-0-2,0.4889347761835423,True,1,batch,True,pso,20,2,swarm
oe3-ofat-pilot-v2,oe3,swarm|batch|bc1|h1|pso|r2|N20|c1,syn-visual_dominant-arrays_vectors-r1,visual_dominant,arrays_vectors,2,0,4150365637679857595,2026-10-01T05:41:13.421+00:00,completed,epsilon,True,True,True,True,,47.394736,55.76889400254004,54.10084100003587,2,59,0.44540015262768173,0.007792454060633558,153.66764198956133,,diagram,1-0-2-0-0-1-0-1,0.4531926066883153,True,1,batch,True,pso,20,2,swarm
oe3-ofat-pilot-v2,oe3,swarm|batch|bc1|h1|pso|r2|N20|c1,syn-visual_dominant-arrays_vectors-r2,visual_dominant,arrays_vectors,2,0,9121830484626340551,2026-10-01T05:41:13.477+00:00,completed,epsilon,True,True,True,True,,33.644726,39.88108200064744,38.29931099971873,1,54,0.4939594688494195,0.027875012652007147,149.55033298193575,,diagram,1-1-2-1-1-1-1-1,0.5218344815014266,True,1,batch,True,pso,20,2,swarm
oe3-ofat-pilot-v2,oe3,swarm|batch|bc1|h1|pso|r2|N20|c1,syn-visual_dominant-arrays_vectors-r3,visual_dominant,arrays_vectors,2,0,8306973448203974922,2026-10-01T05:41:13.517+00:00,completed,epsilon,True,True,True,True,,37.680425,44.18142199938302,42.48235100021702,1,58,0.5104383568030326,0.017498999281390648,192.9939349909949,,diagram,0-1-2-1-1-1-0-1,0.5279373560844233,True,1,batch,True,pso,20,2,swarm
oe3-ofat-pilot-v2,oe3,swarm|batch|bc1|h1|pso|r2|N20|c1,syn-visual_dominant-arrays_vectors-r4,visual_dominant,arrays_vectors,2,0,6090714346369449132,2026-10-01T05:41:13.561+00:00,completed,epsilon,True,True,True,True,,40.10281,46.13543400046183,44.39742799877422,2,61,0.49416530121267593,0.003415891924706871,161.36006699955095,,diagram,1-1-2-1-1-0-0-1,0.4975811931373828,True,1,batch,True,pso,20,2,swarm
oe3-ofat-pilot-v2,oe3,swarm|batch|bc1|h1|pso|r2|N20|c1,syn-visual_dominant-functions-r0,visual_dominant,functions,2,0,1938275832337831069,2026-10-01T05:41:13.607+00:00,completed,epsilon,True,True,True,True,,41.291566,47.548536997055635,45.830576000298606,2,62,0.4977881257361313,1.9637715242826204e-07,151.29260999954442,,diagram,1-0-2-1-1-1-0-1,0.4977883221132837,True,1,batch,True,pso,20,2,swarm
oe3-ofat-pilot-v2,oe3,swarm|batch|bc1|h1|pso|r2|N20|c1,syn-visual_dominant-functions-r1,visual_dominant,functions,2,0,18320065843555622638,2026-10-01T05:41:13.655+00:00,completed,epsilon,True,True,True,True,,33.605032,39.613678000023356,38.14012400107458,1,56,0.4740233528279633,0.027875012652007147,147.05006300481944,,code,2-1-2-1-1-1-0-1,0.5018983654799705,True,1,batch,True,pso,20,2,swarm
oe3-ofat-pilot-v2,oe3,swarm|batch|bc1|h1|pso|r2|N20|c1,syn-visual_dominant-functions-r2,visual_dominant,functions,2,0,2018128801505319285,2026-10-01T05:41:13.694+00:00,completed,epsilon,True,True,True,True,,38.965014,47.75167000116198,46.058690997597296,2,60,0.4612015381927306,0.01017466893107688,142.82882101047028,,diagram,1-2-2-0-1-0-1-2,0.47137620712380746,True,1,batch,True,pso,20,2,swarm
oe3-ofat-pilot-v2,oe3,swarm|batch|bc1|h1|pso|r2|N20|c1,syn-visual_dominant-functions-r3,visual_dominant,functions,2,0,11458603809094557690,2026-10-01T05:41:13.742+00:00,completed,epsilon,True,True,True,True,,60.669398,66.82157600153005,65.01094399936846,4,70,0.46752807932785406,0.012907029719290863,146.6759019910331,,diagram,1-2-2-0-0-0-1-1,0.4804351090471449,True,1,batch,True,pso,20,2,swarm
oe3-ofat-pilot-v2,oe3,swarm|batch|bc1|h1|pso|r2|N20|c1,syn-visual_dominant-functions-r4,visual_dominant,functions,2,0,3571204151565300957,2026-10-01T05:41:13.809+00:00,completed,epsilon,True,True,True,True,,50.767042,59.862615999008995,58.07049099894357,4,65,0.5026284426457682,0.0,153.78253201248148,,code,2-0-2-0-1-1-1-1,0.5026284426457682,True,1,batch,True,pso,20,2,swarm
oe3-ofat-pilot-v2,oe3,swarm|batch|bc1|h1|pso|r2|N20|c1,syn-logical_syntactic-sequential-r0,logical_syntactic,sequential,2,0,6703238505377356793,2026-10-01T05:41:13.869+00:00,completed,epsilon,True,True,True,True,,37.928576,44.01866000262089,42.516391000390286,1,53,0.4761348237523099,0.02008255859137359,132.33305298535365,,code,2-1-1-1-0-1-0-1,0.4962173823436835,True,1,batch,True,pso,20,2,swarm
oe3-ofat-pilot-v2,oe3,swarm|batch|bc1|h1|pso|r2|N20|c1,syn-logical_syntactic-sequential-r1,logical_syntactic,sequential,2,0,2732344214726962996,2026-10-01T05:41:13.913+00:00,completed,epsilon,True,True,True,True,,46.730368,55.94208299953607,54.08296600217,2,61,0.4624638032272476,0.02008255859137359,143.34164299726015,,code,2-1-1-1-1-1-0-1,0.4825463618186212,True,1,batch,True,pso,20,2,swarm
oe3-ofat-pilot-v2,oe3,swarm|batch|bc1|h1|pso|r2|N20|c1,syn-logical_syntactic-sequential-r2,logical_syntactic,sequential,2,0,9866697793834971187,2026-10-01T05:41:13.969+00:00,completed,epsilon,True,True,True,True,,31.667405,37.823629998456454,36.46998300246196,1,47,0.5052479809084092,0.0034158919247069264,108.65124098707845,,code,2-1-0-1-1-1-1-1,0.5086638728331161,True,1,batch,True,pso,20,2,swarm
oe3-ofat-pilot-v2,oe3,swarm|batch|bc1|h1|pso|r2|N20|c1,syn-logical_syntactic-sequential-r3,logical_syntactic,sequential,2,0,10397115182704620962,2026-10-01T05:41:14.007+00:00,completed,epsilon,True,True,True,True,,34.833506,40.91537600106676,39.347295998595655,1,56,0.47454039043400664,1.9637715242826204e-07,160.21457401963272,,code,2-0-1-1-1-1-0-1,0.47454058681115907,True,1,batch,True,pso,20,2,swarm
oe3-ofat-pilot-v2,oe3,swarm|batch|bc1|h1|pso|r2|N20|c1,syn-logical_syntactic-sequential-r4,logical_syntactic,sequential,2,0,15306839444144451490,2026-10-01T05:41:14.048+00:00,completed,epsilon,True,True,True,True,,42.053284,52.75837999943178,51.02263099979609,2,61,0.4729105214541622,0.0234772615577023,179.65149100193474,,code,2-2-1-0-1-1-0-1,0.4963877830118645,True,1,batch,True,pso,20,2,swarm
oe3-ofat-pilot-v2,oe3,swarm|batch|bc1|h1|pso|r2|N20|c1,syn-logical_syntactic-conditional-r0,logical_syntactic,conditional,2,0,12735488349665473455,2026-10-01T05:41:14.100+00:00,completed,epsilon,True,True,True,True,,36.798491,42.85756600074819,40.973798000777606,1,58,0.4552124341978106,0.0036547194033032526,199.14519399332437,,code,2-1-1-1-0-1-0-1,0.45886715360111385,True,1,batch,True,pso,20,2,swarm
oe3-ofat-pilot-v2,oe3,swarm|batch|bc1|h1|pso|r2|N20|c1,syn-logical_syntactic-conditional-r1,logical_syntactic,conditional,2,0,11399479585009898413,2026-10-01T05:41:14.143+00:00,completed,epsilon,True,True,True,True,,50.534559,56.60341499969945,54.95802000223193,3,66,0.45182455796811893,0.0,167.9565140202671,,code,2-1-1-0-0-0-0-1,0.45182455796811893,True,1,batch,True,pso,20,2,swarm
oe3-ofat-pilot-v2,oe3,swarm|batch|bc1|h1|pso|r2|N20|c1,syn-logical_syntactic-conditional-r2,logical_syntactic,conditional,2,0,3681324614498174940,2026-10-01T05:41:14.200+00:00,completed,epsilon,True,True,True,True,,30.316978,35.95393499927013,34.694777001277544,1,45,0.4631068467146388,0.0036547194033032526,99.50606700197346,,code,2-1-1-1-0-1-1-1,0.46676156611794206,True,1,batch,True,pso,20,2,swarm
oe3-ofat-pilot-v2,oe3,swarm|batch|bc1|h1|pso|r2|N20|c1,syn-logical_syntactic-conditional-r3,logical_syntactic,conditional,2,0,1495775939040843714,2026-10-01T05:41:14.236+00:00,completed,epsilon,True,True,True,True,,32.43759,37.91977000219049,36.583059998520184,1,51,0.4614734643861827,0.007792650437786042,132.46764398391383,,code,2-1-1-1-0-1-0-1,0.46926611482396874,True,1,batch,True,pso,20,2,swarm
oe3-ofat-pilot-v2,oe3,swarm|batch|bc1|h1|pso|r2|N20|c1,syn-logical_syntactic-conditional-r4,logical_syntactic,conditional,2,0,11016568118539380630,2026-10-01T05:41:14.274+00:00,completed,epsilon,True,True,True,True,,39.757091,45.58317299961345,43.829120997543214,2,57,0.48758909673270007,1.963771524837732e-07,133.86070400615313,,code,2-1-1-1-1-0-1-1,0.48758929310985255,True,1,batch,True,pso,20,2,swarm
oe3-ofat-pilot-v2,oe3,swarm|batch|bc1|h1|pso|r2|N20|c1,syn-logical_syntactic-repetitive-r0,logical_syntactic,repetitive,2,0,8669339458277283579,2026-10-01T05:41:14.319+00:00,completed,epsilon,True,True,True,True,,34.346998,40.0577640029951,38.725567999790655,1,50,0.45068774937313677,0.02008255859137359,135.51681000906476,,code,2-1-2-1-0-1-1-1,0.47077030796451036,True,1,batch,True,pso,20,2,swarm
oe3-ofat-pilot-v2,oe3,swarm|batch|bc1|h1|pso|r2|N20|c1,syn-logical_syntactic-repetitive-r1,logical_syntactic,repetitive,2,0,7087564763739291896,2026-10-01T05:41:14.360+00:00,completed,epsilon,True,True,True,True,,43.220016,50.05087300014566,48.23690299963346,1,48,0.46854772531455674,0.02008255859137359,126.5215090003827,,code,2-1-1-1-0-1-0-1,0.48863028390593033,True,1,batch,True,pso,20,2,swarm
oe3-ofat-pilot-v2,oe3,swarm|batch|bc1|h1|pso|r2|N20|c1,syn-logical_syntactic-repetitive-r2,logical_syntactic,repetitive,2,0,17774420465350218166,2026-10-01T05:41:14.410+00:00,completed,epsilon,True,True,True,True,,43.465397,51.88675300087198,50.295115001063095,1,51,0.48860682289608054,0.02008255859137359,150.04888899689612,,code,2-1-1-1-1-1-1-1,0.5086893814874541,True,1,batch,True,pso,20,2,swarm
oe3-ofat-pilot-v2,oe3,swarm|batch|bc1|h1|pso|r2|N20|c1,syn-logical_syntactic-repetitive-r3,logical_syntactic,repetitive,2,0,11177538339330417699,2026-10-01T05:41:14.462+00:00,completed,epsilon,True,True,True,True,,52.524707,58.387761000631144,56.562133999250364,3,69,0.48029503237703386,0.0018731162351965924,199.81265500401682,,code,2-0-0-0-1-1-0-1,0.48216814861223045,True,1,batch,True,pso,20,2,swarm
oe3-ofat-pilot-v2,oe3,swarm|batch|bc1|h1|pso|r2|N20|c1,syn-logical_syntactic-repetitive-r4,logical_syntactic,repetitive,2,0,5975297501444787526,2026-10-01T05:41:14.520+00:00,completed,epsilon,True,True,True,True,,54.625537,63.87892500060843,61.93720300143468,4,71,0.4271906688368101,0.01720788959938324,142.28437198892152,,code,2-0-0-2-1-0-0-1,0.44439855843619336,True,1,batch,True,pso,20,2,swarm
oe3-ofat-pilot-v2,oe3,swarm|batch|bc1|h1|pso|r2|N20|c1,syn-logical_syntactic-arrays_vectors-r0,logical_syntactic,arrays_vectors,2,0,12465654442624101670,2026-10-01T05:41:14.584+00:00,completed,epsilon,True,True,True,True,,34.714624,40.96673299864051,39.3962369998917,1,56,0.4778259832526858,0.027875012652007147,152.59581000936828,,code,2-1-1-1-0-1-1-1,0.505700995904693,True,1,batch,True,pso,20,2,swarm
oe3-ofat-pilot-v2,oe3,swarm|batch|bc1|h1|pso|r2|N20|c1,syn-logical_syntactic-arrays_vectors-r1,logical_syntactic,arrays_vectors,2,0,686629181118521670,2026-10-01T05:41:14.625+00:00,completed,epsilon,True,True,True,True,,45.514727,53.7268000007316,52.23833099807962,3,56,0.4829892268644973,0.0010555026473685336,110.30889498958868,,code,2-0-1-2-1-0-1-0,0.48404472951186583,True,1,batch,True,pso,20,2,swarm
oe3-ofat-pilot-v2,oe3,swarm|batch|bc1|h1|pso|r2|N20|c1,syn-logical_syntactic-arrays_vectors-r2,logical_syntactic,arrays_vectors,2,0,16460370737839111721,2026-10-01T05:41:14.679+00:00,completed,epsilon,True,True,True,True,,37.549477,43.79152099863859,42.13471199909691,1,61,0.49083069767651405,0.027875012652007147,179.02037699262794,,code,2-1-1-1-0-1-0-1,0.5187057103285212,True,1,batch,True,pso,20,2,swarm
oe3-ofat-pilot-v2,oe3,swarm|batch|bc1|h1|pso|r2|N20|c1,syn-logical_syntactic-arrays_vectors-r3,logical_syntactic,arrays_vectors,2,0,4892650009174421881,2026-10-01T05:41:14.722+00:00,completed,epsilon,True,True,True,True,,36.086897,42.58032299912884,41.12145099861664,1,51,0.510410675757111,0.017498999281390648,129.22289301296922,,code,2-1-1-1-1-1-1-1,0.5279096750385016,True,1,batch,True,pso,20,2,swarm
oe3-ofat-pilot-v2,oe3,swarm|batch|bc1|h1|pso|r2|N20|c1,syn-logical_syntactic-arrays_vectors-r4,logical_syntactic,arrays_vectors,2,0,2417416973143296410,2026-10-01T05:41:14.765+00:00,completed,epsilon,True,True,True,True,,46.112219,54.25165700216894,52.34936900160392,3,61,0.46708730888128713,1.9637715242826204e-07,107.5611590019202,,code,2-0-1-1-0-0-1-1,0.46708750525843956,True,1,batch,True,pso,20,2,swarm
oe3-ofat-pilot-v2,oe3,swarm|batch|bc1|h1|pso|r2|N20|c1,syn-logical_syntactic-functions-r0,logical_syntactic,functions,2,0,15429747080000417372,2026-10-01T05:41:14.819+00:00,completed,epsilon,True,True,True,True,,31.865089,39.97125000023516,38.49669600094785,1,54,0.515574695902924,1.9637715242826204e-07,155.47817501117146,,code,2-0-1-1-1-0-0-1,0.5155748922800765,True,1,batch,True,pso,20,2,swarm
oe3-ofat-pilot-v2,oe3,swarm|batch|bc1|h1|pso|r2|N20|c1,syn-logical_syntactic-functions-r1,logical_syntactic,functions,2,0,294230652380773904,2026-10-01T05:41:14.859+00:00,completed,epsilon,True,True,True,True,,40.294269,46.22568899867474,44.60024299987708,2,59,0.4776444942622855,0.0175905906700351,140.4180239795911,,code,2-0-2-0-1-1-0-1,0.4952350849323206,True,1,batch,True,pso,20,2,swarm
oe3-ofat-pilot-v2,oe3,swarm|batch|bc1|h1|pso|r2|N20|c1,syn-logical_syntactic-functions-r2,logical_syntactic,functions,2,0,13615402844050324778,2026-10-01T05:41:14.905+00:00,completed,epsilon,True,True,True,True,,38.208671,48.15506799786817,46.678672999405535,1,52,0.4904149498771815,0.007792454060633558,142.78582300252776,,code,2-0-0-0-1-1-1-1,0.49820740393781504,True,1,batch,True,pso,20,2,swarm
oe3-ofat-pilot-v2,oe3,swarm|batch|bc1|h1|pso|r2|N20|c1,syn-logical_syntactic-functions-r3,logical_syntactic,functions,2,0,2628094489362841849,2026-10-01T05:41:14.954+00:00,completed,epsilon,True,True,True,True,,33.166847,38.76756200043019,37.26743199877092,1,56,0.46627757409622445,0.02008255859137359,170.15578699146573,,code,2-1-1-1-1-1-0-1,0.48636013268759803,True,1,batch,True,pso,20,2,swarm
oe3-ofat-pilot-v2,oe3,swarm|batch|bc1|h1|pso|r2|N20|c1,syn-logical_syntactic-functions-r4,logical_syntactic,functions,2,0,2404872287879725645,2026-10-01T05:41:14.992+00:00,completed,epsilon,True,True,True,True,,57.850212,67.08265300039784,65.21201400028076,4,68,0.44882022462120214,0.007230897594028007,137.70087399067626,,code,2-2-0-1-1-0-0-1,0.45605112221523014,True,1,batch,True,pso,20,2,swarm
oe3-ofat-pilot-v2,oe3,swarm|batch|bc1|h1|pso|r2|N20|c1,syn-explanatory_conceptual-sequential-r0,explanatory_conceptual,sequential,2,0,14486601001991957285,2026-10-01T05:41:15.059+00:00,completed,epsilon,True,True,True,True,,44.816702,52.84031599876471,50.860485000157496,2,65,0.46745544868137157,1.9637715242826204e-07,202.22537900148296,,text,0-0-1-1-2-0-0-1,0.467455645058524,True,1,batch,True,pso,20,2,swarm
oe3-ofat-pilot-v2,oe3,swarm|batch|bc1|h1|pso|r2|N20|c1,syn-explanatory_conceptual-sequential-r1,explanatory_conceptual,sequential,2,0,7259571591719946957,2026-10-01T05:41:15.112+00:00,completed,epsilon,True,True,True,True,,39.830267,45.794962999934796,44.296102998487186,1,56,0.45267043074923324,0.006749225258040281,179.64759299082087,,text,0-1-0-1-2-1-0-1,0.4594196560072735,True,1,batch,True,pso,20,2,swarm
oe3-ofat-pilot-v2,oe3,swarm|batch|bc1|h1|pso|r2|N20|c1,syn-explanatory_conceptual-sequential-r2,explanatory_conceptual,sequential,2,0,4560824736483476529,2026-10-01T05:41:15.158+00:00,completed,epsilon,True,True,True,True,,41.701682,49.692453001625836,47.85489999994752,2,65,0.44259176409251066,0.020082362214221106,205.3195750025229,,text,1-1-1-0-2-0-1-1,0.46267412630673177,True,1,batch,True,pso,20,2,swarm
oe3-ofat-pilot-v2,oe3,swarm|batch|bc1|h1|pso|r2|N20|c1,syn-explanatory_conceptual-sequential-r3,explanatory_conceptual,sequential,2,0,9930174057851836806,2026-10-01T05:41:15.208+00:00,completed,epsilon,True,True,True,True,,44.536348,53.79422000260092,52.0305459976953,3,65,0.44059782027567096,0.008378946700049683,150.05395600398776,,text,1-0-1-1-2-1-1-2,0.44897676697572064,True,1,batch,True,pso,20,2,swarm
oe3-ofat-pilot-v2,oe3,swarm|batch|bc1|h1|pso|r2|N20|c1,syn-explanatory_conceptual-sequential-r4,explanatory_conceptual,sequential,2,0,9320799391319476761,2026-10-01T05:41:15.262+00:00,completed,epsilon,True,True,True,True,,47.567664,55.5015909994836,53.764724001666764,2,63,0.4633307605530749,0.0031722393879051736,159.93049798573017,,text,1-1-1-1-2-0-1-1,0.4665029999409801,True,1,batch,True,pso,20,2,swarm
oe3-ofat-pilot-v2,oe3,swarm|batch|bc1|h1|pso|r2|N20|c1,syn-explanatory_conceptual-conditional-r0,explanatory_conceptual,conditional,2,0,1472434634288188504,2026-10-01T05:41:15.317+00:00,completed,epsilon,True,True,True,True,,33.1584,42.1483009995427,40.4921999979706,1,59,0.4877375139863285,0.007792454060633558,185.15099500088286,,code,2-1-1-0-2-1-1-1,0.49552996804696203,True,1,batch,True,pso,20,2,swarm
oe3-ofat-pilot-v2,oe3,swarm|batch|bc1|h1|pso|r2|N20|c1,syn-explanatory_conceptual-conditional-r1,explanatory_conceptual,conditional,2,0,9456364817232365643,2026-10-01T05:41:15.359+00:00,completed,epsilon,True,True,True,True,,40.337435,47.215915998094715,45.41497699756292,2,56,0.47520911893219114,0.0036547194033032526,143.508768990401,,text,1-1-1-1-2-1-1-1,0.4788638383354944,True,1,batch,True,pso,20,2,swarm
oe3-ofat-pilot-v2,oe3,swarm|batch|bc1|h1|pso|r2|N20|c1,syn-explanatory_conceptual-conditional-r2,explanatory_conceptual,conditional,2,0,5881994369337550437,2026-10-01T05:41:15.407+00:00,completed,epsilon,True,True,True,True,,35.049109,41.31396899902029,39.737892999255564,1,59,0.4825122760291102,0.007792454060633558,193.56935900040088,,diagram,1-1-2-0-2-1-1-1,0.49030473008974373,True,1,batch,True,pso,20,2,swarm
oe3-ofat-pilot-v2,oe3,swarm|batch|bc1|h1|pso|r2|N20|c1,syn-explanatory_conceptual-conditional-r3,explanatory_conceptual,conditional,2,0,8435174638097405506,2026-10-01T05:41:15.448+00:00,completed,epsilon,True,True,True,True,,32.55685,38.44009299791651,36.98051299943472,1,52,0.40097835467564585,0.03364007004930275,145.01006699844177,,text,0-1-0-1-2-1-0-1,0.4346184247249486,True,1,batch,True,pso,20,2,swarm
oe3-ofat-pilot-v2,oe3,swarm|batch|bc1|h1|pso|r2|N20|c1,syn-explanatory_conceptual-conditional-r4,explanatory_conceptual,conditional,2,0,16811290955777993261,2026-10-01T05:41:15.486+00:00,completed,epsilon,True,True,True,True,,51.839977,57.60664900299162,55.90587899860111,3,67,0.4651361011678009,0.0,156.50162200365716,,text,1-1-1-0-2-0-0-1,0.4651361011678009,True,1,batch,True,pso,20,2,swarm
oe3-ofat-pilot-v2,oe3,swarm|batch|bc1|h1|pso|r2|N20|c1,syn-explanatory_conceptual-repetitive-r0,explanatory_conceptual,repetitive,2,0,16651396803649518729,2026-10-01T05:41:15.544+00:00,completed,epsilon,True,True,True,True,,47.515205,53.69286899804138,51.846538997779135,2,65,0.4460986935462345,0.02008255859137359,152.21408502224043,,text,1-1-1-1-2-1-0-1,0.4661812521376081,True,1,batch,True,pso,20,2,swarm
oe3-ofat-pilot-v2,oe3,swarm|batch|bc1|h1|pso|r2|N20|c1,syn-explanatory_conceptual-repetitive-r1,explanatory_conceptual,repetitive,2,0,11245067322156158965,2026-10-01T05:41:15.598+00:00,completed,epsilon,True,True,True,True,,54.233346,60.52131400065264,58.80208300004597,2,62,0.5255407002055713,1.9637715242826204e-07,176.97953799057038,,text,1-0-1-1-2-1-1-1,0.5255408965827237,True,1,batch,True,pso,20,2,swarm
oe3-ofat-pilot-v2,oe3,swarm|batch|bc1|h1|pso|r2|N20|c1,syn-explanatory_conceptual-repetitive-r2,explanatory_conceptual,repetitive,2,0,1941751807694570845,2026-10-01T05:41:15.658+00:00,completed,epsilon,True,True,True,True,,32.563796,38.05328000089503,36.596323996491265,1,53,0.4707990919315041,0.021881510427353146,140.04009400521304,,text,1-1-1-1-2-1-1-1,0.49268060235885724,True,1,batch,True,pso,20,2,swarm
oe3-ofat-pilot-v2,oe3,swarm|batch|bc1|h1|pso|r2|N20|c1,syn-explanatory_conceptual-repetitive-r3,explanatory_conceptual,repetitive,2,0,7312862892071760212,2026-10-01T05:41:15.696+00:00,completed,epsilon,True,True,True,True,,29.240725,34.683969999605324,33.372213001712225,1,47,0.46760140454444094,0.02008255859137359,120.1832539842087,,code,2-1-1-1-2-1-1-1,0.4876839631358145,True,1,batch,True,pso,20,2,swarm
oe3-ofat-pilot-v2,oe3,swarm|batch|bc1|h1|pso|r2|N20|c1,syn-explanatory_conceptual-repetitive-r4,explanatory_conceptual,repetitive,2,0,11178940480046766617,2026-10-01T05:41:15.731+00:00,completed,epsilon,True,True,True,True,,34.542319,40.46340900094947,38.843388996610884,1,55,0.45405216601876935,0.02008255859137359,164.2281639997145,,text,1-1-0-1-2-1-1-1,0.47413472461014294,True,1,batch,True,pso,20,2,swarm
oe3-ofat-pilot-v2,oe3,swarm|batch|bc1|h1|pso|r2|N20|c1,syn-explanatory_conceptual-arrays_vectors-r0,explanatory_conceptual,arrays_vectors,2,0,3176049071516707528,2026-10-01T05:41:15.771+00:00,completed,epsilon,True,True,True,True,,31.599642,37.7686680003535,36.26138600156992,1,50,0.49778085910851905,0.027875012652007147,119.40801699679126,,text,1-1-1-1-2-1-0-1,0.5256558717605262,True,1,batch,True,pso,20,2,swarm
oe3-ofat-pilot-v2,oe3,swarm|batch|bc1|h1|pso|r2|N20|c1,syn-explanatory_conceptual-arrays_vectors-r1,explanatory_conceptual,arrays_vectors,2,0,11472989949711724537,2026-10-01T05:41:15.809+00:00,completed,epsilon,True,True,True,True,,44.418761,50.5524560030608,48.821728996699676,2,63,0.48246679412408,0.007792650437785986,172.93548199573542,,text,0-0-0-1-2-1-1-1,0.490259444561866,True,1,batch,True,pso,20,2,swarm
oe3-ofat-pilot-v2,oe3,swarm|batch|bc1|h1|pso|r2|N20|c1,syn-explanatory_conceptual-arrays_vectors-r2,explanatory_conceptual,arrays_vectors,2,0,10382386641063741548,2026-10-01T05:41:15.860+00:00,completed,epsilon,True,True,True,True,,34.072396,40.09448799843085,38.688499000272714,1,49,0.5002467392530876,0.027875012652007203,117.2514330054997,,diagram,0-1-2-1-2-1-1-1,0.5281217519050948,True,1,batch,True,pso,20,2,swarm
oe3-ofat-pilot-v2,oe3,swarm|batch|bc1|h1|pso|r2|N20|c1,syn-explanatory_conceptual-arrays_vectors-r3,explanatory_conceptual,arrays_vectors,2,0,2259169429594963540,2026-10-01T05:41:15.900+00:00,completed,epsilon,True,True,True,True,,34.766276,40.913377997640055,39.401522000844125,1,54,0.4899428394838256,0.017498999281390593,147.76872799141117,,text,0-1-1-1-2-1-0-1,0.5074418387652162,True,1,batch,True,pso,20,2,swarm
oe3-ofat-pilot-v2,oe3,swarm|batch|bc1|h1|pso|r2|N20|c1,syn-explanatory_conceptual-arrays_vectors-r4,explanatory_conceptual,arrays_vectors,2,0,16509041288914301223,2026-10-01T05:41:15.941+00:00,completed,epsilon,True,True,True,True,,29.649336,35.455198001727695,33.89597999921534,1,53,0.5030917240612093,0.014696521701211163,140.41666900653914,,text,1-1-1-0-2-1-1-1,0.5177882457624204,True,1,batch,True,pso,20,2,swarm
oe3-ofat-pilot-v2,oe3,swarm|batch|bc1|h1|pso|r2|N20|c1,syn-explanatory_conceptual-functions-r0,explanatory_conceptual,functions,2,0,17531483786064496240,2026-10-01T05:41:15.976+00:00,completed,epsilon,True,True,True,True,,30.677567,38.658145000226796,37.249310000333935,1,47,0.4828702671654518,0.027874816274854664,121.84397300337292,,text,1-1-1-0-2-1-1-1,0.5107450834403064,True,1,batch,True,pso,20,2,swarm
oe3-ofat-pilot-v2,oe3,swarm|batch|bc1|h1|pso|r2|N20|c1,syn-explanatory_conceptual-functions-r1,explanatory_conceptual,functions,2,0,2918462925200927164,2026-10-01T05:41:16.015+00:00,completed,epsilon,True,True,True,True,,44.716305,50.46937999941292,48.904096001933794,1,56,0.4908433042588953,0.022579211377867947,149.8386079894866,,code,2-2-1-1-2-0-1-1,0.5134225156367632,True,1,batch,True,pso,20,2,swarm
oe3-ofat-pilot-v2,oe3,swarm|batch|bc1|h1|pso|r2|N20|c1,syn-explanatory_conceptual-functions-r2,explanatory_conceptual,functions,2,0,10502451655373640013,2026-10-01T05:41:16.065+00:00,completed,epsilon,True,True,True,True,,38.126267,43.56402600024012,42.05243400065228,2,59,0.4862088786957507,1.9637715242826204e-07,174.00000301180663,,text,1-0-1-1-2-1-1-1,0.4862090750729031,True,1,batch,True,pso,20,2,swarm
oe3-ofat-pilot-v2,oe3,swarm|batch|bc1|h1|pso|r2|N20|c1,syn-explanatory_conceptual-functions-r3,explanatory_conceptual,functions,2,0,9101098485372157783,2026-10-01T05:41:16.109+00:00,completed,epsilon,True,True,True,True,,45.219958,51.527620998967905,49.74536900044768,2,63,0.49777727535266225,0.007792650437785986,159.84003500205196,,text,1-0-1-1-2-1-1-1,0.5055699257904482,True,1,batch,True,pso,20,2,swarm
oe3-ofat-pilot-v2,oe3,swarm|batch|bc1|h1|pso|r2|N20|c1,syn-explanatory_conceptual-functions-r4,explanatory_conceptual,functions,2,0,2282946250972105915,2026-10-01T05:41:16.160+00:00,completed,epsilon,True,True,True,True,,48.288474,54.9237080012972,52.99268700036919,3,69,0.49970043101958095,0.0,184.73071099225058,,text,1-0-1-0-2-0-1-1,0.49970043101958095,True,1,batch,True,pso,20,2,swarm
oe3-ofat-pilot-v2,oe3,swarm|batch|bc1|h1|pso|r2|N20|c1,syn-balanced_multimodal-sequential-r0,balanced_multimodal,sequential,2,0,8447297626789157734,2026-10-01T05:41:16.215+00:00,completed,epsilon,True,True,True,True,,39.978854,46.01517799892463,44.501917000161484,2,55,0.47478255891106164,0.02008255859137359,103.38039502201549,,diagram,1-1-2-1-1-1-1-1,0.4948651175024352,True,1,batch,True,pso,20,2,swarm
oe3-ofat-pilot-v2,oe3,swarm|batch|bc1|h1|pso|r2|N20|c1,syn-balanced_multimodal-sequential-r1,balanced_multimodal,sequential,2,0,14002032390557949515,2026-10-01T05:41:16.261+00:00,completed,epsilon,True,True,True,True,,44.056858,50.13921499994467,48.45830100020976,2,63,0.4657807084094385,0.020082362214221106,181.95614799660794,,code,2-1-2-0-1-1-1-1,0.48586307062365963,True,1,batch,True,pso,20,2,swarm
oe3-ofat-pilot-v2,oe3,swarm|batch|bc1|h1|pso|r2|N20|c1,syn-balanced_multimodal-sequential-r2,balanced_multimodal,sequential,2,0,7504185198732801890,2026-10-01T05:41:16.312+00:00,completed,epsilon,True,True,True,True,,34.117809,42.36331100037205,40.81810900242999,1,57,0.4994691128163741,0.020082362214221106,180.64865400237807,,code,2-1-1-0-1-1-1-1,0.5195514750305952,True,1,batch,True,pso,20,2,swarm
oe3-ofat-pilot-v2,oe3,swarm|batch|bc1|h1|pso|r2|N20|c1,syn-balanced_multimodal-sequential-r3,balanced_multimodal,sequential,2,0,5533078066589847335,2026-10-01T05:41:16.354+00:00,completed,epsilon,True,True,True,True,,36.189403,44.82917399946018,43.31834399999934,1,54,0.4813460564414294,0.02424922525804024,161.13470000118093,,text,1-1-1-1-2-1-1-1,0.5055952816994697,True,1,batch,True,pso,20,2,swarm
oe3-ofat-pilot-v2,oe3,swarm|batch|bc1|h1|pso|r2|N20|c1,syn-balanced_multimodal-sequential-r4,balanced_multimodal,sequential,2,0,14835646452101714281,2026-10-01T05:41:16.399+00:00,completed,epsilon,True,True,True,True,,33.778663,41.70399299982819,40.15046600034111,1,56,0.4831680338827303,0.02326354576638584,153.7669670080754,,code,2-1-2-1-2-1-1-1,0.5064315796491161,True,1,batch,True,pso,20,2,swarm
oe3-ofat-pilot-v2,oe3,swarm|batch|bc1|h1|pso|r2|N20|c1,syn-balanced_multimodal-conditional-r0,balanced_multimodal,conditional,2,0,18123689100739274857,2026-10-01T05:41:16.441+00:00,completed,epsilon,True,True,True,True,,36.199736,41.8222180014709,40.280648001498776,1,56,0.48780502665661635,0.0036547194033032526,165.22622499864505,,code,2-1-1-1-1-1-1-1,0.4914597460599196,True,1,batch,True,pso,20,2,swarm
oe3-ofat-pilot-v2,oe3,swarm|batch|bc1|h1|pso|r2|N20|c1,syn-balanced_multimodal-conditional-r1,balanced_multimodal,conditional,2,0,8620693703250771292,2026-10-01T05:41:16.482+00:00,completed,epsilon,True,True,True,True,,37.44792,43.58408999905805,41.96065199721488,1,57,0.498809334994812,1.963771524837732e-07,159.3760919890097,,code,1-1-1-1-1-0-1-1,0.4988095313719645,True,1,batch,True,pso,20,2,swarm
oe3-ofat-pilot-v2,oe3,swarm|batch|bc1|h1|pso|r2|N20|c1,syn-balanced_multimodal-conditional-r2,balanced_multimodal,conditional,2,0,4177528802721280060,2026-10-01T05:41:16.526+00:00,completed,epsilon,True,True,True,True,,35.18101,44.49310600102763,42.85578900089604,1,56,0.495726416987283,0.0036548666861676016,142.1761549926807,,code,1-1-1-2-1-1-1-1,0.4993812836734506,True,1,batch,True,pso,20,2,swarm
oe3-ofat-pilot-v2,oe3,swarm|batch|bc1|h1|pso|r2|N20|c1,syn-balanced_multimodal-conditional-r3,balanced_multimodal,conditional,2,0,6004589078447390537,2026-10-01T05:41:16.570+00:00,completed,epsilon,True,True,True,True,,42.407253,48.46270399866626,46.74130499915918,2,58,0.47153478436590585,1.963771524837732e-07,152.72762701111907,,text,1-1-1-1-2-0-1-1,0.47153498074305833,True,1,batch,True,pso,20,2,swarm
oe3-ofat-pilot-v2,oe3,swarm|batch|bc1|h1|pso|r2|N20|c1,syn-balanced_multimodal-conditional-r4,balanced_multimodal,conditional,2,0,15390802926142810456,2026-10-01T05:41:16.619+00:00,completed,epsilon,True,True,True,True,,36.813834,43.03054000047268,41.548008000972914,1,54,0.49335718275037993,0.0036547194033032526,150.90505899810006,,code,2-1-1-1-2-1-2-1,0.4970119021536832,True,1,batch,True,pso,20,2,swarm
oe3-ofat-pilot-v2,oe3,swarm|batch|bc1|h1|pso|r2|N20|c1,syn-balanced_multimodal-repetitive-r0,balanced_multimodal,repetitive,2,0,1346203531563287096,2026-10-01T05:41:16.662+00:00,completed,epsilon,True,True,True,True,,35.898237,42.18128700085799,40.648418998898705,1,54,0.5383161833171735,0.020082558591373534,166.70758200839572,,code,2-1-1-1-1-1-2-1,0.558398741908547,True,1,batch,True,pso,20,2,swarm
oe3-ofat-pilot-v2,oe3,swarm|batch|bc1|h1|pso|r2|N20|c1,syn-balanced_multimodal-repetitive-r1,balanced_multimodal,repetitive,2,0,15966608529395865366,2026-10-01T05:41:16.704+00:00,completed,epsilon,True,True,True,True,,34.485882,42.66772799746832,41.342275002534734,1,48,0.5099657852394064,0.020082362214221106,130.13525200159546,,code,2-1-2-0-2-1-1-1,0.5300481474536275,True,1,batch,True,pso,20,2,swarm
oe3-ofat-pilot-v2,oe3,swarm|batch|bc1|h1|pso|r2|N20|c1,syn-balanced_multimodal-repetitive-r2,balanced_multimodal,repetitive,2,0,12952745568191493432,2026-10-01T05:41:16.747+00:00,completed,epsilon,True,True,True,True,,36.057243,41.93034399941098,40.39653100335272,1,55,0.48695008664679024,0.02008255859137359,175.64742098680827,,code,2-1-2-1-1-1-2-1,0.5070326452381638,True,1,batch,True,pso,20,2,swarm
oe3-ofat-pilot-v2,oe3,swarm|batch|bc1|h1|pso|r2|N20|c1,syn-balanced_multimodal-repetitive-r3,balanced_multimodal,repetitive,2,0,4046630919765129189,2026-10-01T05:41:16.789+00:00,completed,epsilon,True,True,True,True,,34.453173,39.92844700042042,38.42387100303313,1,56,0.498403614745411,0.02008255859137359,166.67563701624582,,diagram,1-1-2-1-2-1-1-1,0.5184861733367846,True,1,batch,True,pso,20,2,swarm
oe3-ofat-pilot-v2,oe3,swarm|batch|bc1|h1|pso|r2|N20|c1,syn-balanced_multimodal-repetitive-r4,balanced_multimodal,repetitive,2,0,16362929293659838061,2026-10-01T05:41:16.829+00:00,completed,epsilon,True,True,True,True,,51.650378,57.73126600251999,56.04680500255199,3,62,0.5555295985433403,0.0,159.99044201390197,,code,2-0-1-0-1-1-2-1,0.5555295985433403,True,1,batch,True,pso,20,2,swarm
oe3-ofat-pilot-v2,oe3,swarm|batch|bc1|h1|pso|r2|N20|c1,syn-balanced_multimodal-arrays_vectors-r0,balanced_multimodal,arrays_vectors,2,0,3584950309651211707,2026-10-01T05:41:16.887+00:00,completed,epsilon,True,True,True,True,,33.737373,39.33247899840353,37.97151599792414,1,47,0.5013726987590279,0.027875012652007203,119.06079999541929,,code,2-1-1-1-2-1-1-1,0.5292477114110351,True,1,batch,True,pso,20,2,swarm
oe3-ofat-pilot-v2,oe3,swarm|batch|bc1|h1|pso|r2|N20|c1,syn-balanced_multimodal-arrays_vectors-r1,balanced_multimodal,arrays_vectors,2,0,15889600935136838771,2026-10-01T05:41:16.926+00:00,completed,epsilon,True,True,True,True,,46.950572,53.23670600046171,51.581179002823774,2,62,0.5091265566641985,0.010499076837774401,174.319230978059,,code,1-2-1-1-1-0-1-1,0.5196256335019729,True,1,batch,True,pso,20,2,swarm
oe3-ofat-pilot-v2,oe3,swarm|batch|bc1|h1|pso|r2|N20|c1,syn-balanced_multimodal-arrays_vectors-r2,balanced_multimodal,arrays_vectors,2,0,14508102243054643269,2026-10-01T05:41:16.979+00:00,completed,epsilon,True,True,True,True,,36.955429,42.70726800314151,41.18901800029562,1,53,0.5207081594293232,0.027875012652007092,141.93234599069058,,text,1-1-1-1-2-1-1-1,0.5485831720813303,True,1,batch,True,pso,20,2,swarm
oe3-ofat-pilot-v2,oe3,swarm|batch|bc1|h1|pso|r2|N20|c1,syn-balanced_multimodal-arrays_vectors-r3,balanced_multimodal,arrays_vectors,2,0,11947795539240216146,2026-10-01T05:41:17.022+00:00,completed,epsilon,True,True,True,True,,50.088378,58.455952999793226,56.76434900306049,3,64,0.5439379445869269,0.007792454060633558,167.97826100024758,,code,2-0-2-1-1-1-2-1,0.5517303986475605,True,1,batch,True,pso,20,2,swarm
oe3-ofat-pilot-v2,oe3,swarm|batch|bc1|h1|pso|r2|N20|c1,syn-balanced_multimodal-arrays_vectors-r4,balanced_multimodal,arrays_vectors,2,0,3917925863049030086,2026-10-01T05:41:17.080+00:00,completed,epsilon,True,True,True,True,,50.926393,58.79599100080668,56.9166530003713,4,69,0.5265923131748955,0.0,131.08595700395807,,code,2-0-1-0-1-0-1-1,0.5265923131748955,True,1,batch,True,pso,20,2,swarm
oe3-ofat-pilot-v2,oe3,swarm|batch|bc1|h1|pso|r2|N20|c1,syn-balanced_multimodal-functions-r0,balanced_multimodal,functions,2,0,6550835933060694946,2026-10-01T05:41:17.139+00:00,completed,epsilon,True,True,True,True,,37.225006,43.673700998624554,42.04334300084156,1,54,0.5031059746980451,0.027875012652007203,166.75772101700983,,code,2-1-2-1-1-1-1-1,0.5309809873500523,True,1,batch,True,pso,20,2,swarm
oe3-ofat-pilot-v2,oe3,swarm|batch|bc1|h1|pso|r2|N20|c1,syn-balanced_multimodal-functions-r1,balanced_multimodal,functions,2,0,3881832823610794111,2026-10-01T05:41:17.183+00:00,completed,epsilon,True,True,True,True,,28.394775,34.57596599764656,33.35763499853783,1,45,0.4917724457549157,0.02008255859137359,96.95877398939163,,code,2-1-1-1-1-1-2-1,0.5118550043462893,True,1,batch,True,pso,20,2,swarm
oe3-ofat-pilot-v2,oe3,swarm|batch|bc1|h1|pso|r2|N20|c1,syn-balanced_multimodal-functions-r2,balanced_multimodal,functions,2,0,3016560622276445506,2026-10-01T05:41:17.217+00:00,completed,epsilon,True,True,True,True,,33.425208,44.182556001032935,42.82334799790988,1,48,0.5031640261075007,0.015023498937525859,118.60819799849298,,code,2-2-1-2-1-1-1-1,0.5181875250450265,True,1,batch,True,pso,20,2,swarm
oe3-ofat-pilot-v2,oe3,swarm|batch|bc1|h1|pso|r2|N20|c1,syn-balanced_multimodal-functions-r3,balanced_multimodal,functions,2,0,2061094210757061170,2026-10-01T05:41:17.262+00:00,completed,epsilon,True,True,True,True,,33.237197,38.88207799900556,37.332226002035895,1,55,0.489537761565406,0.027875012652007147,166.67069799189846,,diagram,1-1-2-1-2-1-1-1,0.5174127742174132,True,1,batch,True,pso,20,2,swarm
oe3-ofat-pilot-v2,oe3,swarm|batch|bc1|h1|pso|r2|N20|c1,syn-balanced_multimodal-functions-r4,balanced_multimodal,functions,2,0,13400621087723788685,2026-10-01T05:41:17.300+00:00,completed,epsilon,True,True,True,True,,55.522591,64.29347499943106,62.444937000691425,4,70,0.5037096701669489,1.9637715242826204e-07,151.4812700011235,,diagram,1-0-2-1-1-0-1-1,0.5037098665441013,True,1,batch,True,pso,20,2,swarm
oe3-ofat-pilot-v2,oe3,swarm|sequential|bc1|h1|pso|r1|N20|c1,syn-visual_dominant-sequential-r0,visual_dominant,sequential,0,0,8580140326324496627,2026-10-01T05:41:18.942+00:00,completed,epsilon,True,True,True,False,,42.392795,48.68465300023672,47.025850002683,1,56,0.45572350868757355,0.02008255859137359,15.095240992894006,,diagram,1-1-2-1-1-1-0-1,0.47580606727894714,True,1,sequential,True,pso,20,1,swarm
oe3-ofat-pilot-v2,oe3,swarm|sequential|bc1|h1|pso|r1|N20|c1,syn-visual_dominant-sequential-r1,visual_dominant,sequential,0,0,17048800117076641484,2026-10-01T05:41:18.990+00:00,completed,epsilon,True,True,True,False,,42.907212,48.83616100050858,47.29139199844212,1,53,0.44878503224528293,0.02008255859137359,14.528988999040015,,diagram,1-1-2-1-0-1-1-1,0.4688675908366565,True,1,sequential,True,pso,20,1,swarm
oe3-ofat-pilot-v2,oe3,swarm|sequential|bc1|h1|pso|r1|N20|c1,syn-visual_dominant-sequential-r2,visual_dominant,sequential,0,0,4355585619346073820,2026-10-01T05:41:19.039+00:00,completed,epsilon,True,True,True,False,,44.75857,50.480507998145185,48.96119199838722,2,58,0.4484135261977656,0.02008255859137359,14.558493997746925,,diagram,1-1-2-1-0-1-0-1,0.4684960847891392,True,1,sequential,True,pso,20,1,swarm
oe3-ofat-pilot-v2,oe3,swarm|sequential|bc1|h1|pso|r1|N20|c1,syn-visual_dominant-sequential-r3,visual_dominant,sequential,0,0,5551779150201999310,2026-10-01T05:41:19.090+00:00,completed,epsilon,True,True,True,False,,46.620305,52.15234800198232,50.666822000493994,2,56,0.49689284274488765,1.9637715242826204e-07,12.09686199674388,,diagram,1-0-2-1-0-1-1-1,0.4968930391220401,True,1,sequential,True,pso,20,1,swarm
oe3-ofat-pilot-v2,oe3,swarm|sequential|bc1|h1|pso|r1|N20|c1,syn-visual_dominant-sequential-r4,visual_dominant,sequential,0,0,13994061115368628468,2026-10-01T05:41:19.142+00:00,completed,epsilon,True,True,True,False,,51.383214,57.45309899793938,55.80075199759449,3,61,0.4539909514952264,0.0,14.115016011396325,,diagram,1-0-2-0-1-1-0-1,0.4539909514952264,True,1,sequential,True,pso,20,1,swarm
oe3-ofat-pilot-v2,oe3,swarm|sequential|bc1|h1|pso|r1|N20|c1,syn-visual_dominant-conditional-r0,visual_dominant,conditional,0,0,11471567894967710186,2026-10-01T05:41:19.199+00:00,completed,epsilon,True,True,True,False,,41.018985,47.568000001774635,46.093994002148975,1,55,0.4683786250362893,0.007792650437786042,15.602351973201301,,diagram,1-1-2-1-0-1-0-1,0.47617127547407534,True,1,sequential,True,pso,20,1,swarm
oe3-ofat-pilot-v2,oe3,swarm|sequential|bc1|h1|pso|r1|N20|c1,syn-visual_dominant-conditional-r1,visual_dominant,conditional,0,0,13928515270300365190,2026-10-01T05:41:19.247+00:00,completed,epsilon,True,True,True,False,,60.36089,66.47053200140363,64.61883999872953,3,67,0.43347702875536903,0.0036547194033032526,15.122348982504231,,diagram,1-1-2-1-0-1-0-1,0.4371317481586723,True,1,sequential,True,pso,20,1,swarm
oe3-ofat-pilot-v2,oe3,swarm|sequential|bc1|h1|pso|r1|N20|c1,syn-visual_dominant-conditional-r2,visual_dominant,conditional,0,0,7530803405880337628,2026-10-01T05:41:19.313+00:00,completed,epsilon,True,True,True,False,,46.651169,52.81979199935449,51.23299000115367,2,60,0.47576325269917313,1.963771524837732e-07,14.717874994909637,,code,2-1-2-1-1-0-1-1,0.4757634490763256,True,1,sequential,True,pso,20,1,swarm
oe3-ofat-pilot-v2,oe3,swarm|sequential|bc1|h1|pso|r1|N20|c1,syn-visual_dominant-conditional-r3,visual_dominant,conditional,0,0,12303691227522993195,2026-10-01T05:41:19.366+00:00,completed,epsilon,True,True,True,False,,51.540338,57.29294600314461,55.56394799714326,2,60,0.4537572043126114,0.0036547194033032526,14.596822004254573,,diagram,1-1-2-1-0-1-1-1,0.45741192371591466,True,1,sequential,True,pso,20,1,swarm
oe3-ofat-pilot-v2,oe3,swarm|sequential|bc1|h1|pso|r1|N20|c1,syn-visual_dominant-conditional-r4,visual_dominant,conditional,0,0,7123775909059268369,2026-10-01T05:41:19.423+00:00,completed,epsilon,True,True,True,False,,36.214387,41.925313002138864,40.52751700146473,1,51,0.43905885028638547,0.009598091106895246,12.684903005159386,,diagram,1-1-2-0-1-0-1-1,0.4486569413932807,True,1,sequential,True,pso,20,1,swarm
oe3-ofat-pilot-v2,oe3,swarm|sequential|bc1|h1|pso|r1|N20|c1,syn-visual_dominant-repetitive-r0,visual_dominant,repetitive,0,0,3652346516165016234,2026-10-01T05:41:19.465+00:00,completed,epsilon,True,True,True,False,,46.933204,56.26238399781869,54.62555800113478,1,56,0.46998170127395994,0.02008255859137359,15.421675011212741,,diagram,1-1-2-1-1-1-0-1,0.49006425986533353,True,1,sequential,True,pso,20,1,swarm
oe3-ofat-pilot-v2,oe3,swarm|sequential|bc1|h1|pso|r1|N20|c1,syn-visual_dominant-repetitive-r1,visual_dominant,repetitive,0,0,9493985239135120539,2026-10-01T05:41:19.522+00:00,completed,epsilon,True,True,True,False,,54.030616,62.49292799839168,60.86000399955083,4,63,0.49141108956712465,0.0,13.509628005345988,,code,2-0-2-0-1-1-1-1,0.49141108956712465,True,1,sequential,True,pso,20,1,swarm
oe3-ofat-pilot-v2,oe3,swarm|sequential|bc1|h1|pso|r1|N20|c1,syn-visual_dominant-repetitive-r2,visual_dominant,repetitive,0,0,15577984090316381348,2026-10-01T05:41:19.584+00:00,completed,epsilon,True,True,True,False,,46.175706,55.84341800204129,54.10199900143198,1,59,0.497368651601852,0.02008255859137359,16.33126599948345,,code,2-1-2-1-1-1-0-1,0.5174512101932256,True,1,sequential,True,pso,20,1,swarm
oe3-ofat-pilot-v2,oe3,swarm|sequential|bc1|h1|pso|r1|N20|c1,syn-visual_dominant-repetitive-r3,visual_dominant,repetitive,0,0,13061490195280824700,2026-10-01T05:41:19.640+00:00,completed,epsilon,True,True,True,False,,44.12073,54.28959800337907,52.97308799708844,2,48,0.5053299123828249,1.9637715242826204e-07,10.982850992692754,,diagram,1-0-2-1-0-1-0-1,0.5053301087599773,True,1,sequential,True,pso,20,1,swarm
oe3-ofat-pilot-v2,oe3,swarm|sequential|bc1|h1|pso|r1|N20|c1,syn-visual_dominant-repetitive-r4,visual_dominant,repetitive,0,0,5153165576748431564,2026-10-01T05:41:19.694+00:00,completed,epsilon,True,True,True,False,,42.805787,48.52856399884331,46.96594599954551,1,56,0.43539326357179114,0.032214241800902654,14.225864995981008,,diagram,0-1-2-1-0-1-0-1,0.4676075053726938,True,1,sequential,True,pso,20,1,swarm
oe3-ofat-pilot-v2,oe3,swarm|sequential|bc1|h1|pso|r1|N20|c1,syn-visual_dominant-arrays_vectors-r0,visual_dominant,arrays_vectors,0,0,2484686855457110652,2026-10-01T05:41:19.743+00:00,completed,epsilon,True,True,True,False,,40.248421,49.491972000396345,47.87905599732767,1,52,0.46105976353153516,0.027875012652007147,13.267412006381553,,diagram,1-1-2-1-0-1-0-1,0.4889347761835423,True,1,sequential,True,pso,20,1,swarm
oe3-ofat-pilot-v2,oe3,swarm|sequential|bc1|h1|pso|r1|N20|c1,syn-visual_dominant-arrays_vectors-r1,visual_dominant,arrays_vectors,0,0,14387502913323118724,2026-10-01T05:41:19.792+00:00,completed,epsilon,True,True,True,False,,56.094373,65.51960900105769,63.901003002683865,2,61,0.4406569611974138,0.01253564549090147,16.721972986278463,,diagram,1-2-2-1-1-0-1-0,0.4531926066883153,True,1,sequential,True,pso,20,1,swarm
oe3-ofat-pilot-v2,oe3,swarm|sequential|bc1|h1|pso|r1|N20|c1,syn-visual_dominant-arrays_vectors-r2,visual_dominant,arrays_vectors,0,0,18083930375172244621,2026-10-01T05:41:19.858+00:00,completed,epsilon,True,True,True,False,,48.597688,58.04826200255775,56.270479999511736,1,58,0.4939594688494195,0.027875012652007147,15.602777993483935,,diagram,1-1-2-1-1-1-1-1,0.5218344815014266,True,1,sequential,True,pso,20,1,swarm
oe3-ofat-pilot-v2,oe3,swarm|sequential|bc1|h1|pso|r1|N20|c1,syn-visual_dominant-arrays_vectors-r3,visual_dominant,arrays_vectors,0,0,16074832408338533935,2026-10-01T05:41:19.916+00:00,completed,epsilon,True,True,True,False,,44.775234,54.999760002829134,53.427183996973326,1,52,0.5104383568030326,0.017498999281390648,13.897967000396747,,diagram,0-1-2-1-1-1-0-1,0.5279373560844233,True,1,sequential,True,pso,20,1,swarm
oe3-ofat-pilot-v2,oe3,swarm|sequential|bc1|h1|pso|r1|N20|c1,syn-visual_dominant-arrays_vectors-r4,visual_dominant,arrays_vectors,0,0,13236652181889018265,2026-10-01T05:41:19.971+00:00,completed,epsilon,True,True,True,False,,48.470513,56.6680659976555,55.05785400237073,2,60,0.49416530121267593,0.003415891924706871,15.058938992458708,,diagram,1-1-2-1-1-0-0-1,0.4975811931373828,True,1,sequential,True,pso,20,1,swarm
oe3-ofat-pilot-v2,oe3,swarm|sequential|bc1|h1|pso|r1|N20|c1,syn-visual_dominant-functions-r0,visual_dominant,functions,0,0,11375697626506085209,2026-10-01T05:41:20.028+00:00,completed,epsilon,True,True,True,False,,38.01096,47.64779999823077,46.230171999923186,1,50,0.47798454429270243,0.019803777820581292,12.812955005659951,,diagram,1-2-2-1-1-1-0-1,0.4977883221132837,True,1,sequential,True,pso,20,1,swarm
oe3-ofat-pilot-v2,oe3,swarm|sequential|bc1|h1|pso|r1|N20|c1,syn-visual_dominant-functions-r1,visual_dominant,functions,0,0,12724222799605840855,2026-10-01T05:41:20.075+00:00,completed,epsilon,True,True,True,False,,50.301693,59.992408998368774,58.073075000720564,2,65,0.4941057150421845,0.007792650437785986,15.621999001925579,,code,2-0-2-1-1-1-0-1,0.5018983654799705,True,1,sequential,True,pso,20,1,swarm
oe3-ofat-pilot-v2,oe3,swarm|sequential|bc1|h1|pso|r1|N20|c1,syn-visual_dominant-functions-r2,visual_dominant,functions,0,0,2855966151648987497,2026-10-01T05:41:20.135+00:00,completed,epsilon,True,True,True,False,,49.971436,58.00508199899923,56.235960000776686,3,64,0.471376010746655,1.9637715242826204e-07,15.174658996369335,,diagram,1-0-2-1-1-0-1-1,0.47137620712380746,True,1,sequential,True,pso,20,1,swarm
oe3-ofat-pilot-v2,oe3,swarm|sequential|bc1|h1|pso|r1|N20|c1,syn-visual_dominant-functions-r3,visual_dominant,functions,0,0,15496158585802717903,2026-10-01T05:41:20.193+00:00,completed,epsilon,True,True,True,False,,44.766177,54.788835001090774,53.147472001001006,1,58,0.45256029277229026,0.027874816274854664,14.836794000007712,,diagram,1-1-2-0-0-1-1-1,0.4804351090471449,True,1,sequential,True,pso,20,1,swarm
oe3-ofat-pilot-v2,oe3,swarm|sequential|bc1|h1|pso|r1|N20|c1,syn-visual_dominant-functions-r4,visual_dominant,functions,0,0,10259835321663512086,2026-10-01T05:41:20.248+00:00,completed,epsilon,True,True,True,False,,53.479901,61.646594000194455,59.85973699716851,3,66,0.5026282462686158,1.9637715242826204e-07,15.24313201722882,,code,2-0-2-1-1-1-1-1,0.5026284426457682,True,1,sequential,True,pso,20,1,swarm
oe3-ofat-pilot-v2,oe3,swarm|sequential|bc1|h1|pso|r1|N20|c1,syn-logical_syntactic-sequential-r0,logical_syntactic,sequential,0,0,13362044807751343064,2026-10-01T05:41:20.310+00:00,completed,epsilon,True,True,True,False,,41.192798,50.24045299796853,48.78819899749942,1,54,0.4761350201294624,0.020082362214221106,13.163953979514789,,code,2-1-1-0-0-1-0-1,0.4962173823436835,True,1,sequential,True,pso,20,1,swarm
oe3-ofat-pilot-v2,oe3,swarm|sequential|bc1|h1|pso|r1|N20|c1,syn-logical_syntactic-sequential-r1,logical_syntactic,sequential,0,0,14311645315440717423,2026-10-01T05:41:20.360+00:00,completed,epsilon,True,True,True,False,,80.108263,89.1595619978034,87.33298299921444,3,67,0.4825463618186212,0.0,21.436898993949985,,code,2-0-1-0-1-1-0-1,0.4825463618186212,True,1,sequential,True,pso,20,1,swarm
oe3-ofat-pilot-v2,oe3,swarm|sequential|bc1|h1|pso|r1|N20|c1,syn-logical_syntactic-sequential-r2,logical_syntactic,sequential,0,0,15643440995604996842,2026-10-01T05:41:20.449+00:00,completed,epsilon,True,True,True,False,,36.404539,45.14950899829273,43.685714997991454,1,50,0.5052479809084092,0.0034158919247069264,13.659452001508454,,code,2-1-0-1-1-1-1-1,0.5086638728331161,True,1,sequential,True,pso,20,1,swarm
oe3-ofat-pilot-v2,oe3,swarm|sequential|bc1|h1|pso|r1|N20|c1,syn-logical_syntactic-sequential-r3,logical_syntactic,sequential,0,0,16960600487627624599,2026-10-01T05:41:20.494+00:00,completed,epsilon,True,True,True,False,,57.747432,67.02134499937529,65.36251699799323,3,64,0.47454039043400664,1.9637715242826204e-07,14.971013007063844,,code,2-0-1-1-1-1-0-1,0.47454058681115907,True,1,sequential,True,pso,20,1,swarm
oe3-ofat-pilot-v2,oe3,swarm|sequential|bc1|h1|pso|r1|N20|c1,syn-logical_syntactic-sequential-r4,logical_syntactic,sequential,0,0,17250185977012485747,2026-10-01T05:41:20.561+00:00,completed,epsilon,True,True,True,False,,57.079837,66.16393299918855,64.48942900169641,3,62,0.49533228036449595,0.0010555026473685336,15.055989998740436,,code,2-0-1-2-1-0-0-0,0.4963877830118645,True,1,sequential,True,pso,20,1,swarm
oe3-ofat-pilot-v2,oe3,swarm|sequential|bc1|h1|pso|r1|N20|c1,syn-logical_syntactic-conditional-r0,logical_syntactic,conditional,0,0,4732552759670585228,2026-10-01T05:41:20.628+00:00,completed,epsilon,True,True,True,False,,44.459249,50.332139999227365,48.76140399937867,1,59,0.4552124341978106,0.0036547194033032526,15.675852003949887,,code,2-1-1-1-0-1-0-1,0.45886715360111385,True,1,sequential,True,pso,20,1,swarm
oe3-ofat-pilot-v2,oe3,swarm|sequential|bc1|h1|pso|r1|N20|c1,syn-logical_syntactic-conditional-r1,logical_syntactic,conditional,0,0,16767561851559065070,2026-10-01T05:41:20.678+00:00,completed,epsilon,True,True,True,False,,50.286592,56.22657499770867,54.52584000158822,2,61,0.4440319075303329,0.007792650437786042,16.791673986504627,,code,2-1-1-1-0-1-0-1,0.45182455796811893,True,1,sequential,True,pso,20,1,swarm
oe3-ofat-pilot-v2,oe3,swarm|sequential|bc1|h1|pso|r1|N20|c1,syn-logical_syntactic-conditional-r2,logical_syntactic,conditional,0,0,6973891702751108736,2026-10-01T05:41:20.734+00:00,completed,epsilon,True,True,True,False,,42.484696,48.41355100143119,46.84682900187909,1,53,0.4631068467146388,0.0036547194033032526,14.26780702588111,,code,2-1-1-1-0-1-1-1,0.46676156611794206,True,1,sequential,True,pso,20,1,swarm
oe3-ofat-pilot-v2,oe3,swarm|sequential|bc1|h1|pso|r1|N20|c1,syn-logical_syntactic-conditional-r3,logical_syntactic,conditional,0,0,6626061848004110554,2026-10-01T05:41:20.783+00:00,completed,epsilon,True,True,True,False,,38.074983,44.01150600097026,42.46259600040503,1,51,0.4614734643861827,0.007792650437786042,14.075828013045669,,code,2-1-1-1-0-1-0-1,0.46926611482396874,True,1,sequential,True,pso,20,1,swarm
oe3-ofat-pilot-v2,oe3,swarm|sequential|bc1|h1|pso|r1|N20|c1,syn-logical_syntactic-conditional-r4,logical_syntactic,conditional,0,0,2581103798954869873,2026-10-01T05:41:20.827+00:00,completed,epsilon,True,True,True,False,,39.186559,44.99656099869753,43.420483998488635,1,51,0.4839345737065493,0.0036547194033032526,14.31786300395266,,code,2-1-1-1-1-1-1-1,0.48758929310985255,True,1,sequential,True,pso,20,1,swarm
oe3-ofat-pilot-v2,oe3,swarm|sequential|bc1|h1|pso|r1|N20|c1,syn-logical_syntactic-repetitive-r0,logical_syntactic,repetitive,0,0,2563900073831829840,2026-10-01T05:41:20.872+00:00,completed,epsilon,True,True,True,False,,44.121331,52.57712700040429,51.017766003496945,1,56,0.45068774937313677,0.02008255859137359,16.04807499078219,,code,2-1-2-1-0-1-1-1,0.47077030796451036,True,1,sequential,True,pso,20,1,swarm
oe3-ofat-pilot-v2,oe3,swarm|sequential|bc1|h1|pso|r1|N20|c1,syn-logical_syntactic-repetitive-r1,logical_syntactic,repetitive,0,0,1690962082425471307,2026-10-01T05:41:20.924+00:00,completed,epsilon,True,True,True,False,,44.302482,49.96158900030423,48.47032399993623,1,56,0.46854772531455674,0.02008255859137359,13.992182998073785,,code,2-1-1-1-0-1-0-1,0.48863028390593033,True,1,sequential,True,pso,20,1,swarm
oe3-ofat-pilot-v2,oe3,swarm|sequential|bc1|h1|pso|r1|N20|c1,syn-logical_syntactic-repetitive-r2,logical_syntactic,repetitive,0,0,12298035747105259136,2026-10-01T05:41:20.974+00:00,completed,epsilon,True,True,True,False,,49.192276,58.52817000049981,56.96889400132932,1,53,0.48860682289608054,0.02008255859137359,14.99957899391538,,code,2-1-1-1-1-1-1-1,0.5086893814874541,True,1,sequential,True,pso,20,1,swarm
oe3-ofat-pilot-v2,oe3,swarm|sequential|bc1|h1|pso|r1|N20|c1,syn-logical_syntactic-repetitive-r3,logical_syntactic,repetitive,0,0,6665076571321463288,2026-10-01T05:41:21.033+00:00,completed,epsilon,True,True,True,False,,55.45277,64.20896999770775,62.56926999776624,3,63,0.48216814861223045,0.0,15.327910997910129,,code,2-0-1-0-1-1-0-1,0.48216814861223045,True,1,sequential,True,pso,20,1,swarm
oe3-ofat-pilot-v2,oe3,swarm|sequential|bc1|h1|pso|r1|N20|c1,syn-logical_syntactic-repetitive-r4,logical_syntactic,repetitive,0,0,3613547958009930106,2026-10-01T05:41:21.097+00:00,completed,epsilon,True,True,True,False,,46.684239,52.60189399996307,50.88389099910273,2,61,0.4154283128506681,0.028970245585525245,14.945947013935154,,code,2-1-1-1-0-1-0-1,0.44439855843619336,True,1,sequential,True,pso,20,1,swarm
oe3-ofat-pilot-v2,oe3,swarm|sequential|bc1|h1|pso|r1|N20|c1,syn-logical_syntactic-arrays_vectors-r0,logical_syntactic,arrays_vectors,0,0,14948705039163960895,2026-10-01T05:41:21.150+00:00,completed,epsilon,True,True,True,False,,38.046262,46.32842800128856,44.87627399794292,1,51,0.4856184373133194,0.02008255859137359,12.754257990731865,,code,2-1-1-1-0-0-1-1,0.505700995904693,True,1,sequential,True,pso,20,1,swarm
oe3-ofat-pilot-v2,oe3,swarm|sequential|bc1|h1|pso|r1|N20|c1,syn-logical_syntactic-arrays_vectors-r1,logical_syntactic,arrays_vectors,0,0,13327273701071249688,2026-10-01T05:41:21.196+00:00,completed,epsilon,True,True,True,False,,58.720557,68.17283800046425,66.45835100061959,2,65,0.47317793671230085,0.010866792799564984,16.42052799380216,,code,2-2-1-1-1-0-0-1,0.48404472951186583,True,1,sequential,True,pso,20,1,swarm
oe3-ofat-pilot-v2,oe3,swarm|sequential|bc1|h1|pso|r1|N20|c1,syn-logical_syntactic-arrays_vectors-r2,logical_syntactic,arrays_vectors,0,0,7678510444233138347,2026-10-01T05:41:21.264+00:00,completed,epsilon,True,True,True,False,,46.104785,55.07621799915796,53.47027899915702,1,59,0.49083089405366653,0.027874816274854664,16.850405992483147,,code,2-1-1-0-0-1-0-1,0.5187057103285212,True,1,sequential,True,pso,20,1,swarm
oe3-ofat-pilot-v2,oe3,swarm|sequential|bc1|h1|pso|r1|N20|c1,syn-logical_syntactic-arrays_vectors-r3,logical_syntactic,arrays_vectors,0,0,3475821061836782133,2026-10-01T05:41:21.319+00:00,completed,epsilon,True,True,True,False,,53.027656,62.34157500148285,60.682960000121966,2,62,0.5279095277556373,1.472828643489521e-07,15.597419007479768,,code,2-0-1-2-1-0-1-1,0.5279096750385016,True,1,sequential,True,pso,20,1,swarm
oe3-ofat-pilot-v2,oe3,swarm|sequential|bc1|h1|pso|r1|N20|c1,syn-logical_syntactic-arrays_vectors-r4,logical_syntactic,arrays_vectors,0,0,15069723113616053544,2026-10-01T05:41:21.381+00:00,completed,epsilon,True,True,True,False,,50.282042,59.13457200222183,57.464276997052366,2,60,0.4592948548206536,0.007792650437785986,14.22713499366225,,code,2-0-1-1-0-1-1-1,0.46708750525843956,True,1,sequential,True,pso,20,1,swarm
oe3-ofat-pilot-v2,oe3,swarm|sequential|bc1|h1|pso|r1|N20|c1,syn-logical_syntactic-functions-r0,logical_syntactic,functions,0,0,15105445333404857368,2026-10-01T05:41:21.441+00:00,completed,epsilon,True,True,True,False,,41.257764,49.51820199858048,47.98627700074576,1,53,0.4876998796280693,0.027875012652007147,13.538815989990283,,code,2-1-1-1-1-1-0-1,0.5155748922800765,True,1,sequential,True,pso,20,1,swarm
oe3-ofat-pilot-v2,oe3,swarm|sequential|bc1|h1|pso|r1|N20|c1,syn-logical_syntactic-functions-r1,logical_syntactic,functions,0,0,7545233351544256523,2026-10-01T05:41:21.490+00:00,completed,epsilon,True,True,True,False,,44.392899,52.887138997903094,51.29410700101289,1,58,0.4742120227778769,0.021023062154443717,16.1423629894753,,code,2-0-1-2-0-0-0-1,0.4952350849323206,True,1,sequential,True,pso,20,1,swarm
oe3-ofat-pilot-v2,oe3,swarm|sequential|bc1|h1|pso|r1|N20|c1,syn-logical_syntactic-functions-r2,logical_syntactic,functions,0,0,6130147880867857550,2026-10-01T05:41:21.543+00:00,completed,epsilon,True,True,True,False,,49.178541,58.573712998622796,56.74381000062567,1,59,0.4703323912858079,0.027875012652007147,16.773419992456706,,code,2-1-0-1-1-1-1-1,0.49820740393781504,True,1,sequential,True,pso,20,1,swarm
oe3-ofat-pilot-v2,oe3,swarm|sequential|bc1|h1|pso|r1|N20|c1,syn-logical_syntactic-functions-r3,logical_syntactic,functions,0,0,4820333934433401313,2026-10-01T05:41:21.602+00:00,completed,epsilon,True,True,True,False,,41.669473,50.0792429993453,48.48372400010703,1,56,0.46627757409622445,0.02008255859137359,15.653096015074828,,code,2-1-1-1-1-1-0-1,0.48636013268759803,True,1,sequential,True,pso,20,1,swarm
oe3-ofat-pilot-v2,oe3,swarm|sequential|bc1|h1|pso|r1|N20|c1,syn-logical_syntactic-functions-r4,logical_syntactic,functions,0,0,10275058418311301455,2026-10-01T05:41:21.652+00:00,completed,epsilon,True,True,True,False,,53.867169,60.394104999431875,58.6078490014188,3,66,0.44825847177744416,0.007792650437785986,15.092454012267725,,code,2-0-0-1-1-1-0-1,0.45605112221523014,True,1,sequential,True,pso,20,1,swarm
oe3-ofat-pilot-v2,oe3,swarm|sequential|bc1|h1|pso|r1|N20|c1,syn-explanatory_conceptual-sequential-r0,explanatory_conceptual,sequential,0,0,14947352377729861017,2026-10-01T05:41:21.712+00:00,completed,epsilon,True,True,True,False,,60.062333,68.97455600119429,67.08699199953116,4,71,0.467455645058524,0.0,16.661492001247964,,text,0-0-1-0-2-0-0-1,0.467455645058524,True,1,sequential,True,pso,20,1,swarm
oe3-ofat-pilot-v2,oe3,swarm|sequential|bc1|h1|pso|r1|N20|c1,syn-explanatory_conceptual-sequential-r1,explanatory_conceptual,sequential,0,0,3272787541859846898,2026-10-01T05:41:21.781+00:00,completed,epsilon,True,True,True,False,,39.734178,49.62691699984134,48.121517000254244,1,50,0.45267043074923324,0.006749225258040281,12.267897999552897,,text,0-1-0-1-2-1-0-1,0.4594196560072735,True,1,sequential,True,pso,20,1,swarm
oe3-ofat-pilot-v2,oe3,swarm|sequential|bc1|h1|pso|r1|N20|c1,syn-explanatory_conceptual-sequential-r2,explanatory_conceptual,sequential,0,0,7023970792698232399,2026-10-01T05:41:21.831+00:00,completed,epsilon,True,True,True,False,,68.286714,78.94892400145181,76.81519800098613,4,73,0.45488132858608143,0.007792797720650335,17.01423598997313,,text,1-0-1-2-2-1-1-1,0.46267412630673177,True,1,sequential,True,pso,20,1,swarm
oe3-ofat-pilot-v2,oe3,swarm|sequential|bc1|h1|pso|r1|N20|c1,syn-explanatory_conceptual-sequential-r3,explanatory_conceptual,sequential,0,0,15905282458092997945,2026-10-01T05:41:21.910+00:00,completed,epsilon,True,True,True,False,,50.846895,60.61324300026172,58.97660900154733,2,57,0.4489765705985682,1.9637715242826204e-07,14.893637002396806,,text,1-0-1-1-2-1-1-1,0.44897676697572064,True,1,sequential,True,pso,20,1,swarm
oe3-ofat-pilot-v2,oe3,swarm|sequential|bc1|h1|pso|r1|N20|c1,syn-explanatory_conceptual-sequential-r4,explanatory_conceptual,sequential,0,0,16212943396658008924,2026-10-01T05:41:21.970+00:00,completed,epsilon,True,True,True,False,,60.080099,69.67592699948,67.90761099910014,3,66,0.45722945344337185,0.009273546497608254,17.388218989458345,,text,1-1-1-0-2-1-1-1,0.4665029999409801,True,1,sequential,True,pso,20,1,swarm
oe3-ofat-pilot-v2,oe3,swarm|sequential|bc1|h1|pso|r1|N20|c1,syn-explanatory_conceptual-conditional-r0,explanatory_conceptual,conditional,0,0,5916953307552671090,2026-10-01T05:41:22.040+00:00,completed,epsilon,True,True,True,False,,39.712475,45.639369996933965,44.18272399925627,1,51,0.487737317609176,0.007792650437786042,12.992270985657932,,code,2-1-1-1-2-1-1-1,0.49552996804696203,True,1,sequential,True,pso,20,1,swarm
oe3-ofat-pilot-v2,oe3,swarm|sequential|bc1|h1|pso|r1|N20|c1,syn-explanatory_conceptual-conditional-r1,explanatory_conceptual,conditional,0,0,18124705353368190302,2026-10-01T05:41:22.086+00:00,completed,epsilon,True,True,True,False,,45.663157,51.14552899976843,49.74444300023606,2,51,0.47520911893219114,0.0036547194033032526,11.725838998768749,,text,1-1-1-1-2-1-1-1,0.4788638383354944,True,1,sequential,True,pso,20,1,swarm
oe3-ofat-pilot-v2,oe3,swarm|sequential|bc1|h1|pso|r1|N20|c1,syn-explanatory_conceptual-conditional-r2,explanatory_conceptual,conditional,0,0,1341896759769893857,2026-10-01T05:41:22.137+00:00,completed,epsilon,True,True,True,False,,39.653152,45.539139999164036,44.00356900077895,1,53,0.4825120796519577,0.007792650437786042,14.67115298648176,,diagram,1-1-2-1-2-1-1-1,0.49030473008974373,True,1,sequential,True,pso,20,1,swarm
oe3-ofat-pilot-v2,oe3,swarm|sequential|bc1|h1|pso|r1|N20|c1,syn-explanatory_conceptual-conditional-r3,explanatory_conceptual,conditional,0,0,11332394261640184133,2026-10-01T05:41:22.182+00:00,completed,epsilon,True,True,True,False,,51.706594,58.68646199814975,57.04354200133821,2,60,0.43096370532164535,0.0036547194033032526,15.98850599881301,,text,1-1-0-1-2-1-0-1,0.4346184247249486,True,1,sequential,True,pso,20,1,swarm
oe3-ofat-pilot-v2,oe3,swarm|sequential|bc1|h1|pso|r1|N20|c1,syn-explanatory_conceptual-conditional-r4,explanatory_conceptual,conditional,0,0,8670080275324173838,2026-10-01T05:41:22.241+00:00,completed,epsilon,True,True,True,False,,48.717798,54.5615529990755,52.832137000223156,2,62,0.45734345073001487,0.007792650437786042,15.651309983643252,,text,1-1-1-1-2-1-0-1,0.4651361011678009,True,1,sequential,True,pso,20,1,swarm
oe3-ofat-pilot-v2,oe3,swarm|sequential|bc1|h1|pso|r1|N20|c1,syn-explanatory_conceptual-repetitive-r0,explanatory_conceptual,repetitive,0,0,3237454591878846868,2026-10-01T05:41:22.296+00:00,completed,epsilon,True,True,True,False,,39.372903,45.34584400244057,43.88619699966512,1,52,0.43547017695048224,0.030711075187125847,14.424743979810229,,text,0-1-1-1-2-1-0-1,0.4661812521376081,True,1,sequential,True,pso,20,1,swarm
oe3-ofat-pilot-v2,oe3,swarm|sequential|bc1|h1|pso|r1|N20|c1,syn-explanatory_conceptual-repetitive-r1,explanatory_conceptual,repetitive,0,0,10148232421566165977,2026-10-01T05:41:22.341+00:00,completed,epsilon,True,True,True,False,,61.723492,68.3704229995783,66.20262400247157,2,60,0.5255407002055713,1.9637715242826204e-07,15.453529001744014,,text,1-0-1-1-2-1-1-1,0.5255408965827237,True,1,sequential,True,pso,20,1,swarm
oe3-ofat-pilot-v2,oe3,swarm|sequential|bc1|h1|pso|r1|N20|c1,syn-explanatory_conceptual-repetitive-r2,explanatory_conceptual,repetitive,0,0,10189736659373836677,2026-10-01T05:41:22.409+00:00,completed,epsilon,True,True,True,False,,39.489208,48.140496997802984,46.63848099880852,1,52,0.49088145414572526,0.0017991482131319847,12.598693009071084,,text,1-0-1-1-2-1-1-1,0.49268060235885724,True,1,sequential,True,pso,20,1,swarm
oe3-ofat-pilot-v2,oe3,swarm|sequential|bc1|h1|pso|r1|N20|c1,syn-explanatory_conceptual-repetitive-r3,explanatory_conceptual,repetitive,0,0,5679236231213962541,2026-10-01T05:41:22.458+00:00,completed,epsilon,True,True,True,False,,48.652144,54.40818699935335,52.75983100000303,2,60,0.47773671108267024,0.009947252053144284,15.0224780050518,,text,1-0-1-0-2-1-1-1,0.4876839631358145,True,1,sequential,True,pso,20,1,swarm
oe3-ofat-pilot-v2,oe3,swarm|sequential|bc1|h1|pso|r1|N20|c1,syn-explanatory_conceptual-repetitive-r4,explanatory_conceptual,repetitive,0,0,615434091092212846,2026-10-01T05:41:22.512+00:00,completed,epsilon,True,True,True,False,,42.713545,48.406912999780616,46.90885099989828,1,55,0.45405216601876935,0.02008255859137359,15.704459998547307,,text,1-1-0-1-2-1-1-1,0.47413472461014294,True,1,sequential,True,pso,20,1,swarm
oe3-ofat-pilot-v2,oe3,swarm|sequential|bc1|h1|pso|r1|N20|c1,syn-explanatory_conceptual-arrays_vectors-r0,explanatory_conceptual,arrays_vectors,0,0,8420274505294676143,2026-10-01T05:41:22.560+00:00,completed,epsilon,True,True,True,False,,40.605973,46.296354001242435,44.81269700045232,1,56,0.49778085910851905,0.027875012652007147,14.037724000638995,,text,1-1-1-1-2-1-0-1,0.5256558717605262,True,1,sequential,True,pso,20,1,swarm
oe3-ofat-pilot-v2,oe3,swarm|sequential|bc1|h1|pso|r1|N20|c1,syn-explanatory_conceptual-arrays_vectors-r1,explanatory_conceptual,arrays_vectors,0,0,11621185609108110648,2026-10-01T05:41:22.607+00:00,completed,epsilon,True,True,True,False,,43.173105,52.282822001870954,50.86006099736551,1,51,0.4615647597787113,0.028694684783154678,14.48437099123086,,text,0-1-0-1-2-1-1-1,0.490259444561866,True,1,sequential,True,pso,20,1,swarm
oe3-ofat-pilot-v2,oe3,swarm|sequential|bc1|h1|pso|r1|N20|c1,syn-explanatory_conceptual-arrays_vectors-r2,explanatory_conceptual,arrays_vectors,0,0,3616904053699891200,2026-10-01T05:41:22.659+00:00,completed,epsilon,True,True,True,False,,39.092532,45.06049400151824,43.58144800062291,1,53,0.5002467392530876,0.027875012652007203,14.191227001513521,,diagram,0-1-2-1-2-1-1-1,0.5281217519050948,True,1,sequential,True,pso,20,1,swarm
oe3-ofat-pilot-v2,oe3,swarm|sequential|bc1|h1|pso|r1|N20|c1,syn-explanatory_conceptual-arrays_vectors-r3,explanatory_conceptual,arrays_vectors,0,0,9640228565651749554,2026-10-01T05:41:22.704+00:00,completed,epsilon,True,True,True,False,,45.61225,51.434724002319854,50.0028120004572,1,51,0.4899428394838256,0.017498999281390593,14.561189997893601,,text,0-1-1-1-2-1-0-1,0.5074418387652162,True,1,sequential,True,pso,20,1,swarm
oe3-ofat-pilot-v2,oe3,swarm|sequential|bc1|h1|pso|r1|N20|c1,syn-explanatory_conceptual-arrays_vectors-r4,explanatory_conceptual,arrays_vectors,0,0,12383051168938743430,2026-10-01T05:41:22.756+00:00,completed,epsilon,True,True,True,False,,46.465244,51.8574620000436,50.44143199847895,2,53,0.5099955953246345,0.007792650437785986,14.607578995467168,,text,1-0-1-1-2-1-1-1,0.5177882457624204,True,1,sequential,True,pso,20,1,swarm
oe3-ofat-pilot-v2,oe3,swarm|sequential|bc1|h1|pso|r1|N20|c1,syn-explanatory_conceptual-functions-r0,explanatory_conceptual,functions,0,0,4847129841761666601,2026-10-01T05:41:22.807+00:00,completed,epsilon,True,True,True,False,,41.325039,49.537556998984655,47.96267799974885,1,51,0.4945698834876539,0.01617519995265254,14.599126990580972,,text,1-2-1-1-2-0-1-1,0.5107450834403064,True,1,sequential,True,pso,20,1,swarm
oe3-ofat-pilot-v2,oe3,swarm|sequential|bc1|h1|pso|r1|N20|c1,syn-explanatory_conceptual-functions-r1,explanatory_conceptual,functions,0,0,8968182148387190867,2026-10-01T05:41:22.857+00:00,completed,epsilon,True,True,True,False,,66.210066,78.88798299973132,76.87144499868737,4,69,0.4985151422574555,0.014907373379307698,16.116926000245176,,code,2-2-1-2-2-0-0-1,0.5134225156367632,True,1,sequential,True,pso,20,1,swarm
oe3-ofat-pilot-v2,oe3,swarm|sequential|bc1|h1|pso|r1|N20|c1,syn-explanatory_conceptual-functions-r2,explanatory_conceptual,functions,0,0,15850266999198055000,2026-10-01T05:41:22.936+00:00,completed,epsilon,True,True,True,False,,52.72239,59.22953499975847,57.469382001727354,3,67,0.4811703400530759,0.005038735019827212,15.995193001511643,,text,1-0-1-1-2-1-0-1,0.4862090750729031,True,1,sequential,True,pso,20,1,swarm
oe3-ofat-pilot-v2,oe3,swarm|sequential|bc1|h1|pso|r1|N20|c1,syn-explanatory_conceptual-functions-r3,explanatory_conceptual,functions,0,0,15409255459732107106,2026-10-01T05:41:22.995+00:00,completed,epsilon,True,True,True,False,,40.327057,45.785018999595195,44.3284360007965,1,54,0.49777727535266225,0.007792650437785986,14.43050699624678,,text,1-0-1-1-2-1-1-1,0.5055699257904482,True,1,sequential,True,pso,20,1,swarm
oe3-ofat-pilot-v2,oe3,swarm|sequential|bc1|h1|pso|r1|N20|c1,syn-explanatory_conceptual-functions-r4,explanatory_conceptual,functions,0,0,13584105466744503536,2026-10-01T05:41:23.041+00:00,completed,epsilon,True,True,True,False,,45.269228,53.79646499932278,52.28924300172366,2,58,0.4919079769589474,0.007792454060633558,13.555629971710397,,text,1-0-1-0-2-1-1-1,0.49970043101958095,True,1,sequential,True,pso,20,1,swarm
oe3-ofat-pilot-v2,oe3,swarm|sequential|bc1|h1|pso|r1|N20|c1,syn-balanced_multimodal-sequential-r0,balanced_multimodal,sequential,0,0,12829628287881295465,2026-10-01T05:41:23.095+00:00,completed,epsilon,True,True,True,False,,51.740239,59.57787300212658,57.925684999645455,2,62,0.4948649211252828,1.9637715242826204e-07,14.958229994029479,,diagram,1-0-2-1-1-1-1-1,0.4948651175024352,True,1,sequential,True,pso,20,1,swarm
oe3-ofat-pilot-v2,oe3,swarm|sequential|bc1|h1|pso|r1|N20|c1,syn-balanced_multimodal-sequential-r1,balanced_multimodal,sequential,0,0,15851898587384579384,2026-10-01T05:41:23.154+00:00,completed,epsilon,True,True,True,False,,47.084075,52.56322900095256,50.99680199782597,1,59,0.46254329609296624,0.023319774530693393,16.23548199733952,,diagram,1-1-2-1-1-1-1-1,0.48586307062365963,True,1,sequential,True,pso,20,1,swarm
oe3-ofat-pilot-v2,oe3,swarm|sequential|bc1|h1|pso|r1|N20|c1,syn-balanced_multimodal-sequential-r2,balanced_multimodal,sequential,0,0,9812259528755781404,2026-10-01T05:41:23.207+00:00,completed,epsilon,True,True,True,False,,49.49034,57.758884999202564,55.99614300081157,2,60,0.5195512786534427,1.9637715242826204e-07,14.496071007689133,,code,2-0-1-1-1-1-1-1,0.5195514750305952,True,1,sequential,True,pso,20,1,swarm
oe3-ofat-pilot-v2,oe3,swarm|sequential|bc1|h1|pso|r1|N20|c1,syn-balanced_multimodal-sequential-r3,balanced_multimodal,sequential,0,0,17396203175820366605,2026-10-01T05:41:23.265+00:00,completed,epsilon,True,True,True,False,,58.43541,66.73893699917244,65.02336799894692,3,64,0.5055952816994697,0.0,14.98418200980103,,text,1-0-1-0-2-1-1-1,0.5055952816994697,True,1,sequential,True,pso,20,1,swarm
oe3-ofat-pilot-v2,oe3,swarm|sequential|bc1|h1|pso|r1|N20|c1,syn-balanced_multimodal-sequential-r4,balanced_multimodal,sequential,0,0,16072189927809315852,2026-10-01T05:41:23.331+00:00,completed,epsilon,True,True,True,False,,56.187067,65.73139000101946,63.92852700082585,3,66,0.4997105397388589,0.006721039910257187,15.035503990557652,,code,2-2-2-1-2-1-2-1,0.5064315796491161,True,1,sequential,True,pso,20,1,swarm
oe3-ofat-pilot-v2,oe3,swarm|sequential|bc1|h1|pso|r1|N20|c1,syn-balanced_multimodal-conditional-r0,balanced_multimodal,conditional,0,0,9492171042143771967,2026-10-01T05:41:23.397+00:00,completed,epsilon,True,True,True,False,,46.900072,53.18885400265572,51.654367001901846,1,54,0.48780502665661635,0.0036547194033032526,15.932418010642733,,code,2-1-1-1-1-1-1-1,0.4914597460599196,True,1,sequential,True,pso,20,1,swarm
oe3-ofat-pilot-v2,oe3,swarm|sequential|bc1|h1|pso|r1|N20|c1,syn-balanced_multimodal-conditional-r1,balanced_multimodal,conditional,0,0,12567349465944861023,2026-10-01T05:41:23.450+00:00,completed,epsilon,True,True,True,False,,40.860873,46.424349002336385,45.01705299844616,1,52,0.4988095313719645,0.0,13.23863100433097,,code,1-1-1-0-1-0-1-1,0.4988095313719645,True,1,sequential,True,pso,20,1,swarm
oe3-ofat-pilot-v2,oe3,swarm|sequential|bc1|h1|pso|r1|N20|c1,syn-balanced_multimodal-conditional-r2,balanced_multimodal,conditional,0,0,4742918314447581142,2026-10-01T05:41:23.497+00:00,completed,epsilon,True,True,True,False,,41.588103,47.63831200034474,46.086884998658206,1,52,0.4784409614577118,0.02094032221573877,14.716893007245549,,code,2-1-1-1-2-1-2-1,0.4993812836734506,True,1,sequential,True,pso,20,1,swarm
oe3-ofat-pilot-v2,oe3,swarm|sequential|bc1|h1|pso|r1|N20|c1,syn-balanced_multimodal-conditional-r3,balanced_multimodal,conditional,0,0,11394639668150330671,2026-10-01T05:41:23.544+00:00,completed,epsilon,True,True,True,False,,34.889406,40.69039500245708,39.27414899953874,1,51,0.4637423303052723,0.007792650437786042,13.19586700300134,,text,1-1-1-1-2-1-1-1,0.47153498074305833,True,1,sequential,True,pso,20,1,swarm
oe3-ofat-pilot-v2,oe3,swarm|sequential|bc1|h1|pso|r1|N20|c1,syn-balanced_multimodal-conditional-r4,balanced_multimodal,conditional,0,0,2277667993778051270,2026-10-01T05:41:23.585+00:00,completed,epsilon,True,True,True,False,,51.791938,60.647524001979036,58.823906001634896,3,62,0.4970117057765307,1.963771524837732e-07,14.127931995564156,,code,2-1-1-1-2-0-2-1,0.4970119021536832,True,1,sequential,True,pso,20,1,swarm
oe3-ofat-pilot-v2,oe3,swarm|sequential|bc1|h1|pso|r1|N20|c1,syn-balanced_multimodal-repetitive-r0,balanced_multimodal,repetitive,0,0,3839617547738254315,2026-10-01T05:41:23.646+00:00,completed,epsilon,True,True,True,False,,47.431253,53.62105200038059,51.95422500037239,1,55,0.5383161833171735,0.020082558591373534,15.387129009049792,,code,2-1-1-1-1-1-2-1,0.558398741908547,True,1,sequential,True,pso,20,1,swarm
oe3-ofat-pilot-v2,oe3,swarm|sequential|bc1|h1|pso|r1|N20|c1,syn-balanced_multimodal-repetitive-r1,balanced_multimodal,repetitive,0,0,2659073220867155690,2026-10-01T05:41:23.699+00:00,completed,epsilon,True,True,True,False,,50.882259,57.1019939998223,55.40822200055118,2,60,0.5300479510764751,1.9637715242826204e-07,15.273347995263629,,code,2-0-2-1-2-1-1-1,0.5300481474536275,True,1,sequential,True,pso,20,1,swarm
oe3-ofat-pilot-v2,oe3,swarm|sequential|bc1|h1|pso|r1|N20|c1,syn-balanced_multimodal-repetitive-r2,balanced_multimodal,repetitive,0,0,12027688066564710874,2026-10-01T05:41:23.757+00:00,completed,epsilon,True,True,True,False,,39.091142,44.57359799926053,43.132728002092335,1,51,0.48695008664679024,0.02008255859137359,12.85872199868539,,code,2-1-2-1-1-1-2-1,0.5070326452381638,True,1,sequential,True,pso,20,1,swarm
oe3-ofat-pilot-v2,oe3,swarm|sequential|bc1|h1|pso|r1|N20|c1,syn-balanced_multimodal-repetitive-r3,balanced_multimodal,repetitive,0,0,10665835498416014906,2026-10-01T05:41:23.801+00:00,completed,epsilon,True,True,True,False,,41.373681,50.42389099980937,48.882602000958286,1,51,0.4984038111225635,0.020082362214221106,12.725239995322948,,diagram,1-1-2-0-2-1-1-1,0.5184861733367846,True,1,sequential,True,pso,20,1,swarm
oe3-ofat-pilot-v2,oe3,swarm|sequential|bc1|h1|pso|r1|N20|c1,syn-balanced_multimodal-repetitive-r4,balanced_multimodal,repetitive,0,0,16842203000296662102,2026-10-01T05:41:23.852+00:00,completed,epsilon,True,True,True,False,,46.093184,51.88662199725513,50.4587379982695,1,50,0.5354470399519666,0.020082558591373645,12.812661993635924,,code,2-1-1-1-1-1-2-1,0.5555295985433403,True,1,sequential,True,pso,20,1,swarm
oe3-ofat-pilot-v2,oe3,swarm|sequential|bc1|h1|pso|r1|N20|c1,syn-balanced_multimodal-arrays_vectors-r0,balanced_multimodal,arrays_vectors,0,0,8202019099685287209,2026-10-01T05:41:23.903+00:00,completed,epsilon,True,True,True,False,,50.636679,58.687094002380036,57.084504998783814,2,62,0.5214552573504015,0.007792454060633558,15.309866015088936,,code,2-0-1-0-2-1-1-1,0.5292477114110351,True,1,sequential,True,pso,20,1,swarm
oe3-ofat-pilot-v2,oe3,swarm|sequential|bc1|h1|pso|r1|N20|c1,syn-balanced_multimodal-arrays_vectors-r1,balanced_multimodal,arrays_vectors,0,0,1557390382835702406,2026-10-01T05:41:23.962+00:00,completed,epsilon,True,True,True,False,,42.274598,51.447711997752776,49.66817799868295,1,56,0.5096115026932262,0.01001413080874669,15.199417004753297,,code,1-0-1-1-1-1-1-1,0.5196256335019729,True,1,sequential,True,pso,20,1,swarm
oe3-ofat-pilot-v2,oe3,swarm|sequential|bc1|h1|pso|r1|N20|c1,syn-balanced_multimodal-arrays_vectors-r2,balanced_multimodal,arrays_vectors,0,0,1551228789342824201,2026-10-01T05:41:24.014+00:00,completed,epsilon,True,True,True,False,,44.224634,50.72752099658828,49.23108099683304,1,53,0.5207081594293232,0.027875012652007092,14.353877999074237,,text,1-1-1-1-2-1-1-1,0.5485831720813303,True,1,sequential,True,pso,20,1,swarm
oe3-ofat-pilot-v2,oe3,swarm|sequential|bc1|h1|pso|r1|N20|c1,syn-balanced_multimodal-arrays_vectors-r3,balanced_multimodal,arrays_vectors,0,0,11908930478528390133,2026-10-01T05:41:24.064+00:00,completed,epsilon,True,True,True,False,,54.271772,62.46969099811395,60.67111100128386,2,62,0.5326887851156756,0.019041613531884827,14.775724995825701,,code,1-0-1-1-1-0-1-1,0.5517303986475605,True,1,sequential,True,pso,20,1,swarm
oe3-ofat-pilot-v2,oe3,swarm|sequential|bc1|h1|pso|r1|N20|c1,syn-balanced_multimodal-arrays_vectors-r4,balanced_multimodal,arrays_vectors,0,0,7080146454937735062,2026-10-01T05:41:24.127+00:00,completed,epsilon,True,True,True,False,,36.429552,42.41465100130881,40.8580900002562,1,53,0.5231764212501887,0.0034158919247068154,13.39614000147209,,code,2-1-1-1-1-0-1-1,0.5265923131748955,True,1,sequential,True,pso,20,1,swarm
oe3-ofat-pilot-v2,oe3,swarm|sequential|bc1|h1|pso|r1|N20|c1,syn-balanced_multimodal-functions-r0,balanced_multimodal,functions,0,0,2933908082685948832,2026-10-01T05:41:24.169+00:00,completed,epsilon,True,True,True,False,,51.322804,60.56257200179971,58.91268299819785,2,60,0.5082813071929754,0.022699680157076907,14.746316002923164,,code,2-2-2-1-1-1-1-1,0.5309809873500523,True,1,sequential,True,pso,20,1,swarm
oe3-ofat-pilot-v2,oe3,swarm|sequential|bc1|h1|pso|r1|N20|c1,syn-balanced_multimodal-functions-r1,balanced_multimodal,functions,0,0,368220290834284782,2026-10-01T05:41:24.230+00:00,completed,epsilon,True,True,True,False,,36.048985,41.87027800071519,40.35698200095794,1,53,0.4917724457549157,0.02008255859137359,13.318930002154552,,code,2-1-1-1-1-1-2-1,0.5118550043462893,True,1,sequential,True,pso,20,1,swarm
oe3-ofat-pilot-v2,oe3,swarm|sequential|bc1|h1|pso|r1|N20|c1,syn-balanced_multimodal-functions-r2,balanced_multimodal,functions,0,0,8673480799685267205,2026-10-01T05:41:24.272+00:00,completed,epsilon,True,True,True,False,,58.720601,67.78928499988979,65.97510800202144,3,67,0.5181875250450265,0.0,15.979944005466102,,code,2-0-1-0-1-0-1-1,0.5181875250450265,True,1,sequential,True,pso,20,1,swarm
oe3-ofat-pilot-v2,oe3,swarm|sequential|bc1|h1|pso|r1|N20|c1,syn-balanced_multimodal-functions-r3,balanced_multimodal,functions,0,0,18228905326412579013,2026-10-01T05:41:24.340+00:00,completed,epsilon,True,True,True,False,,41.609706,49.84114200124168,48.26059499828261,1,57,0.489537761565406,0.027875012652007147,16.01427798745507,,diagram,1-1-2-1-2-1-1-1,0.5174127742174132,True,1,sequential,True,pso,20,1,swarm
oe3-ofat-pilot-v2,oe3,swarm|sequential|bc1|h1|pso|r1|N20|c1,syn-balanced_multimodal-functions-r4,balanced_multimodal,functions,0,0,4683180797726806680,2026-10-01T05:41:24.389+00:00,completed,epsilon,True,True,True,False,,51.417148,57.12241099899984,55.46380399755435,2,57,0.4810101863870243,0.022699680157077018,14.531782017772262,,diagram,1-2-2-1-1-1-1-1,0.5037098665441013,True,1,sequential,True,pso,20,1,swarm
oe3-ofat-pilot-v2,oe3,swarm|sequential|bc1|h1|pso|r1|N20|c1,syn-visual_dominant-sequential-r0,visual_dominant,sequential,1,0,3334967381364256590,2026-10-01T05:41:24.447+00:00,completed,epsilon,True,True,True,False,,43.191659,51.966490002087085,50.38872200020705,2,54,0.4747507119144429,0.0010553553645042402,13.16453599841743,,diagram,1-0-2-1-1-1-0-0,0.47580606727894714,True,1,sequential,True,pso,20,1,swarm
oe3-ofat-pilot-v2,oe3,swarm|sequential|bc1|h1|pso|r1|N20|c1,syn-visual_dominant-sequential-r1,visual_dominant,sequential,1,0,14463353593492607384,2026-10-01T05:41:24.498+00:00,completed,epsilon,True,True,True,False,,42.099111,47.88883899891516,46.423231997323455,1,53,0.44878503224528293,0.02008255859137359,14.379147980310877,,diagram,1-1-2-1-0-1-1-1,0.4688675908366565,True,1,sequential,True,pso,20,1,swarm
oe3-ofat-pilot-v2,oe3,swarm|sequential|bc1|h1|pso|r1|N20|c1,syn-visual_dominant-sequential-r2,visual_dominant,sequential,1,0,1449473017236341336,2026-10-01T05:41:24.546+00:00,completed,epsilon,True,True,True,False,,42.926922,48.800615997606656,47.26388899871381,1,58,0.43325366196641485,0.03524242282272433,16.267542005096033,,diagram,0-1-2-1-0-1-0-1,0.4684960847891392,True,1,sequential,True,pso,20,1,swarm
oe3-ofat-pilot-v2,oe3,swarm|sequential|bc1|h1|pso|r1|N20|c1,syn-visual_dominant-sequential-r3,visual_dominant,sequential,1,0,11784465089289360140,2026-10-01T05:41:24.595+00:00,completed,epsilon,True,True,True,False,,55.284744,61.246863999258494,59.52936200264958,2,63,0.49689284274488765,1.9637715242826204e-07,19.23229400004678,,diagram,1-0-2-1-0-1-1-1,0.4968930391220401,True,1,sequential,True,pso,20,1,swarm
oe3-ofat-pilot-v2,oe3,swarm|sequential|bc1|h1|pso|r1|N20|c1,syn-visual_dominant-sequential-r4,visual_dominant,sequential,1,0,9843101576308061791,2026-10-01T05:41:24.656+00:00,completed,epsilon,True,True,True,False,,43.401283,53.810499997780425,51.976961996842874,1,53,0.44621475259761745,0.0077761988976089436,15.280575997009805,,diagram,1-2-2-1-1-1-0-0,0.4539909514952264,True,1,sequential,True,pso,20,1,swarm
oe3-ofat-pilot-v2,oe3,swarm|sequential|bc1|h1|pso|r1|N20|c1,syn-visual_dominant-conditional-r0,visual_dominant,conditional,1,0,399204953024597195,2026-10-01T05:41:24.710+00:00,completed,epsilon,True,True,True,False,,44.758942,50.67866800163756,49.05037299977266,1,56,0.4683786250362893,0.007792650437786042,16.785876997600464,,diagram,1-1-2-1-0-1-0-1,0.47617127547407534,True,1,sequential,True,pso,20,1,swarm
oe3-ofat-pilot-v2,oe3,swarm|sequential|bc1|h1|pso|r1|N20|c1,syn-visual_dominant-conditional-r1,visual_dominant,conditional,1,0,7224635709434446062,2026-10-01T05:41:24.761+00:00,completed,epsilon,True,True,True,False,,52.191106,58.22286900001927,56.56818699935684,2,63,0.43347702875536903,0.0036547194033032526,18.110028002608637,,diagram,1-1-2-1-0-1-0-1,0.4371317481586723,True,1,sequential,True,pso,20,1,swarm
oe3-ofat-pilot-v2,oe3,swarm|sequential|bc1|h1|pso|r1|N20|c1,syn-visual_dominant-conditional-r2,visual_dominant,conditional,1,0,12837783749454387842,2026-10-01T05:41:24.819+00:00,completed,epsilon,True,True,True,False,,55.124446,64.99720099964179,63.109511000220664,3,65,0.4757631054163088,3.436600168327253e-07,14.942009004707256,,code,2-1-2-2-1-0-1-1,0.4757634490763256,True,1,sequential,True,pso,20,1,swarm
oe3-ofat-pilot-v2,oe3,swarm|sequential|bc1|h1|pso|r1|N20|c1,syn-visual_dominant-conditional-r3,visual_dominant,conditional,1,0,1552749880042890602,2026-10-01T05:41:24.884+00:00,completed,epsilon,True,True,True,False,,66.643311,75.6843029994343,73.70041000103811,3,69,0.45741192371591466,0.0,15.793093985619146,,diagram,1-1-2-0-0-0-1-1,0.45741192371591466,True,1,sequential,True,pso,20,1,swarm
oe3-ofat-pilot-v2,oe3,swarm|sequential|bc1|h1|pso|r1|N20|c1,syn-visual_dominant-conditional-r4,visual_dominant,conditional,1,0,6016564164395138588,2026-10-01T05:41:24.960+00:00,completed,epsilon,True,True,True,False,,48.858751,54.76679899948067,53.15888299810467,2,59,0.44865674501612823,1.963771524837732e-07,14.943367005101505,,diagram,1-1-2-1-1-0-0-1,0.4486569413932807,True,1,sequential,True,pso,20,1,swarm
oe3-ofat-pilot-v2,oe3,swarm|sequential|bc1|h1|pso|r1|N20|c1,syn-visual_dominant-repetitive-r0,visual_dominant,repetitive,1,0,388248794542993201,2026-10-01T05:41:25.015+00:00,completed,epsilon,True,True,True,False,,50.198804,56.44483400101308,54.66900300234556,2,60,0.4900640634881811,1.9637715242826204e-07,15.204298996316469,,diagram,1-0-2-1-1-1-0-1,0.49006425986533353,True,1,sequential,True,pso,20,1,swarm
oe3-ofat-pilot-v2,oe3,swarm|sequential|bc1|h1|pso|r1|N20|c1,syn-visual_dominant-repetitive-r1,visual_dominant,repetitive,1,0,6429826071426475855,2026-10-01T05:41:25.071+00:00,completed,epsilon,True,True,True,False,,44.129939,50.12771600013366,48.584203999780584,2,55,0.47132853097575106,0.02008255859137359,13.169855994239713,,code,2-1-2-1-1-1-1-1,0.49141108956712465,True,1,sequential,True,pso,20,1,swarm
oe3-ofat-pilot-v2,oe3,swarm|sequential|bc1|h1|pso|r1|N20|c1,syn-visual_dominant-repetitive-r2,visual_dominant,repetitive,1,0,681915851494163713,2026-10-01T05:41:25.121+00:00,completed,epsilon,True,True,True,False,,42.840446,48.69489200063981,47.07388799943146,1,54,0.4973688479790045,0.020082362214221106,15.06828199960395,,code,2-1-2-0-1-1-0-1,0.5174512101932256,True,1,sequential,True,pso,20,1,swarm
oe3-ofat-pilot-v2,oe3,swarm|sequential|bc1|h1|pso|r1|N20|c1,syn-visual_dominant-repetitive-r3,visual_dominant,repetitive,1,0,9442719100814584237,2026-10-01T05:41:25.170+00:00,completed,epsilon,True,True,True,False,,51.116928,60.369180002453504,58.88555199999246,2,55,0.5053301087599773,0.0,14.227151979561624,,diagram,1-0-2-0-0-1-0-1,0.5053301087599773,True,1,sequential,True,pso,20,1,swarm
oe3-ofat-pilot-v2,oe3,swarm|sequential|bc1|h1|pso|r1|N20|c1,syn-visual_dominant-repetitive-r4,visual_dominant,repetitive,1,0,13949056110443868569,2026-10-01T05:41:25.230+00:00,completed,epsilon,True,True,True,False,,59.594332,65.73756299985689,64.05615800031228,4,65,0.46760730899554137,1.9637715242826204e-07,14.882416989325803,,diagram,1-0-2-1-0-1-0-1,0.4676075053726938,True,1,sequential,True,pso,20,1,swarm
oe3-ofat-pilot-v2,oe3,swarm|sequential|bc1|h1|pso|r1|N20|c1,syn-visual_dominant-arrays_vectors-r0,visual_dominant,arrays_vectors,1,0,2917865247295538106,2026-10-01T05:41:25.296+00:00,completed,epsilon,True,True,True,False,,42.326181,48.31193299833103,46.70433399951435,1,59,0.46105976353153516,0.027875012652007147,16.334372007161285,,diagram,1-1-2-1-0-1-0-1,0.4889347761835423,True,1,sequential,True,pso,20,1,swarm
oe3-ofat-pilot-v2,oe3,swarm|sequential|bc1|h1|pso|r1|N20|c1,syn-visual_dominant-arrays_vectors-r1,visual_dominant,arrays_vectors,1,0,5722646615589724131,2026-10-01T05:41:25.344+00:00,completed,epsilon,True,True,True,False,,42.457878,50.07452499921783,48.582008999801474,1,53,0.448934361287075,0.004258245401240313,14.319099987959357,,diagram,1-0-2-1-1-0-1-0,0.4531926066883153,True,1,sequential,True,pso,20,1,swarm
oe3-ofat-pilot-v2,oe3,swarm|sequential|bc1|h1|pso|r1|N20|c1,syn-visual_dominant-arrays_vectors-r2,visual_dominant,arrays_vectors,1,0,7131356553039093964,2026-10-01T05:41:25.395+00:00,completed,epsilon,True,True,True,False,,50.64705,59.501528998225695,57.818140001472784,3,59,0.5140420274407931,0.007792454060633558,13.360229004928375,,diagram,1-0-2-0-1-1-1-1,0.5218344815014266,True,1,sequential,True,pso,20,1,swarm
oe3-ofat-pilot-v2,oe3,swarm|sequential|bc1|h1|pso|r1|N20|c1,syn-visual_dominant-arrays_vectors-r3,visual_dominant,arrays_vectors,1,0,9708572912594749697,2026-10-01T05:41:25.454+00:00,completed,epsilon,True,True,True,False,,45.472169,53.91869500090252,52.40315600167378,1,57,0.5179109459939615,0.01002641009046179,15.181294998054799,,diagram,0-1-2-1-1-0-0-0,0.5279373560844233,True,1,sequential,True,pso,20,1,swarm
oe3-ofat-pilot-v2,oe3,swarm|sequential|bc1|h1|pso|r1|N20|c1,syn-visual_dominant-arrays_vectors-r4,visual_dominant,arrays_vectors,1,0,8051371913516571402,2026-10-01T05:41:25.508+00:00,completed,epsilon,True,True,True,False,,35.045192,42.54835399842705,41.08587600057945,1,48,0.48288447505901916,0.014696718078363646,12.428569987460605,,diagram,1-1-2-1-1-1-0-1,0.4975811931373828,True,1,sequential,True,pso,20,1,swarm
oe3-ofat-pilot-v2,oe3,swarm|sequential|bc1|h1|pso|r1|N20|c1,syn-visual_dominant-functions-r0,visual_dominant,functions,1,0,16135236781280778921,2026-10-01T05:41:25.551+00:00,completed,epsilon,True,True,True,False,,50.771127,56.70501699933084,55.05091099985293,2,62,0.4977881257361313,1.9637715242826204e-07,15.813755001265438,,diagram,1-0-2-1-1-1-0-1,0.4977883221132837,True,1,sequential,True,pso,20,1,swarm
oe3-ofat-pilot-v2,oe3,swarm|sequential|bc1|h1|pso|r1|N20|c1,syn-visual_dominant-functions-r1,visual_dominant,functions,1,0,11881822526199768276,2026-10-01T05:41:25.607+00:00,completed,epsilon,True,True,True,False,,47.316788,52.64883400013787,51.10826000236557,2,59,0.4941057150421845,0.007792650437785986,16.077074989438763,,code,2-0-2-1-1-1-0-1,0.5018983654799705,True,1,sequential,True,pso,20,1,swarm
oe3-ofat-pilot-v2,oe3,swarm|sequential|bc1|h1|pso|r1|N20|c1,syn-visual_dominant-functions-r2,visual_dominant,functions,1,0,8281290246287181489,2026-10-01T05:41:25.660+00:00,completed,epsilon,True,True,True,False,,60.444832,66.33989100009785,64.46267799765337,4,71,0.471376010746655,1.9637715242826204e-07,15.660592980362344,,diagram,1-0-2-1-1-0-1-1,0.47137620712380746,True,1,sequential,True,pso,20,1,swarm
oe3-ofat-pilot-v2,oe3,swarm|sequential|bc1|h1|pso|r1|N20|c1,syn-visual_dominant-functions-r3,visual_dominant,functions,1,0,11110122146323643609,2026-10-01T05:41:25.726+00:00,completed,epsilon,True,True,True,False,,61.791192,71.00045499828411,69.18594099988695,3,64,0.46752807932785406,0.012907029719290863,16.186654982571977,,diagram,1-2-2-0-0-0-1-1,0.4804351090471449,True,1,sequential,True,pso,20,1,swarm
oe3-ofat-pilot-v2,oe3,swarm|sequential|bc1|h1|pso|r1|N20|c1,syn-visual_dominant-functions-r4,visual_dominant,functions,1,0,3086301632103932787,2026-10-01T05:41:25.797+00:00,completed,epsilon,True,True,True,False,,43.611633,50.37453000113601,48.588411998935044,2,55,0.48282466482518693,0.019803777820581292,14.092520019664525,,code,2-2-2-1-1-1-1-1,0.5026284426457682,True,1,sequential,True,pso,20,1,swarm
oe3-ofat-pilot-v2,oe3,swarm|sequential|bc1|h1|pso|r1|N20|c1,syn-logical_syntactic-sequential-r0,logical_syntactic,sequential,1,0,7251352304488983451,2026-10-01T05:41:25.848+00:00,completed,epsilon,True,True,True,False,,49.622932,59.14671500067925,57.552769998437725,1,59,0.4761348237523099,0.02008255859137359,17.437320014228437,,code,2-1-1-1-0-1-0-1,0.4962173823436835,True,1,sequential,True,pso,20,1,swarm
oe3-ofat-pilot-v2,oe3,swarm|sequential|bc1|h1|pso|r1|N20|c1,syn-logical_syntactic-sequential-r1,logical_syntactic,sequential,1,0,12053108598153308178,2026-10-01T05:41:25.907+00:00,completed,epsilon,True,True,True,False,,60.638212,68.98998899850994,67.3281399976986,4,65,0.4825461654414688,1.9637715242826204e-07,14.127817003405053,,code,2-0-1-1-1-1-0-1,0.4825463618186212,True,1,sequential,True,pso,20,1,swarm
oe3-ofat-pilot-v2,oe3,swarm|sequential|bc1|h1|pso|r1|N20|c1,syn-logical_syntactic-sequential-r2,logical_syntactic,sequential,1,0,16364623137167520195,2026-10-01T05:41:25.976+00:00,completed,epsilon,True,True,True,False,,41.172561,46.929100000852486,45.42369499904453,1,53,0.5052479809084092,0.0034158919247069264,14.506076996733396,,code,2-1-0-1-1-1-1-1,0.5086638728331161,True,1,sequential,True,pso,20,1,swarm
oe3-ofat-pilot-v2,oe3,swarm|sequential|bc1|h1|pso|r1|N20|c1,syn-logical_syntactic-sequential-r3,logical_syntactic,sequential,1,0,14054898920044902309,2026-10-01T05:41:26.023+00:00,completed,epsilon,True,True,True,False,,48.260213,54.044035998231266,52.42741800248041,2,60,0.47454039043400664,1.9637715242826204e-07,14.941413997445661,,code,2-0-1-1-1-1-0-1,0.47454058681115907,True,1,sequential,True,pso,20,1,swarm
oe3-ofat-pilot-v2,oe3,swarm|sequential|bc1|h1|pso|r1|N20|c1,syn-logical_syntactic-sequential-r4,logical_syntactic,sequential,1,0,13156865779355580401,2026-10-01T05:41:26.077+00:00,completed,epsilon,True,True,True,False,,44.481585,53.09422899881611,51.499295001121936,1,58,0.4768785814363051,0.019509201575559354,15.175519999545294,,code,2-0-1-1-1-1-1-1,0.4963877830118645,True,1,sequential,True,pso,20,1,swarm
oe3-ofat-pilot-v2,oe3,swarm|sequential|bc1|h1|pso|r1|N20|c1,syn-logical_syntactic-conditional-r0,logical_syntactic,conditional,1,0,11414306351426817161,2026-10-01T05:41:26.130+00:00,completed,epsilon,True,True,True,False,,46.818409,52.698448998853564,50.98433600142016,1,61,0.4552124341978106,0.0036547194033032526,14.718449977419393,,code,2-1-1-1-0-1-0-1,0.45886715360111385,True,1,sequential,True,pso,20,1,swarm
oe3-ofat-pilot-v2,oe3,swarm|sequential|bc1|h1|pso|r1|N20|c1,syn-logical_syntactic-conditional-r1,logical_syntactic,conditional,1,0,7856604676471064028,2026-10-01T05:41:26.183+00:00,completed,epsilon,True,True,True,False,,62.327187,68.34161699953256,66.52980000217212,3,69,0.45182436159096645,1.963771524837732e-07,17.55538298893671,,code,2-1-1-1-0-0-0-1,0.45182455796811893,True,1,sequential,True,pso,20,1,swarm
oe3-ofat-pilot-v2,oe3,swarm|sequential|bc1|h1|pso|r1|N20|c1,syn-logical_syntactic-conditional-r2,logical_syntactic,conditional,1,0,3752771868888662993,2026-10-01T05:41:26.251+00:00,completed,epsilon,True,True,True,False,,45.606195,51.091987999825506,49.50375100088422,1,55,0.4631068467146388,0.0036547194033032526,13.722390997999277,,code,2-1-1-1-0-1-1-1,0.46676156611794206,True,1,sequential,True,pso,20,1,swarm
oe3-ofat-pilot-v2,oe3,swarm|sequential|bc1|h1|pso|r1|N20|c1,syn-logical_syntactic-conditional-r3,logical_syntactic,conditional,1,0,2424363617272683664,2026-10-01T05:41:26.302+00:00,completed,epsilon,True,True,True,False,,37.619471,43.177610998100135,41.618136998295086,1,51,0.46926591844681625,1.963771524837732e-07,12.038241979127037,,code,2-1-1-1-0-0-0-1,0.46926611482396874,True,1,sequential,True,pso,20,1,swarm
oe3-ofat-pilot-v2,oe3,swarm|sequential|bc1|h1|pso|r1|N20|c1,syn-logical_syntactic-conditional-r4,logical_syntactic,conditional,1,0,10671629074959594599,2026-10-01T05:41:26.345+00:00,completed,epsilon,True,True,True,False,,45.015729,50.99102100211894,49.57449399807956,1,49,0.4839345737065493,0.0036547194033032526,14.762432000462033,,code,2-1-1-1-1-1-1-1,0.48758929310985255,True,1,sequential,True,pso,20,1,swarm
oe3-ofat-pilot-v2,oe3,swarm|sequential|bc1|h1|pso|r1|N20|c1,syn-logical_syntactic-repetitive-r0,logical_syntactic,repetitive,1,0,15966723904431689505,2026-10-01T05:41:26.396+00:00,completed,epsilon,True,True,True,False,,51.381015,57.18808800156694,55.676831001619576,1,56,0.45068774937313677,0.02008255859137359,20.17324299501217,,code,2-1-2-1-0-1-1-1,0.47077030796451036,True,1,sequential,True,pso,20,1,swarm
oe3-ofat-pilot-v2,oe3,swarm|sequential|bc1|h1|pso|r1|N20|c1,syn-logical_syntactic-repetitive-r1,logical_syntactic,repetitive,1,0,3470008616984474820,2026-10-01T05:41:26.453+00:00,completed,epsilon,True,True,True,False,,48.016141,57.26051300007384,55.455346999224275,2,60,0.4875749285414261,0.0010553553645042402,13.845165996135366,,code,2-0-1-1-0-1-0-0,0.48863028390593033,True,1,sequential,True,pso,20,1,swarm
oe3-ofat-pilot-v2,oe3,swarm|sequential|bc1|h1|pso|r1|N20|c1,syn-logical_syntactic-repetitive-r2,logical_syntactic,repetitive,1,0,11319749022719662673,2026-10-01T05:41:26.511+00:00,completed,epsilon,True,True,True,False,,54.499904,60.766100003093015,59.135944000445306,2,57,0.5086891851103017,1.9637715242826204e-07,14.027475993856285,,code,2-0-1-1-1-1-1-1,0.5086893814874541,True,1,sequential,True,pso,20,1,swarm
oe3-ofat-pilot-v2,oe3,swarm|sequential|bc1|h1|pso|r1|N20|c1,syn-logical_syntactic-repetitive-r3,logical_syntactic,repetitive,1,0,4643417038172318447,2026-10-01T05:41:26.572+00:00,completed,epsilon,True,True,True,False,,50.425611,56.718925003224285,55.09098599941353,3,61,0.48216814861223045,0.0,14.571812004454275,,code,2-0-1-0-1-1-0-1,0.48216814861223045,True,1,sequential,True,pso,20,1,swarm
oe3-ofat-pilot-v2,oe3,swarm|sequential|bc1|h1|pso|r1|N20|c1,syn-logical_syntactic-repetitive-r4,logical_syntactic,repetitive,1,0,15250258441158635833,2026-10-01T05:41:26.628+00:00,completed,epsilon,True,True,True,False,,49.855376,58.234527001332026,56.5504649966897,2,60,0.42431619622197225,0.020082362214221106,15.121461984641066,,code,2-1-0-0-1-1-0-1,0.44439855843619336,True,1,sequential,True,pso,20,1,swarm
oe3-ofat-pilot-v2,oe3,swarm|sequential|bc1|h1|pso|r1|N20|c1,syn-logical_syntactic-arrays_vectors-r0,logical_syntactic,arrays_vectors,1,0,794293079882404652,2026-10-01T05:41:26.687+00:00,completed,epsilon,True,True,True,False,,40.157887,48.76637599954847,47.1885420010949,1,51,0.497908345466907,0.007792650437785986,15.245281012130924,,code,2-0-1-1-0-1-1-1,0.505700995904693,True,1,sequential,True,pso,20,1,swarm
oe3-ofat-pilot-v2,oe3,swarm|sequential|bc1|h1|pso|r1|N20|c1,syn-logical_syntactic-arrays_vectors-r1,logical_syntactic,arrays_vectors,1,0,13279616171390739924,2026-10-01T05:41:26.735+00:00,completed,epsilon,True,True,True,False,,59.28876,68.63683499977924,66.68972399711492,3,69,0.4766932553481305,0.007351474163735328,16.551800011123312,,code,2-2-1-0-1-0-1-1,0.48404472951186583,True,1,sequential,True,pso,20,1,swarm
oe3-ofat-pilot-v2,oe3,swarm|sequential|bc1|h1|pso|r1|N20|c1,syn-logical_syntactic-arrays_vectors-r2,logical_syntactic,arrays_vectors,1,0,9505461881805374079,2026-10-01T05:41:26.804+00:00,completed,epsilon,True,True,True,False,,41.704113,47.609797002223786,46.078420000412734,1,53,0.49083069767651405,0.027875012652007147,14.912610009171162,,code,2-1-1-1-0-1-0-1,0.5187057103285212,True,1,sequential,True,pso,20,1,swarm
oe3-ofat-pilot-v2,oe3,swarm|sequential|bc1|h1|pso|r1|N20|c1,syn-logical_syntactic-arrays_vectors-r3,logical_syntactic,arrays_vectors,1,0,8401228647824766960,2026-10-01T05:41:26.852+00:00,completed,epsilon,True,True,True,False,,46.109041,52.18819599758717,50.5614030007564,1,59,0.510410675757111,0.017498999281390648,16.028647009915403,,code,2-1-1-1-1-1-1-1,0.5279096750385016,True,1,sequential,True,pso,20,1,swarm
oe3-ofat-pilot-v2,oe3,swarm|sequential|bc1|h1|pso|r1|N20|c1,syn-logical_syntactic-arrays_vectors-r4,logical_syntactic,arrays_vectors,1,0,18034434371952724805,2026-10-01T05:41:26.904+00:00,completed,epsilon,True,True,True,False,,57.741046,63.98117099888623,62.258478999865474,3,66,0.4636716133337328,0.00341589192470676,16.13611199813832,,code,2-1-1-1-0-0-1-1,0.46708750525843956,True,1,sequential,True,pso,20,1,swarm
oe3-ofat-pilot-v2,oe3,swarm|sequential|bc1|h1|pso|r1|N20|c1,syn-logical_syntactic-functions-r0,logical_syntactic,functions,1,0,356074301951452711,2026-10-01T05:41:26.968+00:00,completed,epsilon,True,True,True,False,,43.173115,49.17016100080218,47.61954099740251,1,55,0.4876998796280693,0.027875012652007147,14.603093009228406,,code,2-1-1-1-1-1-0-1,0.5155748922800765,True,1,sequential,True,pso,20,1,swarm
oe3-ofat-pilot-v2,oe3,swarm|sequential|bc1|h1|pso|r1|N20|c1,syn-logical_syntactic-functions-r1,logical_syntactic,functions,1,0,18385489952471934676,2026-10-01T05:41:27.017+00:00,completed,epsilon,True,True,True,False,,57.119011,62.723488998017274,60.99642199842492,4,65,0.4952348885551682,1.9637715242826204e-07,15.372310002127593,,code,2-0-1-1-1-0-0-1,0.4952350849323206,True,1,sequential,True,pso,20,1,swarm
oe3-ofat-pilot-v2,oe3,swarm|sequential|bc1|h1|pso|r1|N20|c1,syn-logical_syntactic-functions-r2,logical_syntactic,functions,1,0,6055816422684010007,2026-10-01T05:41:27.080+00:00,completed,epsilon,True,True,True,False,,39.950743,45.51742900002864,44.14461499982281,1,48,0.4703323912858079,0.027875012652007147,13.698244004359783,,code,2-1-0-1-1-1-1-1,0.49820740393781504,True,1,sequential,True,pso,20,1,swarm
oe3-ofat-pilot-v2,oe3,swarm|sequential|bc1|h1|pso|r1|N20|c1,syn-logical_syntactic-functions-r3,logical_syntactic,functions,1,0,12612345210513099450,2026-10-01T05:41:27.125+00:00,completed,epsilon,True,True,True,False,,40.801889,46.541207000700524,45.00968599677435,1,58,0.46627757409622445,0.02008255859137359,14.954152007173922,,code,2-1-1-1-1-1-0-1,0.48636013268759803,True,1,sequential,True,pso,20,1,swarm
oe3-ofat-pilot-v2,oe3,swarm|sequential|bc1|h1|pso|r1|N20|c1,syn-logical_syntactic-functions-r4,logical_syntactic,functions,1,0,10415694527128160469,2026-10-01T05:41:27.172+00:00,completed,epsilon,True,True,True,False,,41.530061,50.906309003039496,49.231806999159744,1,51,0.40713748248632187,0.048913639728908276,12.71145799257571,,code,2-2-1-1-1-1-1-1,0.45605112221523014,True,1,sequential,True,pso,20,1,swarm
oe3-ofat-pilot-v2,oe3,swarm|sequential|bc1|h1|pso|r1|N20|c1,syn-explanatory_conceptual-sequential-r0,explanatory_conceptual,sequential,1,0,5940893258720170927,2026-10-01T05:41:27.223+00:00,completed,epsilon,True,True,True,False,,42.887491,51.248730000224896,49.65602000083891,1,56,0.4193516078456325,0.04810403721289147,14.992859986758907,,text,0-0-1-2-2-0-1-1,0.467455645058524,True,1,sequential,True,pso,20,1,swarm
oe3-ofat-pilot-v2,oe3,swarm|sequential|bc1|h1|pso|r1|N20|c1,syn-explanatory_conceptual-sequential-r1,explanatory_conceptual,sequential,1,0,17003596441327521031,2026-10-01T05:41:27.274+00:00,completed,epsilon,True,True,True,False,,41.593359,47.46296800294658,45.90238200034946,1,57,0.45267043074923324,0.006749225258040281,14.421467999471059,,text,0-1-0-1-2-1-0-1,0.4594196560072735,True,1,sequential,True,pso,20,1,swarm
oe3-ofat-pilot-v2,oe3,swarm|sequential|bc1|h1|pso|r1|N20|c1,syn-explanatory_conceptual-sequential-r2,explanatory_conceptual,sequential,1,0,18052668489611125550,2026-10-01T05:41:27.321+00:00,completed,epsilon,True,True,True,False,,52.401744,61.193534998892574,59.47913100317237,2,63,0.4347991136547246,0.027875012652007147,16.634755001027557,,text,1-1-1-1-2-1-1-1,0.46267412630673177,True,1,sequential,True,pso,20,1,swarm
oe3-ofat-pilot-v2,oe3,swarm|sequential|bc1|h1|pso|r1|N20|c1,syn-explanatory_conceptual-sequential-r3,explanatory_conceptual,sequential,1,0,6496118862096545493,2026-10-01T05:41:27.383+00:00,completed,epsilon,True,True,True,False,,53.521715,62.72507199901156,61.08687099913368,2,57,0.44582930063903703,0.003147466336683613,15.047501987452343,,text,1-2-1-1-2-1-1-1,0.44897676697572064,True,1,sequential,True,pso,20,1,swarm
oe3-ofat-pilot-v2,oe3,swarm|sequential|bc1|h1|pso|r1|N20|c1,syn-explanatory_conceptual-sequential-r4,explanatory_conceptual,sequential,1,0,1500050021784736840,2026-10-01T05:41:27.445+00:00,completed,epsilon,True,True,True,False,,56.988038,65.42363299740828,63.562016999640036,3,69,0.4665029999409801,0.0,15.632318012232414,,text,1-1-1-0-2-0-1-1,0.4665029999409801,True,1,sequential,True,pso,20,1,swarm
oe3-ofat-pilot-v2,oe3,swarm|sequential|bc1|h1|pso|r1|N20|c1,syn-explanatory_conceptual-conditional-r0,explanatory_conceptual,conditional,1,0,16561957339801224966,2026-10-01T05:41:27.511+00:00,completed,epsilon,True,True,True,False,,42.041432,47.85349300072994,46.396680001635104,1,51,0.487737317609176,0.007792650437786042,15.222544999779226,,code,2-1-1-1-2-1-1-1,0.49552996804696203,True,1,sequential,True,pso,20,1,swarm
oe3-ofat-pilot-v2,oe3,swarm|sequential|bc1|h1|pso|r1|N20|c1,syn-explanatory_conceptual-conditional-r1,explanatory_conceptual,conditional,1,0,3094637029774210609,2026-10-01T05:41:27.559+00:00,completed,epsilon,True,True,True,False,,47.15999,52.88747099984903,51.37101099899155,2,57,0.4788636419583419,1.963771524837732e-07,14.119754000075984,,text,1-1-1-1-2-0-1-1,0.4788638383354944,True,1,sequential,True,pso,20,1,swarm
oe3-ofat-pilot-v2,oe3,swarm|sequential|bc1|h1|pso|r1|N20|c1,syn-explanatory_conceptual-conditional-r2,explanatory_conceptual,conditional,1,0,3804476585378584912,2026-10-01T05:41:27.612+00:00,completed,epsilon,True,True,True,False,,42.411106,47.89233900010004,46.39527600011206,1,56,0.4825120796519577,0.007792650437786042,15.337416996893557,,diagram,1-1-2-1-2-1-1-1,0.49030473008974373,True,1,sequential,True,pso,20,1,swarm
oe3-ofat-pilot-v2,oe3,swarm|sequential|bc1|h1|pso|r1|N20|c1,syn-explanatory_conceptual-conditional-r3,explanatory_conceptual,conditional,1,0,17655201975640420228,2026-10-01T05:41:27.659+00:00,completed,epsilon,True,True,True,False,,59.163898,64.9027940016822,63.19707199872937,3,63,0.4346182283477961,1.963771524837732e-07,15.675034984248505,,text,1-1-0-1-2-0-0-1,0.4346184247249486,True,1,sequential,True,pso,20,1,swarm
oe3-ofat-pilot-v2,oe3,swarm|sequential|bc1|h1|pso|r1|N20|c1,syn-explanatory_conceptual-conditional-r4,explanatory_conceptual,conditional,1,0,12297342674909518057,2026-10-01T05:41:27.724+00:00,completed,epsilon,True,True,True,False,,52.827314,64.99452500065672,63.21556099646841,2,62,0.43714016499501035,0.02799593617279056,17.495889995890707,,text,1-1-1-1-2-2-0-1,0.4651361011678009,True,1,sequential,True,pso,20,1,swarm
oe3-ofat-pilot-v2,oe3,swarm|sequential|bc1|h1|pso|r1|N20|c1,syn-explanatory_conceptual-repetitive-r0,explanatory_conceptual,repetitive,1,0,6786978368093374640,2026-10-01T05:41:27.789+00:00,completed,epsilon,True,True,True,False,,58.057373,66.91958100054762,65.18258699725266,2,65,0.4661812521376081,0.0,16.857749997445264,,text,1-0-1-0-2-1-0-1,0.4661812521376081,True,1,sequential,True,pso,20,1,swarm
oe3-ofat-pilot-v2,oe3,swarm|sequential|bc1|h1|pso|r1|N20|c1,syn-explanatory_conceptual-repetitive-r1,explanatory_conceptual,repetitive,1,0,5950440212697171806,2026-10-01T05:41:27.856+00:00,completed,epsilon,True,True,True,False,,58.057995,64.24686300306348,62.562443999922834,2,61,0.5255407002055713,1.9637715242826204e-07,17.02466599968855,,text,1-0-1-1-2-1-1-1,0.5255408965827237,True,1,sequential,True,pso,20,1,swarm
oe3-ofat-pilot-v2,oe3,swarm|sequential|bc1|h1|pso|r1|N20|c1,syn-explanatory_conceptual-repetitive-r2,explanatory_conceptual,repetitive,1,0,6222910758705333057,2026-10-01T05:41:27.921+00:00,completed,epsilon,True,True,True,False,,45.983745,51.90440699880128,50.392701999953715,1,52,0.4707990919315041,0.021881510427353146,13.879976007528443,,text,1-1-1-1-2-1-1-1,0.49268060235885724,True,1,sequential,True,pso,20,1,swarm
oe3-ofat-pilot-v2,oe3,swarm|sequential|bc1|h1|pso|r1|N20|c1,syn-explanatory_conceptual-repetitive-r3,explanatory_conceptual,repetitive,1,0,17395909730376452467,2026-10-01T05:41:27.973+00:00,completed,epsilon,True,True,True,False,,41.803928,47.6115560013568,46.16658700251719,1,54,0.4676016009215934,0.020082362214221106,15.866064998539867,,code,2-1-1-0-2-1-1-1,0.4876839631358145,True,1,sequential,True,pso,20,1,swarm
oe3-ofat-pilot-v2,oe3,swarm|sequential|bc1|h1|pso|r1|N20|c1,syn-explanatory_conceptual-repetitive-r4,explanatory_conceptual,repetitive,1,0,2621255172561224409,2026-10-01T05:41:28.020+00:00,completed,epsilon,True,True,True,False,,42.413148,48.28707100023166,46.71877000146196,1,53,0.45405216601876935,0.02008255859137359,13.374427978062092,,text,1-1-0-1-2-1-1-1,0.47413472461014294,True,1,sequential,True,pso,20,1,swarm
oe3-ofat-pilot-v2,oe3,swarm|sequential|bc1|h1|pso|r1|N20|c1,syn-explanatory_conceptual-arrays_vectors-r0,explanatory_conceptual,arrays_vectors,1,0,10569514230950469850,2026-10-01T05:41:28.068+00:00,completed,epsilon,True,True,True,False,,40.068072,45.9341960013262,44.44408700146596,1,53,0.49778085910851905,0.027875012652007147,13.714950993562088,,text,1-1-1-1-2-1-0-1,0.5256558717605262,True,1,sequential,True,pso,20,1,swarm
oe3-ofat-pilot-v2,oe3,swarm|sequential|bc1|h1|pso|r1|N20|c1,syn-explanatory_conceptual-arrays_vectors-r1,explanatory_conceptual,arrays_vectors,1,0,6346414434741826451,2026-10-01T05:41:28.114+00:00,completed,epsilon,True,True,True,False,,53.407736,59.75386700083618,58.08498699843767,3,67,0.48198184809505246,0.00827759646681353,15.438485007590014,,text,0-2-0-1-2-0-1-1,0.490259444561866,True,1,sequential,True,pso,20,1,swarm
oe3-ofat-pilot-v2,oe3,swarm|sequential|bc1|h1|pso|r1|N20|c1,syn-explanatory_conceptual-arrays_vectors-r2,explanatory_conceptual,arrays_vectors,1,0,7456642890382495948,2026-10-01T05:41:28.174+00:00,completed,epsilon,True,True,True,False,,42.410561,48.11378399972455,46.67130400048336,1,50,0.5002467392530876,0.027875012652007203,13.414937004764084,,diagram,0-1-2-1-2-1-1-1,0.5281217519050948,True,1,sequential,True,pso,20,1,swarm
oe3-ofat-pilot-v2,oe3,swarm|sequential|bc1|h1|pso|r1|N20|c1,syn-explanatory_conceptual-arrays_vectors-r3,explanatory_conceptual,arrays_vectors,1,0,5229689892982576134,2026-10-01T05:41:28.222+00:00,completed,epsilon,True,True,True,False,,43.800052,49.65022000033059,48.159383000893285,1,53,0.4899428394838256,0.017498999281390593,13.717062993392188,,text,0-1-1-1-2-1-0-1,0.5074418387652162,True,1,sequential,True,pso,20,1,swarm
oe3-ofat-pilot-v2,oe3,swarm|sequential|bc1|h1|pso|r1|N20|c1,syn-explanatory_conceptual-arrays_vectors-r4,explanatory_conceptual,arrays_vectors,1,0,867854565777186929,2026-10-01T05:41:28.272+00:00,completed,epsilon,True,True,True,False,,44.320315,50.79496200050926,49.239020998356864,2,57,0.5143723538377136,0.0034158919247068154,14.21652600798666,,text,1-1-1-1-2-0-1-1,0.5177882457624204,True,1,sequential,True,pso,20,1,swarm
oe3-ofat-pilot-v2,oe3,swarm|sequential|bc1|h1|pso|r1|N20|c1,syn-explanatory_conceptual-functions-r0,explanatory_conceptual,functions,1,0,390018258882957971,2026-10-01T05:41:28.323+00:00,completed,epsilon,True,True,True,False,,46.397987,54.19941199943423,52.706131002196344,2,58,0.5029524330025205,0.007792650437785986,13.822105025156214,,text,1-0-1-1-2-1-1-1,0.5107450834403064,True,1,sequential,True,pso,20,1,swarm
oe3-ofat-pilot-v2,oe3,swarm|sequential|bc1|h1|pso|r1|N20|c1,syn-explanatory_conceptual-functions-r1,explanatory_conceptual,functions,1,0,11160429587351825343,2026-10-01T05:41:28.377+00:00,completed,epsilon,True,True,True,False,,60.582802,66.2851920023968,64.48389899742324,3,67,0.5005154859174724,0.012907029719290808,15.77194797408405,,code,2-2-1-0-2-0-0-1,0.5134225156367632,True,1,sequential,True,pso,20,1,swarm
oe3-ofat-pilot-v2,oe3,swarm|sequential|bc1|h1|pso|r1|N20|c1,syn-explanatory_conceptual-functions-r2,explanatory_conceptual,functions,1,0,5090813952958751476,2026-10-01T05:41:28.443+00:00,completed,epsilon,True,True,True,False,,46.699836,52.3336529986409,50.71036200024537,2,62,0.4862088786957507,1.9637715242826204e-07,14.920589999103829,,text,1-0-1-1-2-1-1-1,0.4862090750729031,True,1,sequential,True,pso,20,1,swarm
oe3-ofat-pilot-v2,oe3,swarm|sequential|bc1|h1|pso|r1|N20|c1,syn-explanatory_conceptual-functions-r3,explanatory_conceptual,functions,1,0,7362159366338916777,2026-10-01T05:41:28.496+00:00,completed,epsilon,True,True,True,False,,39.992809,45.3674950003915,43.97229999813135,1,51,0.4776949131384411,0.027875012652007147,12.67629899907017,,text,1-1-1-1-2-1-1-1,0.5055699257904482,True,1,sequential,True,pso,20,1,swarm
oe3-ofat-pilot-v2,oe3,swarm|sequential|bc1|h1|pso|r1|N20|c1,syn-explanatory_conceptual-functions-r4,explanatory_conceptual,functions,1,0,4046828528569989559,2026-10-01T05:41:28.541+00:00,completed,epsilon,True,True,True,False,,54.386559,62.336851999134524,60.57322600099724,3,66,0.49970043101958095,0.0,14.585135016813876,,text,1-0-1-0-2-0-1-1,0.49970043101958095,True,1,sequential,True,pso,20,1,swarm
oe3-ofat-pilot-v2,oe3,swarm|sequential|bc1|h1|pso|r1|N20|c1,syn-balanced_multimodal-sequential-r0,balanced_multimodal,sequential,1,0,8313710015022879933,2026-10-01T05:41:28.603+00:00,completed,epsilon,True,True,True,False,,45.468305,51.30652799925883,49.65515900039463,2,58,0.4865712744916427,0.008293843010792501,14.759007997252677,,diagram,1-0-2-1-1-1-0-1,0.4948651175024352,True,1,sequential,True,pso,20,1,swarm
oe3-ofat-pilot-v2,oe3,swarm|sequential|bc1|h1|pso|r1|N20|c1,syn-balanced_multimodal-sequential-r1,balanced_multimodal,sequential,1,0,17034292383154152654,2026-10-01T05:41:28.655+00:00,completed,epsilon,True,True,True,False,,41.160266,46.81934700056445,45.37864599842578,1,53,0.46254329609296624,0.023319774530693393,13.803377986481838,,diagram,1-1-2-1-1-1-1-1,0.48586307062365963,True,1,sequential,True,pso,20,1,swarm
oe3-ofat-pilot-v2,oe3,swarm|sequential|bc1|h1|pso|r1|N20|c1,syn-balanced_multimodal-sequential-r2,balanced_multimodal,sequential,1,0,17948066834823550806,2026-10-01T05:41:28.701+00:00,completed,epsilon,True,True,True,False,,38.698012,44.58873899784521,43.158116000995506,1,49,0.4994689164392216,0.02008255859137359,12.678501989322655,,code,2-1-1-1-1-1-1-1,0.5195514750305952,True,1,sequential,True,pso,20,1,swarm
oe3-ofat-pilot-v2,oe3,swarm|sequential|bc1|h1|pso|r1|N20|c1,syn-balanced_multimodal-sequential-r3,balanced_multimodal,sequential,1,0,16502357028709200888,2026-10-01T05:41:28.746+00:00,completed,epsilon,True,True,True,False,,53.459948,59.4923309981823,57.66022200259613,3,63,0.5055952816994697,0.0,14.087415001425168,,text,1-0-1-0-2-1-1-1,0.5055952816994697,True,1,sequential,True,pso,20,1,swarm
oe3-ofat-pilot-v2,oe3,swarm|sequential|bc1|h1|pso|r1|N20|c1,syn-balanced_multimodal-sequential-r4,balanced_multimodal,sequential,1,0,8817791777023713523,2026-10-01T05:41:28.806+00:00,completed,epsilon,True,True,True,False,,52.386861,61.314606999076204,59.54958299844293,3,62,0.5064313832719637,1.9637715242826204e-07,14.134932005905265,,code,2-0-2-1-2-1-2-1,0.5064315796491161,True,1,sequential,True,pso,20,1,swarm
oe3-ofat-pilot-v2,oe3,swarm|sequential|bc1|h1|pso|r1|N20|c1,syn-balanced_multimodal-conditional-r0,balanced_multimodal,conditional,1,0,6807183157127120355,2026-10-01T05:41:28.867+00:00,completed,epsilon,True,True,True,False,,40.48633,50.71838500225567,49.123994998808485,1,50,0.48780522303376883,0.003654523026150769,13.838702999444255,,code,2-1-1-0-1-1-1-1,0.4914597460599196,True,1,sequential,True,pso,20,1,swarm
oe3-ofat-pilot-v2,oe3,swarm|sequential|bc1|h1|pso|r1|N20|c1,syn-balanced_multimodal-conditional-r1,balanced_multimodal,conditional,1,0,4678364357267402099,2026-10-01T05:41:28.918+00:00,completed,epsilon,True,True,True,False,,36.861241,42.68188399873907,41.292530000646366,1,49,0.49101688093417845,0.007792650437786042,12.98321601414453,,code,2-1-2-1-2-1-2-1,0.4988095313719645,True,1,sequential,True,pso,20,1,swarm
oe3-ofat-pilot-v2,oe3,swarm|sequential|bc1|h1|pso|r1|N20|c1,syn-balanced_multimodal-conditional-r2,balanced_multimodal,conditional,1,0,2073738674720842464,2026-10-01T05:41:28.960+00:00,completed,epsilon,True,True,True,False,,43.391136,53.29634300142061,51.62839799959329,1,51,0.4946714052827956,0.004709878390655009,14.019759996612231,,code,0-1-0-1-0-1-0-0,0.4993812836734506,True,1,sequential,True,pso,20,1,swarm
oe3-ofat-pilot-v2,oe3,swarm|sequential|bc1|h1|pso|r1|N20|c1,syn-balanced_multimodal-conditional-r3,balanced_multimodal,conditional,1,0,1284693550691140380,2026-10-01T05:41:29.014+00:00,completed,epsilon,True,True,True,False,,45.847882,51.708817001781426,50.16931400314206,1,58,0.4637423303052723,0.007792650437786042,15.640113988506613,,text,1-1-1-1-2-1-1-1,0.47153498074305833,True,1,sequential,True,pso,20,1,swarm
oe3-ofat-pilot-v2,oe3,swarm|sequential|bc1|h1|pso|r1|N20|c1,syn-balanced_multimodal-conditional-r4,balanced_multimodal,conditional,1,0,5974251366865820635,2026-10-01T05:41:29.065+00:00,completed,epsilon,True,True,True,False,,48.817336,54.495252999913646,52.93816600169521,2,57,0.4958057468423476,0.001206155311335555,14.351268997319833,,code,1-1-1-1-1-0-1-1,0.4970119021536832,True,1,sequential,True,pso,20,1,swarm
oe3-ofat-pilot-v2,oe3,swarm|sequential|bc1|h1|pso|r1|N20|c1,syn-balanced_multimodal-repetitive-r0,balanced_multimodal,repetitive,1,0,7710084901704534217,2026-10-01T05:41:29.120+00:00,completed,epsilon,True,True,True,False,,47.216312,53.548232001048746,52.030259001185186,1,53,0.5383161833171735,0.020082558591373534,14.457460000077294,,code,2-1-1-1-1-1-2-1,0.558398741908547,True,1,sequential,True,pso,20,1,swarm
oe3-ofat-pilot-v2,oe3,swarm|sequential|bc1|h1|pso|r1|N20|c1,syn-balanced_multimodal-repetitive-r1,balanced_multimodal,repetitive,1,0,6042849434585660190,2026-10-01T05:41:29.173+00:00,completed,epsilon,True,True,True,False,,43.596743,49.79538000043249,48.22400900229695,1,56,0.5099655888622538,0.020082558591373645,14.78432899321218,,code,2-1-2-1-2-1-1-1,0.5300481474536275,True,1,sequential,True,pso,20,1,swarm
oe3-ofat-pilot-v2,oe3,swarm|sequential|bc1|h1|pso|r1|N20|c1,syn-balanced_multimodal-repetitive-r2,balanced_multimodal,repetitive,1,0,4091229752520203628,2026-10-01T05:41:29.223+00:00,completed,epsilon,True,True,True,False,,45.108342,50.6820560003689,49.02559299807763,1,59,0.48695008664679024,0.02008255859137359,15.772181999231746,,code,2-1-2-1-1-1-2-1,0.5070326452381638,True,1,sequential,True,pso,20,1,swarm
oe3-ofat-pilot-v2,oe3,swarm|sequential|bc1|h1|pso|r1|N20|c1,syn-balanced_multimodal-repetitive-r3,balanced_multimodal,repetitive,1,0,18293002212130046117,2026-10-01T05:41:29.274+00:00,completed,epsilon,True,True,True,False,,45.393191,50.954792997799814,49.415020999731496,1,56,0.498403614745411,0.02008255859137359,15.418775994180908,,diagram,1-1-2-1-2-1-1-1,0.5184861733367846,True,1,sequential,True,pso,20,1,swarm
oe3-ofat-pilot-v2,oe3,swarm|sequential|bc1|h1|pso|r1|N20|c1,syn-balanced_multimodal-repetitive-r4,balanced_multimodal,repetitive,1,0,17369906960138739270,2026-10-01T05:41:29.325+00:00,completed,epsilon,True,True,True,False,,57.388133,63.07668299996294,61.4652020012727,2,60,0.5555295985433403,0.0,15.079795993016674,,code,2-0-1-0-1-1-2-1,0.5555295985433403,True,1,sequential,True,pso,20,1,swarm
oe3-ofat-pilot-v2,oe3,swarm|sequential|bc1|h1|pso|r1|N20|c1,syn-balanced_multimodal-arrays_vectors-r0,balanced_multimodal,arrays_vectors,1,0,379503498259880790,2026-10-01T05:41:29.388+00:00,completed,epsilon,True,True,True,False,,39.069459,47.44434399981401,45.73695100043551,1,53,0.5013728951361804,0.027874816274854664,14.240329995147905,,code,2-1-1-0-2-1-1-1,0.5292477114110351,True,1,sequential,True,pso,20,1,swarm
oe3-ofat-pilot-v2,oe3,swarm|sequential|bc1|h1|pso|r1|N20|c1,syn-balanced_multimodal-arrays_vectors-r1,balanced_multimodal,arrays_vectors,1,0,5564201871696204878,2026-10-01T05:41:29.435+00:00,completed,epsilon,True,True,True,False,,42.104028,50.85654600043199,49.29121800159919,1,53,0.5096113554103618,0.01001427809161104,13.342978993817622,,code,1-0-1-2-1-1-1-1,0.5196256335019729,True,1,sequential,True,pso,20,1,swarm
oe3-ofat-pilot-v2,oe3,swarm|sequential|bc1|h1|pso|r1|N20|c1,syn-balanced_multimodal-arrays_vectors-r2,balanced_multimodal,arrays_vectors,1,0,17388681570381543666,2026-10-01T05:41:29.486+00:00,completed,epsilon,True,True,True,False,,54.353122,63.609296001231996,61.89454699779162,2,65,0.5407905216435444,0.007792650437785986,16.404171989908672,,text,1-0-1-1-2-1-1-1,0.5485831720813303,True,1,sequential,True,pso,20,1,swarm
oe3-ofat-pilot-v2,oe3,swarm|sequential|bc1|h1|pso|r1|N20|c1,syn-balanced_multimodal-arrays_vectors-r3,balanced_multimodal,arrays_vectors,1,0,17553891701874167660,2026-10-01T05:41:29.550+00:00,completed,epsilon,True,True,True,False,,51.507283,57.359400001587346,55.82129400136182,2,57,0.5326887851156756,0.019041613531884827,14.730679996607801,,code,1-0-1-1-1-0-1-1,0.5517303986475605,True,1,sequential,True,pso,20,1,swarm
oe3-ofat-pilot-v2,oe3,swarm|sequential|bc1|h1|pso|r1|N20|c1,syn-balanced_multimodal-arrays_vectors-r4,balanced_multimodal,arrays_vectors,1,0,15382256458381187390,2026-10-01T05:41:29.607+00:00,completed,epsilon,True,True,True,False,,78.493317,89.09810200202628,86.57461599796079,1,53,0.5118957914736844,0.014696521701211163,30.708753002012838,,code,2-1-1-0-1-1-1-1,0.5265923131748955,True,1,sequential,True,pso,20,1,swarm
oe3-ofat-pilot-v2,oe3,swarm|sequential|bc1|h1|pso|r1|N20|c1,syn-balanced_multimodal-functions-r0,balanced_multimodal,functions,1,0,7719418254047656559,2026-10-01T05:41:29.696+00:00,completed,epsilon,True,True,True,False,,38.053419,45.05725600029109,43.50802100088913,1,46,0.5031061710751976,0.027874816274854664,13.341941002360084,,code,2-1-2-0-1-1-1-1,0.5309809873500523,True,1,sequential,True,pso,20,1,swarm
oe3-ofat-pilot-v2,oe3,swarm|sequential|bc1|h1|pso|r1|N20|c1,syn-balanced_multimodal-functions-r1,balanced_multimodal,functions,1,0,3230558624107485757,2026-10-01T05:41:29.741+00:00,completed,epsilon,True,True,True,False,,39.671932,45.75178799859714,44.384802000422496,1,49,0.4917724457549157,0.02008255859137359,13.550982994869013,,code,2-1-1-1-1-1-2-1,0.5118550043462893,True,1,sequential,True,pso,20,1,swarm
oe3-ofat-pilot-v2,oe3,swarm|sequential|bc1|h1|pso|r1|N20|c1,syn-balanced_multimodal-functions-r2,balanced_multimodal,functions,1,0,4758260729385850854,2026-10-01T05:41:29.787+00:00,completed,epsilon,True,True,True,False,,78.408018,87.76229100112687,85.633497001254,5,77,0.5152288157391723,0.002958709305854179,16.56050401705371,,code,2-2-1-0-1-0-1-1,0.5181875250450265,True,1,sequential,True,pso,20,1,swarm
oe3-ofat-pilot-v2,oe3,swarm|sequential|bc1|h1|pso|r1|N20|c1,syn-balanced_multimodal-functions-r3,balanced_multimodal,functions,1,0,17412235304818197162,2026-10-01T05:41:29.875+00:00,completed,epsilon,True,True,True,False,,39.340189,45.59685099957278,43.970067003101576,1,50,0.489537761565406,0.027875012652007147,13.295428997613792,,diagram,1-1-2-1-2-1-1-1,0.5174127742174132,True,1,sequential,True,pso,20,1,swarm
oe3-ofat-pilot-v2,oe3,swarm|sequential|bc1|h1|pso|r1|N20|c1,syn-balanced_multimodal-functions-r4,balanced_multimodal,functions,1,0,10538569118723935937,2026-10-01T05:41:29.921+00:00,completed,epsilon,True,True,True,False,,69.055538,78.46649400016759,76.54524900135584,4,71,0.4888026404476579,0.014907226096443404,17.6076770030095,,diagram,1-2-2-1-1-0-1-1,0.5037098665441013,True,1,sequential,True,pso,20,1,swarm
oe3-ofat-pilot-v2,oe3,swarm|sequential|bc1|h1|pso|r1|N20|c1,syn-visual_dominant-sequential-r0,visual_dominant,sequential,2,0,933970462017344115,2026-10-01T05:41:29.999+00:00,completed,epsilon,True,True,True,False,,34.367029,40.832200000295416,39.46737200021744,1,47,0.45572350868757355,0.02008255859137359,12.930606998542196,,diagram,1-1-2-1-1-1-0-1,0.47580606727894714,True,1,sequential,True,pso,20,1,swarm
oe3-ofat-pilot-v2,oe3,swarm|sequential|bc1|h1|pso|r1|N20|c1,syn-visual_dominant-sequential-r1,visual_dominant,sequential,2,0,15218885005855845146,2026-10-01T05:41:30.040+00:00,completed,epsilon,True,True,True,False,,41.094665,49.93587699937052,48.49078999905032,1,51,0.4487852286224354,0.020082362214221106,14.204797994726793,,diagram,1-1-2-0-0-1-1-1,0.4688675908366565,True,1,sequential,True,pso,20,1,swarm
oe3-ofat-pilot-v2,oe3,swarm|sequential|bc1|h1|pso|r1|N20|c1,syn-visual_dominant-sequential-r2,visual_dominant,sequential,2,0,7545626482412980018,2026-10-01T05:41:30.090+00:00,completed,epsilon,True,True,True,False,,62.601686,69.01009399734903,67.15261399949668,4,73,0.46849588841198675,1.9637715242826204e-07,17.016280986894277,,diagram,1-0-2-1-0-1-0-1,0.4684960847891392,True,1,sequential,True,pso,20,1,swarm
oe3-ofat-pilot-v2,oe3,swarm|sequential|bc1|h1|pso|r1|N20|c1,syn-visual_dominant-sequential-r3,visual_dominant,sequential,2,0,13538790792892562212,2026-10-01T05:41:30.159+00:00,completed,epsilon,True,True,True,False,,44.817362,50.514794998889556,48.960059000819456,2,58,0.49689284274488765,1.9637715242826204e-07,13.828553998210982,,diagram,1-0-2-1-0-1-1-1,0.4968930391220401,True,1,sequential,True,pso,20,1,swarm
oe3-ofat-pilot-v2,oe3,swarm|sequential|bc1|h1|pso|r1|N20|c1,syn-visual_dominant-sequential-r4,visual_dominant,sequential,2,0,7393655945380185391,2026-10-01T05:41:30.209+00:00,completed,epsilon,True,True,True,False,,40.832315,46.73705700042774,45.09066099853953,1,57,0.44620035377287093,0.0077905977223554634,15.081149998558935,,diagram,1-0-2-1-1-1-1-1,0.4539909514952264,True,1,sequential,True,pso,20,1,swarm
oe3-ofat-pilot-v2,oe3,swarm|sequential|bc1|h1|pso|r1|N20|c1,syn-visual_dominant-conditional-r0,visual_dominant,conditional,2,0,17253185604956212818,2026-10-01T05:41:30.256+00:00,completed,epsilon,True,True,True,False,,44.571881,50.31329399935203,48.757279000710696,1,56,0.4683786250362893,0.007792650437786042,16.281056004421806,,diagram,1-1-2-1-0-1-0-1,0.47617127547407534,True,1,sequential,True,pso,20,1,swarm
oe3-ofat-pilot-v2,oe3,swarm|sequential|bc1|h1|pso|r1|N20|c1,syn-visual_dominant-conditional-r1,visual_dominant,conditional,2,0,3235172617710283348,2026-10-01T05:41:30.306+00:00,completed,epsilon,True,True,True,False,,63.913785,73.44231800016132,71.6756269976031,4,68,0.43713140449865545,3.436600168327253e-07,14.925125995642205,,diagram,1-1-2-2-0-0-0-1,0.4371317481586723,True,1,sequential,True,pso,20,1,swarm
oe3-ofat-pilot-v2,oe3,swarm|sequential|bc1|h1|pso|r1|N20|c1,syn-visual_dominant-conditional-r2,visual_dominant,conditional,2,0,16949393807535874105,2026-10-01T05:41:30.380+00:00,completed,epsilon,True,True,True,False,,55.895912,65.64225600232021,63.77051899835351,3,66,0.4669158360283403,0.008847613047985314,17.141428000626153,,code,2-1-2-0-1-1-1-0,0.4757634490763256,True,1,sequential,True,pso,20,1,swarm
oe3-ofat-pilot-v2,oe3,swarm|sequential|bc1|h1|pso|r1|N20|c1,syn-visual_dominant-conditional-r3,visual_dominant,conditional,2,0,6814480715556192419,2026-10-01T05:41:30.446+00:00,completed,epsilon,True,True,True,False,,53.395032,59.39168400072958,57.6472120010294,2,65,0.4537572043126114,0.0036547194033032526,15.375389990832069,,diagram,1-1-2-1-0-1-1-1,0.45741192371591466,True,1,sequential,True,pso,20,1,swarm
oe3-ofat-pilot-v2,oe3,swarm|sequential|bc1|h1|pso|r1|N20|c1,syn-visual_dominant-conditional-r4,visual_dominant,conditional,2,0,9372143264887450917,2026-10-01T05:41:30.505+00:00,completed,epsilon,True,True,True,False,,60.985255,66.72662699929788,64.92048200016143,3,69,0.4486569413932807,0.0,15.952024006074996,,diagram,1-1-2-0-1-0-0-1,0.4486569413932807,True,1,sequential,True,pso,20,1,swarm
oe3-ofat-pilot-v2,oe3,swarm|sequential|bc1|h1|pso|r1|N20|c1,syn-visual_dominant-repetitive-r0,visual_dominant,repetitive,2,0,17432386358067490306,2026-10-01T05:41:30.572+00:00,completed,epsilon,True,True,True,False,,44.741547,50.50996900172322,48.836459001904586,1,58,0.46998170127395994,0.02008255859137359,14.946402982714172,,diagram,1-1-2-1-1-1-0-1,0.49006425986533353,True,1,sequential,True,pso,20,1,swarm
oe3-ofat-pilot-v2,oe3,swarm|sequential|bc1|h1|pso|r1|N20|c1,syn-visual_dominant-repetitive-r1,visual_dominant,repetitive,2,0,4534189775785306943,2026-10-01T05:41:30.622+00:00,completed,epsilon,True,True,True,False,,50.787323,56.89218100087601,55.13364999933401,2,63,0.47132853097575106,0.02008255859137359,16.760305987550968,,code,2-1-2-1-1-1-1-1,0.49141108956712465,True,1,sequential,True,pso,20,1,swarm
oe3-ofat-pilot-v2,oe3,swarm|sequential|bc1|h1|pso|r1|N20|c1,syn-visual_dominant-repetitive-r2,visual_dominant,repetitive,2,0,14890725539570871282,2026-10-01T05:41:30.679+00:00,completed,epsilon,True,True,True,False,,48.092047,53.97322400312987,52.27814500176464,1,59,0.497368651601852,0.02008255859137359,15.336711011754865,,code,2-1-2-1-1-1-0-1,0.5174512101932256,True,1,sequential,True,pso,20,1,swarm
oe3-ofat-pilot-v2,oe3,swarm|sequential|bc1|h1|pso|r1|N20|c1,syn-visual_dominant-repetitive-r3,visual_dominant,repetitive,2,0,11175944323486150873,2026-10-01T05:41:30.733+00:00,completed,epsilon,True,True,True,False,,54.147773,65.27792099950602,63.5254030021315,1,59,0.48131196792957526,0.024018140830402046,16.635944995481406,,diagram,1-2-2-0-0-1-0-1,0.5053301087599773,True,1,sequential,True,pso,20,1,swarm
oe3-ofat-pilot-v2,oe3,swarm|sequential|bc1|h1|pso|r1|N20|c1,syn-visual_dominant-repetitive-r4,visual_dominant,repetitive,2,0,6321021491439439287,2026-10-01T05:41:30.798+00:00,completed,epsilon,True,True,True,False,,59.575007,65.93706300191116,63.84611099929316,3,67,0.46760730899554137,1.9637715242826204e-07,15.937712993707178,,diagram,1-0-2-1-0-1-0-1,0.4676075053726938,True,1,sequential,True,pso,20,1,swarm
oe3-ofat-pilot-v2,oe3,swarm|sequential|bc1|h1|pso|r1|N20|c1,syn-visual_dominant-arrays_vectors-r0,visual_dominant,arrays_vectors,2,0,15952936129579093559,2026-10-01T05:41:30.864+00:00,completed,epsilon,True,True,True,False,,50.783104,60.412130998884095,58.680877002188936,2,63,0.4727635718000115,0.016171204383530813,16.153613016929476,,diagram,1-0-2-0-0-1-0-2,0.4889347761835423,True,1,sequential,True,pso,20,1,swarm
oe3-ofat-pilot-v2,oe3,swarm|sequential|bc1|h1|pso|r1|N20|c1,syn-visual_dominant-arrays_vectors-r1,visual_dominant,arrays_vectors,2,0,4150365637679857595,2026-10-01T05:41:30.925+00:00,completed,epsilon,True,True,True,False,,50.260441,59.06710599811049,57.38979599846061,2,59,0.44540015262768173,0.007792454060633558,14.743733019952963,,diagram,1-0-2-0-0-1-0-1,0.4531926066883153,True,1,sequential,True,pso,20,1,swarm
oe3-ofat-pilot-v2,oe3,swarm|sequential|bc1|h1|pso|r1|N20|c1,syn-visual_dominant-arrays_vectors-r2,visual_dominant,arrays_vectors,2,0,9121830484626340551,2026-10-01T05:41:30.984+00:00,completed,epsilon,True,True,True,False,,43.392605,49.58530099975178,48.05706600018311,1,54,0.4939594688494195,0.027875012652007147,16.315501009412028,,diagram,1-1-2-1-1-1-1-1,0.5218344815014266,True,1,sequential,True,pso,20,1,swarm
oe3-ofat-pilot-v2,oe3,swarm|sequential|bc1|h1|pso|r1|N20|c1,syn-visual_dominant-arrays_vectors-r3,visual_dominant,arrays_vectors,2,0,8306973448203974922,2026-10-01T05:41:31.034+00:00,completed,epsilon,True,True,True,False,,47.40562,53.507235999859404,51.869793998776004,1,58,0.5104383568030326,0.017498999281390648,15.823617990710334,,diagram,0-1-2-1-1-1-0-1,0.5279373560844233,True,1,sequential,True,pso,20,1,swarm
oe3-ofat-pilot-v2,oe3,swarm|sequential|bc1|h1|pso|r1|N20|c1,syn-visual_dominant-arrays_vectors-r4,visual_dominant,arrays_vectors,2,0,6090714346369449132,2026-10-01T05:41:31.087+00:00,completed,epsilon,True,True,True,False,,47.79845,53.67689700142364,51.97435099762515,2,61,0.49416530121267593,0.003415891924706871,15.39122400211516,,diagram,1-1-2-1-1-0-0-1,0.4975811931373828,True,1,sequential,True,pso,20,1,swarm
oe3-ofat-pilot-v2,oe3,swarm|sequential|bc1|h1|pso|r1|N20|c1,syn-visual_dominant-functions-r0,visual_dominant,functions,2,0,1938275832337831069,2026-10-01T05:41:31.141+00:00,completed,epsilon,True,True,True,False,,48.171791,53.840474000026006,52.16487800134928,2,62,0.4977881257361313,1.9637715242826204e-07,15.417404012476092,,diagram,1-0-2-1-1-1-0-1,0.4977883221132837,True,1,sequential,True,pso,20,1,swarm
oe3-ofat-pilot-v2,oe3,swarm|sequential|bc1|h1|pso|r1|N20|c1,syn-visual_dominant-functions-r1,visual_dominant,functions,2,0,18320065843555622638,2026-10-01T05:41:31.195+00:00,completed,epsilon,True,True,True,False,,41.468034,47.42533900207491,45.748827997158514,1,56,0.4740233528279633,0.027875012652007147,14.603874977264407,,code,2-1-2-1-1-1-0-1,0.5018983654799705,True,1,sequential,True,pso,20,1,swarm
oe3-ofat-pilot-v2,oe3,swarm|sequential|bc1|h1|pso|r1|N20|c1,syn-visual_dominant-functions-r2,visual_dominant,functions,2,0,2018128801505319285,2026-10-01T05:41:31.242+00:00,completed,epsilon,True,True,True,False,,45.884254,55.06310499913525,53.21573999754037,2,60,0.4612015381927306,0.01017466893107688,15.001304001189606,,diagram,1-2-2-0-1-0-1-2,0.47137620712380746,True,1,sequential,True,pso,20,1,swarm
oe3-ofat-pilot-v2,oe3,swarm|sequential|bc1|h1|pso|r1|N20|c1,syn-visual_dominant-functions-r3,visual_dominant,functions,2,0,11458603809094557690,2026-10-01T05:41:31.297+00:00,completed,epsilon,True,True,True,False,,65.213812,72.09826400139718,70.2730849989166,4,70,0.46752807932785406,0.012907029719290863,15.419896005511735,,diagram,1-2-2-0-0-0-1-1,0.4804351090471449,True,1,sequential,True,pso,20,1,swarm
oe3-ofat-pilot-v2,oe3,swarm|sequential|bc1|h1|pso|r1|N20|c1,syn-visual_dominant-functions-r4,visual_dominant,functions,2,0,3571204151565300957,2026-10-01T05:41:31.369+00:00,completed,epsilon,True,True,True,False,,59.72485,67.81259299896192,66.09400099841878,4,65,0.5026284426457682,0.0,16.02351000386021,,code,2-0-2-0-1-1-1-1,0.5026284426457682,True,1,sequential,True,pso,20,1,swarm
oe3-ofat-pilot-v2,oe3,swarm|sequential|bc1|h1|pso|r1|N20|c1,syn-logical_syntactic-sequential-r0,logical_syntactic,sequential,2,0,6703238505377356793,2026-10-01T05:41:31.437+00:00,completed,epsilon,True,True,True,False,,45.497626,51.54194699935033,49.98995399728301,1,53,0.4761348237523099,0.02008255859137359,14.905601000770073,,code,2-1-1-1-0-1-0-1,0.4962173823436835,True,1,sequential,True,pso,20,1,swarm
oe3-ofat-pilot-v2,oe3,swarm|sequential|bc1|h1|pso|r1|N20|c1,syn-logical_syntactic-sequential-r1,logical_syntactic,sequential,2,0,2732344214726962996,2026-10-01T05:41:31.489+00:00,completed,epsilon,True,True,True,False,,50.499444,58.4943999965617,56.82187599813915,2,61,0.4624638032272476,0.02008255859137359,14.185584007655102,,code,2-1-1-1-1-1-0-1,0.4825463618186212,True,1,sequential,True,pso,20,1,swarm
oe3-ofat-pilot-v2,oe3,swarm|sequential|bc1|h1|pso|r1|N20|c1,syn-logical_syntactic-sequential-r2,logical_syntactic,sequential,2,0,9866697793834971187,2026-10-01T05:41:31.547+00:00,completed,epsilon,True,True,True,False,,36.921046,42.2665930018411,40.97211500265985,1,47,0.5052479809084092,0.0034158919247069264,12.463455995205866,,code,2-1-0-1-1-1-1-1,0.5086638728331161,True,1,sequential,True,pso,20,1,swarm
oe3-ofat-pilot-v2,oe3,swarm|sequential|bc1|h1|pso|r1|N20|c1,syn-logical_syntactic-sequential-r3,logical_syntactic,sequential,2,0,10397115182704620962,2026-10-01T05:41:31.589+00:00,completed,epsilon,True,True,True,False,,44.038041,50.00694100090186,48.43059799895855,1,56,0.47454039043400664,1.9637715242826204e-07,16.628003010509264,,code,2-0-1-1-1-1-0-1,0.47454058681115907,True,1,sequential,True,pso,20,1,swarm
oe3-ofat-pilot-v2,oe3,swarm|sequential|bc1|h1|pso|r1|N20|c1,syn-logical_syntactic-sequential-r4,logical_syntactic,sequential,2,0,15306839444144451490,2026-10-01T05:41:31.639+00:00,completed,epsilon,True,True,True,False,,50.175275,62.3556250029651,60.60016899937182,2,61,0.4729105214541622,0.0234772615577023,16.617556011631017,,code,2-2-1-0-1-1-0-1,0.4963877830118645,True,1,sequential,True,pso,20,1,swarm
oe3-ofat-pilot-v2,oe3,swarm|sequential|bc1|h1|pso|r1|N20|c1,syn-logical_syntactic-conditional-r0,logical_syntactic,conditional,2,0,12735488349665473455,2026-10-01T05:41:31.702+00:00,completed,epsilon,True,True,True,False,,44.753986,50.765025000146125,49.01181899913354,1,58,0.4552124341978106,0.0036547194033032526,16.11631198579454,,code,2-1-1-1-0-1-0-1,0.45886715360111385,True,1,sequential,True,pso,20,1,swarm
oe3-ofat-pilot-v2,oe3,swarm|sequential|bc1|h1|pso|r1|N20|c1,syn-logical_syntactic-conditional-r1,logical_syntactic,conditional,2,0,11399479585009898413,2026-10-01T05:41:31.753+00:00,completed,epsilon,True,True,True,False,,58.486293,64.94194799961406,63.07125700186589,3,66,0.45182455796811893,0.0,15.733022998030012,,code,2-1-1-0-0-0-0-1,0.45182455796811893,True,1,sequential,True,pso,20,1,swarm
oe3-ofat-pilot-v2,oe3,swarm|sequential|bc1|h1|pso|r1|N20|c1,syn-logical_syntactic-conditional-r2,logical_syntactic,conditional,2,0,3681324614498174940,2026-10-01T05:41:31.817+00:00,completed,epsilon,True,True,True,False,,37.395268,43.22288700132049,41.92389699892374,1,45,0.4631068467146388,0.0036547194033032526,11.8330709934539,,code,2-1-1-1-0-1-1-1,0.46676156611794206,True,1,sequential,True,pso,20,1,swarm
oe3-ofat-pilot-v2,oe3,swarm|sequential|bc1|h1|pso|r1|N20|c1,syn-logical_syntactic-conditional-r3,logical_syntactic,conditional,2,0,1495775939040843714,2026-10-01T05:41:31.861+00:00,completed,epsilon,True,True,True,False,,41.113187,47.427900000911904,45.884323997597676,1,51,0.4614734643861827,0.007792650437786042,14.53876699958909,,code,2-1-1-1-0-1-0-1,0.46926611482396874,True,1,sequential,True,pso,20,1,swarm
oe3-ofat-pilot-v2,oe3,swarm|sequential|bc1|h1|pso|r1|N20|c1,syn-logical_syntactic-conditional-r4,logical_syntactic,conditional,2,0,11016568118539380630,2026-10-01T05:41:31.908+00:00,completed,epsilon,True,True,True,False,,48.515347,54.5717480017629,52.85270900276373,2,57,0.48758909673270007,1.963771524837732e-07,16.05086601191043,,code,2-1-1-1-1-0-1-1,0.48758929310985255,True,1,sequential,True,pso,20,1,swarm
oe3-ofat-pilot-v2,oe3,swarm|sequential|bc1|h1|pso|r1|N20|c1,syn-logical_syntactic-repetitive-r0,logical_syntactic,repetitive,2,0,8669339458277283579,2026-10-01T05:41:31.963+00:00,completed,epsilon,True,True,True,False,,41.825171,47.490232002019184,46.068185998592526,1,50,0.45068774937313677,0.02008255859137359,14.467181006384543,,code,2-1-2-1-0-1-1-1,0.47077030796451036,True,1,sequential,True,pso,20,1,swarm
oe3-ofat-pilot-v2,oe3,swarm|sequential|bc1|h1|pso|r1|N20|c1,syn-logical_syntactic-repetitive-r1,logical_syntactic,repetitive,2,0,7087564763739291896,2026-10-01T05:41:32.010+00:00,completed,epsilon,True,True,True,False,,37.70741,43.15132699775859,41.745415997866075,1,48,0.46854772531455674,0.02008255859137359,11.991991004706417,,code,2-1-1-1-0-1-0-1,0.48863028390593033,True,1,sequential,True,pso,20,1,swarm
oe3-ofat-pilot-v2,oe3,swarm|sequential|bc1|h1|pso|r1|N20|c1,syn-logical_syntactic-repetitive-r2,logical_syntactic,repetitive,2,0,17774420465350218166,2026-10-01T05:41:32.053+00:00,completed,epsilon,True,True,True,False,,46.820947,52.30399400170427,50.87909799840418,1,51,0.48860682289608054,0.02008255859137359,14.349359991596982,,code,2-1-1-1-1-1-1-1,0.5086893814874541,True,1,sequential,True,pso,20,1,swarm
oe3-ofat-pilot-v2,oe3,swarm|sequential|bc1|h1|pso|r1|N20|c1,syn-logical_syntactic-repetitive-r3,logical_syntactic,repetitive,2,0,11177538339330417699,2026-10-01T05:41:32.106+00:00,completed,epsilon,True,True,True,False,,60.941883,66.89838500096812,65.0097600009758,3,69,0.48029503237703386,0.0018731162351965924,17.477707996152088,,code,2-0-0-0-1-1-0-1,0.48216814861223045,True,1,sequential,True,pso,20,1,swarm
oe3-ofat-pilot-v2,oe3,swarm|sequential|bc1|h1|pso|r1|N20|c1,syn-logical_syntactic-repetitive-r4,logical_syntactic,repetitive,2,0,5975297501444787526,2026-10-01T05:41:32.173+00:00,completed,epsilon,True,True,True,False,,62.535721,72.07323100010399,70.1393220006139,4,71,0.4271906688368101,0.01720788959938324,16.747246991552537,,code,2-0-0-2-1-0-0-1,0.44439855843619336,True,1,sequential,True,pso,20,1,swarm
oe3-ofat-pilot-v2,oe3,swarm|sequential|bc1|h1|pso|r1|N20|c1,syn-logical_syntactic-arrays_vectors-r0,logical_syntactic,arrays_vectors,2,0,12465654442624101670,2026-10-01T05:41:32.245+00:00,completed,epsilon,True,True,True,False,,42.107324,47.88245100280619,46.32829399997718,1,56,0.4778259832526858,0.027875012652007147,15.691597999196171,,code,2-1-1-1-0-1-1-1,0.505700995904693,True,1,sequential,True,pso,20,1,swarm
oe3-ofat-pilot-v2,oe3,swarm|sequential|bc1|h1|pso|r1|N20|c1,syn-logical_syntactic-arrays_vectors-r1,logical_syntactic,arrays_vectors,2,0,686629181118521670,2026-10-01T05:41:32.293+00:00,completed,epsilon,True,True,True,False,,50.857222,58.89836300048046,57.415186001890106,3,56,0.4829892268644973,0.0010555026473685336,13.296531991987711,,code,2-0-1-2-1-0-1-0,0.48404472951186583,True,1,sequential,True,pso,20,1,swarm
oe3-ofat-pilot-v2,oe3,swarm|sequential|bc1|h1|pso|r1|N20|c1,syn-logical_syntactic-arrays_vectors-r2,logical_syntactic,arrays_vectors,2,0,16460370737839111721,2026-10-01T05:41:32.352+00:00,completed,epsilon,True,True,True,False,,54.558852,63.13621899971622,60.69199299963657,1,61,0.49083069767651405,0.027875012652007147,17.825104011976713,,code,2-1-1-1-0-1-0-1,0.5187057103285212,True,1,sequential,True,pso,20,1,swarm
oe3-ofat-pilot-v2,oe3,swarm|sequential|bc1|h1|pso|r1|N20|c1,syn-logical_syntactic-arrays_vectors-r3,logical_syntactic,arrays_vectors,2,0,4892650009174421881,2026-10-01T05:41:32.415+00:00,completed,epsilon,True,True,True,False,,49.39689,59.24056399817346,57.768288999795914,1,51,0.510410675757111,0.017498999281390648,17.636328000674474,,code,2-1-1-1-1-1-1-1,0.5279096750385016,True,1,sequential,True,pso,20,1,swarm
oe3-ofat-pilot-v2,oe3,swarm|sequential|bc1|h1|pso|r1|N20|c1,syn-logical_syntactic-arrays_vectors-r4,logical_syntactic,arrays_vectors,2,0,2417416973143296410,2026-10-01T05:41:32.474+00:00,completed,epsilon,True,True,True,False,,48.992928,56.3263360018027,54.580935000558384,3,61,0.46708730888128713,1.9637715242826204e-07,12.944986000499613,,code,2-0-1-1-0-0-1-1,0.46708750525843956,True,1,sequential,True,pso,20,1,swarm
oe3-ofat-pilot-v2,oe3,swarm|sequential|bc1|h1|pso|r1|N20|c1,syn-logical_syntactic-functions-r0,logical_syntactic,functions,2,0,15429747080000417372,2026-10-01T05:41:32.530+00:00,completed,epsilon,True,True,True,False,,38.5965,45.86279800059856,44.15258200242533,1,54,0.515574695902924,1.9637715242826204e-07,13.917912983385108,,code,2-0-1-1-1-0-0-1,0.5155748922800765,True,1,sequential,True,pso,20,1,swarm
oe3-ofat-pilot-v2,oe3,swarm|sequential|bc1|h1|pso|r1|N20|c1,syn-logical_syntactic-functions-r1,logical_syntactic,functions,2,0,294230652380773904,2026-10-01T05:41:32.576+00:00,completed,epsilon,True,True,True,False,,47.821012,53.864210000028834,52.24943999928655,2,59,0.4776444942622855,0.0175905906700351,13.846316004720656,,code,2-0-2-0-1-1-0-1,0.4952350849323206,True,1,sequential,True,pso,20,1,swarm
oe3-ofat-pilot-v2,oe3,swarm|sequential|bc1|h1|pso|r1|N20|c1,syn-logical_syntactic-functions-r2,logical_syntactic,functions,2,0,13615402844050324778,2026-10-01T05:41:32.630+00:00,completed,epsilon,True,True,True,False,,42.04736,50.75146200033487,49.27705699810758,1,52,0.4904149498771815,0.007792454060633558,13.035685986453446,,code,2-0-0-0-1-1-1-1,0.49820740393781504,True,1,sequential,True,pso,20,1,swarm
oe3-ofat-pilot-v2,oe3,swarm|sequential|bc1|h1|pso|r1|N20|c1,syn-logical_syntactic-functions-r3,logical_syntactic,functions,2,0,2628094489362841849,2026-10-01T05:41:32.681+00:00,completed,epsilon,True,True,True,False,,39.409087,45.429027999489335,43.81015900071361,1,56,0.46627757409622445,0.02008255859137359,14.063324000388445,,code,2-1-1-1-1-1-0-1,0.48636013268759803,True,1,sequential,True,pso,20,1,swarm
oe3-ofat-pilot-v2,oe3,swarm|sequential|bc1|h1|pso|r1|N20|c1,syn-logical_syntactic-functions-r4,logical_syntactic,functions,2,0,2404872287879725645,2026-10-01T05:41:32.726+00:00,completed,epsilon,True,True,True,False,,64.579725,73.78368799982127,72.03077699887217,4,68,0.44882022462120214,0.007230897594028007,15.676551003548969,,code,2-2-0-1-1-0-0-1,0.45605112221523014,True,1,sequential,True,pso,20,1,swarm
oe3-ofat-pilot-v2,oe3,swarm|sequential|bc1|h1|pso|r1|N20|c1,syn-explanatory_conceptual-sequential-r0,explanatory_conceptual,sequential,2,0,14486601001991957285,2026-10-01T05:41:32.800+00:00,completed,epsilon,True,True,True,False,,53.48893,61.37029200181132,59.62393899972085,2,65,0.46745544868137157,1.9637715242826204e-07,16.506390994663185,,text,0-0-1-1-2-0-0-1,0.467455645058524,True,1,sequential,True,pso,20,1,swarm
oe3-ofat-pilot-v2,oe3,swarm|sequential|bc1|h1|pso|r1|N20|c1,syn-explanatory_conceptual-sequential-r1,explanatory_conceptual,sequential,2,0,7259571591719946957,2026-10-01T05:41:32.861+00:00,completed,epsilon,True,True,True,False,,49.20648,55.68577100348193,54.114993999974104,1,56,0.45267043074923324,0.006749225258040281,17.225123009964822,,text,0-1-0-1-2-1-0-1,0.4594196560072735,True,1,sequential,True,pso,20,1,swarm
oe3-ofat-pilot-v2,oe3,swarm|sequential|bc1|h1|pso|r1|N20|c1,syn-explanatory_conceptual-sequential-r2,explanatory_conceptual,sequential,2,0,4560824736483476529,2026-10-01T05:41:32.917+00:00,completed,epsilon,True,True,True,False,,51.452511,59.797267997055314,58.12493800112861,2,65,0.44259176409251066,0.020082362214221106,18.00491699934567,,text,1-1-1-0-2-0-1-1,0.46267412630673177,True,1,sequential,True,pso,20,1,swarm
oe3-ofat-pilot-v2,oe3,swarm|sequential|bc1|h1|pso|r1|N20|c1,syn-explanatory_conceptual-sequential-r3,explanatory_conceptual,sequential,2,0,9930174057851836806,2026-10-01T05:41:32.977+00:00,completed,epsilon,True,True,True,False,,53.264123,62.504954999894835,60.75236999822664,3,65,0.44059782027567096,0.008378946700049683,16.634727989347134,,text,1-0-1-1-2-1-1-2,0.44897676697572064,True,1,sequential,True,pso,20,1,swarm
oe3-ofat-pilot-v2,oe3,swarm|sequential|bc1|h1|pso|r1|N20|c1,syn-explanatory_conceptual-sequential-r4,explanatory_conceptual,sequential,2,0,9320799391319476761,2026-10-01T05:41:33.039+00:00,completed,epsilon,True,True,True,False,,55.324182,63.02152799980831,61.37280100301723,2,63,0.4633307605530749,0.0031722393879051736,16.820755015893614,,text,1-1-1-1-2-0-1-1,0.4665029999409801,True,1,sequential,True,pso,20,1,swarm
oe3-ofat-pilot-v2,oe3,swarm|sequential|bc1|h1|pso|r1|N20|c1,syn-explanatory_conceptual-conditional-r0,explanatory_conceptual,conditional,2,0,1472434634288188504,2026-10-01T05:41:33.102+00:00,completed,epsilon,True,True,True,False,,42.123201,50.851069998316234,49.16790800052695,1,59,0.4877375139863285,0.007792454060633558,15.355842973780286,,code,2-1-1-0-2-1-1-1,0.49552996804696203,True,1,sequential,True,pso,20,1,swarm
oe3-ofat-pilot-v2,oe3,swarm|sequential|bc1|h1|pso|r1|N20|c1,syn-explanatory_conceptual-conditional-r1,explanatory_conceptual,conditional,2,0,9456364817232365643,2026-10-01T05:41:33.153+00:00,completed,epsilon,True,True,True,False,,47.811692,54.00915599966538,52.354854000441264,2,56,0.47520911893219114,0.0036547194033032526,14.546971005891793,,text,1-1-1-1-2-1-1-1,0.4788638383354944,True,1,sequential,True,pso,20,1,swarm
oe3-ofat-pilot-v2,oe3,swarm|sequential|bc1|h1|pso|r1|N20|c1,syn-explanatory_conceptual-conditional-r2,explanatory_conceptual,conditional,2,0,5881994369337550437,2026-10-01T05:41:33.207+00:00,completed,epsilon,True,True,True,False,,43.920761,49.74801700154785,48.050977999082534,1,59,0.4825122760291102,0.007792454060633558,17.203107000204525,,diagram,1-1-2-0-2-1-1-1,0.49030473008974373,True,1,sequential,True,pso,20,1,swarm
oe3-ofat-pilot-v2,oe3,swarm|sequential|bc1|h1|pso|r1|N20|c1,syn-explanatory_conceptual-conditional-r3,explanatory_conceptual,conditional,2,0,8435174638097405506,2026-10-01T05:41:33.257+00:00,completed,epsilon,True,True,True,False,,39.236259,44.72817900023074,43.25229800087982,1,52,0.40097835467564585,0.03364007004930275,13.399509011262774,,text,0-1-0-1-2-1-0-1,0.4346184247249486,True,1,sequential,True,pso,20,1,swarm
oe3-ofat-pilot-v2,oe3,swarm|sequential|bc1|h1|pso|r1|N20|c1,syn-explanatory_conceptual-conditional-r4,explanatory_conceptual,conditional,2,0,16811290955777993261,2026-10-01T05:41:33.302+00:00,completed,epsilon,True,True,True,False,,60.567328,67.16841200250201,65.45801700121956,3,67,0.4651361011678009,0.0,17.551569001913176,,text,1-1-1-0-2-0-0-1,0.4651361011678009,True,1,sequential,True,pso,20,1,swarm
oe3-ofat-pilot-v2,oe3,swarm|sequential|bc1|h1|pso|r1|N20|c1,syn-explanatory_conceptual-repetitive-r0,explanatory_conceptual,repetitive,2,0,16651396803649518729,2026-10-01T05:41:33.369+00:00,completed,epsilon,True,True,True,False,,56.864191,63.10645499979728,61.33517499984009,2,65,0.4460986935462345,0.02008255859137359,17.210855998750887,,text,1-1-1-1-2-1-0-1,0.4661812521376081,True,1,sequential,True,pso,20,1,swarm
oe3-ofat-pilot-v2,oe3,swarm|sequential|bc1|h1|pso|r1|N20|c1,syn-explanatory_conceptual-repetitive-r1,explanatory_conceptual,repetitive,2,0,11245067322156158965,2026-10-01T05:41:33.432+00:00,completed,epsilon,True,True,True,False,,60.586252,66.52400000166381,64.68571500226972,2,62,0.5255407002055713,1.9637715242826204e-07,16.306928983411353,,text,1-0-1-1-2-1-1-1,0.5255408965827237,True,1,sequential,True,pso,20,1,swarm
oe3-ofat-pilot-v2,oe3,swarm|sequential|bc1|h1|pso|r1|N20|c1,syn-explanatory_conceptual-repetitive-r2,explanatory_conceptual,repetitive,2,0,1941751807694570845,2026-10-01T05:41:33.499+00:00,completed,epsilon,True,True,True,False,,39.895728,45.651193999219686,44.11229499964975,1,53,0.4707990919315041,0.021881510427353146,13.600003013884676,,text,1-1-1-1-2-1-1-1,0.49268060235885724,True,1,sequential,True,pso,20,1,swarm
oe3-ofat-pilot-v2,oe3,swarm|sequential|bc1|h1|pso|r1|N20|c1,syn-explanatory_conceptual-repetitive-r3,explanatory_conceptual,repetitive,2,0,7312862892071760212,2026-10-01T05:41:33.544+00:00,completed,epsilon,True,True,True,False,,33.447211,38.87322900118306,37.57682799914619,1,47,0.46760140454444094,0.02008255859137359,12.38789699144462,,code,2-1-1-1-2-1-1-1,0.4876839631358145,True,1,sequential,True,pso,20,1,swarm
oe3-ofat-pilot-v2,oe3,swarm|sequential|bc1|h1|pso|r1|N20|c1,syn-explanatory_conceptual-repetitive-r4,explanatory_conceptual,repetitive,2,0,11178940480046766617,2026-10-01T05:41:33.583+00:00,completed,epsilon,True,True,True,False,,42.041175,47.83117099941592,46.21751200102153,1,55,0.45405216601876935,0.02008255859137359,14.946560988626695,,text,1-1-0-1-2-1-1-1,0.47413472461014294,True,1,sequential,True,pso,20,1,swarm
oe3-ofat-pilot-v2,oe3,swarm|sequential|bc1|h1|pso|r1|N20|c1,syn-explanatory_conceptual-arrays_vectors-r0,explanatory_conceptual,arrays_vectors,2,0,3176049071516707528,2026-10-01T05:41:33.631+00:00,completed,epsilon,True,True,True,False,,36.103905,41.72892999849864,40.37813599643414,1,50,0.49778085910851905,0.027875012652007147,13.184139988791546,,text,1-1-1-1-2-1-0-1,0.5256558717605262,True,1,sequential,True,pso,20,1,swarm
oe3-ofat-pilot-v2,oe3,swarm|sequential|bc1|h1|pso|r1|N20|c1,syn-explanatory_conceptual-arrays_vectors-r1,explanatory_conceptual,arrays_vectors,2,0,11472989949711724537,2026-10-01T05:41:33.673+00:00,completed,epsilon,True,True,True,False,,51.419345,57.618815000751056,55.823280999902636,2,63,0.48246679412408,0.007792650437785986,15.637055009026303,,text,0-0-0-1-2-1-1-1,0.490259444561866,True,1,sequential,True,pso,20,1,swarm
oe3-ofat-pilot-v2,oe3,swarm|sequential|bc1|h1|pso|r1|N20|c1,syn-explanatory_conceptual-arrays_vectors-r2,explanatory_conceptual,arrays_vectors,2,0,10382386641063741548,2026-10-01T05:41:33.730+00:00,completed,epsilon,True,True,True,False,,38.898561,44.695521999528864,43.296897998516215,1,49,0.5002467392530876,0.027875012652007203,12.772359014129318,,diagram,0-1-2-1-2-1-1-1,0.5281217519050948,True,1,sequential,True,pso,20,1,swarm
oe3-ofat-pilot-v2,oe3,swarm|sequential|bc1|h1|pso|r1|N20|c1,syn-explanatory_conceptual-arrays_vectors-r3,explanatory_conceptual,arrays_vectors,2,0,2259169429594963540,2026-10-01T05:41:33.775+00:00,completed,epsilon,True,True,True,False,,42.435863,48.07682099999511,46.49440700086416,1,54,0.4899428394838256,0.017498999281390593,16.120811010767337,,text,0-1-1-1-2-1-0-1,0.5074418387652162,True,1,sequential,True,pso,20,1,swarm
oe3-ofat-pilot-v2,oe3,swarm|sequential|bc1|h1|pso|r1|N20|c1,syn-explanatory_conceptual-arrays_vectors-r4,explanatory_conceptual,arrays_vectors,2,0,16509041288914301223,2026-10-01T05:41:33.823+00:00,completed,epsilon,True,True,True,False,,37.341089,43.74449199895025,41.814820000581676,1,53,0.5030917240612093,0.014696521701211163,13.497608015580672,,text,1-1-1-0-2-1-1-1,0.5177882457624204,True,1,sequential,True,pso,20,1,swarm
oe3-ofat-pilot-v2,oe3,swarm|sequential|bc1|h1|pso|r1|N20|c1,syn-explanatory_conceptual-functions-r0,explanatory_conceptual,functions,2,0,17531483786064496240,2026-10-01T05:41:33.867+00:00,completed,epsilon,True,True,True,False,,36.671728,44.827682999311946,43.474848000187194,1,47,0.4828702671654518,0.027874816274854664,12.478467999380962,,text,1-1-1-0-2-1-1-1,0.5107450834403064,True,1,sequential,True,pso,20,1,swarm
oe3-ofat-pilot-v2,oe3,swarm|sequential|bc1|h1|pso|r1|N20|c1,syn-explanatory_conceptual-functions-r1,explanatory_conceptual,functions,2,0,2918462925200927164,2026-10-01T05:41:33.912+00:00,completed,epsilon,True,True,True,False,,51.857503,57.76853600036702,56.14926899943384,1,56,0.4908433042588953,0.022579211377867947,15.337119004280389,,code,2-2-1-1-2-0-1-1,0.5134225156367632,True,1,sequential,True,pso,20,1,swarm
oe3-ofat-pilot-v2,oe3,swarm|sequential|bc1|h1|pso|r1|N20|c1,syn-explanatory_conceptual-functions-r2,explanatory_conceptual,functions,2,0,10502451655373640013,2026-10-01T05:41:33.970+00:00,completed,epsilon,True,True,True,False,,46.413221,52.17261300276732,50.54912099876674,2,59,0.4862088786957507,1.9637715242826204e-07,16.139069999638135,,text,1-0-1-1-2-1-1-1,0.4862090750729031,True,1,sequential,True,pso,20,1,swarm
oe3-ofat-pilot-v2,oe3,swarm|sequential|bc1|h1|pso|r1|N20|c1,syn-explanatory_conceptual-functions-r3,explanatory_conceptual,functions,2,0,9101098485372157783,2026-10-01T05:41:34.022+00:00,completed,epsilon,True,True,True,False,,52.650753,58.71057500189636,56.940265003504464,2,63,0.49777727535266225,0.007792650437785986,16.255307988863823,,text,1-0-1-1-2-1-1-1,0.5055699257904482,True,1,sequential,True,pso,20,1,swarm
oe3-ofat-pilot-v2,oe3,swarm|sequential|bc1|h1|pso|r1|N20|c1,syn-explanatory_conceptual-functions-r4,explanatory_conceptual,functions,2,0,2282946250972105915,2026-10-01T05:41:34.081+00:00,completed,epsilon,True,True,True,False,,55.451704,61.32601699937368,59.533498002565466,3,69,0.49970043101958095,0.0,15.731060008855106,,text,1-0-1-0-2-0-1-1,0.49970043101958095,True,1,sequential,True,pso,20,1,swarm
oe3-ofat-pilot-v2,oe3,swarm|sequential|bc1|h1|pso|r1|N20|c1,syn-balanced_multimodal-sequential-r0,balanced_multimodal,sequential,2,0,8447297626789157734,2026-10-01T05:41:34.142+00:00,completed,epsilon,True,True,True,False,,44.311187,49.93946399918059,48.4554289978405,2,55,0.47478255891106164,0.02008255859137359,12.918581977533396,,diagram,1-1-2-1-1-1-1-1,0.4948651175024352,True,1,sequential,True,pso,20,1,swarm
oe3-ofat-pilot-v2,oe3,swarm|sequential|bc1|h1|pso|r1|N20|c1,syn-balanced_multimodal-sequential-r1,balanced_multimodal,sequential,2,0,14002032390557949515,2026-10-01T05:41:34.192+00:00,completed,epsilon,True,True,True,False,,50.528538,56.23506399933831,54.568426003243076,2,63,0.4657807084094385,0.020082362214221106,15.545454996667084,,code,2-1-2-0-1-1-1-1,0.48586307062365963,True,1,sequential,True,pso,20,1,swarm
oe3-ofat-pilot-v2,oe3,swarm|sequential|bc1|h1|pso|r1|N20|c1,syn-balanced_multimodal-sequential-r2,balanced_multimodal,sequential,2,0,7504185198732801890,2026-10-01T05:41:34.248+00:00,completed,epsilon,True,True,True,False,,41.984721,49.94763300055638,48.44904999845312,1,57,0.4994691128163741,0.020082362214221106,16.084706007400573,,code,2-1-1-0-1-1-1-1,0.5195514750305952,True,1,sequential,True,pso,20,1,swarm
oe3-ofat-pilot-v2,oe3,swarm|sequential|bc1|h1|pso|r1|N20|c1,syn-balanced_multimodal-sequential-r3,balanced_multimodal,sequential,2,0,5533078066589847335,2026-10-01T05:41:34.298+00:00,completed,epsilon,True,True,True,False,,41.836017,50.04790999737452,48.61368799902266,1,54,0.4813460564414294,0.02424922525804024,13.892696006316468,,text,1-1-1-1-2-1-1-1,0.5055952816994697,True,1,sequential,True,pso,20,1,swarm
oe3-ofat-pilot-v2,oe3,swarm|sequential|bc1|h1|pso|r1|N20|c1,syn-balanced_multimodal-sequential-r4,balanced_multimodal,sequential,2,0,14835646452101714281,2026-10-01T05:41:34.348+00:00,completed,epsilon,True,True,True,False,,41.002325,49.086035000073025,47.32526400039205,1,56,0.4831680338827303,0.02326354576638584,14.313498994210855,,code,2-1-2-1-2-1-1-1,0.5064315796491161,True,1,sequential,True,pso,20,1,swarm
oe3-ofat-pilot-v2,oe3,swarm|sequential|bc1|h1|pso|r1|N20|c1,syn-balanced_multimodal-conditional-r0,balanced_multimodal,conditional,2,0,18123689100739274857,2026-10-01T05:41:34.397+00:00,completed,epsilon,True,True,True,False,,43.481998,49.41184599738335,47.80683300123201,1,56,0.48780502665661635,0.0036547194033032526,14.83128999312602,,code,2-1-1-1-1-1-1-1,0.4914597460599196,True,1,sequential,True,pso,20,1,swarm
oe3-ofat-pilot-v2,oe3,swarm|sequential|bc1|h1|pso|r1|N20|c1,syn-balanced_multimodal-conditional-r1,balanced_multimodal,conditional,2,0,8620693703250771292,2026-10-01T05:41:34.447+00:00,completed,epsilon,True,True,True,False,,43.444064,49.66259600041667,47.647242001403356,1,57,0.498809334994812,1.963771524837732e-07,15.039625007372306,,code,1-1-1-1-1-0-1-1,0.4988095313719645,True,1,sequential,True,pso,20,1,swarm
oe3-ofat-pilot-v2,oe3,swarm|sequential|bc1|h1|pso|r1|N20|c1,syn-balanced_multimodal-conditional-r2,balanced_multimodal,conditional,2,0,4177528802721280060,2026-10-01T05:41:34.496+00:00,completed,epsilon,True,True,True,False,,42.858135,52.94521799805807,51.39396599770407,1,56,0.495726416987283,0.0036548666861676016,15.321299984074258,,code,1-1-1-2-1-1-1-1,0.4993812836734506,True,1,sequential,True,pso,20,1,swarm
oe3-ofat-pilot-v2,oe3,swarm|sequential|bc1|h1|pso|r1|N20|c1,syn-balanced_multimodal-conditional-r3,balanced_multimodal,conditional,2,0,6004589078447390537,2026-10-01T05:41:34.549+00:00,completed,epsilon,True,True,True,False,,48.31984,54.0519790010876,52.45023400129867,2,58,0.47153478436590585,1.963771524837732e-07,14.362831006015144,,text,1-1-1-1-2-0-1-1,0.47153498074305833,True,1,sequential,True,pso,20,1,swarm
oe3-ofat-pilot-v2,oe3,swarm|sequential|bc1|h1|pso|r1|N20|c1,syn-balanced_multimodal-conditional-r4,balanced_multimodal,conditional,2,0,15390802926142810456,2026-10-01T05:41:34.603+00:00,completed,epsilon,True,True,True,False,,44.111758,50.14935399958631,48.602701997879194,1,54,0.49335718275037993,0.0036547194033032526,15.346709993849869,,code,2-1-1-1-2-1-2-1,0.4970119021536832,True,1,sequential,True,pso,20,1,swarm
oe3-ofat-pilot-v2,oe3,swarm|sequential|bc1|h1|pso|r1|N20|c1,syn-balanced_multimodal-repetitive-r0,balanced_multimodal,repetitive,2,0,1346203531563287096,2026-10-01T05:41:34.653+00:00,completed,epsilon,True,True,True,False,,41.805987,48.00250900007086,46.41703699962818,1,54,0.5383161833171735,0.020082558591373534,15.186787985455247,,code,2-1-1-1-1-1-2-1,0.558398741908547,True,1,sequential,True,pso,20,1,swarm
oe3-ofat-pilot-v2,oe3,swarm|sequential|bc1|h1|pso|r1|N20|c1,syn-balanced_multimodal-repetitive-r1,balanced_multimodal,repetitive,2,0,15966608529395865366,2026-10-01T05:41:34.701+00:00,completed,epsilon,True,True,True,False,,40.532411,49.60410499916179,48.02968600051827,1,48,0.5099657852394064,0.020082362214221106,13.337564982129049,,code,2-1-2-0-2-1-1-1,0.5300481474536275,True,1,sequential,True,pso,20,1,swarm
oe3-ofat-pilot-v2,oe3,swarm|sequential|bc1|h1|pso|r1|N20|c1,syn-balanced_multimodal-repetitive-r2,balanced_multimodal,repetitive,2,0,12952745568191493432,2026-10-01T05:41:34.751+00:00,completed,epsilon,True,True,True,False,,42.508688,48.83963300017058,47.02429499957361,1,55,0.48695008664679024,0.02008255859137359,14.645344997896876,,code,2-1-2-1-1-1-2-1,0.5070326452381638,True,1,sequential,True,pso,20,1,swarm
oe3-ofat-pilot-v2,oe3,swarm|sequential|bc1|h1|pso|r1|N20|c1,syn-balanced_multimodal-repetitive-r3,balanced_multimodal,repetitive,2,0,4046630919765129189,2026-10-01T05:41:34.800+00:00,completed,epsilon,True,True,True,False,,43.407951,49.67326800033334,48.06062299758196,1,56,0.498403614745411,0.02008255859137359,16.44578201283875,,diagram,1-1-2-1-2-1-1-1,0.5184861733367846,True,1,sequential,True,pso,20,1,swarm
oe3-ofat-pilot-v2,oe3,swarm|sequential|bc1|h1|pso|r1|N20|c1,syn-balanced_multimodal-repetitive-r4,balanced_multimodal,repetitive,2,0,16362929293659838061,2026-10-01T05:41:34.850+00:00,completed,epsilon,True,True,True,False,,60.242969,66.52440999823739,64.80817700139596,3,62,0.5555295985433403,0.0,15.063817020898687,,code,2-0-1-0-1-1-2-1,0.5555295985433403,True,1,sequential,True,pso,20,1,swarm
oe3-ofat-pilot-v2,oe3,swarm|sequential|bc1|h1|pso|r1|N20|c1,syn-balanced_multimodal-arrays_vectors-r0,balanced_multimodal,arrays_vectors,2,0,3584950309651211707,2026-10-01T05:41:34.916+00:00,completed,epsilon,True,True,True,False,,39.423589,45.227826998598175,43.83391800001846,1,47,0.5013726987590279,0.027875012652007203,12.994782999155511,,code,2-1-1-1-2-1-1-1,0.5292477114110351,True,1,sequential,True,pso,20,1,swarm
oe3-ofat-pilot-v2,oe3,swarm|sequential|bc1|h1|pso|r1|N20|c1,syn-balanced_multimodal-arrays_vectors-r1,balanced_multimodal,arrays_vectors,2,0,15889600935136838771,2026-10-01T05:41:34.961+00:00,completed,epsilon,True,True,True,False,,54.764663,61.70085000121617,59.91195800015703,2,62,0.5091265566641985,0.010499076837774401,15.449181996029457,,code,1-2-1-1-1-0-1-1,0.5196256335019729,True,1,sequential,True,pso,20,1,swarm
oe3-ofat-pilot-v2,oe3,swarm|sequential|bc1|h1|pso|r1|N20|c1,syn-balanced_multimodal-arrays_vectors-r2,balanced_multimodal,arrays_vectors,2,0,14508102243054643269,2026-10-01T05:41:35.023+00:00,completed,epsilon,True,True,True,False,,42.057014,47.90703199978452,46.36796299746493,1,53,0.5207081594293232,0.027875012652007092,14.31324998884403,,text,1-1-1-1-2-1-1-1,0.5485831720813303,True,1,sequential,True,pso,20,1,swarm
oe3-ofat-pilot-v2,oe3,swarm|sequential|bc1|h1|pso|r1|N20|c1,syn-balanced_multimodal-arrays_vectors-r3,balanced_multimodal,arrays_vectors,2,0,11947795539240216146,2026-10-01T05:41:35.071+00:00,completed,epsilon,True,True,True,False,,60.626792,69.620472000679,67.78040800054441,3,64,0.5439379445869269,0.007792454060633558,14.9310529891696,,code,2-0-2-1-1-1-2-1,0.5517303986475605,True,1,sequential,True,pso,20,1,swarm
oe3-ofat-pilot-v2,oe3,swarm|sequential|bc1|h1|pso|r1|N20|c1,syn-balanced_multimodal-arrays_vectors-r4,balanced_multimodal,arrays_vectors,2,0,3917925863049030086,2026-10-01T05:41:35.141+00:00,completed,epsilon,True,True,True,False,,58.335044,66.22711999807507,64.42271900232299,4,69,0.5265923131748955,0.0,16.899120990449596,,code,2-0-1-0-1-0-1-1,0.5265923131748955,True,1,sequential,True,pso,20,1,swarm
oe3-ofat-pilot-v2,oe3,swarm|sequential|bc1|h1|pso|r1|N20|c1,syn-balanced_multimodal-functions-r0,balanced_multimodal,functions,2,0,6550835933060694946,2026-10-01T05:41:35.207+00:00,completed,epsilon,True,True,True,False,,45.223555,51.01158800243866,49.433467000199016,1,54,0.5031059746980451,0.027875012652007203,14.827650001986072,,code,2-1-2-1-1-1-1-1,0.5309809873500523,True,1,sequential,True,pso,20,1,swarm
oe3-ofat-pilot-v2,oe3,swarm|sequential|bc1|h1|pso|r1|N20|c1,syn-balanced_multimodal-functions-r1,balanced_multimodal,functions,2,0,3881832823610794111,2026-10-01T05:41:35.258+00:00,completed,epsilon,True,True,True,False,,34.246141,39.91732400027104,38.61830599998939,1,45,0.4917724457549157,0.02008255859137359,10.704935007722028,,code,2-1-1-1-1-1-2-1,0.5118550043462893,True,1,sequential,True,pso,20,1,swarm
oe3-ofat-pilot-v2,oe3,swarm|sequential|bc1|h1|pso|r1|N20|c1,syn-balanced_multimodal-functions-r2,balanced_multimodal,functions,2,0,3016560622276445506,2026-10-01T05:41:35.298+00:00,completed,epsilon,True,True,True,False,,40.369192,51.48780700255884,50.154904998635175,1,48,0.5031640261075007,0.015023498937525859,12.77723999996257,,code,2-2-1-2-1-1-1-1,0.5181875250450265,True,1,sequential,True,pso,20,1,swarm
oe3-ofat-pilot-v2,oe3,swarm|sequential|bc1|h1|pso|r1|N20|c1,syn-balanced_multimodal-functions-r3,balanced_multimodal,functions,2,0,2061094210757061170,2026-10-01T05:41:35.349+00:00,completed,epsilon,True,True,True,False,,38.942074,45.064066998747876,43.531292998522986,1,55,0.489537761565406,0.027875012652007147,14.288679988905244,,diagram,1-1-2-1-2-1-1-1,0.5174127742174132,True,1,sequential,True,pso,20,1,swarm
oe3-ofat-pilot-v2,oe3,swarm|sequential|bc1|h1|pso|r1|N20|c1,syn-balanced_multimodal-functions-r4,balanced_multimodal,functions,2,0,13400621087723788685,2026-10-01T05:41:35.394+00:00,completed,epsilon,True,True,True,False,,61.265073,70.11871299982886,68.28397299977951,4,70,0.5037096701669489,1.9637715242826204e-07,15.316389989972603,,diagram,1-0-2-1-1-0-1-1,0.5037098665441013,True,1,sequential,True,pso,20,1,swarm
oe3-ofat-pilot-v2,oe3,swarm|batch|bc0|h1|pso|r1|N20|c1,syn-visual_dominant-sequential-r0,visual_dominant,sequential,0,0,8580140326324496627,2026-10-01T05:41:36.938+00:00,completed,epsilon,True,True,True,True,,30.736076,36.69621999870287,35.22100500049419,1,48,0.45572350868757355,0.02008255859137359,191.3120900042589,,diagram,1-1-2-1-1-1-0-1,0.47580606727894714,False,1,batch,True,pso,20,1,swarm
oe3-ofat-pilot-v2,oe3,swarm|batch|bc0|h1|pso|r1|N20|c1,syn-visual_dominant-sequential-r1,visual_dominant,sequential,0,0,17048800117076641484,2026-10-01T05:41:36.975+00:00,completed,epsilon,True,True,True,True,,31.551164,37.68600900002639,36.191188999509905,1,45,0.44878503224528293,0.02008255859137359,163.33750700132458,,diagram,1-1-2-1-0-1-1-1,0.4688675908366565,False,1,batch,True,pso,20,1,swarm
oe3-ofat-pilot-v2,oe3,swarm|batch|bc0|h1|pso|r1|N20|c1,syn-visual_dominant-sequential-r2,visual_dominant,sequential,0,0,4355585619346073820,2026-10-01T05:41:37.012+00:00,completed,epsilon,True,True,True,True,,31.309415,37.513716000830755,36.14063900022302,2,46,0.4484135261977656,0.02008255859137359,134.8827360032788,,diagram,1-1-2-1-0-1-0-1,0.4684960847891392,False,1,batch,True,pso,20,1,swarm
oe3-ofat-pilot-v2,oe3,swarm|batch|bc0|h1|pso|r1|N20|c1,syn-visual_dominant-sequential-r3,visual_dominant,sequential,0,0,5551779150201999310,2026-10-01T05:41:37.050+00:00,completed,epsilon,True,True,True,True,,32.757016,38.34407199974521,36.99318999861134,2,44,0.49689284274488765,1.9637715242826204e-07,129.05851499360014,,diagram,1-0-2-1-0-1-1-1,0.4968930391220401,False,1,batch,True,pso,20,1,swarm
oe3-ofat-pilot-v2,oe3,swarm|batch|bc0|h1|pso|r1|N20|c1,syn-visual_dominant-sequential-r4,visual_dominant,sequential,0,0,13994061115368628468,2026-10-01T05:41:37.088+00:00,completed,epsilon,True,True,True,True,,36.434714,42.41340000226046,41.06846599825076,3,45,0.4539909514952264,0.0,133.55297401519118,,diagram,1-0-2-0-1-1-0-1,0.4539909514952264,False,1,batch,True,pso,20,1,swarm
oe3-ofat-pilot-v2,oe3,swarm|batch|bc0|h1|pso|r1|N20|c1,syn-visual_dominant-conditional-r0,visual_dominant,conditional,0,0,11471567894967710186,2026-10-01T05:41:37.131+00:00,completed,epsilon,True,True,True,True,,28.197823,33.67771600096603,32.36404500057688,1,47,0.4683786250362893,0.007792650437786042,160.42326000448153,,diagram,1-1-2-1-0-1-0-1,0.47617127547407534,False,1,batch,True,pso,20,1,swarm
oe3-ofat-pilot-v2,oe3,swarm|batch|bc0|h1|pso|r1|N20|c1,syn-visual_dominant-conditional-r1,visual_dominant,conditional,0,0,13928515270300365190,2026-10-01T05:41:37.164+00:00,completed,epsilon,True,True,True,True,,44.146393,49.80473899922799,48.372880002716556,3,51,0.43347702875536903,0.0036547194033032526,179.90619299971374,,diagram,1-1-2-1-0-1-0-1,0.4371317481586723,False,1,batch,True,pso,20,1,swarm
oe3-ofat-pilot-v2,oe3,swarm|batch|bc0|h1|pso|r1|N20|c1,syn-visual_dominant-conditional-r2,visual_dominant,conditional,0,0,7530803405880337628,2026-10-01T05:41:37.214+00:00,completed,epsilon,True,True,True,True,,32.573368,38.334813001711154,36.86869699959061,2,48,0.47576325269917313,1.963771524837732e-07,158.61543200671167,,code,2-1-2-1-1-0-1-1,0.4757634490763256,False,1,batch,True,pso,20,1,swarm
oe3-ofat-pilot-v2,oe3,swarm|batch|bc0|h1|pso|r1|N20|c1,syn-visual_dominant-conditional-r3,visual_dominant,conditional,0,0,12303691227522993195,2026-10-01T05:41:37.253+00:00,completed,epsilon,True,True,True,True,,36.539183,42.931908999889856,41.36621200086665,2,48,0.4537572043126114,0.0036547194033032526,153.47085599180414,,diagram,1-1-2-1-0-1-1-1,0.45741192371591466,False,1,batch,True,pso,20,1,swarm
oe3-ofat-pilot-v2,oe3,swarm|batch|bc0|h1|pso|r1|N20|c1,syn-visual_dominant-conditional-r4,visual_dominant,conditional,0,0,7123775909059268369,2026-10-01T05:41:37.296+00:00,completed,epsilon,True,True,True,True,,26.171276,32.07090199794038,30.789558000833495,1,43,0.43905885028638547,0.009598091106895246,154.0215640033893,,diagram,1-1-2-0-1-0-1-1,0.4486569413932807,False,1,batch,True,pso,20,1,swarm
oe3-ofat-pilot-v2,oe3,swarm|batch|bc0|h1|pso|r1|N20|c1,syn-visual_dominant-repetitive-r0,visual_dominant,repetitive,0,0,3652346516165016234,2026-10-01T05:41:37.328+00:00,completed,epsilon,True,True,True,True,,34.110011,43.21249700296903,41.8063280012575,1,48,0.46998170127395994,0.02008255859137359,185.5626010036672,,diagram,1-1-2-1-1-1-0-1,0.49006425986533353,False,1,batch,True,pso,20,1,swarm
oe3-ofat-pilot-v2,oe3,swarm|batch|bc0|h1|pso|r1|N20|c1,syn-visual_dominant-repetitive-r1,visual_dominant,repetitive,0,0,9493985239135120539,2026-10-01T05:41:37.371+00:00,completed,epsilon,True,True,True,True,,37.978703,46.52641500069876,45.19651099690236,4,43,0.49141108956712465,0.0,163.39137399864063,,code,2-0-2-0-1-1-1-1,0.49141108956712465,False,1,batch,True,pso,20,1,swarm
oe3-ofat-pilot-v2,oe3,swarm|batch|bc0|h1|pso|r1|N20|c1,syn-visual_dominant-repetitive-r2,visual_dominant,repetitive,0,0,15577984090316381348,2026-10-01T05:41:37.417+00:00,completed,epsilon,True,True,True,True,,32.044193,41.68123499766807,40.0698210032715,1,51,0.497368651601852,0.02008255859137359,175.91806098747216,,code,2-1-2-1-1-1-0-1,0.5174512101932256,False,1,batch,True,pso,20,1,swarm
oe3-ofat-pilot-v2,oe3,swarm|batch|bc0|h1|pso|r1|N20|c1,syn-visual_dominant-repetitive-r3,visual_dominant,repetitive,0,0,13061490195280824700,2026-10-01T05:41:37.459+00:00,completed,epsilon,True,True,True,True,,32.209334,42.04128600031254,40.944483000203036,2,36,0.5053299123828249,1.9637715242826204e-07,108.55746400942634,,diagram,1-0-2-1-0-1-0-1,0.5053301087599773,False,1,batch,True,pso,20,1,swarm
oe3-ofat-pilot-v2,oe3,swarm|batch|bc0|h1|pso|r1|N20|c1,syn-visual_dominant-repetitive-r4,visual_dominant,repetitive,0,0,5153165576748431564,2026-10-01T05:41:37.501+00:00,completed,epsilon,True,True,True,True,,32.290966,38.001052002073266,36.58108599847765,1,48,0.43539326357179114,0.032214241800902654,179.90625699300315,,diagram,0-1-2-1-0-1-0-1,0.4676075053726938,False,1,batch,True,pso,20,1,swarm
oe3-ofat-pilot-v2,oe3,swarm|batch|bc0|h1|pso|r1|N20|c1,syn-visual_dominant-arrays_vectors-r0,visual_dominant,arrays_vectors,0,0,2484686855457110652,2026-10-01T05:41:37.539+00:00,completed,epsilon,True,True,True,True,,29.86885,39.1921310001635,37.89786899869796,1,44,0.46105976353153516,0.027875012652007147,133.84491499947617,,diagram,1-1-2-1-0-1-0-1,0.4889347761835423,False,1,batch,True,pso,20,1,swarm
oe3-ofat-pilot-v2,oe3,swarm|batch|bc0|h1|pso|r1|N20|c1,syn-visual_dominant-arrays_vectors-r1,visual_dominant,arrays_vectors,0,0,14387502913323118724,2026-10-01T05:41:37.578+00:00,completed,epsilon,True,True,True,True,,38.963277,48.60213300344185,46.92574799992144,2,49,0.4406569611974138,0.01253564549090147,188.4334280010115,,diagram,1-2-2-1-1-0-1-0,0.4531926066883153,False,1,batch,True,pso,20,1,swarm
oe3-ofat-pilot-v2,oe3,swarm|batch|bc0|h1|pso|r1|N20|c1,syn-visual_dominant-arrays_vectors-r2,visual_dominant,arrays_vectors,0,0,18083930375172244621,2026-10-01T05:41:37.627+00:00,completed,epsilon,True,True,True,True,,34.737963,44.206088001374155,42.73077199832187,1,50,0.4939594688494195,0.027875012652007147,170.03028100740082,,diagram,1-1-2-1-1-1-1-1,0.5218344815014266,False,1,batch,True,pso,20,1,swarm
oe3-ofat-pilot-v2,oe3,swarm|batch|bc0|h1|pso|r1|N20|c1,syn-visual_dominant-arrays_vectors-r3,visual_dominant,arrays_vectors,0,0,16074832408338533935,2026-10-01T05:41:37.671+00:00,completed,epsilon,True,True,True,True,,32.381241,41.556611002306454,40.232031999039464,1,44,0.5104383568030326,0.017498999281390648,150.6915740034022,,diagram,0-1-2-1-1-1-0-1,0.5279373560844233,False,1,batch,True,pso,20,1,swarm
oe3-ofat-pilot-v2,oe3,swarm|batch|bc0|h1|pso|r1|N20|c1,syn-visual_dominant-arrays_vectors-r4,visual_dominant,arrays_vectors,0,0,13236652181889018265,2026-10-01T05:41:37.713+00:00,completed,epsilon,True,True,True,True,,36.141896,44.28520299916272,42.90125499755959,2,48,0.49416530121267593,0.003415891924706871,166.57707500300373,,diagram,1-1-2-1-1-0-0-1,0.4975811931373828,False,1,batch,True,pso,20,1,swarm
oe3-ofat-pilot-v2,oe3,swarm|batch|bc0|h1|pso|r1|N20|c1,syn-visual_dominant-functions-r0,visual_dominant,functions,0,0,11375697626506085209,2026-10-01T05:41:37.757+00:00,completed,epsilon,True,True,True,True,,27.219959,36.38556000078097,35.17803399881814,1,42,0.47798454429270243,0.019803777820581292,139.39656899918398,,diagram,1-2-2-1-1-1-0-1,0.4977883221132837,False,1,batch,True,pso,20,1,swarm
oe3-ofat-pilot-v2,oe3,swarm|batch|bc0|h1|pso|r1|N20|c1,syn-visual_dominant-functions-r1,visual_dominant,functions,0,0,12724222799605840855,2026-10-01T05:41:37.793+00:00,completed,epsilon,True,True,True,True,,36.224551,45.71789900001022,43.98572599893669,2,53,0.4941057150421845,0.007792650437785986,177.13426099912002,,code,2-0-2-1-1-1-0-1,0.5018983654799705,False,1,batch,True,pso,20,1,swarm
oe3-ofat-pilot-v2,oe3,swarm|batch|bc0|h1|pso|r1|N20|c1,syn-visual_dominant-functions-r2,visual_dominant,functions,0,0,2855966151648987497,2026-10-01T05:41:37.839+00:00,completed,epsilon,True,True,True,True,,32.6362,40.32383600133471,38.854250000440516,3,48,0.471376010746655,1.9637715242826204e-07,172.30018599131105,,diagram,1-0-2-1-1-0-1-1,0.47137620712380746,False,1,batch,True,pso,20,1,swarm
oe3-ofat-pilot-v2,oe3,swarm|batch|bc0|h1|pso|r1|N20|c1,syn-visual_dominant-functions-r3,visual_dominant,functions,0,0,15496158585802717903,2026-10-01T05:41:37.880+00:00,completed,epsilon,True,True,True,True,,33.728701,44.15272900223499,42.46499400323955,1,50,0.45256029277229026,0.027874816274854664,183.16036000987987,,diagram,1-1-2-0-0-1-1-1,0.4804351090471449,False,1,batch,True,pso,20,1,swarm
oe3-ofat-pilot-v2,oe3,swarm|batch|bc0|h1|pso|r1|N20|c1,syn-visual_dominant-functions-r4,visual_dominant,functions,0,0,10259835321663512086,2026-10-01T05:41:37.924+00:00,completed,epsilon,True,True,True,True,,38.998087,47.72934799984796,46.194409998861374,3,50,0.5026282462686158,1.9637715242826204e-07,166.19764099370656,,code,2-0-2-1-1-1-1-1,0.5026284426457682,False,1,batch,True,pso,20,1,swarm
oe3-ofat-pilot-v2,oe3,swarm|batch|bc0|h1|pso|r1|N20|c1,syn-logical_syntactic-sequential-r0,logical_syntactic,sequential,0,0,13362044807751343064,2026-10-01T05:41:37.971+00:00,completed,epsilon,True,True,True,True,,31.94072,41.49824599880958,39.983930000744294,1,46,0.4761350201294624,0.020082362214221106,193.53995500427027,,code,2-1-1-0-0-1-0-1,0.4962173823436835,False,1,batch,True,pso,20,1,swarm
oe3-ofat-pilot-v2,oe3,swarm|batch|bc0|h1|pso|r1|N20|c1,syn-logical_syntactic-sequential-r1,logical_syntactic,sequential,0,0,14311645315440717423,2026-10-01T05:41:38.013+00:00,completed,epsilon,True,True,True,True,,50.034836,58.38166100147646,56.877604001783766,3,51,0.4825463618186212,0.0,231.4077629972528,,code,2-0-1-0-1-1-0-1,0.4825463618186212,False,1,batch,True,pso,20,1,swarm
oe3-ofat-pilot-v2,oe3,swarm|batch|bc0|h1|pso|r1|N20|c1,syn-logical_syntactic-sequential-r2,logical_syntactic,sequential,0,0,15643440995604996842,2026-10-01T05:41:38.071+00:00,completed,epsilon,True,True,True,True,,27.42307,35.81487900009961,34.54128700104775,1,42,0.5052479809084092,0.0034158919247069264,145.81033500301052,,code,2-1-0-1-1-1-1-1,0.5086638728331161,False,1,batch,True,pso,20,1,swarm
oe3-ofat-pilot-v2,oe3,swarm|batch|bc0|h1|pso|r1|N20|c1,syn-logical_syntactic-sequential-r3,logical_syntactic,sequential,0,0,16960600487627624599,2026-10-01T05:41:38.107+00:00,completed,epsilon,True,True,True,True,,41.10334,50.01781499959179,48.3571260010649,3,48,0.47454039043400664,1.9637715242826204e-07,182.67016298759148,,code,2-0-1-1-1-1-0-1,0.47454058681115907,False,1,batch,True,pso,20,1,swarm
oe3-ofat-pilot-v2,oe3,swarm|batch|bc0|h1|pso|r1|N20|c1,syn-logical_syntactic-sequential-r4,logical_syntactic,sequential,0,0,17250185977012485747,2026-10-01T05:41:38.157+00:00,completed,epsilon,True,True,True,True,,43.978057,53.278036997653544,51.85207199974684,3,46,0.49533228036449595,0.0010555026473685336,181.49168099436875,,code,2-0-1-2-1-0-0-0,0.4963877830118645,False,1,batch,True,pso,20,1,swarm
oe3-ofat-pilot-v2,oe3,swarm|batch|bc0|h1|pso|r1|N20|c1,syn-logical_syntactic-conditional-r0,logical_syntactic,conditional,0,0,4732552759670585228,2026-10-01T05:41:38.210+00:00,completed,epsilon,True,True,True,True,,33.634365,39.7506789995532,38.21456999867223,1,51,0.4552124341978106,0.0036547194033032526,217.42692300340192,,code,2-1-1-1-0-1-0-1,0.45886715360111385,False,1,batch,True,pso,20,1,swarm
oe3-ofat-pilot-v2,oe3,swarm|batch|bc0|h1|pso|r1|N20|c1,syn-logical_syntactic-conditional-r1,logical_syntactic,conditional,0,0,16767561851559065070,2026-10-01T05:41:38.250+00:00,completed,epsilon,True,True,True,True,,35.580601,41.11044799719821,39.54699499809067,2,49,0.4440319075303329,0.007792650437786042,162.64154598838485,,code,2-1-1-1-0-1-0-1,0.45182455796811893,False,1,batch,True,pso,20,1,swarm
oe3-ofat-pilot-v2,oe3,swarm|batch|bc0|h1|pso|r1|N20|c1,syn-logical_syntactic-conditional-r2,logical_syntactic,conditional,0,0,6973891702751108736,2026-10-01T05:41:38.291+00:00,completed,epsilon,True,True,True,True,,33.671814,39.77550799754681,38.36780300116516,1,45,0.4631068467146388,0.0036547194033032526,158.7482599946291,,code,2-1-1-1-0-1-1-1,0.46676156611794206,False,1,batch,True,pso,20,1,swarm
oe3-ofat-pilot-v2,oe3,swarm|batch|bc0|h1|pso|r1|N20|c1,syn-logical_syntactic-conditional-r3,logical_syntactic,conditional,0,0,6626061848004110554,2026-10-01T05:41:38.331+00:00,completed,epsilon,True,True,True,True,,25.836009,31.7311079998035,30.436657998507144,1,43,0.4614734643861827,0.007792650437786042,134.00974200479283,,code,2-1-1-1-0-1-0-1,0.46926611482396874,False,1,batch,True,pso,20,1,swarm
oe3-ofat-pilot-v2,oe3,swarm|batch|bc0|h1|pso|r1|N20|c1,syn-logical_syntactic-conditional-r4,logical_syntactic,conditional,0,0,2581103798954869873,2026-10-01T05:41:38.363+00:00,completed,epsilon,True,True,True,True,,34.63734,41.748756000743015,40.20809899884625,1,43,0.4839345737065493,0.0036547194033032526,153.04009199724908,,code,2-1-1-1-1-1-1-1,0.48758929310985255,False,1,batch,True,pso,20,1,swarm
oe3-ofat-pilot-v2,oe3,swarm|batch|bc0|h1|pso|r1|N20|c1,syn-logical_syntactic-repetitive-r0,logical_syntactic,repetitive,0,0,2563900073831829840,2026-10-01T05:41:38.405+00:00,completed,epsilon,True,True,True,True,,40.931811,51.22454700176604,49.738081001123646,1,48,0.45068774937313677,0.02008255859137359,305.3293049951351,,code,2-1-2-1-0-1-1-1,0.47077030796451036,False,1,batch,True,pso,20,1,swarm
oe3-ofat-pilot-v2,oe3,swarm|batch|bc0|h1|pso|r1|N20|c1,syn-logical_syntactic-repetitive-r1,logical_syntactic,repetitive,0,0,1690962082425471307,2026-10-01T05:41:38.456+00:00,completed,epsilon,True,True,True,True,,33.613438,39.01523899912718,37.628049998602364,1,48,0.46854772531455674,0.02008255859137359,182.2970269873054,,code,2-1-1-1-0-1-0-1,0.48863028390593033,False,1,batch,True,pso,20,1,swarm
oe3-ofat-pilot-v2,oe3,swarm|batch|bc0|h1|pso|r1|N20|c1,syn-logical_syntactic-repetitive-r2,logical_syntactic,repetitive,0,0,12298035747105259136,2026-10-01T05:41:38.495+00:00,completed,epsilon,True,True,True,True,,37.158049,46.12162800185615,44.75651300163008,1,45,0.48860682289608054,0.02008255859137359,145.37615500986317,,code,2-1-1-1-1-1-1-1,0.5086893814874541,False,1,batch,True,pso,20,1,swarm
oe3-ofat-pilot-v2,oe3,swarm|batch|bc0|h1|pso|r1|N20|c1,syn-logical_syntactic-repetitive-r3,logical_syntactic,repetitive,0,0,6665076571321463288,2026-10-01T05:41:38.541+00:00,completed,epsilon,True,True,True,True,,38.716092,47.420451999641955,46.04823499903432,3,47,0.48216814861223045,0.0,138.62327099856762,,code,2-0-1-0-1-1-0-1,0.48216814861223045,False,1,batch,True,pso,20,1,swarm
oe3-ofat-pilot-v2,oe3,swarm|batch|bc0|h1|pso|r1|N20|c1,syn-logical_syntactic-repetitive-r4,logical_syntactic,repetitive,0,0,3613547958009930106,2026-10-01T05:41:38.589+00:00,completed,epsilon,True,True,True,True,,35.068012,41.39109300012933,39.55003000010038,2,49,0.4154283128506681,0.028970245585525245,160.95620199280418,,code,2-1-1-1-0-1-0-1,0.44439855843619336,False,1,batch,True,pso,20,1,swarm
oe3-ofat-pilot-v2,oe3,swarm|batch|bc0|h1|pso|r1|N20|c1,syn-logical_syntactic-arrays_vectors-r0,logical_syntactic,arrays_vectors,0,0,14948705039163960895,2026-10-01T05:41:38.630+00:00,completed,epsilon,True,True,True,True,,28.082789,37.56503399927169,36.200173999532126,1,43,0.4856184373133194,0.02008255859137359,136.9887969878225,,code,2-1-1-1-0-0-1-1,0.505700995904693,False,1,batch,True,pso,20,1,swarm
oe3-ofat-pilot-v2,oe3,swarm|batch|bc0|h1|pso|r1|N20|c1,syn-logical_syntactic-arrays_vectors-r1,logical_syntactic,arrays_vectors,0,0,13327273701071249688,2026-10-01T05:41:38.667+00:00,completed,epsilon,True,True,True,True,,44.824004,54.14617900169105,52.542696001182776,2,53,0.47317793671230085,0.010866792799564984,181.32772599727838,,code,2-2-1-1-1-0-0-1,0.48404472951186583,False,1,batch,True,pso,20,1,swarm
oe3-ofat-pilot-v2,oe3,swarm|batch|bc0|h1|pso|r1|N20|c1,syn-logical_syntactic-arrays_vectors-r2,logical_syntactic,arrays_vectors,0,0,7678510444233138347,2026-10-01T05:41:38.722+00:00,completed,epsilon,True,True,True,True,,35.276812,44.26280299958307,42.669262998970225,1,51,0.49083089405366653,0.027874816274854664,197.56954899890624,,code,2-1-1-0-0-1-0-1,0.5187057103285212,False,1,batch,True,pso,20,1,swarm
oe3-ofat-pilot-v2,oe3,swarm|batch|bc0|h1|pso|r1|N20|c1,syn-logical_syntactic-arrays_vectors-r3,logical_syntactic,arrays_vectors,0,0,3475821061836782133,2026-10-01T05:41:38.766+00:00,completed,epsilon,True,True,True,True,,42.388852,54.385974999604514,52.031346000148915,2,50,0.5279095277556373,1.472828643489521e-07,186.94596698297383,,code,2-0-1-2-1-0-1-1,0.5279096750385016,False,1,batch,True,pso,20,1,swarm
oe3-ofat-pilot-v2,oe3,swarm|batch|bc0|h1|pso|r1|N20|c1,syn-logical_syntactic-arrays_vectors-r4,logical_syntactic,arrays_vectors,0,0,15069723113616053544,2026-10-01T05:41:38.820+00:00,completed,epsilon,True,True,True,True,,38.674712,48.05199199836352,46.57564400258707,2,48,0.4592948548206536,0.007792650437785986,182.61182200113987,,code,2-0-1-1-0-1-1-1,0.46708750525843956,False,1,batch,True,pso,20,1,swarm
oe3-ofat-pilot-v2,oe3,swarm|batch|bc0|h1|pso|r1|N20|c1,syn-logical_syntactic-functions-r0,logical_syntactic,functions,0,0,15105445333404857368,2026-10-01T05:41:38.868+00:00,completed,epsilon,True,True,True,True,,30.191646,38.075693999417126,36.73784899729071,1,45,0.4876998796280693,0.027875012652007147,143.8716329990349,,code,2-1-1-1-1-1-0-1,0.5155748922800765,False,1,batch,True,pso,20,1,swarm
oe3-ofat-pilot-v2,oe3,swarm|batch|bc0|h1|pso|r1|N20|c1,syn-logical_syntactic-functions-r1,logical_syntactic,functions,0,0,7545233351544256523,2026-10-01T05:41:38.906+00:00,completed,epsilon,True,True,True,True,,32.691034,41.80681499929051,40.08025499933865,1,50,0.4742120227778769,0.021023062154443717,174.5172350110817,,code,2-0-1-2-0-0-0-1,0.4952350849323206,False,1,batch,True,pso,20,1,swarm
oe3-ofat-pilot-v2,oe3,swarm|batch|bc0|h1|pso|r1|N20|c1,syn-logical_syntactic-functions-r2,logical_syntactic,functions,0,0,6130147880867857550,2026-10-01T05:41:38.948+00:00,completed,epsilon,True,True,True,True,,35.815034,45.16097899977467,43.693241001165006,1,51,0.4703323912858079,0.027875012652007147,175.86019499699003,,code,2-1-0-1-1-1-1-1,0.49820740393781504,False,1,batch,True,pso,20,1,swarm
oe3-ofat-pilot-v2,oe3,swarm|batch|bc0|h1|pso|r1|N20|c1,syn-logical_syntactic-functions-r3,logical_syntactic,functions,0,0,4820333934433401313,2026-10-01T05:41:38.993+00:00,completed,epsilon,True,True,True,True,,27.877064,36.61792300044908,35.22029899977497,1,48,0.46627757409622445,0.02008255859137359,161.34262599820863,,code,2-1-1-1-1-1-0-1,0.48636013268759803,False,1,batch,True,pso,20,1,swarm
oe3-ofat-pilot-v2,oe3,swarm|batch|bc0|h1|pso|r1|N20|c1,syn-logical_syntactic-functions-r4,logical_syntactic,functions,0,0,10275058418311301455,2026-10-01T05:41:39.030+00:00,completed,epsilon,True,True,True,True,,37.658908,43.34485099752783,41.94787500091479,3,50,0.44825847177744416,0.007792650437785986,163.50687800913303,,code,2-0-0-1-1-1-0-1,0.45605112221523014,False,1,batch,True,pso,20,1,swarm
oe3-ofat-pilot-v2,oe3,swarm|batch|bc0|h1|pso|r1|N20|c1,syn-explanatory_conceptual-sequential-r0,explanatory_conceptual,sequential,0,0,14947352377729861017,2026-10-01T05:41:39.073+00:00,completed,epsilon,True,True,True,True,,41.449563,49.13019900050131,47.64980099935201,4,51,0.467455645058524,0.0,192.50569899436096,,text,0-0-1-0-2-0-0-1,0.467455645058524,False,1,batch,True,pso,20,1,swarm
oe3-ofat-pilot-v2,oe3,swarm|batch|bc0|h1|pso|r1|N20|c1,syn-explanatory_conceptual-sequential-r1,explanatory_conceptual,sequential,0,0,3272787541859846898,2026-10-01T05:41:39.123+00:00,completed,epsilon,True,True,True,True,,29.924177,38.81535300024552,37.59542799889459,1,42,0.45267043074923324,0.006749225258040281,145.71392801174363,,text,0-1-0-1-2-1-0-1,0.4594196560072735,False,1,batch,True,pso,20,1,swarm
oe3-ofat-pilot-v2,oe3,swarm|batch|bc0|h1|pso|r1|N20|c1,syn-explanatory_conceptual-sequential-r2,explanatory_conceptual,sequential,0,0,7023970792698232399,2026-10-01T05:41:39.161+00:00,completed,epsilon,True,True,True,True,,46.943263,57.49142300192034,55.87332999857608,4,53,0.45488132858608143,0.007792797720650335,183.55372499958648,,text,1-0-1-2-2-1-1-1,0.46267412630673177,False,1,batch,True,pso,20,1,swarm
oe3-ofat-pilot-v2,oe3,swarm|batch|bc0|h1|pso|r1|N20|c1,syn-explanatory_conceptual-sequential-r3,explanatory_conceptual,sequential,0,0,15905282458092997945,2026-10-01T05:41:39.219+00:00,completed,epsilon,True,True,True,True,,35.402806,44.3880579987308,42.982951999874786,2,45,0.4489765705985682,1.9637715242826204e-07,145.00293100470554,,text,1-0-1-1-2-1-1-1,0.44897676697572064,False,1,batch,True,pso,20,1,swarm
oe3-ofat-pilot-v2,oe3,swarm|batch|bc0|h1|pso|r1|N20|c1,syn-explanatory_conceptual-sequential-r4,explanatory_conceptual,sequential,0,0,16212943396658008924,2026-10-01T05:41:39.263+00:00,completed,epsilon,True,True,True,True,,40.387089,49.312170998746296,47.79092700118781,3,50,0.45722945344337185,0.009273546497608254,187.46385399126146,,text,1-1-1-0-2-1-1-1,0.4665029999409801,False,1,batch,True,pso,20,1,swarm
oe3-ofat-pilot-v2,oe3,swarm|batch|bc0|h1|pso|r1|N20|c1,syn-explanatory_conceptual-conditional-r0,explanatory_conceptual,conditional,0,0,5916953307552671090,2026-10-01T05:41:39.313+00:00,completed,epsilon,True,True,True,True,,29.279378,35.110591001284774,33.819116000813665,1,43,0.487737317609176,0.007792650437786042,134.26157000337344,,code,2-1-1-1-2-1-1-1,0.49552996804696203,False,1,batch,True,pso,20,1,swarm
oe3-ofat-pilot-v2,oe3,swarm|batch|bc0|h1|pso|r1|N20|c1,syn-explanatory_conceptual-conditional-r1,explanatory_conceptual,conditional,0,0,18124705353368190302,2026-10-01T05:41:39.348+00:00,completed,epsilon,True,True,True,True,,32.542519,38.07753299770411,36.82554999977583,2,39,0.47520911893219114,0.0036547194033032526,118.905772002663,,text,1-1-1-1-2-1-1-1,0.4788638383354944,False,1,batch,True,pso,20,1,swarm
oe3-ofat-pilot-v2,oe3,swarm|batch|bc0|h1|pso|r1|N20|c1,syn-explanatory_conceptual-conditional-r2,explanatory_conceptual,conditional,0,0,1341896759769893857,2026-10-01T05:41:39.386+00:00,completed,epsilon,True,True,True,True,,27.767258,33.777376000216464,32.413583001471125,1,45,0.4825120796519577,0.007792650437786042,147.88367800202013,,diagram,1-1-2-1-2-1-1-1,0.49030473008974373,False,1,batch,True,pso,20,1,swarm
oe3-ofat-pilot-v2,oe3,swarm|batch|bc0|h1|pso|r1|N20|c1,syn-explanatory_conceptual-conditional-r3,explanatory_conceptual,conditional,0,0,11332394261640184133,2026-10-01T05:41:39.420+00:00,completed,epsilon,True,True,True,True,,36.657985,42.63559500031988,41.2147589995584,2,48,0.43096370532164535,0.0036547194033032526,155.63276701548887,,text,1-1-0-1-2-1-0-1,0.4346184247249486,False,1,batch,True,pso,20,1,swarm
oe3-ofat-pilot-v2,oe3,swarm|batch|bc0|h1|pso|r1|N20|c1,syn-explanatory_conceptual-conditional-r4,explanatory_conceptual,conditional,0,0,8670080275324173838,2026-10-01T05:41:39.462+00:00,completed,epsilon,True,True,True,True,,32.890334,38.78498300036881,37.270099001034396,2,50,0.45734345073001487,0.007792650437786042,169.5432979950052,,text,1-1-1-1-2-1-0-1,0.4651361011678009,False,1,batch,True,pso,20,1,swarm
oe3-ofat-pilot-v2,oe3,swarm|batch|bc0|h1|pso|r1|N20|c1,syn-explanatory_conceptual-repetitive-r0,explanatory_conceptual,repetitive,0,0,3237454591878846868,2026-10-01T05:41:39.501+00:00,completed,epsilon,True,True,True,True,,26.701242,32.757478998973966,31.40422300202772,1,44,0.43547017695048224,0.030711075187125847,146.6089239893922,,text,0-1-1-1-2-1-0-1,0.4661812521376081,False,1,batch,True,pso,20,1,swarm
oe3-ofat-pilot-v2,oe3,swarm|batch|bc0|h1|pso|r1|N20|c1,syn-explanatory_conceptual-repetitive-r1,explanatory_conceptual,repetitive,0,0,10148232421566165977,2026-10-01T05:41:39.534+00:00,completed,epsilon,True,True,True,True,,40.925787,46.82645099819638,45.36588699920685,2,48,0.5255407002055713,1.9637715242826204e-07,157.1635449939775,,text,1-0-1-1-2-1-1-1,0.5255408965827237,False,1,batch,True,pso,20,1,swarm
oe3-ofat-pilot-v2,oe3,swarm|batch|bc0|h1|pso|r1|N20|c1,syn-explanatory_conceptual-repetitive-r2,explanatory_conceptual,repetitive,0,0,10189736659373836677,2026-10-01T05:41:39.581+00:00,completed,epsilon,True,True,True,True,,28.243874,37.34031199928722,35.85803999885684,1,44,0.49088145414572526,0.0017991482131319847,137.3338559999681,,text,1-0-1-1-2-1-1-1,0.49268060235885724,False,1,batch,True,pso,20,1,swarm
oe3-ofat-pilot-v2,oe3,swarm|batch|bc0|h1|pso|r1|N20|c1,syn-explanatory_conceptual-repetitive-r3,explanatory_conceptual,repetitive,0,0,5679236231213962541,2026-10-01T05:41:39.618+00:00,completed,epsilon,True,True,True,True,,35.203457,41.430650002439506,39.947681998455664,2,48,0.47773671108267024,0.009947252053144284,143.9927430141115,,text,1-0-1-0-2-1-1-1,0.4876839631358145,False,1,batch,True,pso,20,1,swarm
oe3-ofat-pilot-v2,oe3,swarm|batch|bc0|h1|pso|r1|N20|c1,syn-explanatory_conceptual-repetitive-r4,explanatory_conceptual,repetitive,0,0,615434091092212846,2026-10-01T05:41:39.660+00:00,completed,epsilon,True,True,True,True,,31.043245,36.79382900008932,35.46683599779499,1,47,0.45405216601876935,0.02008255859137359,143.1969009938872,,text,1-1-0-1-2-1-1-1,0.47413472461014294,False,1,batch,True,pso,20,1,swarm
oe3-ofat-pilot-v2,oe3,swarm|batch|bc0|h1|pso|r1|N20|c1,syn-explanatory_conceptual-arrays_vectors-r0,explanatory_conceptual,arrays_vectors,0,0,8420274505294676143,2026-10-01T05:41:39.696+00:00,completed,epsilon,True,True,True,True,,29.588855,35.33840499949292,33.89473700008239,1,48,0.49778085910851905,0.027875012652007147,157.77893099197135,,text,1-1-1-1-2-1-0-1,0.5256558717605262,False,1,batch,True,pso,20,1,swarm
oe3-ofat-pilot-v2,oe3,swarm|batch|bc0|h1|pso|r1|N20|c1,syn-explanatory_conceptual-arrays_vectors-r1,explanatory_conceptual,arrays_vectors,0,0,11621185609108110648,2026-10-01T05:41:39.732+00:00,completed,epsilon,True,True,True,True,,29.789729,38.47137799675693,37.050552000437165,1,43,0.4615647597787113,0.028694684783154678,128.0968789993007,,text,0-1-0-1-2-1-1-1,0.490259444561866,False,1,batch,True,pso,20,1,swarm
oe3-ofat-pilot-v2,oe3,swarm|batch|bc0|h1|pso|r1|N20|c1,syn-explanatory_conceptual-arrays_vectors-r2,explanatory_conceptual,arrays_vectors,0,0,3616904053699891200,2026-10-01T05:41:39.770+00:00,completed,epsilon,True,True,True,True,,28.394567,34.25249200154212,32.83239400116145,1,45,0.5002467392530876,0.027875012652007203,165.12968500517428,,diagram,0-1-2-1-2-1-1-1,0.5281217519050948,False,1,batch,True,pso,20,1,swarm
oe3-ofat-pilot-v2,oe3,swarm|batch|bc0|h1|pso|r1|N20|c1,syn-explanatory_conceptual-arrays_vectors-r3,explanatory_conceptual,arrays_vectors,0,0,9640228565651749554,2026-10-01T05:41:39.804+00:00,completed,epsilon,True,True,True,True,,33.337318,39.73139799927594,38.27677199660684,1,43,0.4899428394838256,0.017498999281390593,144.77873700309212,,text,0-1-1-1-2-1-0-1,0.5074418387652162,False,1,batch,True,pso,20,1,swarm
oe3-ofat-pilot-v2,oe3,swarm|batch|bc0|h1|pso|r1|N20|c1,syn-explanatory_conceptual-arrays_vectors-r4,explanatory_conceptual,arrays_vectors,0,0,12383051168938743430,2026-10-01T05:41:39.844+00:00,completed,epsilon,True,True,True,True,,33.013624,38.73956600000383,37.48137500224402,2,41,0.5099955953246345,0.007792650437785986,131.6542630012887,,text,1-0-1-1-2-1-1-1,0.5177882457624204,False,1,batch,True,pso,20,1,swarm
oe3-ofat-pilot-v2,oe3,swarm|batch|bc0|h1|pso|r1|N20|c1,syn-explanatory_conceptual-functions-r0,explanatory_conceptual,functions,0,0,4847129841761666601,2026-10-01T05:41:39.883+00:00,completed,epsilon,True,True,True,True,,29.850157,38.44070999912219,37.13747700021486,1,43,0.4945698834876539,0.01617519995265254,134.0386650063694,,text,1-2-1-1-2-0-1-1,0.5107450834403064,False,1,batch,True,pso,20,1,swarm
oe3-ofat-pilot-v2,oe3,swarm|batch|bc0|h1|pso|r1|N20|c1,syn-explanatory_conceptual-functions-r1,explanatory_conceptual,functions,0,0,8968182148387190867,2026-10-01T05:41:39.921+00:00,completed,epsilon,True,True,True,True,,48.646129,60.838428002170986,59.23189800159889,4,49,0.4985151422574555,0.014907373379307698,177.43808698649477,,code,2-2-1-2-2-0-0-1,0.5134225156367632,False,1,batch,True,pso,20,1,swarm
oe3-ofat-pilot-v2,oe3,swarm|batch|bc0|h1|pso|r1|N20|c1,syn-explanatory_conceptual-functions-r2,explanatory_conceptual,functions,0,0,15850266999198055000,2026-10-01T05:41:39.982+00:00,completed,epsilon,True,True,True,True,,38.480358,44.4096039973374,43.015272000047844,3,51,0.4811703400530759,0.005038735019827212,156.2348170069773,,text,1-0-1-1-2-1-0-1,0.4862090750729031,False,1,batch,True,pso,20,1,swarm
oe3-ofat-pilot-v2,oe3,swarm|batch|bc0|h1|pso|r1|N20|c1,syn-explanatory_conceptual-functions-r3,explanatory_conceptual,functions,0,0,15409255459732107106,2026-10-01T05:41:40.027+00:00,completed,epsilon,True,True,True,True,,29.271508,34.973148998687975,33.57656099979067,1,46,0.49777727535266225,0.007792650437785986,162.61871199597158,,text,1-0-1-1-2-1-1-1,0.5055699257904482,False,1,batch,True,pso,20,1,swarm
oe3-ofat-pilot-v2,oe3,swarm|batch|bc0|h1|pso|r1|N20|c1,syn-explanatory_conceptual-functions-r4,explanatory_conceptual,functions,0,0,13584105466744503536,2026-10-01T05:41:40.062+00:00,completed,epsilon,True,True,True,True,,34.656769,43.51654800120741,41.84934299701126,2,46,0.4919079769589474,0.007792454060633558,134.4729620039905,,text,1-0-1-0-2-1-1-1,0.49970043101958095,False,1,batch,True,pso,20,1,swarm
oe3-ofat-pilot-v2,oe3,swarm|batch|bc0|h1|pso|r1|N20|c1,syn-balanced_multimodal-sequential-r0,balanced_multimodal,sequential,0,0,12829628287881295465,2026-10-01T05:41:40.105+00:00,completed,epsilon,True,True,True,True,,39.30206,47.17947499739239,45.722958999249386,2,50,0.4948649211252828,1.9637715242826204e-07,196.28192501118295,,diagram,1-0-2-1-1-1-1-1,0.4948651175024352,False,1,batch,True,pso,20,1,swarm
oe3-ofat-pilot-v2,oe3,swarm|batch|bc0|h1|pso|r1|N20|c1,syn-balanced_multimodal-sequential-r1,balanced_multimodal,sequential,0,0,15851898587384579384,2026-10-01T05:41:40.152+00:00,completed,epsilon,True,True,True,True,,33.769417,39.658040997892385,38.091300000814954,1,51,0.46254329609296624,0.023319774530693393,203.4569839939307,,diagram,1-1-2-1-1-1-1-1,0.48586307062365963,False,1,batch,True,pso,20,1,swarm
oe3-ofat-pilot-v2,oe3,swarm|batch|bc0|h1|pso|r1|N20|c1,syn-balanced_multimodal-sequential-r2,balanced_multimodal,sequential,0,0,9812259528755781404,2026-10-01T05:41:40.192+00:00,completed,epsilon,True,True,True,True,,34.427941,42.581194000376854,41.1259569991671,2,48,0.5195512786534427,1.9637715242826204e-07,162.1163080008231,,code,2-0-1-1-1-1-1-1,0.5195514750305952,False,1,batch,True,pso,20,1,swarm
oe3-ofat-pilot-v2,oe3,swarm|batch|bc0|h1|pso|r1|N20|c1,syn-balanced_multimodal-sequential-r3,balanced_multimodal,sequential,0,0,17396203175820366605,2026-10-01T05:41:40.235+00:00,completed,epsilon,True,True,True,True,,42.731569,51.145436002116185,49.716451998392586,3,48,0.5055952816994697,0.0,179.1675670146026,,text,1-0-1-0-2-1-1-1,0.5055952816994697,False,1,batch,True,pso,20,1,swarm
oe3-ofat-pilot-v2,oe3,swarm|batch|bc0|h1|pso|r1|N20|c1,syn-balanced_multimodal-sequential-r4,balanced_multimodal,sequential,0,0,16072189927809315852,2026-10-01T05:41:40.286+00:00,completed,epsilon,True,True,True,True,,39.923785,49.301777999062324,47.76384499928099,3,50,0.4997105397388589,0.006721039910257187,179.48905500066596,,code,2-2-2-1-2-1-2-1,0.5064315796491161,False,1,batch,True,pso,20,1,swarm
oe3-ofat-pilot-v2,oe3,swarm|batch|bc0|h1|pso|r1|N20|c1,syn-balanced_multimodal-conditional-r0,balanced_multimodal,conditional,0,0,9492171042143771967,2026-10-01T05:41:40.335+00:00,completed,epsilon,True,True,True,True,,34.188876,39.59580400260165,38.27861800164101,1,46,0.48780502665661635,0.0036547194033032526,167.9905549947428,,code,2-1-1-1-1-1-1-1,0.4914597460599196,False,1,batch,True,pso,20,1,swarm
oe3-ofat-pilot-v2,oe3,swarm|batch|bc0|h1|pso|r1|N20|c1,syn-balanced_multimodal-conditional-r1,balanced_multimodal,conditional,0,0,12567349465944861023,2026-10-01T05:41:40.375+00:00,completed,epsilon,True,True,True,True,,29.209072,35.15242300272803,33.78776599856792,1,44,0.4988095313719645,0.0,159.39698801163883,,code,1-1-1-0-1-0-1-1,0.4988095313719645,False,1,batch,True,pso,20,1,swarm
oe3-ofat-pilot-v2,oe3,swarm|batch|bc0|h1|pso|r1|N20|c1,syn-balanced_multimodal-conditional-r2,balanced_multimodal,conditional,0,0,4742918314447581142,2026-10-01T05:41:40.410+00:00,completed,epsilon,True,True,True,True,,29.343486,35.484430998621974,34.09916899909149,1,44,0.4784409614577118,0.02094032221573877,145.62292301156575,,code,2-1-1-1-2-1-2-1,0.4993812836734506,False,1,batch,True,pso,20,1,swarm
oe3-ofat-pilot-v2,oe3,swarm|batch|bc0|h1|pso|r1|N20|c1,syn-balanced_multimodal-conditional-r3,balanced_multimodal,conditional,0,0,11394639668150330671,2026-10-01T05:41:40.445+00:00,completed,epsilon,True,True,True,True,,24.373588,29.86341500218259,28.55668100164621,1,43,0.4637423303052723,0.007792650437786042,141.78708000317673,,text,1-1-1-1-2-1-1-1,0.47153498074305833,False,1,batch,True,pso,20,1,swarm
oe3-ofat-pilot-v2,oe3,swarm|batch|bc0|h1|pso|r1|N20|c1,syn-balanced_multimodal-conditional-r4,balanced_multimodal,conditional,0,0,2277667993778051270,2026-10-01T05:41:40.475+00:00,completed,epsilon,True,True,True,True,,36.035584,44.27006799960509,42.920529002003605,3,46,0.4970117057765307,1.963771524837732e-07,131.00642899008005,,code,2-1-1-1-2-0-2-1,0.4970119021536832,False,1,batch,True,pso,20,1,swarm
oe3-ofat-pilot-v2,oe3,swarm|batch|bc0|h1|pso|r1|N20|c1,syn-balanced_multimodal-repetitive-r0,balanced_multimodal,repetitive,0,0,3839617547738254315,2026-10-01T05:41:40.519+00:00,completed,epsilon,True,True,True,True,,35.575809,41.35563700037892,39.994642000237945,1,47,0.5383161833171735,0.020082558591373534,142.90354199995113,,code,2-1-1-1-1-1-2-1,0.558398741908547,False,1,batch,True,pso,20,1,swarm
oe3-ofat-pilot-v2,oe3,swarm|batch|bc0|h1|pso|r1|N20|c1,syn-balanced_multimodal-repetitive-r1,balanced_multimodal,repetitive,0,0,2659073220867155690,2026-10-01T05:41:40.561+00:00,completed,epsilon,True,True,True,True,,35.357025,41.13557700111414,39.699623001069995,2,48,0.5300479510764751,1.9637715242826204e-07,149.72559000426818,,code,2-0-2-1-2-1-1-1,0.5300481474536275,False,1,batch,True,pso,20,1,swarm
oe3-ofat-pilot-v2,oe3,swarm|batch|bc0|h1|pso|r1|N20|c1,syn-balanced_multimodal-repetitive-r2,balanced_multimodal,repetitive,0,0,12027688066564710874,2026-10-01T05:41:40.602+00:00,completed,epsilon,True,True,True,True,,31.069625,36.53081599986763,35.130511001625564,1,43,0.48695008664679024,0.02008255859137359,160.26757599637455,,code,2-1-2-1-1-1-2-1,0.5070326452381638,False,1,batch,True,pso,20,1,swarm
oe3-ofat-pilot-v2,oe3,swarm|batch|bc0|h1|pso|r1|N20|c1,syn-balanced_multimodal-repetitive-r3,balanced_multimodal,repetitive,0,0,10665835498416014906,2026-10-01T05:41:40.639+00:00,completed,epsilon,True,True,True,True,,31.060662,40.11413300031563,38.77949000161607,1,43,0.4984038111225635,0.020082362214221106,150.93079399631654,,diagram,1-1-2-0-2-1-1-1,0.5184861733367846,False,1,batch,True,pso,20,1,swarm
oe3-ofat-pilot-v2,oe3,swarm|batch|bc0|h1|pso|r1|N20|c1,syn-balanced_multimodal-repetitive-r4,balanced_multimodal,repetitive,0,0,16842203000296662102,2026-10-01T05:41:40.679+00:00,completed,epsilon,True,True,True,True,,33.102716,39.04001800037804,37.66638599699945,1,42,0.5354470399519666,0.020082558591373645,133.34352000298725,,code,2-1-1-1-1-1-2-1,0.5555295985433403,False,1,batch,True,pso,20,1,swarm
oe3-ofat-pilot-v2,oe3,swarm|batch|bc0|h1|pso|r1|N20|c1,syn-balanced_multimodal-arrays_vectors-r0,balanced_multimodal,arrays_vectors,0,0,8202019099685287209,2026-10-01T05:41:40.718+00:00,completed,epsilon,True,True,True,True,,35.976143,43.63785699752043,42.22700600075768,2,50,0.5214552573504015,0.007792454060633558,127.47527798580316,,code,2-0-1-0-2-1-1-1,0.5292477114110351,False,1,batch,True,pso,20,1,swarm
oe3-ofat-pilot-v2,oe3,swarm|batch|bc0|h1|pso|r1|N20|c1,syn-balanced_multimodal-arrays_vectors-r1,balanced_multimodal,arrays_vectors,0,0,1557390382835702406,2026-10-01T05:41:40.761+00:00,completed,epsilon,True,True,True,True,,28.738761,37.013535998994485,35.52671599754831,1,48,0.5096115026932262,0.01001413080874669,161.70659799037298,,code,1-0-1-1-1-1-1-1,0.5196256335019729,False,1,batch,True,pso,20,1,swarm
oe3-ofat-pilot-v2,oe3,swarm|batch|bc0|h1|pso|r1|N20|c1,syn-balanced_multimodal-arrays_vectors-r2,balanced_multimodal,arrays_vectors,0,0,1551228789342824201,2026-10-01T05:41:40.798+00:00,completed,epsilon,True,True,True,True,,31.082464,37.269225002091844,35.81093499815324,1,45,0.5207081594293232,0.027875012652007092,142.73285300669227,,text,1-1-1-1-2-1-1-1,0.5485831720813303,False,1,batch,True,pso,20,1,swarm
oe3-ofat-pilot-v2,oe3,swarm|batch|bc0|h1|pso|r1|N20|c1,syn-balanced_multimodal-arrays_vectors-r3,balanced_multimodal,arrays_vectors,0,0,11908930478528390133,2026-10-01T05:41:40.836+00:00,completed,epsilon,True,True,True,True,,40.102716,48.399048999272054,46.815891000733245,2,50,0.5326887851156756,0.019041613531884827,162.83538099535764,,code,1-0-1-1-1-0-1-1,0.5517303986475605,False,1,batch,True,pso,20,1,swarm
oe3-ofat-pilot-v2,oe3,swarm|batch|bc0|h1|pso|r1|N20|c1,syn-balanced_multimodal-arrays_vectors-r4,balanced_multimodal,arrays_vectors,0,0,7080146454937735062,2026-10-01T05:41:40.884+00:00,completed,epsilon,True,True,True,True,,26.356895,32.509434000530746,30.953138000768377,1,45,0.5231764212501887,0.0034158919247068154,132.05270298340596,,code,2-1-1-1-1-0-1-1,0.5265923131748955,False,1,batch,True,pso,20,1,swarm
oe3-ofat-pilot-v2,oe3,swarm|batch|bc0|h1|pso|r1|N20|c1,syn-balanced_multimodal-functions-r0,balanced_multimodal,functions,0,0,2933908082685948832,2026-10-01T05:41:40.917+00:00,completed,epsilon,True,True,True,True,,38.16888,47.96698399877641,46.32743700130959,2,48,0.5082813071929754,0.022699680157076907,154.34956399980214,,code,2-2-2-1-1-1-1-1,0.5309809873500523,False,1,batch,True,pso,20,1,swarm
oe3-ofat-pilot-v2,oe3,swarm|batch|bc0|h1|pso|r1|N20|c1,syn-balanced_multimodal-functions-r1,balanced_multimodal,functions,0,0,368220290834284782,2026-10-01T05:41:40.965+00:00,completed,epsilon,True,True,True,True,,25.068184,30.38407699932577,29.111458999977913,1,45,0.4917724457549157,0.02008255859137359,144.8585429969156,,code,2-1-1-1-1-1-2-1,0.5118550043462893,False,1,batch,True,pso,20,1,swarm
oe3-ofat-pilot-v2,oe3,swarm|batch|bc0|h1|pso|r1|N20|c1,syn-balanced_multimodal-functions-r2,balanced_multimodal,functions,0,0,8673480799685267205,2026-10-01T05:41:40.995+00:00,completed,epsilon,True,True,True,True,,42.78162,51.213927999924636,49.422792999394005,3,51,0.5181875250450265,0.0,160.4583130047916,,code,2-0-1-0-1-0-1-1,0.5181875250450265,False,1,batch,True,pso,20,1,swarm
oe3-ofat-pilot-v2,oe3,swarm|batch|bc0|h1|pso|r1|N20|c1,syn-balanced_multimodal-functions-r3,balanced_multimodal,functions,0,0,18228905326412579013,2026-10-01T05:41:41.046+00:00,completed,epsilon,True,True,True,True,,29.428484,37.80813600315014,36.343464998935815,1,49,0.489537761565406,0.027875012652007147,170.8135699871121,,diagram,1-1-2-1-2-1-1-1,0.5174127742174132,False,1,batch,True,pso,20,1,swarm
oe3-ofat-pilot-v2,oe3,swarm|batch|bc0|h1|pso|r1|N20|c1,syn-balanced_multimodal-functions-r4,balanced_multimodal,functions,0,0,4683180797726806680,2026-10-01T05:41:41.084+00:00,completed,epsilon,True,True,True,True,,37.006119,42.5698779981758,41.22814299989841,2,45,0.4810101863870243,0.022699680157077018,153.90650101184713,,diagram,1-2-2-1-1-1-1-1,0.5037098665441013,False,1,batch,True,pso,20,1,swarm
oe3-ofat-pilot-v2,oe3,swarm|batch|bc0|h1|pso|r1|N20|c1,syn-visual_dominant-sequential-r0,visual_dominant,sequential,1,0,3334967381364256590,2026-10-01T05:41:41.127+00:00,completed,epsilon,True,True,True,True,,32.3146,40.56347900041146,39.18069599967566,2,42,0.4747507119144429,0.0010553553645042402,130.77168899643812,,diagram,1-0-2-1-1-1-0-0,0.47580606727894714,False,1,batch,True,pso,20,1,swarm
oe3-ofat-pilot-v2,oe3,swarm|batch|bc0|h1|pso|r1|N20|c1,syn-visual_dominant-sequential-r1,visual_dominant,sequential,1,0,14463353593492607384,2026-10-01T05:41:41.167+00:00,completed,epsilon,True,True,True,True,,30.469406,36.03539100004127,34.68039100334863,1,45,0.44878503224528293,0.02008255859137359,164.40638099224952,,diagram,1-1-2-1-0-1-1-1,0.4688675908366565,False,1,batch,True,pso,20,1,swarm
oe3-ofat-pilot-v2,oe3,swarm|batch|bc0|h1|pso|r1|N20|c1,syn-visual_dominant-sequential-r2,visual_dominant,sequential,1,0,1449473017236341336,2026-10-01T05:41:41.203+00:00,completed,epsilon,True,True,True,True,,28.088512,33.78761400017538,32.3649559977639,1,50,0.43325366196641485,0.03524242282272433,174.4101950089884,,diagram,0-1-2-1-0-1-0-1,0.4684960847891392,False,1,batch,True,pso,20,1,swarm
oe3-ofat-pilot-v2,oe3,swarm|batch|bc0|h1|pso|r1|N20|c1,syn-visual_dominant-sequential-r3,visual_dominant,sequential,1,0,11784465089289360140,2026-10-01T05:41:41.237+00:00,completed,epsilon,True,True,True,True,,34.70629,40.83144900141633,39.20054799891659,2,51,0.49689284274488765,1.9637715242826204e-07,180.94657399184234,,diagram,1-0-2-1-0-1-1-1,0.4968930391220401,False,1,batch,True,pso,20,1,swarm
oe3-ofat-pilot-v2,oe3,swarm|batch|bc0|h1|pso|r1|N20|c1,syn-visual_dominant-sequential-r4,visual_dominant,sequential,1,0,9843101576308061791,2026-10-01T05:41:41.278+00:00,completed,epsilon,True,True,True,True,,30.242695,40.87430499930633,39.50815800271812,1,45,0.44621475259761745,0.0077761988976089436,140.53203702152905,,diagram,1-2-2-1-1-1-0-0,0.4539909514952264,False,1,batch,True,pso,20,1,swarm
oe3-ofat-pilot-v2,oe3,swarm|batch|bc0|h1|pso|r1|N20|c1,syn-visual_dominant-conditional-r0,visual_dominant,conditional,1,0,399204953024597195,2026-10-01T05:41:41.319+00:00,completed,epsilon,True,True,True,True,,29.495036,35.37721400061855,34.00614799829782,1,48,0.4683786250362893,0.007792650437786042,180.8441439865656,,diagram,1-1-2-1-0-1-0-1,0.47617127547407534,False,1,batch,True,pso,20,1,swarm
oe3-ofat-pilot-v2,oe3,swarm|batch|bc0|h1|pso|r1|N20|c1,syn-visual_dominant-conditional-r1,visual_dominant,conditional,1,0,7224635709434446062,2026-10-01T05:41:41.354+00:00,completed,epsilon,True,True,True,True,,34.820576,41.22747000292293,39.35108700170531,2,51,0.43347702875536903,0.0036547194033032526,188.79080898221815,,diagram,1-1-2-1-0-1-0-1,0.4371317481586723,False,1,batch,True,pso,20,1,swarm
oe3-ofat-pilot-v2,oe3,swarm|batch|bc0|h1|pso|r1|N20|c1,syn-visual_dominant-conditional-r2,visual_dominant,conditional,1,0,12837783749454387842,2026-10-01T05:41:41.395+00:00,completed,epsilon,True,True,True,True,,38.89743,48.580946000583936,47.14558999694418,3,49,0.4757631054163088,3.436600168327253e-07,140.86299101094602,,code,2-1-2-2-1-0-1-1,0.4757634490763256,False,1,batch,True,pso,20,1,swarm
oe3-ofat-pilot-v2,oe3,swarm|batch|bc0|h1|pso|r1|N20|c1,syn-visual_dominant-conditional-r3,visual_dominant,conditional,1,0,1552749880042890602,2026-10-01T05:41:41.444+00:00,completed,epsilon,True,True,True,True,,49.197821,57.79754600007436,56.230119000247214,3,53,0.45741192371591466,0.0,176.35844201950044,,diagram,1-1-2-0-0-0-1-1,0.45741192371591466,False,1,batch,True,pso,20,1,swarm
oe3-ofat-pilot-v2,oe3,swarm|batch|bc0|h1|pso|r1|N20|c1,syn-visual_dominant-conditional-r4,visual_dominant,conditional,1,0,6016564164395138588,2026-10-01T05:41:41.502+00:00,completed,epsilon,True,True,True,True,,33.301255,38.99641700263601,37.64629500074079,2,47,0.44865674501612823,1.963771524837732e-07,142.54274100875682,,diagram,1-1-2-1-1-0-0-1,0.4486569413932807,False,1,batch,True,pso,20,1,swarm
oe3-ofat-pilot-v2,oe3,swarm|batch|bc0|h1|pso|r1|N20|c1,syn-visual_dominant-repetitive-r0,visual_dominant,repetitive,1,0,388248794542993201,2026-10-01T05:41:41.541+00:00,completed,epsilon,True,True,True,True,,35.178965,40.894974998082034,39.50735499893199,2,48,0.4900640634881811,1.9637715242826204e-07,126.1486710083729,,diagram,1-0-2-1-1-1-0-1,0.49006425986533353,False,1,batch,True,pso,20,1,swarm
oe3-ofat-pilot-v2,oe3,swarm|batch|bc0|h1|pso|r1|N20|c1,syn-visual_dominant-repetitive-r1,visual_dominant,repetitive,1,0,6429826071426475855,2026-10-01T05:41:41.582+00:00,completed,epsilon,True,True,True,True,,30.803651,37.12054599964176,35.57398200064199,2,43,0.47132853097575106,0.02008255859137359,127.27836798470476,,code,2-1-2-1-1-1-1-1,0.49141108956712465,False,1,batch,True,pso,20,1,swarm
oe3-ofat-pilot-v2,oe3,swarm|batch|bc0|h1|pso|r1|N20|c1,syn-visual_dominant-repetitive-r2,visual_dominant,repetitive,1,0,681915851494163713,2026-10-01T05:41:41.619+00:00,completed,epsilon,True,True,True,True,,37.041188,44.76186200190568,43.14127399993595,1,46,0.4973688479790045,0.020082362214221106,205.93970599821017,,code,2-1-2-0-1-1-0-1,0.5174512101932256,False,1,batch,True,pso,20,1,swarm
oe3-ofat-pilot-v2,oe3,swarm|batch|bc0|h1|pso|r1|N20|c1,syn-visual_dominant-repetitive-r3,visual_dominant,repetitive,1,0,9442719100814584237,2026-10-01T05:41:41.664+00:00,completed,epsilon,True,True,True,True,,37.360279,46.76284600282088,45.29436599841574,2,43,0.5053301087599773,0.0,150.20684298343838,,diagram,1-0-2-0-0-1-0-1,0.5053301087599773,False,1,batch,True,pso,20,1,swarm
oe3-ofat-pilot-v2,oe3,swarm|batch|bc0|h1|pso|r1|N20|c1,syn-visual_dominant-repetitive-r4,visual_dominant,repetitive,1,0,13949056110443868569,2026-10-01T05:41:41.710+00:00,completed,epsilon,True,True,True,True,,40.515727,46.30207800073549,45.007565000560135,4,45,0.46760730899554137,1.9637715242826204e-07,123.13946901094087,,diagram,1-0-2-1-0-1-0-1,0.4676075053726938,False,1,batch,True,pso,20,1,swarm
oe3-ofat-pilot-v2,oe3,swarm|batch|bc0|h1|pso|r1|N20|c1,syn-visual_dominant-arrays_vectors-r0,visual_dominant,arrays_vectors,1,0,2917865247295538106,2026-10-01T05:41:41.757+00:00,completed,epsilon,True,True,True,True,,32.615019,38.38932099824888,36.98787400207948,1,51,0.46105976353153516,0.027875012652007147,254.89792099468542,,diagram,1-1-2-1-0-1-0-1,0.4889347761835423,False,1,batch,True,pso,20,1,swarm
oe3-ofat-pilot-v2,oe3,swarm|batch|bc0|h1|pso|r1|N20|c1,syn-visual_dominant-arrays_vectors-r1,visual_dominant,arrays_vectors,1,0,5722646615589724131,2026-10-01T05:41:41.795+00:00,completed,epsilon,True,True,True,True,,32.22768,39.65808800057857,38.2978669986187,1,45,0.448934361287075,0.004258245401240313,133.3073859907983,,diagram,1-0-2-1-1-0-1-0,0.4531926066883153,False,1,batch,True,pso,20,1,swarm
oe3-ofat-pilot-v2,oe3,swarm|batch|bc0|h1|pso|r1|N20|c1,syn-visual_dominant-arrays_vectors-r2,visual_dominant,arrays_vectors,1,0,7131356553039093964,2026-10-01T05:41:41.835+00:00,completed,epsilon,True,True,True,True,,35.513645,43.87804399812012,42.44657500021276,3,43,0.5140420274407931,0.007792454060633558,138.56933099737446,,diagram,1-0-2-0-1-1-1-1,0.5218344815014266,False,1,batch,True,pso,20,1,swarm
oe3-ofat-pilot-v2,oe3,swarm|batch|bc0|h1|pso|r1|N20|c1,syn-visual_dominant-arrays_vectors-r3,visual_dominant,arrays_vectors,1,0,9708572912594749697,2026-10-01T05:41:41.879+00:00,completed,epsilon,True,True,True,True,,34.396997,43.032225003116764,41.61359299905598,1,49,0.5179109459939615,0.01002641009046179,165.9924819823318,,diagram,0-1-2-1-1-0-0-0,0.5279373560844233,False,1,batch,True,pso,20,1,swarm
oe3-ofat-pilot-v2,oe3,swarm|batch|bc0|h1|pso|r1|N20|c1,syn-visual_dominant-arrays_vectors-r4,visual_dominant,arrays_vectors,1,0,8051371913516571402,2026-10-01T05:41:41.922+00:00,completed,epsilon,True,True,True,True,,26.19912,33.46373699969263,32.23132800121675,1,40,0.48288447505901916,0.014696718078363646,111.35972498977651,,diagram,1-1-2-1-1-1-0-1,0.4975811931373828,False,1,batch,True,pso,20,1,swarm
oe3-ofat-pilot-v2,oe3,swarm|batch|bc0|h1|pso|r1|N20|c1,syn-visual_dominant-functions-r0,visual_dominant,functions,1,0,16135236781280778921,2026-10-01T05:41:41.955+00:00,completed,epsilon,True,True,True,True,,36.261766,42.328873998485506,40.77336300179013,2,50,0.4977881257361313,1.9637715242826204e-07,186.4963529871805,,diagram,1-0-2-1-1-1-0-1,0.4977883221132837,False,1,batch,True,pso,20,1,swarm
oe3-ofat-pilot-v2,oe3,swarm|batch|bc0|h1|pso|r1|N20|c1,syn-visual_dominant-functions-r1,visual_dominant,functions,1,0,11881822526199768276,2026-10-01T05:41:41.998+00:00,completed,epsilon,True,True,True,True,,32.208645,37.80332200039993,36.482834999333136,2,47,0.4941057150421845,0.007792650437785986,153.54015300940554,,code,2-0-2-1-1-1-0-1,0.5018983654799705,False,1,batch,True,pso,20,1,swarm
oe3-ofat-pilot-v2,oe3,swarm|batch|bc0|h1|pso|r1|N20|c1,syn-visual_dominant-functions-r2,visual_dominant,functions,1,0,8281290246287181489,2026-10-01T05:41:42.035+00:00,completed,epsilon,True,True,True,True,,43.33981,48.76538099779282,47.323942999355495,4,51,0.471376010746655,1.9637715242826204e-07,126.4258630108647,,diagram,1-0-2-1-1-0-1-1,0.47137620712380746,False,1,batch,True,pso,20,1,swarm
oe3-ofat-pilot-v2,oe3,swarm|batch|bc0|h1|pso|r1|N20|c1,syn-visual_dominant-functions-r3,visual_dominant,functions,1,0,11110122146323643609,2026-10-01T05:41:42.084+00:00,completed,epsilon,True,True,True,True,,43.999601,52.36876400158508,50.92626500118058,3,48,0.46752807932785406,0.012907029719290863,181.39032501347077,,diagram,1-2-2-0-0-0-1-1,0.4804351090471449,False,1,batch,True,pso,20,1,swarm
oe3-ofat-pilot-v2,oe3,swarm|batch|bc0|h1|pso|r1|N20|c1,syn-visual_dominant-functions-r4,visual_dominant,functions,1,0,3086301632103932787,2026-10-01T05:41:42.137+00:00,completed,epsilon,True,True,True,True,,30.00113,35.748317997786216,34.459237998817116,2,43,0.48282466482518693,0.019803777820581292,110.30882400017157,,code,2-2-2-1-1-1-1-1,0.5026284426457682,False,1,batch,True,pso,20,1,swarm
oe3-ofat-pilot-v2,oe3,swarm|batch|bc0|h1|pso|r1|N20|c1,syn-logical_syntactic-sequential-r0,logical_syntactic,sequential,1,0,7251352304488983451,2026-10-01T05:41:42.172+00:00,completed,epsilon,True,True,True,True,,35.74421,43.98849100107327,42.53290100314189,1,51,0.4761348237523099,0.02008255859137359,167.69708100512474,,code,2-1-1-1-0-1-0-1,0.4962173823436835,False,1,batch,True,pso,20,1,swarm
oe3-ofat-pilot-v2,oe3,swarm|batch|bc0|h1|pso|r1|N20|c1,syn-logical_syntactic-sequential-r1,logical_syntactic,sequential,1,0,12053108598153308178,2026-10-01T05:41:42.216+00:00,completed,epsilon,True,True,True,True,,40.313145,48.55551099899458,47.16736699992907,4,45,0.4825461654414688,1.9637715242826204e-07,119.84896299925462,,code,2-0-1-1-1-1-0-1,0.4825463618186212,False,1,batch,True,pso,20,1,swarm
oe3-ofat-pilot-v2,oe3,swarm|batch|bc0|h1|pso|r1|N20|c1,syn-logical_syntactic-sequential-r2,logical_syntactic,sequential,1,0,16364623137167520195,2026-10-01T05:41:42.265+00:00,completed,epsilon,True,True,True,True,,27.288852,33.05441699922085,31.62035300192656,1,45,0.5052479809084092,0.0034158919247069264,138.3190499976743,,code,2-1-0-1-1-1-1-1,0.5086638728331161,False,1,batch,True,pso,20,1,swarm
oe3-ofat-pilot-v2,oe3,swarm|batch|bc0|h1|pso|r1|N20|c1,syn-logical_syntactic-sequential-r3,logical_syntactic,sequential,1,0,14054898920044902309,2026-10-01T05:41:42.298+00:00,completed,epsilon,True,True,True,True,,34.184035,40.484625002136454,38.82423999675666,2,48,0.47454039043400664,1.9637715242826204e-07,174.88267301614638,,code,2-0-1-1-1-1-0-1,0.47454058681115907,False,1,batch,True,pso,20,1,swarm
oe3-ofat-pilot-v2,oe3,swarm|batch|bc0|h1|pso|r1|N20|c1,syn-logical_syntactic-sequential-r4,logical_syntactic,sequential,1,0,13156865779355580401,2026-10-01T05:41:42.338+00:00,completed,epsilon,True,True,True,True,,33.933815,42.90798700094456,41.412902999582,1,50,0.4768785814363051,0.019509201575559354,182.0474979961932,,code,2-0-1-1-1-1-1-1,0.4963877830118645,False,1,batch,True,pso,20,1,swarm
oe3-ofat-pilot-v2,oe3,swarm|batch|bc0|h1|pso|r1|N20|c1,syn-logical_syntactic-conditional-r0,logical_syntactic,conditional,1,0,11414306351426817161,2026-10-01T05:41:42.381+00:00,completed,epsilon,True,True,True,True,,35.258032,41.27721499753534,39.656756998738274,1,53,0.4552124341978106,0.0036547194033032526,212.99175498955978,,code,2-1-1-1-0-1-0-1,0.45886715360111385,False,1,batch,True,pso,20,1,swarm
oe3-ofat-pilot-v2,oe3,swarm|batch|bc0|h1|pso|r1|N20|c1,syn-logical_syntactic-conditional-r1,logical_syntactic,conditional,1,0,7856604676471064028,2026-10-01T05:41:42.423+00:00,completed,epsilon,True,True,True,True,,42.715943,48.589009002171224,47.071927998331375,3,53,0.45182436159096645,1.963771524837732e-07,171.51217300340332,,code,2-1-1-1-0-0-0-1,0.45182455796811893,False,1,batch,True,pso,20,1,swarm
oe3-ofat-pilot-v2,oe3,swarm|batch|bc0|h1|pso|r1|N20|c1,syn-logical_syntactic-conditional-r2,logical_syntactic,conditional,1,0,3752771868888662993,2026-10-01T05:41:42.471+00:00,completed,epsilon,True,True,True,True,,34.386529,40.104251998855034,38.699216001987224,1,47,0.4631068467146388,0.0036547194033032526,152.92890401553902,,code,2-1-1-1-0-1-1-1,0.46676156611794206,False,1,batch,True,pso,20,1,swarm
oe3-ofat-pilot-v2,oe3,swarm|batch|bc0|h1|pso|r1|N20|c1,syn-logical_syntactic-conditional-r3,logical_syntactic,conditional,1,0,2424363617272683664,2026-10-01T05:41:42.511+00:00,completed,epsilon,True,True,True,True,,26.12966,31.52517000125954,30.27711400136468,1,43,0.46926591844681625,1.963771524837732e-07,128.1717659986594,,code,2-1-1-1-0-0-0-1,0.46926611482396874,False,1,batch,True,pso,20,1,swarm
oe3-ofat-pilot-v2,oe3,swarm|batch|bc0|h1|pso|r1|N20|c1,syn-logical_syntactic-conditional-r4,logical_syntactic,conditional,1,0,10671629074959594599,2026-10-01T05:41:42.543+00:00,completed,epsilon,True,True,True,True,,27.189616,32.59271499700844,31.388679999508895,1,41,0.4839345737065493,0.0036547194033032526,138.63443701980086,,code,2-1-1-1-1-1-1-1,0.48758929310985255,False,1,batch,True,pso,20,1,swarm
oe3-ofat-pilot-v2,oe3,swarm|batch|bc0|h1|pso|r1|N20|c1,syn-logical_syntactic-repetitive-r0,logical_syntactic,repetitive,1,0,15966723904431689505,2026-10-01T05:41:42.575+00:00,completed,epsilon,True,True,True,True,,30.344235,36.15019800054142,34.747065998089965,1,48,0.45068774937313677,0.02008255859137359,154.96989300715438,,code,2-1-2-1-0-1-1-1,0.47077030796451036,False,1,batch,True,pso,20,1,swarm
oe3-ofat-pilot-v2,oe3,swarm|batch|bc0|h1|pso|r1|N20|c1,syn-logical_syntactic-repetitive-r1,logical_syntactic,repetitive,1,0,3470008616984474820,2026-10-01T05:41:42.612+00:00,completed,epsilon,True,True,True,True,,36.012239,44.81406199920457,43.35507600262645,2,48,0.4875749285414261,0.0010553553645042402,171.70221899196153,,code,2-0-1-1-0-1-0-0,0.48863028390593033,False,1,batch,True,pso,20,1,swarm
oe3-ofat-pilot-v2,oe3,swarm|batch|bc0|h1|pso|r1|N20|c1,syn-logical_syntactic-repetitive-r2,logical_syntactic,repetitive,1,0,11319749022719662673,2026-10-01T05:41:42.656+00:00,completed,epsilon,True,True,True,True,,42.271858,47.71528900164412,46.3990640018892,2,45,0.5086891851103017,1.9637715242826204e-07,149.6211120024631,,code,2-0-1-1-1-1-1-1,0.5086893814874541,False,1,batch,True,pso,20,1,swarm
oe3-ofat-pilot-v2,oe3,swarm|batch|bc0|h1|pso|r1|N20|c1,syn-logical_syntactic-repetitive-r3,logical_syntactic,repetitive,1,0,4643417038172318447,2026-10-01T05:41:42.704+00:00,completed,epsilon,True,True,True,True,,34.544243,39.898991999507416,38.58634700009134,3,45,0.48216814861223045,0.0,140.43989798997322,,code,2-0-1-0-1-1-0-1,0.48216814861223045,False,1,batch,True,pso,20,1,swarm
oe3-ofat-pilot-v2,oe3,swarm|batch|bc0|h1|pso|r1|N20|c1,syn-logical_syntactic-repetitive-r4,logical_syntactic,repetitive,1,0,15250258441158635833,2026-10-01T05:41:42.744+00:00,completed,epsilon,True,True,True,True,,34.162807,42.313868001656374,40.810399998008506,2,48,0.42431619622197225,0.020082362214221106,149.14754100365963,,code,2-1-0-0-1-1-0-1,0.44439855843619336,False,1,batch,True,pso,20,1,swarm
oe3-ofat-pilot-v2,oe3,swarm|batch|bc0|h1|pso|r1|N20|c1,syn-logical_syntactic-arrays_vectors-r0,logical_syntactic,arrays_vectors,1,0,794293079882404652,2026-10-01T05:41:42.786+00:00,completed,epsilon,True,True,True,True,,26.061244,33.519822001835564,32.2202040006232,1,43,0.497908345466907,0.007792650437785986,131.92583798562913,,code,2-0-1-1-0-1-1-1,0.505700995904693,False,1,batch,True,pso,20,1,swarm
oe3-ofat-pilot-v2,oe3,swarm|batch|bc0|h1|pso|r1|N20|c1,syn-logical_syntactic-arrays_vectors-r1,logical_syntactic,arrays_vectors,1,0,13279616171390739924,2026-10-01T05:41:42.820+00:00,completed,epsilon,True,True,True,True,,41.302241,50.39881500124466,48.7350069997774,3,53,0.4766932553481305,0.007351474163735328,169.85063000067677,,code,2-2-1-0-1-0-1-1,0.48404472951186583,False,1,batch,True,pso,20,1,swarm
oe3-ofat-pilot-v2,oe3,swarm|batch|bc0|h1|pso|r1|N20|c1,syn-logical_syntactic-arrays_vectors-r2,logical_syntactic,arrays_vectors,1,0,9505461881805374079,2026-10-01T05:41:42.870+00:00,completed,epsilon,True,True,True,True,,28.414858,34.22787499948754,32.879819998925086,1,45,0.49083069767651405,0.027875012652007147,141.5170269801745,,code,2-1-1-1-0-1-0-1,0.5187057103285212,False,1,batch,True,pso,20,1,swarm
oe3-ofat-pilot-v2,oe3,swarm|batch|bc0|h1|pso|r1|N20|c1,syn-logical_syntactic-arrays_vectors-r3,logical_syntactic,arrays_vectors,1,0,8401228647824766960,2026-10-01T05:41:42.905+00:00,completed,epsilon,True,True,True,True,,31.898952,37.846229999559,36.0968339991814,1,51,0.510410675757111,0.017498999281390648,184.6781509960358,,code,2-1-1-1-1-1-1-1,0.5279096750385016,False,1,batch,True,pso,20,1,swarm
oe3-ofat-pilot-v2,oe3,swarm|batch|bc0|h1|pso|r1|N20|c1,syn-logical_syntactic-arrays_vectors-r4,logical_syntactic,arrays_vectors,1,0,18034434371952724805,2026-10-01T05:41:42.942+00:00,completed,epsilon,True,True,True,True,,39.970764,46.517102997313486,44.9891079988447,3,50,0.4636716133337328,0.00341589192470676,182.01074199680826,,code,2-1-1-1-0-0-1-1,0.46708750525843956,False,1,batch,True,pso,20,1,swarm
oe3-ofat-pilot-v2,oe3,swarm|batch|bc0|h1|pso|r1|N20|c1,syn-logical_syntactic-functions-r0,logical_syntactic,functions,1,0,356074301951452711,2026-10-01T05:41:42.989+00:00,completed,epsilon,True,True,True,True,,31.22991,36.8541110001388,35.440917999949306,1,47,0.4876998796280693,0.027875012652007147,166.7859310167281,,code,2-1-1-1-1-1-0-1,0.5155748922800765,False,1,batch,True,pso,20,1,swarm
oe3-ofat-pilot-v2,oe3,swarm|batch|bc0|h1|pso|r1|N20|c1,syn-logical_syntactic-functions-r1,logical_syntactic,functions,1,0,18385489952471934676,2026-10-01T05:41:43.026+00:00,completed,epsilon,True,True,True,True,,36.457126,42.401044000143884,41.10929700254928,4,45,0.4952348885551682,1.9637715242826204e-07,145.24206800061702,,code,2-0-1-1-1-0-0-1,0.4952350849323206,False,1,batch,True,pso,20,1,swarm
oe3-ofat-pilot-v2,oe3,swarm|batch|bc0|h1|pso|r1|N20|c1,syn-logical_syntactic-functions-r2,logical_syntactic,functions,1,0,6055816422684010007,2026-10-01T05:41:43.068+00:00,completed,epsilon,True,True,True,True,,26.746704,32.203389000642346,31.034823001391487,1,40,0.4703323912858079,0.027875012652007147,114.48601400639036,,code,2-1-0-1-1-1-1-1,0.49820740393781504,False,1,batch,True,pso,20,1,swarm
oe3-ofat-pilot-v2,oe3,swarm|batch|bc0|h1|pso|r1|N20|c1,syn-logical_syntactic-functions-r3,logical_syntactic,functions,1,0,12612345210513099450,2026-10-01T05:41:43.101+00:00,completed,epsilon,True,True,True,True,,29.092778,34.986212998774135,33.45004400034668,1,50,0.46627757409622445,0.02008255859137359,169.9118090033222,,code,2-1-1-1-1-1-0-1,0.48636013268759803,False,1,batch,True,pso,20,1,swarm
oe3-ofat-pilot-v2,oe3,swarm|batch|bc0|h1|pso|r1|N20|c1,syn-logical_syntactic-functions-r4,logical_syntactic,functions,1,0,10415694527128160469,2026-10-01T05:41:43.136+00:00,completed,epsilon,True,True,True,True,,30.747498,39.980343000934226,38.634885000647046,1,43,0.40713748248632187,0.048913639728908276,132.6436900065922,,code,2-2-1-1-1-1-1-1,0.45605112221523014,False,1,batch,True,pso,20,1,swarm
oe3-ofat-pilot-v2,oe3,swarm|batch|bc0|h1|pso|r1|N20|c1,syn-explanatory_conceptual-sequential-r0,explanatory_conceptual,sequential,1,0,5940893258720170927,2026-10-01T05:41:43.175+00:00,completed,epsilon,True,True,True,True,,32.188751,40.576367999165086,39.11835200051428,1,48,0.4193516078456325,0.04810403721289147,164.66006098413936,,text,0-0-1-2-2-0-1-1,0.467455645058524,False,1,batch,True,pso,20,1,swarm
oe3-ofat-pilot-v2,oe3,swarm|batch|bc0|h1|pso|r1|N20|c1,syn-explanatory_conceptual-sequential-r1,explanatory_conceptual,sequential,1,0,17003596441327521031,2026-10-01T05:41:43.216+00:00,completed,epsilon,True,True,True,True,,30.605812,36.43695500068134,34.8029589986254,1,49,0.45267043074923324,0.006749225258040281,184.33998096554308,,text,0-1-0-1-2-1-0-1,0.4594196560072735,False,1,batch,True,pso,20,1,swarm
oe3-ofat-pilot-v2,oe3,swarm|batch|bc0|h1|pso|r1|N20|c1,syn-explanatory_conceptual-sequential-r2,explanatory_conceptual,sequential,1,0,18052668489611125550,2026-10-01T05:41:43.253+00:00,completed,epsilon,True,True,True,True,,37.071281,45.60795299767051,44.105632998252986,2,51,0.4347991136547246,0.027875012652007147,156.92970501773328,,text,1-1-1-1-2-1-1-1,0.46267412630673177,False,1,batch,True,pso,20,1,swarm
oe3-ofat-pilot-v2,oe3,swarm|batch|bc0|h1|pso|r1|N20|c1,syn-explanatory_conceptual-sequential-r3,explanatory_conceptual,sequential,1,0,6496118862096545493,2026-10-01T05:41:43.298+00:00,completed,epsilon,True,True,True,True,,38.481949,46.74684000201523,45.39080600079615,2,45,0.44582930063903703,0.003147466336683613,136.0799510078681,,text,1-2-1-1-2-1-1-1,0.44897676697572064,False,1,batch,True,pso,20,1,swarm
oe3-ofat-pilot-v2,oe3,swarm|batch|bc0|h1|pso|r1|N20|c1,syn-explanatory_conceptual-sequential-r4,explanatory_conceptual,sequential,1,0,1500050021784736840,2026-10-01T05:41:43.345+00:00,completed,epsilon,True,True,True,True,,42.586679,51.780844001768855,50.04196999652777,3,53,0.4665029999409801,0.0,148.16036300247404,,text,1-1-1-0-2-0-1-1,0.4665029999409801,False,1,batch,True,pso,20,1,swarm
oe3-ofat-pilot-v2,oe3,swarm|batch|bc0|h1|pso|r1|N20|c1,syn-explanatory_conceptual-conditional-r0,explanatory_conceptual,conditional,1,0,16561957339801224966,2026-10-01T05:41:43.397+00:00,completed,epsilon,True,True,True,True,,33.947358,40.87647900087177,39.26507900177967,1,43,0.487737317609176,0.007792650437786042,158.59466401104908,,code,2-1-1-1-2-1-1-1,0.49552996804696203,False,1,batch,True,pso,20,1,swarm
oe3-ofat-pilot-v2,oe3,swarm|batch|bc0|h1|pso|r1|N20|c1,syn-explanatory_conceptual-conditional-r1,explanatory_conceptual,conditional,1,0,3094637029774210609,2026-10-01T05:41:43.438+00:00,completed,epsilon,True,True,True,True,,41.318111,47.588205998181365,46.15055999965989,2,45,0.4788636419583419,1.963771524837732e-07,193.11977999098428,,text,1-1-1-1-2-0-1-1,0.4788638383354944,False,1,batch,True,pso,20,1,swarm
oe3-ofat-pilot-v2,oe3,swarm|batch|bc0|h1|pso|r1|N20|c1,syn-explanatory_conceptual-conditional-r2,explanatory_conceptual,conditional,1,0,3804476585378584912,2026-10-01T05:41:43.485+00:00,completed,epsilon,True,True,True,True,,32.603135,38.40343699994264,36.97044100044877,1,48,0.4825120796519577,0.007792650437786042,190.79679401140032,,diagram,1-1-2-1-2-1-1-1,0.49030473008974373,False,1,batch,True,pso,20,1,swarm
oe3-ofat-pilot-v2,oe3,swarm|batch|bc0|h1|pso|r1|N20|c1,syn-explanatory_conceptual-conditional-r3,explanatory_conceptual,conditional,1,0,17655201975640420228,2026-10-01T05:41:43.524+00:00,completed,epsilon,True,True,True,True,,40.100025,45.66979599985643,44.34378100268077,3,47,0.4346182283477961,1.963771524837732e-07,136.83292998963626,,text,1-1-0-1-2-0-0-1,0.4346184247249486,False,1,batch,True,pso,20,1,swarm
oe3-ofat-pilot-v2,oe3,swarm|batch|bc0|h1|pso|r1|N20|c1,syn-explanatory_conceptual-conditional-r4,explanatory_conceptual,conditional,1,0,12297342674909518057,2026-10-01T05:41:43.569+00:00,completed,epsilon,True,True,True,True,,34.770812,46.61140000098385,44.122037001216086,2,50,0.43714016499501035,0.02799593617279056,165.86375600524548,,text,1-1-1-1-2-2-0-1,0.4651361011678009,False,1,batch,True,pso,20,1,swarm
oe3-ofat-pilot-v2,oe3,swarm|batch|bc0|h1|pso|r1|N20|c1,syn-explanatory_conceptual-repetitive-r0,explanatory_conceptual,repetitive,1,0,6786978368093374640,2026-10-01T05:41:43.616+00:00,completed,epsilon,True,True,True,True,,46.900055,58.25428300158819,56.09097999695223,2,53,0.4661812521376081,0.0,187.4243729933854,,text,1-0-1-0-2-1-0-1,0.4661812521376081,False,1,batch,True,pso,20,1,swarm
oe3-ofat-pilot-v2,oe3,swarm|batch|bc0|h1|pso|r1|N20|c1,syn-explanatory_conceptual-repetitive-r1,explanatory_conceptual,repetitive,1,0,5950440212697171806,2026-10-01T05:41:43.674+00:00,completed,epsilon,True,True,True,True,,42.988465,49.097117997007445,47.70507799912593,2,49,0.5255407002055713,1.9637715242826204e-07,161.59973700239615,,text,1-0-1-1-2-1-1-1,0.5255408965827237,False,1,batch,True,pso,20,1,swarm
oe3-ofat-pilot-v2,oe3,swarm|batch|bc0|h1|pso|r1|N20|c1,syn-explanatory_conceptual-repetitive-r2,explanatory_conceptual,repetitive,1,0,6222910758705333057,2026-10-01T05:41:43.723+00:00,completed,epsilon,True,True,True,True,,33.047031,38.61505599707016,37.26536599788233,1,44,0.4707990919315041,0.021881510427353146,155.60473098829834,,text,1-1-1-1-2-1-1-1,0.49268060235885724,False,1,batch,True,pso,20,1,swarm
oe3-ofat-pilot-v2,oe3,swarm|batch|bc0|h1|pso|r1|N20|c1,syn-explanatory_conceptual-repetitive-r3,explanatory_conceptual,repetitive,1,0,17395909730376452467,2026-10-01T05:41:43.762+00:00,completed,epsilon,True,True,True,True,,29.356923,35.284882000269135,33.84325300066848,1,46,0.4676016009215934,0.020082362214221106,153.8990470028733,,code,2-1-1-0-2-1-1-1,0.4876839631358145,False,1,batch,True,pso,20,1,swarm
oe3-ofat-pilot-v2,oe3,swarm|batch|bc0|h1|pso|r1|N20|c1,syn-explanatory_conceptual-repetitive-r4,explanatory_conceptual,repetitive,1,0,2621255172561224409,2026-10-01T05:41:43.797+00:00,completed,epsilon,True,True,True,True,,31.585196,37.188939000770915,35.764387001108844,1,45,0.45405216601876935,0.02008255859137359,160.59729299218696,,text,1-1-0-1-2-1-1-1,0.47413472461014294,False,1,batch,True,pso,20,1,swarm
oe3-ofat-pilot-v2,oe3,swarm|batch|bc0|h1|pso|r1|N20|c1,syn-explanatory_conceptual-arrays_vectors-r0,explanatory_conceptual,arrays_vectors,1,0,10569514230950469850,2026-10-01T05:41:43.834+00:00,completed,epsilon,True,True,True,True,,30.072619,35.86854799868888,34.5303750000312,1,45,0.49778085910851905,0.027875012652007147,164.12269599765108,,text,1-1-1-1-2-1-0-1,0.5256558717605262,False,1,batch,True,pso,20,1,swarm
oe3-ofat-pilot-v2,oe3,swarm|batch|bc0|h1|pso|r1|N20|c1,syn-explanatory_conceptual-arrays_vectors-r1,explanatory_conceptual,arrays_vectors,1,0,6346414434741826451,2026-10-01T05:41:43.870+00:00,completed,epsilon,True,True,True,True,,39.566636,45.44026100120391,43.90638599943486,3,51,0.48198184809505246,0.00827759646681353,189.8445109929051,,text,0-2-0-1-2-0-1-1,0.490259444561866,False,1,batch,True,pso,20,1,swarm
oe3-ofat-pilot-v2,oe3,swarm|batch|bc0|h1|pso|r1|N20|c1,syn-explanatory_conceptual-arrays_vectors-r2,explanatory_conceptual,arrays_vectors,1,0,7456642890382495948,2026-10-01T05:41:43.916+00:00,completed,epsilon,True,True,True,True,,31.197331,37.821980000444455,36.275980000937125,1,42,0.5002467392530876,0.027875012652007203,126.24383199179091,,diagram,0-1-2-1-2-1-1-1,0.5281217519050948,False,1,batch,True,pso,20,1,swarm
oe3-ofat-pilot-v2,oe3,swarm|batch|bc0|h1|pso|r1|N20|c1,syn-explanatory_conceptual-arrays_vectors-r3,explanatory_conceptual,arrays_vectors,1,0,5229689892982576134,2026-10-01T05:41:43.954+00:00,completed,epsilon,True,True,True,True,,32.832112,38.70676699807518,37.353429001086624,1,45,0.4899428394838256,0.017498999281390593,164.89900599503474,,text,0-1-1-1-2-1-0-1,0.5074418387652162,False,1,batch,True,pso,20,1,swarm
oe3-ofat-pilot-v2,oe3,swarm|batch|bc0|h1|pso|r1|N20|c1,syn-explanatory_conceptual-arrays_vectors-r4,explanatory_conceptual,arrays_vectors,1,0,867854565777186929,2026-10-01T05:41:43.992+00:00,completed,epsilon,True,True,True,True,,28.879172,34.788103999744635,33.379089003574336,2,45,0.5143723538377136,0.0034158919247068154,141.05505100089718,,text,1-1-1-1-2-0-1-1,0.5177882457624204,False,1,batch,True,pso,20,1,swarm
oe3-ofat-pilot-v2,oe3,swarm|batch|bc0|h1|pso|r1|N20|c1,syn-explanatory_conceptual-functions-r0,explanatory_conceptual,functions,1,0,390018258882957971,2026-10-01T05:41:44.027+00:00,completed,epsilon,True,True,True,True,,33.961651,42.35033300210489,41.004873000929365,2,46,0.5029524330025205,0.007792650437785986,168.59177102063268,,text,1-0-1-1-2-1-1-1,0.5107450834403064,False,1,batch,True,pso,20,1,swarm
oe3-ofat-pilot-v2,oe3,swarm|batch|bc0|h1|pso|r1|N20|c1,syn-explanatory_conceptual-functions-r1,explanatory_conceptual,functions,1,0,11160429587351825343,2026-10-01T05:41:44.069+00:00,completed,epsilon,True,True,True,True,,45.251115,51.38409199935268,49.78334300176357,3,51,0.5005154859174724,0.012907029719290808,172.18934201206227,,code,2-2-1-0-2-0-0-1,0.5134225156367632,False,1,batch,True,pso,20,1,swarm
oe3-ofat-pilot-v2,oe3,swarm|batch|bc0|h1|pso|r1|N20|c1,syn-explanatory_conceptual-functions-r2,explanatory_conceptual,functions,1,0,5090813952958751476,2026-10-01T05:41:44.121+00:00,completed,epsilon,True,True,True,True,,32.869412,38.40915200271411,37.05262599760317,2,50,0.4862088786957507,1.9637715242826204e-07,169.35348100919367,,text,1-0-1-1-2-1-1-1,0.4862090750729031,False,1,batch,True,pso,20,1,swarm
oe3-ofat-pilot-v2,oe3,swarm|batch|bc0|h1|pso|r1|N20|c1,syn-explanatory_conceptual-functions-r3,explanatory_conceptual,functions,1,0,7362159366338916777,2026-10-01T05:41:44.159+00:00,completed,epsilon,True,True,True,True,,28.603293,33.8517980017059,32.62727200126392,1,43,0.4776949131384411,0.027875012652007147,140.2499980045985,,text,1-1-1-1-2-1-1-1,0.5055699257904482,False,1,batch,True,pso,20,1,swarm
oe3-ofat-pilot-v2,oe3,swarm|batch|bc0|h1|pso|r1|N20|c1,syn-explanatory_conceptual-functions-r4,explanatory_conceptual,functions,1,0,4046828528569989559,2026-10-01T05:41:44.193+00:00,completed,epsilon,True,True,True,True,,38.573314,46.00258899881737,44.524180000735214,3,50,0.49970043101958095,0.0,174.5555460093778,,text,1-0-1-0-2-0-1-1,0.49970043101958095,False,1,batch,True,pso,20,1,swarm
oe3-ofat-pilot-v2,oe3,swarm|batch|bc0|h1|pso|r1|N20|c1,syn-balanced_multimodal-sequential-r0,balanced_multimodal,sequential,1,0,8313710015022879933,2026-10-01T05:41:44.239+00:00,completed,epsilon,True,True,True,True,,31.774418,37.47812599976896,36.03871700033778,2,46,0.4865712744916427,0.008293843010792501,151.1807719887885,,diagram,1-0-2-1-1-1-0-1,0.4948651175024352,False,1,batch,True,pso,20,1,swarm
oe3-ofat-pilot-v2,oe3,swarm|batch|bc0|h1|pso|r1|N20|c1,syn-balanced_multimodal-sequential-r1,balanced_multimodal,sequential,1,0,17034292383154152654,2026-10-01T05:41:44.277+00:00,completed,epsilon,True,True,True,True,,29.813903,35.64717700282927,34.19882299931487,1,45,0.46254329609296624,0.023319774530693393,147.13647400085225,,diagram,1-1-2-1-1-1-1-1,0.48586307062365963,False,1,batch,True,pso,20,1,swarm
oe3-ofat-pilot-v2,oe3,swarm|batch|bc0|h1|pso|r1|N20|c1,syn-balanced_multimodal-sequential-r2,balanced_multimodal,sequential,1,0,17948066834823550806,2026-10-01T05:41:44.312+00:00,completed,epsilon,True,True,True,True,,28.08197,33.5756139975274,32.19403500042972,1,41,0.4994689164392216,0.02008255859137359,116.35635800426535,,code,2-1-1-1-1-1-1-1,0.5195514750305952,False,1,batch,True,pso,20,1,swarm
oe3-ofat-pilot-v2,oe3,swarm|batch|bc0|h1|pso|r1|N20|c1,syn-balanced_multimodal-sequential-r3,balanced_multimodal,sequential,1,0,16502357028709200888,2026-10-01T05:41:44.346+00:00,completed,epsilon,True,True,True,True,,36.923052,42.97626100014895,41.49392500039539,3,47,0.5055952816994697,0.0,130.9320960082764,,text,1-0-1-0-2-1-1-1,0.5055952816994697,False,1,batch,True,pso,20,1,swarm
oe3-ofat-pilot-v2,oe3,swarm|batch|bc0|h1|pso|r1|N20|c1,syn-balanced_multimodal-sequential-r4,balanced_multimodal,sequential,1,0,8817791777023713523,2026-10-01T05:41:44.389+00:00,completed,epsilon,True,True,True,True,,37.441552,45.876132000557845,44.547502999193966,3,46,0.5064313832719637,1.9637715242826204e-07,137.9249159998753,,code,2-0-2-1-2-1-2-1,0.5064315796491161,False,1,batch,True,pso,20,1,swarm
oe3-ofat-pilot-v2,oe3,swarm|batch|bc0|h1|pso|r1|N20|c1,syn-balanced_multimodal-conditional-r0,balanced_multimodal,conditional,1,0,6807183157127120355,2026-10-01T05:41:44.435+00:00,completed,epsilon,True,True,True,True,,29.228906,38.492627998493845,37.2220479985117,1,42,0.48780522303376883,0.003654523026150769,131.5155669882547,,code,2-1-1-0-1-1-1-1,0.4914597460599196,False,1,batch,True,pso,20,1,swarm
oe3-ofat-pilot-v2,oe3,swarm|batch|bc0|h1|pso|r1|N20|c1,syn-balanced_multimodal-conditional-r1,balanced_multimodal,conditional,1,0,4678364357267402099,2026-10-01T05:41:44.473+00:00,completed,epsilon,True,True,True,True,,23.939653,29.392750999249984,28.15932099838392,1,41,0.49101688093417845,0.007792650437786042,118.22257798935593,,code,2-1-2-1-2-1-2-1,0.4988095313719645,False,1,batch,True,pso,20,1,swarm
oe3-ofat-pilot-v2,oe3,swarm|batch|bc0|h1|pso|r1|N20|c1,syn-balanced_multimodal-conditional-r2,balanced_multimodal,conditional,1,0,2073738674720842464,2026-10-01T05:41:44.503+00:00,completed,epsilon,True,True,True,True,,30.191961,39.50893000001088,38.11004899762338,1,43,0.4946714052827956,0.004709878390655009,134.96388200284423,,code,0-1-0-1-0-1-0-0,0.4993812836734506,False,1,batch,True,pso,20,1,swarm
oe3-ofat-pilot-v2,oe3,swarm|batch|bc0|h1|pso|r1|N20|c1,syn-balanced_multimodal-conditional-r3,balanced_multimodal,conditional,1,0,1284693550691140380,2026-10-01T05:41:44.542+00:00,completed,epsilon,True,True,True,True,,32.644507,38.641813000140246,37.18288599702646,1,50,0.4637423303052723,0.007792650437786042,166.09308301051274,,text,1-1-1-1-2-1-1-1,0.47153498074305833,False,1,batch,True,pso,20,1,swarm
oe3-ofat-pilot-v2,oe3,swarm|batch|bc0|h1|pso|r1|N20|c1,syn-balanced_multimodal-conditional-r4,balanced_multimodal,conditional,1,0,5974251366865820635,2026-10-01T05:41:44.581+00:00,completed,epsilon,True,True,True,True,,36.083125,41.80845100199804,40.41906900238246,2,45,0.4958057468423476,0.001206155311335555,143.00312399987385,,code,1-1-1-1-1-0-1-1,0.4970119021536832,False,1,batch,True,pso,20,1,swarm
oe3-ofat-pilot-v2,oe3,swarm|batch|bc0|h1|pso|r1|N20|c1,syn-balanced_multimodal-repetitive-r0,balanced_multimodal,repetitive,1,0,7710084901704534217,2026-10-01T05:41:44.623+00:00,completed,epsilon,True,True,True,True,,37.777355,43.679318001522915,42.32948099888745,1,45,0.5383161833171735,0.020082558591373534,163.34468498704226,,code,2-1-1-1-1-1-2-1,0.558398741908547,False,1,batch,True,pso,20,1,swarm
oe3-ofat-pilot-v2,oe3,swarm|batch|bc0|h1|pso|r1|N20|c1,syn-balanced_multimodal-repetitive-r1,balanced_multimodal,repetitive,1,0,6042849434585660190,2026-10-01T05:41:44.666+00:00,completed,epsilon,True,True,True,True,,33.569075,39.20366799866315,37.77784900012193,1,48,0.5099655888622538,0.020082558591373645,159.76010600160856,,code,2-1-2-1-2-1-1-1,0.5300481474536275,False,1,batch,True,pso,20,1,swarm
oe3-ofat-pilot-v2,oe3,swarm|batch|bc0|h1|pso|r1|N20|c1,syn-balanced_multimodal-repetitive-r2,balanced_multimodal,repetitive,1,0,4091229752520203628,2026-10-01T05:41:44.706+00:00,completed,epsilon,True,True,True,True,,33.841773,39.527189001091756,38.00538300129119,1,51,0.48695008664679024,0.02008255859137359,196.18578000339647,,code,2-1-2-1-1-1-2-1,0.5070326452381638,False,1,batch,True,pso,20,1,swarm
oe3-ofat-pilot-v2,oe3,swarm|batch|bc0|h1|pso|r1|N20|c1,syn-balanced_multimodal-repetitive-r3,balanced_multimodal,repetitive,1,0,18293002212130046117,2026-10-01T05:41:44.745+00:00,completed,epsilon,True,True,True,True,,32.660966,38.59063000345486,37.091385001986055,1,48,0.498403614745411,0.02008255859137359,157.15542599950822,,diagram,1-1-2-1-2-1-1-1,0.5184861733367846,False,1,batch,True,pso,20,1,swarm
oe3-ofat-pilot-v2,oe3,swarm|batch|bc0|h1|pso|r1|N20|c1,syn-balanced_multimodal-repetitive-r4,balanced_multimodal,repetitive,1,0,17369906960138739270,2026-10-01T05:41:44.784+00:00,completed,epsilon,True,True,True,True,,43.74682,49.54649999854155,48.13431100046728,2,48,0.5555295985433403,0.0,156.26178799724605,,code,2-0-1-0-1-1-2-1,0.5555295985433403,False,1,batch,True,pso,20,1,swarm
oe3-ofat-pilot-v2,oe3,swarm|batch|bc0|h1|pso|r1|N20|c1,syn-balanced_multimodal-arrays_vectors-r0,balanced_multimodal,arrays_vectors,1,0,379503498259880790,2026-10-01T05:41:44.833+00:00,completed,epsilon,True,True,True,True,,28.368824,36.72211899902322,35.276550999697065,1,45,0.5013728951361804,0.027874816274854664,160.50508199253846,,code,2-1-1-0-2-1-1-1,0.5292477114110351,False,1,batch,True,pso,20,1,swarm
oe3-ofat-pilot-v2,oe3,swarm|batch|bc0|h1|pso|r1|N20|c1,syn-balanced_multimodal-arrays_vectors-r1,balanced_multimodal,arrays_vectors,1,0,5564201871696204878,2026-10-01T05:41:44.870+00:00,completed,epsilon,True,True,True,True,,30.284997,39.08683199915686,37.520034002227476,1,45,0.5096113554103618,0.01001427809161104,146.7976749883726,,code,1-0-1-2-1-1-1-1,0.5196256335019729,False,1,batch,True,pso,20,1,swarm
oe3-ofat-pilot-v2,oe3,swarm|batch|bc0|h1|pso|r1|N20|c1,syn-balanced_multimodal-arrays_vectors-r2,balanced_multimodal,arrays_vectors,1,0,17388681570381543666,2026-10-01T05:41:44.909+00:00,completed,epsilon,True,True,True,True,,40.182512,50.28543500156957,47.92861200257903,2,53,0.5407905216435444,0.007792650437785986,188.17650299422624,,text,1-0-1-1-2-1-1-1,0.5485831720813303,False,1,batch,True,pso,20,1,swarm
oe3-ofat-pilot-v2,oe3,swarm|batch|bc0|h1|pso|r1|N20|c1,syn-balanced_multimodal-arrays_vectors-r3,balanced_multimodal,arrays_vectors,1,0,17553891701874167660,2026-10-01T05:41:44.959+00:00,completed,epsilon,True,True,True,True,,44.838683,51.825880000251345,50.41924400211428,2,45,0.5326887851156756,0.019041613531884827,215.95157200606576,,code,1-0-1-1-1-0-1-1,0.5517303986475605,False,1,batch,True,pso,20,1,swarm
oe3-ofat-pilot-v2,oe3,swarm|batch|bc0|h1|pso|r1|N20|c1,syn-balanced_multimodal-arrays_vectors-r4,balanced_multimodal,arrays_vectors,1,0,15382256458381187390,2026-10-01T05:41:45.011+00:00,completed,epsilon,True,True,True,True,,28.791413,36.60614800173789,35.20535600182484,1,45,0.5118957914736844,0.014696521701211163,153.25210300480077,,code,2-1-1-0-1-1-1-1,0.5265923131748955,False,1,batch,True,pso,20,1,swarm
oe3-ofat-pilot-v2,oe3,swarm|batch|bc0|h1|pso|r1|N20|c1,syn-balanced_multimodal-functions-r0,balanced_multimodal,functions,1,0,7719418254047656559,2026-10-01T05:41:45.048+00:00,completed,epsilon,True,True,True,True,,25.579568,31.417918002262013,30.267136000475148,1,38,0.5031061710751976,0.027874816274854664,101.36985999587556,,code,2-1-2-0-1-1-1-1,0.5309809873500523,False,1,batch,True,pso,20,1,swarm
oe3-ofat-pilot-v2,oe3,swarm|batch|bc0|h1|pso|r1|N20|c1,syn-balanced_multimodal-functions-r1,balanced_multimodal,functions,1,0,3230558624107485757,2026-10-01T05:41:45.079+00:00,completed,epsilon,True,True,True,True,,27.364458,32.5631589985278,31.332588001532713,1,41,0.4917724457549157,0.02008255859137359,111.31702899923346,,code,2-1-1-1-1-1-2-1,0.5118550043462893,False,1,batch,True,pso,20,1,swarm
oe3-ofat-pilot-v2,oe3,swarm|batch|bc0|h1|pso|r1|N20|c1,syn-balanced_multimodal-functions-r2,balanced_multimodal,functions,1,0,4758260729385850854,2026-10-01T05:41:45.112+00:00,completed,epsilon,True,True,True,True,,52.39183,61.11717300154851,59.59793099827948,5,53,0.5152288157391723,0.002958709305854179,143.74720100397695,,code,2-2-1-0-1-0-1-1,0.5181875250450265,False,1,batch,True,pso,20,1,swarm
oe3-ofat-pilot-v2,oe3,swarm|batch|bc0|h1|pso|r1|N20|c1,syn-balanced_multimodal-functions-r3,balanced_multimodal,functions,1,0,17412235304818197162,2026-10-01T05:41:45.173+00:00,completed,epsilon,True,True,True,True,,28.303573,33.87859400027082,32.51785400061635,1,42,0.489537761565406,0.027875012652007147,139.20331998731123,,diagram,1-1-2-1-2-1-1-1,0.5174127742174132,False,1,batch,True,pso,20,1,swarm
oe3-ofat-pilot-v2,oe3,swarm|batch|bc0|h1|pso|r1|N20|c1,syn-balanced_multimodal-functions-r4,balanced_multimodal,functions,1,0,10538569118723935937,2026-10-01T05:41:45.207+00:00,completed,epsilon,True,True,True,True,,45.106133,53.566014001262374,52.14349900052184,4,51,0.4888026404476579,0.014907226096443404,171.56391700512737,,diagram,1-2-2-1-1-0-1-1,0.5037098665441013,False,1,batch,True,pso,20,1,swarm
oe3-ofat-pilot-v2,oe3,swarm|batch|bc0|h1|pso|r1|N20|c1,syn-visual_dominant-sequential-r0,visual_dominant,sequential,2,0,933970462017344115,2026-10-01T05:41:45.260+00:00,completed,epsilon,True,True,True,True,,23.739448,28.916822997416602,27.800300002127187,1,39,0.45572350868757355,0.02008255859137359,116.80764099945371,,diagram,1-1-2-1-1-1-0-1,0.47580606727894714,False,1,batch,True,pso,20,1,swarm
oe3-ofat-pilot-v2,oe3,swarm|batch|bc0|h1|pso|r1|N20|c1,syn-visual_dominant-sequential-r1,visual_dominant,sequential,2,0,15218885005855845146,2026-10-01T05:41:45.289+00:00,completed,epsilon,True,True,True,True,,28.726859,36.759799000719795,35.4769479999959,1,43,0.4487852286224354,0.020082362214221106,132.05176300453573,,diagram,1-1-2-0-0-1-1-1,0.4688675908366565,False,1,batch,True,pso,20,1,swarm
oe3-ofat-pilot-v2,oe3,swarm|batch|bc0|h1|pso|r1|N20|c1,syn-visual_dominant-sequential-r2,visual_dominant,sequential,2,0,7545626482412980018,2026-10-01T05:41:45.326+00:00,completed,epsilon,True,True,True,True,,42.401788,48.47989599875291,46.82107799817459,4,53,0.46849588841198675,1.9637715242826204e-07,204.51391899926818,,diagram,1-0-2-1-0-1-0-1,0.4684960847891392,False,1,batch,True,pso,20,1,swarm
oe3-ofat-pilot-v2,oe3,swarm|batch|bc0|h1|pso|r1|N20|c1,syn-visual_dominant-sequential-r3,visual_dominant,sequential,2,0,13538790792892562212,2026-10-01T05:41:45.375+00:00,completed,epsilon,True,True,True,True,,31.908868,37.90050799943856,36.432162996788975,2,46,0.49689284274488765,1.9637715242826204e-07,137.64891099824663,,diagram,1-0-2-1-0-1-1-1,0.4968930391220401,False,1,batch,True,pso,20,1,swarm
oe3-ofat-pilot-v2,oe3,swarm|batch|bc0|h1|pso|r1|N20|c1,syn-visual_dominant-sequential-r4,visual_dominant,sequential,2,0,7393655945380185391,2026-10-01T05:41:45.413+00:00,completed,epsilon,True,True,True,True,,27.947319,33.80596499846433,32.3205689965107,1,49,0.44620035377287093,0.0077905977223554634,169.99769400873487,,diagram,1-0-2-1-1-1-1-1,0.4539909514952264,False,1,batch,True,pso,20,1,swarm
oe3-ofat-pilot-v2,oe3,swarm|batch|bc0|h1|pso|r1|N20|c1,syn-visual_dominant-conditional-r0,visual_dominant,conditional,2,0,17253185604956212818,2026-10-01T05:41:45.446+00:00,completed,epsilon,True,True,True,True,,30.143265,36.04757100038114,34.628743000212125,1,48,0.4683786250362893,0.007792650437786042,170.23381301173646,,diagram,1-1-2-1-0-1-0-1,0.47617127547407534,False,1,batch,True,pso,20,1,swarm
oe3-ofat-pilot-v2,oe3,swarm|batch|bc0|h1|pso|r1|N20|c1,syn-visual_dominant-conditional-r1,visual_dominant,conditional,2,0,3235172617710283348,2026-10-01T05:41:45.482+00:00,completed,epsilon,True,True,True,True,,46.388472,55.62770000324235,54.214199000853114,4,48,0.43713140449865545,3.436600168327253e-07,121.80887299446279,,diagram,1-1-2-2-0-0-0-1,0.4371317481586723,False,1,batch,True,pso,20,1,swarm
oe3-ofat-pilot-v2,oe3,swarm|batch|bc0|h1|pso|r1|N20|c1,syn-visual_dominant-conditional-r2,visual_dominant,conditional,2,0,16949393807535874105,2026-10-01T05:41:45.538+00:00,completed,epsilon,True,True,True,True,,39.310969,48.417193997011054,46.9734120015346,3,50,0.4669158360283403,0.008847613047985314,148.99456600441346,,code,2-1-2-0-1-1-1-0,0.4757634490763256,False,1,batch,True,pso,20,1,swarm
oe3-ofat-pilot-v2,oe3,swarm|batch|bc0|h1|pso|r1|N20|c1,syn-visual_dominant-conditional-r3,visual_dominant,conditional,2,0,6814480715556192419,2026-10-01T05:41:45.587+00:00,completed,epsilon,True,True,True,True,,40.403777,45.975580000231275,44.47604000233696,2,53,0.4537572043126114,0.0036547194033032526,146.90122698845678,,diagram,1-1-2-1-0-1-1-1,0.45741192371591466,False,1,batch,True,pso,20,1,swarm
oe3-ofat-pilot-v2,oe3,swarm|batch|bc0|h1|pso|r1|N20|c1,syn-visual_dominant-conditional-r4,visual_dominant,conditional,2,0,9372143264887450917,2026-10-01T05:41:45.633+00:00,completed,epsilon,True,True,True,True,,41.549723,47.094769000977976,45.508226998208556,3,53,0.4486569413932807,0.0,167.82591698614647,,diagram,1-1-2-0-1-0-0-1,0.4486569413932807,False,1,batch,True,pso,20,1,swarm
oe3-ofat-pilot-v2,oe3,swarm|batch|bc0|h1|pso|r1|N20|c1,syn-visual_dominant-repetitive-r0,visual_dominant,repetitive,2,0,17432386358067490306,2026-10-01T05:41:45.680+00:00,completed,epsilon,True,True,True,True,,32.353053,37.93517699887161,36.499921003269264,1,50,0.46998170127395994,0.02008255859137359,148.15970099322448,,diagram,1-1-2-1-1-1-0-1,0.49006425986533353,False,1,batch,True,pso,20,1,swarm
oe3-ofat-pilot-v2,oe3,swarm|batch|bc0|h1|pso|r1|N20|c1,syn-visual_dominant-repetitive-r1,visual_dominant,repetitive,2,0,4534189775785306943,2026-10-01T05:41:45.718+00:00,completed,epsilon,True,True,True,True,,36.492084,42.79956900063553,41.23017600068124,2,51,0.47132853097575106,0.02008255859137359,162.2866069877217,,code,2-1-2-1-1-1-1-1,0.49141108956712465,False,1,batch,True,pso,20,1,swarm
oe3-ofat-pilot-v2,oe3,swarm|batch|bc0|h1|pso|r1|N20|c1,syn-visual_dominant-repetitive-r2,visual_dominant,repetitive,2,0,14890725539570871282,2026-10-01T05:41:45.760+00:00,completed,epsilon,True,True,True,True,,38.071088,43.87776200019289,42.41137999997591,1,51,0.497368651601852,0.02008255859137359,198.49996098905655,,code,2-1-2-1-1-1-0-1,0.5174512101932256,False,1,batch,True,pso,20,1,swarm
oe3-ofat-pilot-v2,oe3,swarm|batch|bc0|h1|pso|r1|N20|c1,syn-visual_dominant-repetitive-r3,visual_dominant,repetitive,2,0,11175944323486150873,2026-10-01T05:41:45.804+00:00,completed,epsilon,True,True,True,True,,38.935355,49.62462999901618,48.082616998726735,1,51,0.48131196792957526,0.024018140830402046,177.0659179744043,,diagram,1-2-2-0-0-1-0-1,0.5053301087599773,False,1,batch,True,pso,20,1,swarm
oe3-ofat-pilot-v2,oe3,swarm|batch|bc0|h1|pso|r1|N20|c1,syn-visual_dominant-repetitive-r4,visual_dominant,repetitive,2,0,6321021491439439287,2026-10-01T05:41:45.854+00:00,completed,epsilon,True,True,True,True,,42.480404,48.90466699725948,47.03985699961777,3,51,0.46760730899554137,1.9637715242826204e-07,143.45812702686783,,diagram,1-0-2-1-0-1-0-1,0.4676075053726938,False,1,batch,True,pso,20,1,swarm
oe3-ofat-pilot-v2,oe3,swarm|batch|bc0|h1|pso|r1|N20|c1,syn-visual_dominant-arrays_vectors-r0,visual_dominant,arrays_vectors,2,0,15952936129579093559,2026-10-01T05:41:45.903+00:00,completed,epsilon,True,True,True,True,,34.173998,42.41390899915132,40.900692001741845,2,51,0.4727635718000115,0.016171204383530813,176.69169099055773,,diagram,1-0-2-0-0-1-0-2,0.4889347761835423,False,1,batch,True,pso,20,1,swarm
oe3-ofat-pilot-v2,oe3,swarm|batch|bc0|h1|pso|r1|N20|c1,syn-visual_dominant-arrays_vectors-r1,visual_dominant,arrays_vectors,2,0,4150365637679857595,2026-10-01T05:41:45.945+00:00,completed,epsilon,True,True,True,True,,35.064908,43.0975210001634,41.66645499935839,2,47,0.44540015262768173,0.007792454060633558,138.90253999344608,,diagram,1-0-2-0-0-1-0-1,0.4531926066883153,False,1,batch,True,pso,20,1,swarm
oe3-ofat-pilot-v2,oe3,swarm|batch|bc0|h1|pso|r1|N20|c1,syn-visual_dominant-arrays_vectors-r2,visual_dominant,arrays_vectors,2,0,9121830484626340551,2026-10-01T05:41:45.988+00:00,completed,epsilon,True,True,True,True,,28.86709,34.05182899950887,32.69650400034152,1,46,0.4939594688494195,0.027875012652007147,145.93655500119067,,diagram,1-1-2-1-1-1-1-1,0.5218344815014266,False,1,batch,True,pso,20,1,swarm
oe3-ofat-pilot-v2,oe3,swarm|batch|bc0|h1|pso|r1|N20|c1,syn-visual_dominant-arrays_vectors-r3,visual_dominant,arrays_vectors,2,0,8306973448203974922,2026-10-01T05:41:46.022+00:00,completed,epsilon,True,True,True,True,,32.464953,38.23062499941443,36.74141800001962,1,50,0.5104383568030326,0.017498999281390648,172.22200200501754,,diagram,0-1-2-1-1-1-0-1,0.5279373560844233,False,1,batch,True,pso,20,1,swarm
oe3-ofat-pilot-v2,oe3,swarm|batch|bc0|h1|pso|r1|N20|c1,syn-visual_dominant-arrays_vectors-r4,visual_dominant,arrays_vectors,2,0,6090714346369449132,2026-10-01T05:41:46.061+00:00,completed,epsilon,True,True,True,True,,35.990768,42.041589000291424,40.589894000731874,2,49,0.49416530121267593,0.003415891924706871,184.880988004337,,diagram,1-1-2-1-1-0-0-1,0.4975811931373828,False,1,batch,True,pso,20,1,swarm
oe3-ofat-pilot-v2,oe3,swarm|batch|bc0|h1|pso|r1|N20|c1,syn-visual_dominant-functions-r0,visual_dominant,functions,2,0,1938275832337831069,2026-10-01T05:41:46.103+00:00,completed,epsilon,True,True,True,True,,35.527495,41.08366900254623,39.65804499966907,2,50,0.4977881257361313,1.9637715242826204e-07,146.35632600276426,,diagram,1-0-2-1-1-1-0-1,0.4977883221132837,False,1,batch,True,pso,20,1,swarm
oe3-ofat-pilot-v2,oe3,swarm|batch|bc0|h1|pso|r1|N20|c1,syn-visual_dominant-functions-r1,visual_dominant,functions,2,0,18320065843555622638,2026-10-01T05:41:46.144+00:00,completed,epsilon,True,True,True,True,,29.827807,35.57967999950051,34.11622600106057,1,48,0.4740233528279633,0.027875012652007147,151.73703399676108,,code,2-1-2-1-1-1-0-1,0.5018983654799705,False,1,batch,True,pso,20,1,swarm
oe3-ofat-pilot-v2,oe3,swarm|batch|bc0|h1|pso|r1|N20|c1,syn-visual_dominant-functions-r2,visual_dominant,functions,2,0,2018128801505319285,2026-10-01T05:41:46.179+00:00,completed,epsilon,True,True,True,True,,33.239764,41.86238799957209,40.39915500106872,2,48,0.4612015381927306,0.01017466893107688,154.87431900878204,,diagram,1-2-2-0-1-0-1-2,0.47137620712380746,False,1,batch,True,pso,20,1,swarm
oe3-ofat-pilot-v2,oe3,swarm|batch|bc0|h1|pso|r1|N20|c1,syn-visual_dominant-functions-r3,visual_dominant,functions,2,0,11458603809094557690,2026-10-01T05:41:46.221+00:00,completed,epsilon,True,True,True,True,,46.67624,52.37461000069743,50.882235998869874,4,50,0.46752807932785406,0.012907029719290863,150.22465500308027,,diagram,1-2-2-0-0-0-1-1,0.4804351090471449,False,1,batch,True,pso,20,1,swarm
oe3-ofat-pilot-v2,oe3,swarm|batch|bc0|h1|pso|r1|N20|c1,syn-visual_dominant-functions-r4,visual_dominant,functions,2,0,3571204151565300957,2026-10-01T05:41:46.274+00:00,completed,epsilon,True,True,True,True,,38.565635,46.43686300187255,45.01781300132279,4,45,0.5026284426457682,0.0,142.3292149981309,,code,2-0-2-0-1-1-1-1,0.5026284426457682,False,1,batch,True,pso,20,1,swarm
oe3-ofat-pilot-v2,oe3,swarm|batch|bc0|h1|pso|r1|N20|c1,syn-logical_syntactic-sequential-r0,logical_syntactic,sequential,2,0,6703238505377356793,2026-10-01T05:41:46.320+00:00,completed,epsilon,True,True,True,True,,32.172562,38.35130900188233,37.04041200035135,1,45,0.4761348237523099,0.02008255859137359,129.65931400436392,,code,2-1-1-1-0-1-0-1,0.4962173823436835,False,1,batch,True,pso,20,1,swarm
oe3-ofat-pilot-v2,oe3,swarm|batch|bc0|h1|pso|r1|N20|c1,syn-logical_syntactic-sequential-r1,logical_syntactic,sequential,2,0,2732344214726962996,2026-10-01T05:41:46.358+00:00,completed,epsilon,True,True,True,True,,38.814185,47.63627300053486,46.168818000296596,2,49,0.4624638032272476,0.02008255859137359,135.8038369988763,,code,2-1-1-1-1-1-0-1,0.4825463618186212,False,1,batch,True,pso,20,1,swarm
oe3-ofat-pilot-v2,oe3,swarm|batch|bc0|h1|pso|r1|N20|c1,syn-logical_syntactic-sequential-r2,logical_syntactic,sequential,2,0,9866697793834971187,2026-10-01T05:41:46.406+00:00,completed,epsilon,True,True,True,True,,27.480516,33.12914599882788,31.949873999110423,1,39,0.5052479809084092,0.0034158919247069264,127.51657200191914,,code,2-1-0-1-1-1-1-1,0.5086638728331161,False,1,batch,True,pso,20,1,swarm
oe3-ofat-pilot-v2,oe3,swarm|batch|bc0|h1|pso|r1|N20|c1,syn-logical_syntactic-sequential-r3,logical_syntactic,sequential,2,0,10397115182704620962,2026-10-01T05:41:46.439+00:00,completed,epsilon,True,True,True,True,,30.775643,36.69979599726503,35.29908400014392,1,48,0.47454039043400664,1.9637715242826204e-07,177.47240299801274,,code,2-0-1-1-1-1-0-1,0.47454058681115907,False,1,batch,True,pso,20,1,swarm
oe3-ofat-pilot-v2,oe3,swarm|batch|bc0|h1|pso|r1|N20|c1,syn-logical_syntactic-sequential-r4,logical_syntactic,sequential,2,0,15306839444144451490,2026-10-01T05:41:46.476+00:00,completed,epsilon,True,True,True,True,,35.283997,45.2277909971599,43.83307799798786,2,49,0.4729105214541622,0.0234772615577023,187.56434699181594,,code,2-2-1-0-1-1-0-1,0.4963877830118645,False,1,batch,True,pso,20,1,swarm
oe3-ofat-pilot-v2,oe3,swarm|batch|bc0|h1|pso|r1|N20|c1,syn-logical_syntactic-conditional-r0,logical_syntactic,conditional,2,0,12735488349665473455,2026-10-01T05:41:46.521+00:00,completed,epsilon,True,True,True,True,,31.65466,38.09513899977901,36.4164870006789,1,50,0.4552124341978106,0.0036547194033032526,193.97452601531637,,code,2-1-1-1-0-1-0-1,0.45886715360111385,False,1,batch,True,pso,20,1,swarm
oe3-ofat-pilot-v2,oe3,swarm|batch|bc0|h1|pso|r1|N20|c1,syn-logical_syntactic-conditional-r1,logical_syntactic,conditional,2,0,11399479585009898413,2026-10-01T05:41:46.559+00:00,completed,epsilon,True,True,True,True,,41.732012,47.78666000129306,46.31375199824106,3,50,0.45182455796811893,0.0,166.18055200046177,,code,2-1-1-0-0-0-0-1,0.45182455796811893,False,1,batch,True,pso,20,1,swarm
oe3-ofat-pilot-v2,oe3,swarm|batch|bc0|h1|pso|r1|N20|c1,syn-logical_syntactic-conditional-r2,logical_syntactic,conditional,2,0,3681324614498174940,2026-10-01T05:41:46.607+00:00,completed,epsilon,True,True,True,True,,28.102324,33.70359399923473,32.43126699817367,1,37,0.4631068467146388,0.0036547194033032526,126.2649159993447,,code,2-1-1-1-0-1-1-1,0.46676156611794206,False,1,batch,True,pso,20,1,swarm
oe3-ofat-pilot-v2,oe3,swarm|batch|bc0|h1|pso|r1|N20|c1,syn-logical_syntactic-conditional-r3,logical_syntactic,conditional,2,0,1495775939040843714,2026-10-01T05:41:46.641+00:00,completed,epsilon,True,True,True,True,,28.707969,34.682171997701516,33.34786599953077,1,43,0.4614734643861827,0.007792650437786042,144.050716000814,,code,2-1-1-1-0-1-0-1,0.46926611482396874,False,1,batch,True,pso,20,1,swarm
oe3-ofat-pilot-v2,oe3,swarm|batch|bc0|h1|pso|r1|N20|c1,syn-logical_syntactic-conditional-r4,logical_syntactic,conditional,2,0,11016568118539380630,2026-10-01T05:41:46.676+00:00,completed,epsilon,True,True,True,True,,35.988354,41.81370899823378,40.42309799842769,2,45,0.48758909673270007,1.963771524837732e-07,142.3206649878491,,code,2-1-1-1-1-0-1-1,0.48758929310985255,False,1,batch,True,pso,20,1,swarm
oe3-ofat-pilot-v2,oe3,swarm|batch|bc0|h1|pso|r1|N20|c1,syn-logical_syntactic-repetitive-r0,logical_syntactic,repetitive,2,0,8669339458277283579,2026-10-01T05:41:46.717+00:00,completed,epsilon,True,True,True,True,,30.733808,36.78177300025709,35.32831300253747,1,42,0.45068774937313677,0.02008255859137359,149.16506899390637,,code,2-1-2-1-0-1-1-1,0.47077030796451036,False,1,batch,True,pso,20,1,swarm
oe3-ofat-pilot-v2,oe3,swarm|batch|bc0|h1|pso|r1|N20|c1,syn-logical_syntactic-repetitive-r1,logical_syntactic,repetitive,2,0,7087564763739291896,2026-10-01T05:41:46.754+00:00,completed,epsilon,True,True,True,True,,27.8519,33.615196000027936,32.320300000719726,1,40,0.46854772531455674,0.02008255859137359,119.24545999381584,,code,2-1-1-1-0-1-0-1,0.48863028390593033,False,1,batch,True,pso,20,1,swarm
oe3-ofat-pilot-v2,oe3,swarm|batch|bc0|h1|pso|r1|N20|c1,syn-logical_syntactic-repetitive-r2,logical_syntactic,repetitive,2,0,17774420465350218166,2026-10-01T05:41:46.788+00:00,completed,epsilon,True,True,True,True,,35.016478,40.515700999094406,39.24547100177733,1,43,0.48860682289608054,0.02008255859137359,131.61493199435932,,code,2-1-1-1-1-1-1-1,0.5086893814874541,False,1,batch,True,pso,20,1,swarm
oe3-ofat-pilot-v2,oe3,swarm|batch|bc0|h1|pso|r1|N20|c1,syn-logical_syntactic-repetitive-r3,logical_syntactic,repetitive,2,0,11177538339330417699,2026-10-01T05:41:46.828+00:00,completed,epsilon,True,True,True,True,,43.594214,49.328689001413295,47.774991999176564,3,53,0.48029503237703386,0.0018731162351965924,203.2554269945996,,code,2-0-0-0-1-1-0-1,0.48216814861223045,False,1,batch,True,pso,20,1,swarm
oe3-ofat-pilot-v2,oe3,swarm|batch|bc0|h1|pso|r1|N20|c1,syn-logical_syntactic-repetitive-r4,logical_syntactic,repetitive,2,0,5975297501444787526,2026-10-01T05:41:46.878+00:00,completed,epsilon,True,True,True,True,,44.267083,53.15307600176311,51.54310499710846,4,51,0.4271906688368101,0.01720788959938324,150.7669159787679,,code,2-0-0-2-1-0-0-1,0.44439855843619336,False,1,batch,True,pso,20,1,swarm
oe3-ofat-pilot-v2,oe3,swarm|batch|bc0|h1|pso|r1|N20|c1,syn-logical_syntactic-arrays_vectors-r0,logical_syntactic,arrays_vectors,2,0,12465654442624101670,2026-10-01T05:41:46.931+00:00,completed,epsilon,True,True,True,True,,29.336507,35.084545001154765,33.631016998697305,1,48,0.4778259832526858,0.027875012652007147,151.49958099170908,,code,2-1-1-1-0-1-1-1,0.505700995904693,False,1,batch,True,pso,20,1,swarm
oe3-ofat-pilot-v2,oe3,swarm|batch|bc0|h1|pso|r1|N20|c1,syn-logical_syntactic-arrays_vectors-r1,logical_syntactic,arrays_vectors,2,0,686629181118521670,2026-10-01T05:41:46.966+00:00,completed,epsilon,True,True,True,True,,36.303317,44.1685529985989,42.97195300023304,3,40,0.4829892268644973,0.0010555026473685336,111.81189000091311,,code,2-0-1-2-1-0-1-0,0.48404472951186583,False,1,batch,True,pso,20,1,swarm
oe3-ofat-pilot-v2,oe3,swarm|batch|bc0|h1|pso|r1|N20|c1,syn-logical_syntactic-arrays_vectors-r2,logical_syntactic,arrays_vectors,2,0,16460370737839111721,2026-10-01T05:41:47.010+00:00,completed,epsilon,True,True,True,True,,32.128378,37.80488300253637,36.302159998740535,1,53,0.49083069767651405,0.027875012652007147,158.80478798296002,,code,2-1-1-1-0-1-0-1,0.5187057103285212,False,1,batch,True,pso,20,1,swarm
oe3-ofat-pilot-v2,oe3,swarm|batch|bc0|h1|pso|r1|N20|c1,syn-logical_syntactic-arrays_vectors-r3,logical_syntactic,arrays_vectors,2,0,4892650009174421881,2026-10-01T05:41:47.048+00:00,completed,epsilon,True,True,True,True,,30.017428,35.195420001400635,33.93453199896612,1,43,0.510410675757111,0.017498999281390648,118.06415399965691,,code,2-1-1-1-1-1-1-1,0.5279096750385016,False,1,batch,True,pso,20,1,swarm
oe3-ofat-pilot-v2,oe3,swarm|batch|bc0|h1|pso|r1|N20|c1,syn-logical_syntactic-arrays_vectors-r4,logical_syntactic,arrays_vectors,2,0,2417416973143296410,2026-10-01T05:41:47.083+00:00,completed,epsilon,True,True,True,True,,35.762304,42.858410997723695,41.44058599922573,3,45,0.46708730888128713,1.9637715242826204e-07,106.1327090114222,,code,2-0-1-1-0-0-1-1,0.46708750525843956,False,1,batch,True,pso,20,1,swarm
oe3-ofat-pilot-v2,oe3,swarm|batch|bc0|h1|pso|r1|N20|c1,syn-logical_syntactic-functions-r0,logical_syntactic,functions,2,0,15429747080000417372,2026-10-01T05:41:47.126+00:00,completed,epsilon,True,True,True,True,,26.829437,34.40897400287213,32.998929997120285,1,46,0.515574695902924,1.9637715242826204e-07,163.90681700183887,,code,2-0-1-1-1-0-0-1,0.5155748922800765,False,1,batch,True,pso,20,1,swarm
oe3-ofat-pilot-v2,oe3,swarm|batch|bc0|h1|pso|r1|N20|c1,syn-logical_syntactic-functions-r1,logical_syntactic,functions,2,0,294230652380773904,2026-10-01T05:41:47.160+00:00,completed,epsilon,True,True,True,True,,33.352534,39.21903499940527,37.92258500106982,2,47,0.4776444942622855,0.0175905906700351,159.11348899634703,,code,2-0-2-0-1-1-0-1,0.4952350849323206,False,1,batch,True,pso,20,1,swarm
oe3-ofat-pilot-v2,oe3,swarm|batch|bc0|h1|pso|r1|N20|c1,syn-logical_syntactic-functions-r2,logical_syntactic,functions,2,0,13615402844050324778,2026-10-01T05:41:47.200+00:00,completed,epsilon,True,True,True,True,,30.810099,39.10048300167546,37.82714400222176,1,44,0.4904149498771815,0.007792454060633558,120.20367400958328,,code,2-0-0-0-1-1-1-1,0.49820740393781504,False,1,batch,True,pso,20,1,swarm
oe3-ofat-pilot-v2,oe3,swarm|batch|bc0|h1|pso|r1|N20|c1,syn-logical_syntactic-functions-r3,logical_syntactic,functions,2,0,2628094489362841849,2026-10-01T05:41:47.239+00:00,completed,epsilon,True,True,True,True,,26.800258,32.55751199685619,31.140507002419326,1,48,0.46627757409622445,0.02008255859137359,161.92889899139726,,code,2-1-1-1-1-1-0-1,0.48636013268759803,False,1,batch,True,pso,20,1,swarm
oe3-ofat-pilot-v2,oe3,swarm|batch|bc0|h1|pso|r1|N20|c1,syn-logical_syntactic-functions-r4,logical_syntactic,functions,2,0,2404872287879725645,2026-10-01T05:41:47.271+00:00,completed,epsilon,True,True,True,True,,46.014499,54.279728999972576,52.834408001217525,4,48,0.44882022462120214,0.007230897594028007,140.7056309917368,,code,2-2-0-1-1-0-0-1,0.45605112221523014,False,1,batch,True,pso,20,1,swarm
oe3-ofat-pilot-v2,oe3,swarm|batch|bc0|h1|pso|r1|N20|c1,syn-explanatory_conceptual-sequential-r0,explanatory_conceptual,sequential,2,0,14486601001991957285,2026-10-01T05:41:47.326+00:00,completed,epsilon,True,True,True,True,,35.80921,43.368553000618704,41.876554998452775,2,53,0.46745544868137157,1.9637715242826204e-07,193.7513959964074,,text,0-0-1-1-2-0-0-1,0.467455645058524,False,1,batch,True,pso,20,1,swarm
oe3-ofat-pilot-v2,oe3,swarm|batch|bc0|h1|pso|r1|N20|c1,syn-explanatory_conceptual-sequential-r1,explanatory_conceptual,sequential,2,0,7259571591719946957,2026-10-01T05:41:47.369+00:00,completed,epsilon,True,True,True,True,,35.026056,41.11691099751624,39.67103399918415,1,48,0.45267043074923324,0.006749225258040281,178.90197799588574,,text,0-1-0-1-2-1-0-1,0.4594196560072735,False,1,batch,True,pso,20,1,swarm
oe3-ofat-pilot-v2,oe3,swarm|batch|bc0|h1|pso|r1|N20|c1,syn-explanatory_conceptual-sequential-r2,explanatory_conceptual,sequential,2,0,4560824736483476529,2026-10-01T05:41:47.410+00:00,completed,epsilon,True,True,True,True,,34.341817,41.99998100011726,40.53324200140196,2,53,0.44259176409251066,0.020082362214221106,187.60417700043382,,text,1-1-1-0-2-0-1-1,0.46267412630673177,False,1,batch,True,pso,20,1,swarm
oe3-ofat-pilot-v2,oe3,swarm|batch|bc0|h1|pso|r1|N20|c1,syn-explanatory_conceptual-sequential-r3,explanatory_conceptual,sequential,2,0,9930174057851836806,2026-10-01T05:41:47.452+00:00,completed,epsilon,True,True,True,True,,35.281844,43.72901399983675,42.160610002611065,3,49,0.44059782027567096,0.008378946700049683,154.9780100055761,,text,1-0-1-1-2-1-1-2,0.44897676697572064,False,1,batch,True,pso,20,1,swarm
oe3-ofat-pilot-v2,oe3,swarm|batch|bc0|h1|pso|r1|N20|c1,syn-explanatory_conceptual-sequential-r4,explanatory_conceptual,sequential,2,0,9320799391319476761,2026-10-01T05:41:47.496+00:00,completed,epsilon,True,True,True,True,,39.941215,47.967528997105546,46.41297999842209,2,51,0.4633307605530749,0.0031722393879051736,155.0070239964701,,text,1-1-1-1-2-0-1-1,0.4665029999409801,False,1,batch,True,pso,20,1,swarm
oe3-ofat-pilot-v2,oe3,swarm|batch|bc0|h1|pso|r1|N20|c1,syn-explanatory_conceptual-conditional-r0,explanatory_conceptual,conditional,2,0,1472434634288188504,2026-10-01T05:41:47.544+00:00,completed,epsilon,True,True,True,True,,28.797104,37.81453899864573,36.15450600045733,1,51,0.4877375139863285,0.007792454060633558,174.66437299345998,,code,2-1-1-0-2-1-1-1,0.49552996804696203,False,1,batch,True,pso,20,1,swarm
oe3-ofat-pilot-v2,oe3,swarm|batch|bc0|h1|pso|r1|N20|c1,syn-explanatory_conceptual-conditional-r1,explanatory_conceptual,conditional,2,0,9456364817232365643,2026-10-01T05:41:47.582+00:00,completed,epsilon,True,True,True,True,,33.516418,39.46350800106302,38.05991300032474,2,44,0.47520911893219114,0.0036547194033032526,142.00135498808135,,text,1-1-1-1-2-1-1-1,0.4788638383354944,False,1,batch,True,pso,20,1,swarm
oe3-ofat-pilot-v2,oe3,swarm|batch|bc0|h1|pso|r1|N20|c1,syn-explanatory_conceptual-conditional-r2,explanatory_conceptual,conditional,2,0,5881994369337550437,2026-10-01T05:41:47.621+00:00,completed,epsilon,True,True,True,True,,31.503521,37.56117500233813,36.00748200187809,1,51,0.4825122760291102,0.007792454060633558,192.57452300771828,,diagram,1-1-2-0-2-1-1-1,0.49030473008974373,False,1,batch,True,pso,20,1,swarm
oe3-ofat-pilot-v2,oe3,swarm|batch|bc0|h1|pso|r1|N20|c1,syn-explanatory_conceptual-conditional-r3,explanatory_conceptual,conditional,2,0,8435174638097405506,2026-10-01T05:41:47.659+00:00,completed,epsilon,True,True,True,True,,30.875639,37.606203000905225,36.07382699919981,1,44,0.40097835467564585,0.03364007004930275,157.22301798194638,,text,0-1-0-1-2-1-0-1,0.4346184247249486,False,1,batch,True,pso,20,1,swarm
oe3-ofat-pilot-v2,oe3,swarm|batch|bc0|h1|pso|r1|N20|c1,syn-explanatory_conceptual-conditional-r4,explanatory_conceptual,conditional,2,0,16811290955777993261,2026-10-01T05:41:47.696+00:00,completed,epsilon,True,True,True,True,,47.98879,54.62820600223495,53.04492499999469,3,51,0.4651361011678009,0.0,167.9288530021008,,text,1-1-1-0-2-0-0-1,0.4651361011678009,False,1,batch,True,pso,20,1,swarm
oe3-ofat-pilot-v2,oe3,swarm|batch|bc0|h1|pso|r1|N20|c1,syn-explanatory_conceptual-repetitive-r0,explanatory_conceptual,repetitive,2,0,16651396803649518729,2026-10-01T05:41:47.751+00:00,completed,epsilon,True,True,True,True,,47.831684,53.4314809992793,51.950764001958305,2,53,0.4460986935462345,0.02008255859137359,209.5608240001387,,text,1-1-1-1-2-1-0-1,0.4661812521376081,False,1,batch,True,pso,20,1,swarm
oe3-ofat-pilot-v2,oe3,swarm|batch|bc0|h1|pso|r1|N20|c1,syn-explanatory_conceptual-repetitive-r1,explanatory_conceptual,repetitive,2,0,11245067322156158965,2026-10-01T05:41:47.804+00:00,completed,epsilon,True,True,True,True,,46.081326,52.12972699882812,50.641688001633156,2,50,0.5255407002055713,1.9637715242826204e-07,175.192676004623,,text,1-0-1-1-2-1-1-1,0.5255408965827237,False,1,batch,True,pso,20,1,swarm
oe3-ofat-pilot-v2,oe3,swarm|batch|bc0|h1|pso|r1|N20|c1,syn-explanatory_conceptual-repetitive-r2,explanatory_conceptual,repetitive,2,0,1941751807694570845,2026-10-01T05:41:47.857+00:00,completed,epsilon,True,True,True,True,,28.34153,33.74256099777995,32.41709600115428,1,45,0.4707990919315041,0.021881510427353146,152.9426679983523,,text,1-1-1-1-2-1-1-1,0.49268060235885724,False,1,batch,True,pso,20,1,swarm
oe3-ofat-pilot-v2,oe3,swarm|batch|bc0|h1|pso|r1|N20|c1,syn-explanatory_conceptual-repetitive-r3,explanatory_conceptual,repetitive,2,0,7312862892071760212,2026-10-01T05:41:47.890+00:00,completed,epsilon,True,True,True,True,,24.124646,29.383681998297106,28.173614999104757,1,39,0.46760140454444094,0.02008255859137359,119.83646601741869,,code,2-1-1-1-2-1-1-1,0.4876839631358145,False,1,batch,True,pso,20,1,swarm
oe3-ofat-pilot-v2,oe3,swarm|batch|bc0|h1|pso|r1|N20|c1,syn-explanatory_conceptual-repetitive-r4,explanatory_conceptual,repetitive,2,0,11178940480046766617,2026-10-01T05:41:47.920+00:00,completed,epsilon,True,True,True,True,,29.935936,35.69100399909075,34.23528599887504,1,47,0.45405216601876935,0.02008255859137359,166.77113300558563,,text,1-1-0-1-2-1-1-1,0.47413472461014294,False,1,batch,True,pso,20,1,swarm
oe3-ofat-pilot-v2,oe3,swarm|batch|bc0|h1|pso|r1|N20|c1,syn-explanatory_conceptual-arrays_vectors-r0,explanatory_conceptual,arrays_vectors,2,0,3176049071516707528,2026-10-01T05:41:47.955+00:00,completed,epsilon,True,True,True,True,,27.36823,33.897879999130964,32.50670299894409,1,42,0.49778085910851905,0.027875012652007147,123.04202699945162,,text,1-1-1-1-2-1-0-1,0.5256558717605262,False,1,batch,True,pso,20,1,swarm
oe3-ofat-pilot-v2,oe3,swarm|batch|bc0|h1|pso|r1|N20|c1,syn-explanatory_conceptual-arrays_vectors-r1,explanatory_conceptual,arrays_vectors,2,0,11472989949711724537,2026-10-01T05:41:47.989+00:00,completed,epsilon,True,True,True,True,,38.391656,44.8108950004098,43.32016500120517,2,51,0.48246679412408,0.007792650437785986,165.58786600036584,,text,0-0-0-1-2-1-1-1,0.490259444561866,False,1,batch,True,pso,20,1,swarm
oe3-ofat-pilot-v2,oe3,swarm|batch|bc0|h1|pso|r1|N20|c1,syn-explanatory_conceptual-arrays_vectors-r2,explanatory_conceptual,arrays_vectors,2,0,10382386641063741548,2026-10-01T05:41:48.034+00:00,completed,epsilon,True,True,True,True,,29.309716,34.88247399945976,33.69033199851401,1,41,0.5002467392530876,0.027875012652007203,120.98762198669978,,diagram,0-1-2-1-2-1-1-1,0.5281217519050948,False,1,batch,True,pso,20,1,swarm
oe3-ofat-pilot-v2,oe3,swarm|batch|bc0|h1|pso|r1|N20|c1,syn-explanatory_conceptual-arrays_vectors-r3,explanatory_conceptual,arrays_vectors,2,0,2259169429594963540,2026-10-01T05:41:48.069+00:00,completed,epsilon,True,True,True,True,,28.004803,33.43484599827207,32.191227001021616,1,46,0.4899428394838256,0.017498999281390593,153.52763998825893,,text,0-1-1-1-2-1-0-1,0.5074418387652162,False,1,batch,True,pso,20,1,swarm
oe3-ofat-pilot-v2,oe3,swarm|batch|bc0|h1|pso|r1|N20|c1,syn-explanatory_conceptual-arrays_vectors-r4,explanatory_conceptual,arrays_vectors,2,0,16509041288914301223,2026-10-01T05:41:48.103+00:00,completed,epsilon,True,True,True,True,,26.731278,32.67630700065638,31.25144099976751,1,45,0.5030917240612093,0.014696521701211163,153.14344700294947,,text,1-1-1-0-2-1-1-1,0.5177882457624204,False,1,batch,True,pso,20,1,swarm
oe3-ofat-pilot-v2,oe3,swarm|batch|bc0|h1|pso|r1|N20|c1,syn-explanatory_conceptual-functions-r0,explanatory_conceptual,functions,2,0,17531483786064496240,2026-10-01T05:41:48.135+00:00,completed,epsilon,True,True,True,True,,25.611401,33.45450599954347,32.31892400071956,1,39,0.4828702671654518,0.027874816274854664,113.49360998802578,,text,1-1-1-0-2-1-1-1,0.5107450834403064,False,1,batch,True,pso,20,1,swarm
oe3-ofat-pilot-v2,oe3,swarm|batch|bc0|h1|pso|r1|N20|c1,syn-explanatory_conceptual-functions-r1,explanatory_conceptual,functions,2,0,2918462925200927164,2026-10-01T05:41:48.169+00:00,completed,epsilon,True,True,True,True,,38.456416,44.153909002488945,42.75313899779576,1,48,0.4908433042588953,0.022579211377867947,144.9982930100543,,code,2-2-1-1-2-0-1-1,0.5134225156367632,False,1,batch,True,pso,20,1,swarm
oe3-ofat-pilot-v2,oe3,swarm|batch|bc0|h1|pso|r1|N20|c1,syn-explanatory_conceptual-functions-r2,explanatory_conceptual,functions,2,0,10502451655373640013,2026-10-01T05:41:48.213+00:00,completed,epsilon,True,True,True,True,,31.609593,37.12913400158868,35.6235370018112,2,47,0.4862088786957507,1.9637715242826204e-07,162.52307798915055,,text,1-0-1-1-2-1-1-1,0.4862090750729031,False,1,batch,True,pso,20,1,swarm
oe3-ofat-pilot-v2,oe3,swarm|batch|bc0|h1|pso|r1|N20|c1,syn-explanatory_conceptual-functions-r3,explanatory_conceptual,functions,2,0,9101098485372157783,2026-10-01T05:41:48.250+00:00,completed,epsilon,True,True,True,True,,38.696975,44.82452600132092,43.30148600274697,2,51,0.49777727535266225,0.007792650437785986,152.6765709965755,,text,1-0-1-1-2-1-1-1,0.5055699257904482,False,1,batch,True,pso,20,1,swarm
oe3-ofat-pilot-v2,oe3,swarm|batch|bc0|h1|pso|r1|N20|c1,syn-explanatory_conceptual-functions-r4,explanatory_conceptual,functions,2,0,2282946250972105915,2026-10-01T05:41:48.295+00:00,completed,epsilon,True,True,True,True,,40.647167,46.580932998040225,45.012274000328034,3,53,0.49970043101958095,0.0,188.387465997382,,text,1-0-1-0-2-0-1-1,0.49970043101958095,False,1,batch,True,pso,20,1,swarm
oe3-ofat-pilot-v2,oe3,swarm|batch|bc0|h1|pso|r1|N20|c1,syn-balanced_multimodal-sequential-r0,balanced_multimodal,sequential,2,0,8447297626789157734,2026-10-01T05:41:48.341+00:00,completed,epsilon,True,True,True,True,,33.279839,39.17407300104969,37.90951100017992,2,43,0.47478255891106164,0.02008255859137359,104.83889399277294,,diagram,1-1-2-1-1-1-1-1,0.4948651175024352,False,1,batch,True,pso,20,1,swarm
oe3-ofat-pilot-v2,oe3,swarm|batch|bc0|h1|pso|r1|N20|c1,syn-balanced_multimodal-sequential-r1,balanced_multimodal,sequential,2,0,14002032390557949515,2026-10-01T05:41:48.381+00:00,completed,epsilon,True,True,True,True,,37.292462,43.24173299755785,41.676794997329125,2,51,0.4657807084094385,0.020082362214221106,179.04456598715217,,code,2-1-2-0-1-1-1-1,0.48586307062365963,False,1,batch,True,pso,20,1,swarm
oe3-ofat-pilot-v2,oe3,swarm|batch|bc0|h1|pso|r1|N20|c1,syn-balanced_multimodal-sequential-r2,balanced_multimodal,sequential,2,0,7504185198732801890,2026-10-01T05:41:48.424+00:00,completed,epsilon,True,True,True,True,,29.681211,38.23792899856926,36.550115000864025,1,49,0.4994691128163741,0.020082362214221106,171.62680501586706,,code,2-1-1-0-1-1-1-1,0.5195514750305952,False,1,batch,True,pso,20,1,swarm
oe3-ofat-pilot-v2,oe3,swarm|batch|bc0|h1|pso|r1|N20|c1,syn-balanced_multimodal-sequential-r3,balanced_multimodal,sequential,2,0,5533078066589847335,2026-10-01T05:41:48.462+00:00,completed,epsilon,True,True,True,True,,30.719766,38.95711999939522,37.51008700055536,1,46,0.4813460564414294,0.02424922525804024,153.3515890138678,,text,1-1-1-1-2-1-1-1,0.5055952816994697,False,1,batch,True,pso,20,1,swarm
oe3-ofat-pilot-v2,oe3,swarm|batch|bc0|h1|pso|r1|N20|c1,syn-balanced_multimodal-sequential-r4,balanced_multimodal,sequential,2,0,14835646452101714281,2026-10-01T05:41:48.501+00:00,completed,epsilon,True,True,True,True,,29.762771,37.96155199961504,36.4766070015321,1,48,0.4831680338827303,0.02326354576638584,152.46279098838986,,code,2-1-2-1-2-1-1-1,0.5064315796491161,False,1,batch,True,pso,20,1,swarm
oe3-ofat-pilot-v2,oe3,swarm|batch|bc0|h1|pso|r1|N20|c1,syn-balanced_multimodal-conditional-r0,balanced_multimodal,conditional,2,0,18123689100739274857,2026-10-01T05:41:48.539+00:00,completed,epsilon,True,True,True,True,,31.727622,37.0495330025733,35.69835799862631,1,48,0.48780502665661635,0.0036547194033032526,176.51675401591478,,code,2-1-1-1-1-1-1-1,0.4914597460599196,False,1,batch,True,pso,20,1,swarm
oe3-ofat-pilot-v2,oe3,swarm|batch|bc0|h1|pso|r1|N20|c1,syn-balanced_multimodal-conditional-r1,balanced_multimodal,conditional,2,0,8620693703250771292,2026-10-01T05:41:48.576+00:00,completed,epsilon,True,True,True,True,,33.040798,39.17175599781331,37.378820998128504,1,49,0.498809334994812,1.963771524837732e-07,168.42431499388522,,code,1-1-1-1-1-0-1-1,0.4988095313719645,False,1,batch,True,pso,20,1,swarm
oe3-ofat-pilot-v2,oe3,swarm|batch|bc0|h1|pso|r1|N20|c1,syn-balanced_multimodal-conditional-r2,balanced_multimodal,conditional,2,0,4177528802721280060,2026-10-01T05:41:48.615+00:00,completed,epsilon,True,True,True,True,,32.127616,41.69107000052463,40.21567299787421,1,48,0.495726416987283,0.0036548666861676016,151.60067701790152,,code,1-1-1-2-1-1-1-1,0.4993812836734506,False,1,batch,True,pso,20,1,swarm
oe3-ofat-pilot-v2,oe3,swarm|batch|bc0|h1|pso|r1|N20|c1,syn-balanced_multimodal-conditional-r3,balanced_multimodal,conditional,2,0,6004589078447390537,2026-10-01T05:41:48.657+00:00,completed,epsilon,True,True,True,True,,35.061325,40.32017999998061,38.996233997750096,2,46,0.47153478436590585,1.963771524837732e-07,164.33508699929308,,text,1-1-1-1-2-0-1-1,0.47153498074305833,False,1,batch,True,pso,20,1,swarm
oe3-ofat-pilot-v2,oe3,swarm|batch|bc0|h1|pso|r1|N20|c1,syn-balanced_multimodal-conditional-r4,balanced_multimodal,conditional,2,0,15390802926142810456,2026-10-01T05:41:48.697+00:00,completed,epsilon,True,True,True,True,,32.099006,37.61991400097031,36.16992199749802,1,46,0.49335718275037993,0.0036547194033032526,166.4298809830989,,code,2-1-1-1-2-1-2-1,0.4970119021536832,False,1,batch,True,pso,20,1,swarm
oe3-ofat-pilot-v2,oe3,swarm|batch|bc0|h1|pso|r1|N20|c1,syn-balanced_multimodal-repetitive-r0,balanced_multimodal,repetitive,2,0,1346203531563287096,2026-10-01T05:41:48.735+00:00,completed,epsilon,True,True,True,True,,30.862714,36.82618099992396,35.39203900072607,1,46,0.5383161833171735,0.020082558591373534,154.6730539748709,,code,2-1-1-1-1-1-2-1,0.558398741908547,False,1,batch,True,pso,20,1,swarm
oe3-ofat-pilot-v2,oe3,swarm|batch|bc0|h1|pso|r1|N20|c1,syn-balanced_multimodal-repetitive-r1,balanced_multimodal,repetitive,2,0,15966608529395865366,2026-10-01T05:41:48.772+00:00,completed,epsilon,True,True,True,True,,31.270013,39.94346699982998,38.31459299908602,1,40,0.5099657852394064,0.020082362214221106,144.27512399761682,,code,2-1-2-0-2-1-1-1,0.5300481474536275,False,1,batch,True,pso,20,1,swarm
oe3-ofat-pilot-v2,oe3,swarm|batch|bc0|h1|pso|r1|N20|c1,syn-balanced_multimodal-repetitive-r2,balanced_multimodal,repetitive,2,0,12952745568191493432,2026-10-01T05:41:48.812+00:00,completed,epsilon,True,True,True,True,,29.50137,35.92818299875944,34.493179999117274,1,47,0.48695008664679024,0.02008255859137359,152.21558199133753,,code,2-1-2-1-1-1-2-1,0.5070326452381638,False,1,batch,True,pso,20,1,swarm
oe3-ofat-pilot-v2,oe3,swarm|batch|bc0|h1|pso|r1|N20|c1,syn-balanced_multimodal-repetitive-r3,balanced_multimodal,repetitive,2,0,4046630919765129189,2026-10-01T05:41:48.848+00:00,completed,epsilon,True,True,True,True,,30.10237,36.05338999841479,34.576830999867525,1,48,0.498403614745411,0.02008255859137359,158.75450000235898,,diagram,1-1-2-1-2-1-1-1,0.5184861733367846,False,1,batch,True,pso,20,1,swarm
oe3-ofat-pilot-v2,oe3,swarm|batch|bc0|h1|pso|r1|N20|c1,syn-balanced_multimodal-repetitive-r4,balanced_multimodal,repetitive,2,0,16362929293659838061,2026-10-01T05:41:48.884+00:00,completed,epsilon,True,True,True,True,,41.863319,47.780693999811774,46.411624000029406,3,46,0.5555295985433403,0.0,144.4746100042344,,code,2-0-1-0-1-1-2-1,0.5555295985433403,False,1,batch,True,pso,20,1,swarm
oe3-ofat-pilot-v2,oe3,swarm|batch|bc0|h1|pso|r1|N20|c1,syn-balanced_multimodal-arrays_vectors-r0,balanced_multimodal,arrays_vectors,2,0,3584950309651211707,2026-10-01T05:41:48.932+00:00,completed,epsilon,True,True,True,True,,28.412714,34.19942300024559,32.86765099983313,1,39,0.5013726987590279,0.027875012652007203,116.01164900241041,,code,2-1-1-1-2-1-1-1,0.5292477114110351,False,1,batch,True,pso,20,1,swarm
oe3-ofat-pilot-v2,oe3,swarm|batch|bc0|h1|pso|r1|N20|c1,syn-balanced_multimodal-arrays_vectors-r1,balanced_multimodal,arrays_vectors,2,0,15889600935136838771,2026-10-01T05:41:48.966+00:00,completed,epsilon,True,True,True,True,,39.904577,45.92218300240347,44.385315999534214,2,50,0.5091265566641985,0.010499076837774401,184.77877097190122,,code,1-2-1-1-1-0-1-1,0.5196256335019729,False,1,batch,True,pso,20,1,swarm
oe3-ofat-pilot-v2,oe3,swarm|batch|bc0|h1|pso|r1|N20|c1,syn-balanced_multimodal-arrays_vectors-r2,balanced_multimodal,arrays_vectors,2,0,14508102243054643269,2026-10-01T05:41:49.012+00:00,completed,epsilon,True,True,True,True,,30.074772,36.10362399922451,34.765278000122635,1,45,0.5207081594293232,0.027875012652007092,136.10892999156195,,text,1-1-1-1-2-1-1-1,0.5485831720813303,False,1,batch,True,pso,20,1,swarm
oe3-ofat-pilot-v2,oe3,swarm|batch|bc0|h1|pso|r1|N20|c1,syn-balanced_multimodal-arrays_vectors-r3,balanced_multimodal,arrays_vectors,2,0,11947795539240216146,2026-10-01T05:41:49.048+00:00,completed,epsilon,True,True,True,True,,40.073837,48.46119700232521,47.05827299767407,3,48,0.5439379445869269,0.007792454060633558,163.88366902226866,,code,2-0-2-1-1-1-2-1,0.5517303986475605,False,1,batch,True,pso,20,1,swarm
oe3-ofat-pilot-v2,oe3,swarm|batch|bc0|h1|pso|r1|N20|c1,syn-balanced_multimodal-arrays_vectors-r4,balanced_multimodal,arrays_vectors,2,0,3917925863049030086,2026-10-01T05:41:49.096+00:00,completed,epsilon,True,True,True,True,,39.854697,47.154766998573905,45.792060998792294,4,49,0.5265923131748955,0.0,134.20107399778536,,code,2-0-1-0-1-0-1-1,0.5265923131748955,False,1,batch,True,pso,20,1,swarm
oe3-ofat-pilot-v2,oe3,swarm|batch|bc0|h1|pso|r1|N20|c1,syn-balanced_multimodal-functions-r0,balanced_multimodal,functions,2,0,6550835933060694946,2026-10-01T05:41:49.143+00:00,completed,epsilon,True,True,True,True,,32.013639,37.61427000063122,36.23359399716719,1,46,0.5031059746980451,0.027875012652007203,160.59966200572012,,code,2-1-2-1-1-1-1-1,0.5309809873500523,False,1,batch,True,pso,20,1,swarm
oe3-ofat-pilot-v2,oe3,swarm|batch|bc0|h1|pso|r1|N20|c1,syn-balanced_multimodal-functions-r1,balanced_multimodal,functions,2,0,3881832823610794111,2026-10-01T05:41:49.181+00:00,completed,epsilon,True,True,True,True,,24.412889,30.020467998838285,28.81699199861032,1,37,0.4917724457549157,0.02008255859137359,99.52807998223312,,code,2-1-1-1-1-1-2-1,0.5118550043462893,False,1,batch,True,pso,20,1,swarm
oe3-ofat-pilot-v2,oe3,swarm|batch|bc0|h1|pso|r1|N20|c1,syn-balanced_multimodal-functions-r2,balanced_multimodal,functions,2,0,3016560622276445506,2026-10-01T05:41:49.211+00:00,completed,epsilon,True,True,True,True,,28.910483,39.40376799801015,38.20945100233075,1,40,0.5031640261075007,0.015023498937525859,120.75593199231909,,code,2-2-1-2-1-1-1-1,0.5181875250450265,False,1,batch,True,pso,20,1,swarm
oe3-ofat-pilot-v2,oe3,swarm|batch|bc0|h1|pso|r1|N20|c1,syn-balanced_multimodal-functions-r3,balanced_multimodal,functions,2,0,2061094210757061170,2026-10-01T05:41:49.251+00:00,completed,epsilon,True,True,True,True,,26.584186,32.37405899926671,30.84409199800575,1,47,0.489537761565406,0.027875012652007147,154.41465600587998,,diagram,1-1-2-1-2-1-1-1,0.5174127742174132,False,1,batch,True,pso,20,1,swarm
oe3-ofat-pilot-v2,oe3,swarm|batch|bc0|h1|pso|r1|N20|c1,syn-balanced_multimodal-functions-r4,balanced_multimodal,functions,2,0,13400621087723788685,2026-10-01T05:41:49.283+00:00,completed,epsilon,True,True,True,True,,43.812459,52.938673998141894,51.45113400067203,4,50,0.5037096701669489,1.9637715242826204e-07,142.28754900148695,,diagram,1-0-2-1-1-0-1-1,0.5037098665441013,False,1,batch,True,pso,20,1,swarm
oe3-ofat-pilot-v2,oe3,swarm|batch|bc1|h1|cognitive|r1|N20|c1,syn-visual_dominant-sequential-r0,visual_dominant,sequential,0,0,8580140326324496627,2026-10-01T05:41:50.537+00:00,completed,epsilon,True,True,True,True,,32.681287,38.403826001740526,36.964467999496264,1,56,0.45572350868757355,0.02008255859137359,164.60694501753142,,diagram,1-1-2-1-1-1-0-1,0.47580606727894714,True,1,batch,True,cognitive,20,1,swarm
oe3-ofat-pilot-v2,oe3,swarm|batch|bc1|h1|cognitive|r1|N20|c1,syn-visual_dominant-sequential-r1,visual_dominant,sequential,0,0,17048800117076641484,2026-10-01T05:41:50.575+00:00,completed,epsilon,True,True,True,True,,31.559759,37.43949499767041,36.01184299986926,1,53,0.44878503224528293,0.02008255859137359,141.81564598800017,,diagram,1-1-2-1-0-1-1-1,0.4688675908366565,True,1,batch,True,cognitive,20,1,swarm
oe3-ofat-pilot-v2,oe3,swarm|batch|bc1|h1|cognitive|r1|N20|c1,syn-visual_dominant-sequential-r2,visual_dominant,sequential,0,0,4355585619346073820,2026-10-01T05:41:50.613+00:00,completed,epsilon,True,True,True,True,,30.55266,36.5020299977914,35.001161999389296,1,51,0.43325366196641485,0.03524242282272433,129.13242999032863,,diagram,0-1-2-1-0-1-0-1,0.4684960847891392,True,1,batch,True,cognitive,20,1,swarm
oe3-ofat-pilot-v2,oe3,swarm|batch|bc1|h1|cognitive|r1|N20|c1,syn-visual_dominant-sequential-r3,visual_dominant,sequential,0,0,5551779150201999310,2026-10-01T05:41:50.649+00:00,completed,epsilon,True,True,True,True,,29.234929,35.08628900090116,33.58771000057459,1,50,0.47264381386399984,0.02424922525804024,113.09673800355922,,diagram,1-1-2-1-0-1-1-1,0.4968930391220401,True,1,batch,True,cognitive,20,1,swarm
oe3-ofat-pilot-v2,oe3,swarm|batch|bc1|h1|cognitive|r1|N20|c1,syn-visual_dominant-sequential-r4,visual_dominant,sequential,0,0,13994061115368628468,2026-10-01T05:41:50.685+00:00,completed,epsilon,True,True,True,True,,29.782265,35.63342599954922,34.13092300252174,1,51,0.43063836246277115,0.02335258903245524,132.75698799654316,,diagram,0-1-2-1-1-1-0-1,0.4539909514952264,True,1,batch,True,cognitive,20,1,swarm
oe3-ofat-pilot-v2,oe3,swarm|batch|bc1|h1|cognitive|r1|N20|c1,syn-visual_dominant-conditional-r0,visual_dominant,conditional,0,0,11471567894967710186,2026-10-01T05:41:50.720+00:00,completed,epsilon,True,True,True,True,,31.324258,37.069288999191485,35.55529300138005,1,55,0.4683786250362893,0.007792650437786042,152.97287699361388,,diagram,1-1-2-1-0-1-0-1,0.47617127547407534,True,1,batch,True,cognitive,20,1,swarm
oe3-ofat-pilot-v2,oe3,swarm|batch|bc1|h1|cognitive|r1|N20|c1,syn-visual_dominant-conditional-r1,visual_dominant,conditional,0,0,13928515270300365190,2026-10-01T05:41:50.757+00:00,completed,epsilon,True,True,True,True,,32.651882,38.288679999823216,36.720936997880926,1,57,0.3842673915053973,0.05286435665327499,188.45308299825967,,diagram,0-1-2-1-0-1-0-1,0.4371317481586723,True,1,batch,True,cognitive,20,1,swarm
oe3-ofat-pilot-v2,oe3,swarm|batch|bc1|h1|cognitive|r1|N20|c1,syn-visual_dominant-conditional-r2,visual_dominant,conditional,0,0,7530803405880337628,2026-10-01T05:41:50.796+00:00,completed,epsilon,True,True,True,True,,31.464697,37.28285599936498,35.749190999922575,1,56,0.4673843550934116,0.008379093982914032,164.03496100747984,,code,2-1-2-2-1-0-1-2,0.4757634490763256,True,1,batch,True,cognitive,20,1,swarm
oe3-ofat-pilot-v2,oe3,swarm|batch|bc1|h1|cognitive|r1|N20|c1,syn-visual_dominant-conditional-r3,visual_dominant,conditional,0,0,12303691227522993195,2026-10-01T05:41:50.833+00:00,completed,epsilon,True,True,True,True,,32.338541,37.954564999381546,36.4880870001798,1,54,0.45270204532525965,0.004709878390655009,156.05693298713743,,diagram,1-1-2-1-0-1-1-0,0.45741192371591466,True,1,batch,True,cognitive,20,1,swarm
oe3-ofat-pilot-v2,oe3,swarm|batch|bc1|h1|cognitive|r1|N20|c1,syn-visual_dominant-conditional-r4,visual_dominant,conditional,0,0,7123775909059268369,2026-10-01T05:41:50.871+00:00,completed,epsilon,True,True,True,True,,30.304971,35.88723100256175,34.4865450024372,1,51,0.43905885028638547,0.009598091106895246,152.81661299237857,,diagram,1-1-2-0-1-0-1-1,0.4486569413932807,True,1,batch,True,cognitive,20,1,swarm
oe3-ofat-pilot-v2,oe3,swarm|batch|bc1|h1|cognitive|r1|N20|c1,syn-visual_dominant-repetitive-r0,visual_dominant,repetitive,0,0,3652346516165016234,2026-10-01T05:41:50.907+00:00,completed,epsilon,True,True,True,True,,36.500095,45.86971100070514,44.376347002980765,1,56,0.46998170127395994,0.02008255859137359,187.57248398458162,,diagram,1-1-2-1-1-1-0-1,0.49006425986533353,True,1,batch,True,cognitive,20,1,swarm
oe3-ofat-pilot-v2,oe3,swarm|batch|bc1|h1|cognitive|r1|N20|c1,syn-visual_dominant-repetitive-r1,visual_dominant,repetitive,0,0,9493985239135120539,2026-10-01T05:41:50.953+00:00,completed,epsilon,True,True,True,True,,30.897894,39.784647000487894,38.37058499993873,1,51,0.45873704156840595,0.0326740479987187,147.1991699693234,,diagram,1-1-2-1-1-1-1-1,0.49141108956712465,True,1,batch,True,cognitive,20,1,swarm
oe3-ofat-pilot-v2,oe3,swarm|batch|bc1|h1|cognitive|r1|N20|c1,syn-visual_dominant-repetitive-r2,visual_dominant,repetitive,0,0,15577984090316381348,2026-10-01T05:41:50.992+00:00,completed,epsilon,True,True,True,True,,35.206116,45.19105099825538,43.50921700097388,1,56,0.497368651601852,0.02008255859137359,186.31652100894974,,code,2-1-2-1-1-1-0-1,0.5174512101932256,True,1,batch,True,cognitive,20,1,swarm
oe3-ofat-pilot-v2,oe3,swarm|batch|bc1|h1|cognitive|r1|N20|c1,syn-visual_dominant-repetitive-r3,visual_dominant,repetitive,0,0,13061490195280824700,2026-10-01T05:41:51.038+00:00,completed,epsilon,True,True,True,True,,27.20391,37.55841199745191,36.23659000004409,1,44,0.48189205226503085,0.023438056494946458,99.4343920046942,,diagram,1-0-2-1-1-1-0-1,0.5053301087599773,True,1,batch,True,cognitive,20,1,swarm
oe3-ofat-pilot-v2,oe3,swarm|batch|bc1|h1|cognitive|r1|N20|c1,syn-visual_dominant-repetitive-r4,visual_dominant,repetitive,0,0,5153165576748431564,2026-10-01T05:41:51.075+00:00,completed,epsilon,True,True,True,True,,34.167785,40.181017997383606,38.55003799981205,1,56,0.43539326357179114,0.032214241800902654,180.67046401828838,,diagram,0-1-2-1-0-1-0-1,0.4676075053726938,True,1,batch,True,cognitive,20,1,swarm
oe3-ofat-pilot-v2,oe3,swarm|batch|bc1|h1|cognitive|r1|N20|c1,syn-visual_dominant-arrays_vectors-r0,visual_dominant,arrays_vectors,0,0,2484686855457110652,2026-10-01T05:41:51.115+00:00,completed,epsilon,True,True,True,True,,32.586808,41.30843900202308,39.93095999976504,1,49,0.46105976353153516,0.027875012652007147,136.0345730063392,,diagram,1-1-2-1-0-1-0-1,0.4889347761835423,True,1,batch,True,cognitive,20,1,swarm
oe3-ofat-pilot-v2,oe3,swarm|batch|bc1|h1|cognitive|r1|N20|c1,syn-visual_dominant-arrays_vectors-r1,visual_dominant,arrays_vectors,0,0,14387502913323118724,2026-10-01T05:41:51.157+00:00,completed,epsilon,True,True,True,True,,35.011039,44.675854998786235,43.05528499753564,1,57,0.4139902945307471,0.0392023121575682,190.0095699735067,,diagram,1-2-2-1-2-0-1-0,0.4531926066883153,True,1,batch,True,cognitive,20,1,swarm
oe3-ofat-pilot-v2,oe3,swarm|batch|bc1|h1|cognitive|r1|N20|c1,syn-visual_dominant-arrays_vectors-r2,visual_dominant,arrays_vectors,0,0,18083930375172244621,2026-10-01T05:41:51.201+00:00,completed,epsilon,True,True,True,True,,36.176659,46.163784001691965,44.680717001028825,1,55,0.4939594688494195,0.027875012652007147,163.52676202065757,,diagram,1-1-2-1-1-1-1-1,0.5218344815014266,True,1,batch,True,cognitive,20,1,swarm
oe3-ofat-pilot-v2,oe3,swarm|batch|bc1|h1|cognitive|r1|N20|c1,syn-visual_dominant-arrays_vectors-r3,visual_dominant,arrays_vectors,0,0,16074832408338533935,2026-10-01T05:41:51.248+00:00,completed,epsilon,True,True,True,True,,34.331122,43.829504000314046,42.35196299850941,1,52,0.5104383568030326,0.017498999281390648,142.8299899880219,,diagram,0-1-2-1-1-1-0-1,0.5279373560844233,True,1,batch,True,cognitive,20,1,swarm
oe3-ofat-pilot-v2,oe3,swarm|batch|bc1|h1|cognitive|r1|N20|c1,syn-visual_dominant-arrays_vectors-r4,visual_dominant,arrays_vectors,0,0,13236652181889018265,2026-10-01T05:41:51.291+00:00,completed,epsilon,True,True,True,True,,31.054586,39.86066099969321,38.26769199804403,1,54,0.49310999494245983,0.004471198194922976,161.67433799147386,,diagram,1-1-2-2-1-0-0-0,0.4975811931373828,True,1,batch,True,cognitive,20,1,swarm
oe3-ofat-pilot-v2,oe3,swarm|batch|bc1|h1|cognitive|r1|N20|c1,syn-visual_dominant-functions-r0,visual_dominant,functions,0,0,11375697626506085209,2026-10-01T05:41:51.331+00:00,completed,epsilon,True,True,True,True,,29.469427,38.686954001605045,37.30034000182059,1,50,0.47770576352191013,0.02008255859137359,137.08018399964018,,diagram,1-1-2-1-1-1-0-1,0.4977883221132837,True,1,batch,True,cognitive,20,1,swarm
oe3-ofat-pilot-v2,oe3,swarm|batch|bc1|h1|cognitive|r1|N20|c1,syn-visual_dominant-functions-r1,visual_dominant,functions,0,0,12724222799605840855,2026-10-01T05:41:51.370+00:00,completed,epsilon,True,True,True,True,,33.838175,42.94766499879188,41.43684299924644,1,56,0.4740233528279633,0.027875012652007147,173.031198006013,,code,2-1-2-1-1-1-0-1,0.5018983654799705,True,1,batch,True,cognitive,20,1,swarm
oe3-ofat-pilot-v2,oe3,swarm|batch|bc1|h1|cognitive|r1|N20|c1,syn-visual_dominant-functions-r2,visual_dominant,functions,0,0,2855966151648987497,2026-10-01T05:41:51.413+00:00,completed,epsilon,True,True,True,True,,29.104856,36.98743899803958,35.447941001621075,1,56,0.4361963767360545,0.035179830387752964,166.6587520012749,,diagram,1-0-2-1-1-0-2-1,0.47137620712380746,True,1,batch,True,cognitive,20,1,swarm
oe3-ofat-pilot-v2,oe3,swarm|batch|bc1|h1|cognitive|r1|N20|c1,syn-visual_dominant-functions-r3,visual_dominant,functions,0,0,15496158585802717903,2026-10-01T05:41:51.450+00:00,completed,epsilon,True,True,True,True,,34.518093,44.446427000366384,42.920315001538256,1,56,0.4525600963951378,0.027875012652007147,169.35893899558366,,diagram,1-1-2-1-0-1-1-1,0.4804351090471449,True,1,batch,True,cognitive,20,1,swarm
oe3-ofat-pilot-v2,oe3,swarm|batch|bc1|h1|cognitive|r1|N20|c1,syn-visual_dominant-functions-r4,visual_dominant,functions,0,0,10259835321663512086,2026-10-01T05:41:51.494+00:00,completed,epsilon,True,True,True,True,,31.518,37.38532799980021,35.932425998908,1,54,0.48087713663369275,0.021751306012075478,153.19209901817666,,code,2-1-2-1-0-1-1-1,0.5026284426457682,True,1,batch,True,cognitive,20,1,swarm
oe3-ofat-pilot-v2,oe3,swarm|batch|bc1|h1|cognitive|r1|N20|c1,syn-logical_syntactic-sequential-r0,logical_syntactic,sequential,0,0,13362044807751343064,2026-10-01T05:41:51.532+00:00,completed,epsilon,True,True,True,True,,32.770208,42.126020998694,40.60752499935916,1,54,0.4761348237523099,0.02008255859137359,162.33770800869078,,code,2-1-1-1-0-1-0-1,0.4962173823436835,True,1,batch,True,cognitive,20,1,swarm
oe3-ofat-pilot-v2,oe3,swarm|batch|bc1|h1|cognitive|r1|N20|c1,syn-logical_syntactic-sequential-r1,logical_syntactic,sequential,0,0,14311645315440717423,2026-10-01T05:41:51.574+00:00,completed,epsilon,True,True,True,True,,37.166811,46.47462600041763,44.84156399848871,1,59,0.4536266927435712,0.028919669075050003,205.18717701577393,,code,2-1-1-1-0-1-0-1,0.4825463618186212,True,1,batch,True,cognitive,20,1,swarm
oe3-ofat-pilot-v2,oe3,swarm|batch|bc1|h1|cognitive|r1|N20|c1,syn-logical_syntactic-sequential-r2,logical_syntactic,sequential,0,0,15643440995604996842,2026-10-01T05:41:51.620+00:00,completed,epsilon,True,True,True,True,,29.162953,37.91163599817082,36.44306500063976,1,50,0.5052479809084092,0.0034158919247069264,137.43815601294008,,code,2-1-0-1-1-1-1-1,0.5086638728331161,True,1,batch,True,cognitive,20,1,swarm
oe3-ofat-pilot-v2,oe3,swarm|batch|bc1|h1|cognitive|r1|N20|c1,syn-logical_syntactic-sequential-r3,logical_syntactic,sequential,0,0,16960600487627624599,2026-10-01T05:41:51.658+00:00,completed,epsilon,True,True,True,True,,32.892855,42.37028499846929,40.66121199866757,1,56,0.4304009541982086,0.04413963261295045,174.81530900056043,,code,2-1-1-1-0-1-0-1,0.47454058681115907,True,1,batch,True,cognitive,20,1,swarm
oe3-ofat-pilot-v2,oe3,swarm|batch|bc1|h1|cognitive|r1|N20|c1,syn-logical_syntactic-sequential-r4,logical_syntactic,sequential,0,0,17250185977012485747,2026-10-01T05:41:51.701+00:00,completed,epsilon,True,True,True,True,,35.032314,45.092431999364635,43.49621599976672,1,54,0.4768784341534408,0.019509348858423703,170.75004200956448,,code,2-0-1-2-1-1-1-1,0.4963877830118645,True,1,batch,True,cognitive,20,1,swarm
oe3-ofat-pilot-v2,oe3,swarm|batch|bc1|h1|cognitive|r1|N20|c1,syn-logical_syntactic-conditional-r0,logical_syntactic,conditional,0,0,4732552759670585228,2026-10-01T05:41:51.746+00:00,completed,epsilon,True,True,True,True,,33.137318,39.80982699795277,38.20363200065913,1,59,0.4552124341978106,0.0036547194033032526,172.87657298760558,,code,2-1-1-1-0-1-0-1,0.45886715360111385,True,1,batch,True,cognitive,20,1,swarm
oe3-ofat-pilot-v2,oe3,swarm|batch|bc1|h1|cognitive|r1|N20|c1,syn-logical_syntactic-conditional-r1,logical_syntactic,conditional,0,0,16767561851559065070,2026-10-01T05:41:51.786+00:00,completed,epsilon,True,True,True,True,,30.519023,40.128218999598175,38.457159000245156,1,57,0.4170552989322779,0.03476925903584105,175.95089200642286,,code,2-0-1-2-0-1-0-1,0.45182455796811893,True,1,batch,True,cognitive,20,1,swarm
oe3-ofat-pilot-v2,oe3,swarm|batch|bc1|h1|cognitive|r1|N20|c1,syn-logical_syntactic-conditional-r2,logical_syntactic,conditional,0,0,6973891702751108736,2026-10-01T05:41:51.826+00:00,completed,epsilon,True,True,True,True,,32.905722,39.2967879997741,37.83954599930439,1,53,0.4631068467146388,0.0036547194033032526,140.82937200923158,,code,2-1-1-1-0-1-1-1,0.46676156611794206,True,1,batch,True,cognitive,20,1,swarm
oe3-ofat-pilot-v2,oe3,swarm|batch|bc1|h1|cognitive|r1|N20|c1,syn-logical_syntactic-conditional-r3,logical_syntactic,conditional,0,0,6626061848004110554,2026-10-01T05:41:51.865+00:00,completed,epsilon,True,True,True,True,,28.76873,34.45014099997934,33.082896003179485,1,51,0.4614734643861827,0.007792650437786042,127.76034700883379,,code,2-1-1-1-0-1-0-1,0.46926611482396874,True,1,batch,True,cognitive,20,1,swarm
oe3-ofat-pilot-v2,oe3,swarm|batch|bc1|h1|cognitive|r1|N20|c1,syn-logical_syntactic-conditional-r4,logical_syntactic,conditional,0,0,2581103798954869873,2026-10-01T05:41:51.900+00:00,completed,epsilon,True,True,True,True,,31.404413,37.25398000096902,35.752072999457596,1,51,0.4839345737065493,0.0036547194033032526,125.62577900642151,,code,2-1-1-1-1-1-1-1,0.48758929310985255,True,1,batch,True,cognitive,20,1,swarm
oe3-ofat-pilot-v2,oe3,swarm|batch|bc1|h1|cognitive|r1|N20|c1,syn-logical_syntactic-repetitive-r0,logical_syntactic,repetitive,0,0,2563900073831829840,2026-10-01T05:41:51.937+00:00,completed,epsilon,True,True,True,True,,33.305324,39.33172400138574,37.68354699786869,1,56,0.45068774937313677,0.02008255859137359,171.3418409975102,,code,2-1-2-1-0-1-1-1,0.47077030796451036,True,1,batch,True,cognitive,20,1,swarm
oe3-ofat-pilot-v2,oe3,swarm|batch|bc1|h1|cognitive|r1|N20|c1,syn-logical_syntactic-repetitive-r1,logical_syntactic,repetitive,0,0,1690962082425471307,2026-10-01T05:41:51.976+00:00,completed,epsilon,True,True,True,True,,35.870914,41.82154499721946,40.211578001617454,1,56,0.46854772531455674,0.02008255859137359,170.9521019907179,,code,2-1-1-1-0-1-0-1,0.48863028390593033,True,1,batch,True,cognitive,20,1,swarm
oe3-ofat-pilot-v2,oe3,swarm|batch|bc1|h1|cognitive|r1|N20|c1,syn-logical_syntactic-repetitive-r2,logical_syntactic,repetitive,0,0,12298035747105259136,2026-10-01T05:41:52.018+00:00,completed,epsilon,True,True,True,True,,40.225962,49.88087799938512,48.37994900299236,1,53,0.4877402100553258,0.020949171432128322,155.87463300098707,,code,2-1-0-1-1-1-1-1,0.5086893814874541,True,1,batch,True,cognitive,20,1,swarm
oe3-ofat-pilot-v2,oe3,swarm|batch|bc1|h1|cognitive|r1|N20|c1,syn-logical_syntactic-repetitive-r3,logical_syntactic,repetitive,0,0,6665076571321463288,2026-10-01T05:41:52.068+00:00,completed,epsilon,True,True,True,True,,32.002221,38.095154999609804,36.62067500044941,1,50,0.46021247378566027,0.021955674826570182,128.1816629905615,,code,2-1-0-1-1-1-0-1,0.48216814861223045,True,1,batch,True,cognitive,20,1,swarm
oe3-ofat-pilot-v2,oe3,swarm|batch|bc1|h1|cognitive|r1|N20|c1,syn-logical_syntactic-repetitive-r4,logical_syntactic,repetitive,0,0,3613547958009930106,2026-10-01T05:41:52.106+00:00,completed,epsilon,True,True,True,True,,32.066973,37.91165299844579,36.48717500254861,1,54,0.38750931115977466,0.0568892472764187,162.22285401125643,,code,2-1-0-1-0-1-0-1,0.44439855843619336,True,1,batch,True,cognitive,20,1,swarm
oe3-ofat-pilot-v2,oe3,swarm|batch|bc1|h1|cognitive|r1|N20|c1,syn-logical_syntactic-arrays_vectors-r0,logical_syntactic,arrays_vectors,0,0,14948705039163960895,2026-10-01T05:41:52.144+00:00,completed,epsilon,True,True,True,True,,28.690301,37.69421499964665,36.29951499897288,1,51,0.48561829003045504,0.02008270587423794,135.755423002095,,code,2-1-1-2-0-0-1-1,0.505700995904693,True,1,batch,True,cognitive,20,1,swarm
oe3-ofat-pilot-v2,oe3,swarm|batch|bc1|h1|cognitive|r1|N20|c1,syn-logical_syntactic-arrays_vectors-r1,logical_syntactic,arrays_vectors,0,0,13327273701071249688,2026-10-01T05:41:52.182+00:00,completed,epsilon,True,True,True,True,,32.87154,41.97281699816813,40.45061899887514,1,56,0.4527608483959598,0.03128388111590602,165.79289399849247,,code,2-1-1-1-1-1-0-1,0.48404472951186583,True,1,batch,True,cognitive,20,1,swarm
oe3-ofat-pilot-v2,oe3,swarm|batch|bc1|h1|cognitive|r1|N20|c1,syn-logical_syntactic-arrays_vectors-r2,logical_syntactic,arrays_vectors,0,0,7678510444233138347,2026-10-01T05:41:52.224+00:00,completed,epsilon,True,True,True,True,,32.830043,38.48264000043855,36.97411499888403,1,59,0.49083069767651405,0.027875012652007147,181.1730420074742,,code,2-1-1-1-0-1-0-1,0.5187057103285212,True,1,batch,True,cognitive,20,1,swarm
oe3-ofat-pilot-v2,oe3,swarm|batch|bc1|h1|cognitive|r1|N20|c1,syn-logical_syntactic-arrays_vectors-r3,logical_syntactic,arrays_vectors,0,0,3475821061836782133,2026-10-01T05:41:52.262+00:00,completed,epsilon,True,True,True,True,,35.100465,44.459476997872116,42.988175999198575,1,56,0.5186938083284882,0.009215866710013398,168.7842720125459,,code,2-0-1-2-1-1-2-1,0.5279096750385016,True,1,batch,True,cognitive,20,1,swarm
oe3-ofat-pilot-v2,oe3,swarm|batch|bc1|h1|cognitive|r1|N20|c1,syn-logical_syntactic-arrays_vectors-r4,logical_syntactic,arrays_vectors,0,0,15069723113616053544,2026-10-01T05:41:52.307+00:00,completed,epsilon,True,True,True,True,,32.24619,41.30309399988619,39.79066600004444,1,54,0.4582395485504374,0.008847956708002147,145.82829498244502,,code,2-0-1-2-0-1-1-0,0.46708750525843956,True,1,batch,True,cognitive,20,1,swarm
oe3-ofat-pilot-v2,oe3,swarm|batch|bc1|h1|cognitive|r1|N20|c1,syn-logical_syntactic-functions-r0,logical_syntactic,functions,0,0,15105445333404857368,2026-10-01T05:41:52.348+00:00,completed,epsilon,True,True,True,True,,31.241652,37.15095300140092,35.60005499821273,1,53,0.4876998796280693,0.027875012652007147,145.13629400051366,,code,2-1-1-1-1-1-0-1,0.5155748922800765,True,1,batch,True,cognitive,20,1,swarm
oe3-ofat-pilot-v2,oe3,swarm|batch|bc1|h1|cognitive|r1|N20|c1,syn-logical_syntactic-functions-r1,logical_syntactic,functions,0,0,7545233351544256523,2026-10-01T05:41:52.385+00:00,completed,epsilon,True,True,True,True,,33.630319,41.773147000640165,40.230858998256736,1,55,0.4742120227778769,0.021023062154443717,170.77530898551439,,code,2-0-1-2-0-0-0-1,0.4952350849323206,True,1,batch,True,cognitive,20,1,swarm
oe3-ofat-pilot-v2,oe3,swarm|batch|bc1|h1|cognitive|r1|N20|c1,syn-logical_syntactic-functions-r2,logical_syntactic,functions,0,0,6130147880867857550,2026-10-01T05:41:52.427+00:00,completed,epsilon,True,True,True,True,,37.539434,43.38175300290459,41.82719899836229,1,59,0.4703323912858079,0.027875012652007147,199.80984699341602,,code,2-1-0-1-1-1-1-1,0.49820740393781504,True,1,batch,True,cognitive,20,1,swarm
oe3-ofat-pilot-v2,oe3,swarm|batch|bc1|h1|cognitive|r1|N20|c1,syn-logical_syntactic-functions-r3,logical_syntactic,functions,0,0,4820333934433401313,2026-10-01T05:41:52.470+00:00,completed,epsilon,True,True,True,True,,29.319951,35.227010997914476,33.72326400130987,1,56,0.46627757409622445,0.02008255859137359,155.18505900508265,,code,2-1-1-1-1-1-0-1,0.48636013268759803,True,1,batch,True,cognitive,20,1,swarm
oe3-ofat-pilot-v2,oe3,swarm|batch|bc1|h1|cognitive|r1|N20|c1,syn-logical_syntactic-functions-r4,logical_syntactic,functions,0,0,10275058418311301455,2026-10-01T05:41:52.505+00:00,completed,epsilon,True,True,True,True,,28.405632,33.9179000002332,32.443890002468834,1,56,0.3958038658657779,0.060247256349452216,150.6145159891335,,code,2-1-0-1-0-1-0-1,0.45605112221523014,True,1,batch,True,cognitive,20,1,swarm
oe3-ofat-pilot-v2,oe3,swarm|batch|bc1|h1|cognitive|r1|N20|c1,syn-explanatory_conceptual-sequential-r0,explanatory_conceptual,sequential,0,0,14947352377729861017,2026-10-01T05:41:52.539+00:00,completed,epsilon,True,True,True,True,,32.296042,39.965929001482436,38.49727699707728,1,56,0.4005144863099642,0.06694115874855977,164.45946301513337,,text,1-0-0-0-2-0-1-1,0.467455645058524,True,1,batch,True,cognitive,20,1,swarm
oe3-ofat-pilot-v2,oe3,swarm|batch|bc1|h1|cognitive|r1|N20|c1,syn-explanatory_conceptual-sequential-r1,explanatory_conceptual,sequential,0,0,3272787541859846898,2026-10-01T05:41:52.579+00:00,completed,epsilon,True,True,True,True,,32.45834,42.416960997798014,40.883825000491925,1,50,0.45267043074923324,0.006749225258040281,129.2599690105701,,text,0-1-0-1-2-1-0-1,0.4594196560072735,True,1,batch,True,cognitive,20,1,swarm
oe3-ofat-pilot-v2,oe3,swarm|batch|bc1|h1|cognitive|r1|N20|c1,syn-explanatory_conceptual-sequential-r2,explanatory_conceptual,sequential,0,0,7023970792698232399,2026-10-01T05:41:52.622+00:00,completed,epsilon,True,True,True,True,,34.361455,58.20480900001712,56.551623998529976,1,58,0.4196845691661976,0.04298955714053415,183.90799499608445,,text,1-0-1-2-2-2-0-1,0.46267412630673177,True,1,batch,True,cognitive,20,1,swarm
oe3-ofat-pilot-v2,oe3,swarm|batch|bc1|h1|cognitive|r1|N20|c1,syn-explanatory_conceptual-sequential-r3,explanatory_conceptual,sequential,0,0,15905282458092997945,2026-10-01T05:41:52.680+00:00,completed,epsilon,True,True,True,True,,32.42722,41.83084800024517,40.4035199971986,1,51,0.4447746865790865,0.004202080396634167,142.46629600216684,,text,1-0-0-2-2-1-1-1,0.44897676697572064,True,1,batch,True,cognitive,20,1,swarm
oe3-ofat-pilot-v2,oe3,swarm|batch|bc1|h1|cognitive|r1|N20|c1,syn-explanatory_conceptual-sequential-r4,explanatory_conceptual,sequential,0,0,16212943396658008924,2026-10-01T05:41:52.722+00:00,completed,epsilon,True,True,True,True,,33.412269,43.35793000063859,41.807585999777075,1,58,0.44460530570190554,0.02189769423907456,187.3224789911416,,text,1-1-1-1-2-1-0-1,0.4665029999409801,True,1,batch,True,cognitive,20,1,swarm
oe3-ofat-pilot-v2,oe3,swarm|batch|bc1|h1|cognitive|r1|N20|c1,syn-explanatory_conceptual-conditional-r0,explanatory_conceptual,conditional,0,0,5916953307552671090,2026-10-01T05:41:52.765+00:00,completed,epsilon,True,True,True,True,,30.82701,36.80367899869452,35.35437900063698,1,51,0.487737317609176,0.007792650437786042,132.315384996191,,code,2-1-1-1-2-1-1-1,0.49552996804696203,True,1,batch,True,cognitive,20,1,swarm
oe3-ofat-pilot-v2,oe3,swarm|batch|bc1|h1|cognitive|r1|N20|c1,syn-explanatory_conceptual-conditional-r1,explanatory_conceptual,conditional,0,0,18124705353368190302,2026-10-01T05:41:52.802+00:00,completed,epsilon,True,True,True,True,,30.854508,37.18491499967058,35.78447600011714,1,47,0.47067470808060424,0.008189130254890153,106.59761701284792,,text,1-1-0-1-2-1-1-1,0.4788638383354944,True,1,batch,True,cognitive,20,1,swarm
oe3-ofat-pilot-v2,oe3,swarm|batch|bc1|h1|cognitive|r1|N20|c1,syn-explanatory_conceptual-conditional-r2,explanatory_conceptual,conditional,0,0,1341896759769893857,2026-10-01T05:41:52.839+00:00,completed,epsilon,True,True,True,True,,31.054044,36.38121000039973,34.95649600154138,1,53,0.4825120796519577,0.007792650437786042,147.64387899182202,,diagram,1-1-2-1-2-1-1-1,0.49030473008974373,True,1,batch,True,cognitive,20,1,swarm
oe3-ofat-pilot-v2,oe3,swarm|batch|bc1|h1|cognitive|r1|N20|c1,syn-explanatory_conceptual-conditional-r3,explanatory_conceptual,conditional,0,0,11332394261640184133,2026-10-01T05:41:52.876+00:00,completed,epsilon,True,True,True,True,,34.493997,40.34646500076633,38.839185999677284,1,53,0.40097835467564585,0.03364007004930275,159.62773502270542,,text,0-1-0-1-2-1-0-1,0.4346184247249486,True,1,batch,True,cognitive,20,1,swarm
oe3-ofat-pilot-v2,oe3,swarm|batch|bc1|h1|cognitive|r1|N20|c1,syn-explanatory_conceptual-conditional-r4,explanatory_conceptual,conditional,0,0,8670080275324173838,2026-10-01T05:41:52.916+00:00,completed,epsilon,True,True,True,True,,33.539639,39.47454999797628,37.90024300178629,1,58,0.42866826736038904,0.036467833807411865,168.74884602540024,,text,0-1-1-1-2-1-0-1,0.4651361011678009,True,1,batch,True,cognitive,20,1,swarm
oe3-ofat-pilot-v2,oe3,swarm|batch|bc1|h1|cognitive|r1|N20|c1,syn-explanatory_conceptual-repetitive-r0,explanatory_conceptual,repetitive,0,0,3237454591878846868,2026-10-01T05:41:52.955+00:00,completed,epsilon,True,True,True,True,,33.185572,39.302384000620805,37.824003000423545,1,52,0.43547017695048224,0.030711075187125847,159.62824201999817,,text,0-1-1-1-2-1-0-1,0.4661812521376081,True,1,batch,True,cognitive,20,1,swarm
oe3-ofat-pilot-v2,oe3,swarm|batch|bc1|h1|cognitive|r1|N20|c1,syn-explanatory_conceptual-repetitive-r1,explanatory_conceptual,repetitive,0,0,10148232421566165977,2026-10-01T05:41:52.995+00:00,completed,epsilon,True,True,True,True,,36.680867,42.50638799931039,41.0289190003823,1,54,0.5040462254697404,0.02149467111298331,170.24094000076602,,text,1-1-0-1-2-1-1-1,0.5255408965827237,True,1,batch,True,cognitive,20,1,swarm
oe3-ofat-pilot-v2,oe3,swarm|batch|bc1|h1|cognitive|r1|N20|c1,syn-explanatory_conceptual-repetitive-r2,explanatory_conceptual,repetitive,0,0,10189736659373836677,2026-10-01T05:41:53.037+00:00,completed,epsilon,True,True,True,True,,31.901314,39.91388199938228,38.54519599917694,1,52,0.49088145414572526,0.0017991482131319847,136.10189801104556,,text,1-0-1-1-2-1-1-1,0.49268060235885724,True,1,batch,True,cognitive,20,1,swarm
oe3-ofat-pilot-v2,oe3,swarm|batch|bc1|h1|cognitive|r1|N20|c1,syn-explanatory_conceptual-repetitive-r3,explanatory_conceptual,repetitive,0,0,5679236231213962541,2026-10-01T05:41:53.077+00:00,completed,epsilon,True,True,True,True,,31.056743,40.15824099769816,38.669323999783956,1,51,0.4766815520953185,0.01100241104049604,137.56768199592403,,text,1-0-1-0-2-1-1-0,0.4876839631358145,True,1,batch,True,cognitive,20,1,swarm
oe3-ofat-pilot-v2,oe3,swarm|batch|bc1|h1|cognitive|r1|N20|c1,syn-explanatory_conceptual-repetitive-r4,explanatory_conceptual,repetitive,0,0,615434091092212846,2026-10-01T05:41:53.117+00:00,completed,epsilon,True,True,True,True,,29.201567,35.24566499982029,33.85581499969703,1,50,0.45405216601876935,0.02008255859137359,123.85263901211898,,text,1-1-0-1-2-1-1-1,0.47413472461014294,True,1,batch,True,cognitive,20,1,swarm
oe3-ofat-pilot-v2,oe3,swarm|batch|bc1|h1|cognitive|r1|N20|c1,syn-explanatory_conceptual-arrays_vectors-r0,explanatory_conceptual,arrays_vectors,0,0,8420274505294676143,2026-10-01T05:41:53.153+00:00,completed,epsilon,True,True,True,True,,31.577677,37.1046229993226,35.678808999364264,1,56,0.49778085910851905,0.027875012652007147,149.71986000324404,,text,1-1-1-1-2-1-0-1,0.5256558717605262,True,1,batch,True,cognitive,20,1,swarm
oe3-ofat-pilot-v2,oe3,swarm|batch|bc1|h1|cognitive|r1|N20|c1,syn-explanatory_conceptual-arrays_vectors-r1,explanatory_conceptual,arrays_vectors,0,0,11621185609108110648,2026-10-01T05:41:53.190+00:00,completed,epsilon,True,True,True,True,,32.943562,38.511407998157665,37.07509800005937,1,51,0.4615647597787113,0.028694684783154678,134.23472598868634,,text,0-1-0-1-2-1-1-1,0.490259444561866,True,1,batch,True,cognitive,20,1,swarm
oe3-ofat-pilot-v2,oe3,swarm|batch|bc1|h1|cognitive|r1|N20|c1,syn-explanatory_conceptual-arrays_vectors-r2,explanatory_conceptual,arrays_vectors,0,0,3616904053699891200,2026-10-01T05:41:53.228+00:00,completed,epsilon,True,True,True,True,,29.019823,34.46459000042523,33.021479001035914,1,53,0.5002467392530876,0.027875012652007203,139.64619501005697,,diagram,0-1-2-1-2-1-1-1,0.5281217519050948,True,1,batch,True,cognitive,20,1,swarm
oe3-ofat-pilot-v2,oe3,swarm|batch|bc1|h1|cognitive|r1|N20|c1,syn-explanatory_conceptual-arrays_vectors-r3,explanatory_conceptual,arrays_vectors,0,0,9640228565651749554,2026-10-01T05:41:53.263+00:00,completed,epsilon,True,True,True,True,,32.937636,38.90430200044648,37.183189000643324,1,51,0.4899428394838256,0.017498999281390593,133.84262599996248,,text,0-1-1-1-2-1-0-1,0.5074418387652162,True,1,batch,True,cognitive,20,1,swarm
oe3-ofat-pilot-v2,oe3,swarm|batch|bc1|h1|cognitive|r1|N20|c1,syn-explanatory_conceptual-arrays_vectors-r4,explanatory_conceptual,arrays_vectors,0,0,12383051168938743430,2026-10-01T05:41:53.302+00:00,completed,epsilon,True,True,True,True,,29.020639,34.80233300069813,33.33077599745593,1,49,0.5089402890544183,0.008847956708002092,126.9923679943674,,text,1-0-1-2-2-1-1-0,0.5177882457624204,True,1,batch,True,cognitive,20,1,swarm
oe3-ofat-pilot-v2,oe3,swarm|batch|bc1|h1|cognitive|r1|N20|c1,syn-explanatory_conceptual-functions-r0,explanatory_conceptual,functions,0,0,4847129841761666601,2026-10-01T05:41:53.336+00:00,completed,epsilon,True,True,True,True,,30.521574,39.039003997459076,37.66741000072216,1,49,0.4945698834876539,0.01617519995265254,127.33118300117462,,text,1-2-1-1-2-0-1-1,0.5107450834403064,True,1,batch,True,cognitive,20,1,swarm
oe3-ofat-pilot-v2,oe3,swarm|batch|bc1|h1|cognitive|r1|N20|c1,syn-explanatory_conceptual-functions-r1,explanatory_conceptual,functions,0,0,8968182148387190867,2026-10-01T05:41:53.376+00:00,completed,epsilon,True,True,True,True,,33.096033,38.94720199969015,37.62077599822078,1,54,0.4855475029847561,0.027875012652007147,147.47882499422153,,code,2-1-1-1-2-1-0-1,0.5134225156367632,True,1,batch,True,cognitive,20,1,swarm
oe3-ofat-pilot-v2,oe3,swarm|batch|bc1|h1|cognitive|r1|N20|c1,syn-explanatory_conceptual-functions-r2,explanatory_conceptual,functions,0,0,15850266999198055000,2026-10-01T05:41:53.414+00:00,completed,epsilon,True,True,True,True,,30.312178,36.01598399836803,34.658791999390814,1,53,0.46612651648152953,0.02008255859137359,147.00414098916937,,text,1-1-1-1-2-1-1-1,0.4862090750729031,True,1,batch,True,cognitive,20,1,swarm
oe3-ofat-pilot-v2,oe3,swarm|batch|bc1|h1|cognitive|r1|N20|c1,syn-explanatory_conceptual-functions-r3,explanatory_conceptual,functions,0,0,15409255459732107106,2026-10-01T05:41:53.451+00:00,completed,epsilon,True,True,True,True,,30.152642,39.22257999875001,37.71829399920534,1,54,0.4977771280697979,0.007792797720650335,146.46797998044292,,text,1-0-1-2-2-1-1-1,0.5055699257904482,True,1,batch,True,cognitive,20,1,swarm
oe3-ofat-pilot-v2,oe3,swarm|batch|bc1|h1|cognitive|r1|N20|c1,syn-explanatory_conceptual-functions-r4,explanatory_conceptual,functions,0,0,13584105466744503536,2026-10-01T05:41:53.490+00:00,completed,epsilon,True,True,True,True,,30.625523,39.73616899747867,38.19250299784471,1,49,0.474247387564551,0.025453043455029967,144.40119400761492,,code,2-0-1-1-2-1-1-1,0.49970043101958095,True,1,batch,True,cognitive,20,1,swarm
oe3-ofat-pilot-v2,oe3,swarm|batch|bc1|h1|cognitive|r1|N20|c1,syn-balanced_multimodal-sequential-r0,balanced_multimodal,sequential,0,0,12829628287881295465,2026-10-01T05:41:53.530+00:00,completed,epsilon,True,True,True,True,,33.138428,39.445297999918694,37.87210600057733,1,58,0.46648891227742156,0.028376205225013662,164.85038600581203,,diagram,1-1-2-1-1-1-0-1,0.4948651175024352,True,1,batch,True,cognitive,20,1,swarm
oe3-ofat-pilot-v2,oe3,swarm|batch|bc1|h1|cognitive|r1|N20|c1,syn-balanced_multimodal-sequential-r1,balanced_multimodal,sequential,0,0,15851898587384579384,2026-10-01T05:41:53.569+00:00,completed,epsilon,True,True,True,True,,34.153701,40.18842999721528,38.65115300141042,1,59,0.46254329609296624,0.023319774530693393,171.98174999669544,,diagram,1-1-2-1-1-1-1-1,0.48586307062365963,True,1,batch,True,cognitive,20,1,swarm
oe3-ofat-pilot-v2,oe3,swarm|batch|bc1|h1|cognitive|r1|N20|c1,syn-balanced_multimodal-sequential-r2,balanced_multimodal,sequential,0,0,9812259528755781404,2026-10-01T05:41:53.609+00:00,completed,epsilon,True,True,True,True,,33.874876,39.596931001142366,38.104856001154985,1,56,0.4994689164392216,0.02008255859137359,174.94933598661225,,code,2-1-1-1-1-1-1-1,0.5195514750305952,True,1,batch,True,cognitive,20,1,swarm
oe3-ofat-pilot-v2,oe3,swarm|batch|bc1|h1|cognitive|r1|N20|c1,syn-balanced_multimodal-sequential-r3,balanced_multimodal,sequential,0,0,17396203175820366605,2026-10-01T05:41:53.649+00:00,completed,epsilon,True,True,True,True,,33.643988,39.17868600183283,37.738281997008016,1,56,0.4813460564414294,0.02424922525804024,175.04989800321707,,text,1-1-1-1-2-1-1-1,0.5055952816994697,True,1,batch,True,cognitive,20,1,swarm
oe3-ofat-pilot-v2,oe3,swarm|batch|bc1|h1|cognitive|r1|N20|c1,syn-balanced_multimodal-sequential-r4,balanced_multimodal,sequential,0,0,16072189927809315852,2026-10-01T05:41:53.688+00:00,completed,epsilon,True,True,True,True,,31.966688,37.83289100101683,36.31243400013773,1,56,0.4831680338827303,0.02326354576638584,171.9746010225522,,code,2-1-2-1-2-1-1-1,0.5064315796491161,True,1,batch,True,cognitive,20,1,swarm
oe3-ofat-pilot-v2,oe3,swarm|batch|bc1|h1|cognitive|r1|N20|c1,syn-balanced_multimodal-conditional-r0,balanced_multimodal,conditional,0,0,9492171042143771967,2026-10-01T05:41:53.726+00:00,completed,epsilon,True,True,True,True,,36.542598,42.81124800036196,41.34157499720459,1,54,0.48780502665661635,0.0036547194033032526,163.95822098433888,,code,2-1-1-1-1-1-1-1,0.4914597460599196,True,1,batch,True,cognitive,20,1,swarm
oe3-ofat-pilot-v2,oe3,swarm|batch|bc1|h1|cognitive|r1|N20|c1,syn-balanced_multimodal-conditional-r1,balanced_multimodal,conditional,0,0,12567349465944861023,2026-10-01T05:41:53.769+00:00,completed,epsilon,True,True,True,True,,33.800315,41.93288199894596,40.545927000493975,1,52,0.498809334994812,1.963771524837732e-07,148.51660702066167,,code,1-1-1-1-1-0-1-1,0.4988095313719645,True,1,batch,True,cognitive,20,1,swarm
oe3-ofat-pilot-v2,oe3,swarm|batch|bc1|h1|cognitive|r1|N20|c1,syn-balanced_multimodal-conditional-r2,balanced_multimodal,conditional,0,0,4742918314447581142,2026-10-01T05:41:53.811+00:00,completed,epsilon,True,True,True,True,,31.635032,37.87827900305274,36.42325700275251,1,52,0.4784409614577118,0.02094032221573877,145.56652701337566,,code,2-1-1-1-2-1-2-1,0.4993812836734506,True,1,batch,True,cognitive,20,1,swarm
oe3-ofat-pilot-v2,oe3,swarm|batch|bc1|h1|cognitive|r1|N20|c1,syn-balanced_multimodal-conditional-r3,balanced_multimodal,conditional,0,0,11394639668150330671,2026-10-01T05:41:53.848+00:00,completed,epsilon,True,True,True,True,,28.866325,35.239467997598695,33.7370480010577,1,51,0.46313449972553516,0.008400481017523165,130.969899008751,,text,1-1-1-1-2-1-0-1,0.47153498074305833,True,1,batch,True,cognitive,20,1,swarm
oe3-ofat-pilot-v2,oe3,swarm|batch|bc1|h1|cognitive|r1|N20|c1,syn-balanced_multimodal-conditional-r4,balanced_multimodal,conditional,0,0,2277667993778051270,2026-10-01T05:41:53.884+00:00,completed,epsilon,True,True,True,True,,32.113315,38.2746790019155,36.872650001896545,1,51,0.49335718275037993,0.0036547194033032526,131.9951460018679,,code,2-1-1-1-2-1-2-1,0.4970119021536832,True,1,batch,True,cognitive,20,1,swarm
oe3-ofat-pilot-v2,oe3,swarm|batch|bc1|h1|cognitive|r1|N20|c1,syn-balanced_multimodal-repetitive-r0,balanced_multimodal,repetitive,0,0,3839617547738254315,2026-10-01T05:41:53.922+00:00,completed,epsilon,True,True,True,True,,36.81994,42.63941099998192,41.21824400135665,1,52,0.5383161833171735,0.020082558591373534,157.4281979806449,,code,2-1-1-1-1-1-2-1,0.558398741908547,True,1,batch,True,cognitive,20,1,swarm
oe3-ofat-pilot-v2,oe3,swarm|batch|bc1|h1|cognitive|r1|N20|c1,syn-balanced_multimodal-repetitive-r1,balanced_multimodal,repetitive,0,0,2659073220867155690,2026-10-01T05:41:53.965+00:00,completed,epsilon,True,True,True,True,,31.920424,37.53689299992402,36.04122099932283,1,53,0.5099655888622538,0.020082558591373645,159.95284999261483,,code,2-1-2-1-2-1-1-1,0.5300481474536275,True,1,batch,True,cognitive,20,1,swarm
oe3-ofat-pilot-v2,oe3,swarm|batch|bc1|h1|cognitive|r1|N20|c1,syn-balanced_multimodal-repetitive-r2,balanced_multimodal,repetitive,0,0,12027688066564710874,2026-10-01T05:41:54.002+00:00,completed,epsilon,True,True,True,True,,30.784317,36.140470001555514,34.766376000334276,1,51,0.48695008664679024,0.02008255859137359,128.60138099654526,,code,2-1-2-1-1-1-2-1,0.5070326452381638,True,1,batch,True,cognitive,20,1,swarm
oe3-ofat-pilot-v2,oe3,swarm|batch|bc1|h1|cognitive|r1|N20|c1,syn-balanced_multimodal-repetitive-r3,balanced_multimodal,repetitive,0,0,10665835498416014906,2026-10-01T05:41:54.038+00:00,completed,epsilon,True,True,True,True,,33.216644,38.79257900189259,37.397435000457335,1,51,0.498403614745411,0.02008255859137359,130.60574900902776,,diagram,1-1-2-1-2-1-1-1,0.5184861733367846,True,1,batch,True,cognitive,20,1,swarm
oe3-ofat-pilot-v2,oe3,swarm|batch|bc1|h1|cognitive|r1|N20|c1,syn-balanced_multimodal-repetitive-r4,balanced_multimodal,repetitive,0,0,16842203000296662102,2026-10-01T05:41:54.077+00:00,completed,epsilon,True,True,True,True,,36.915727,42.82866299763555,41.36872099843458,1,50,0.5354470399519666,0.020082558591373645,123.91649698599386,,code,2-1-1-1-1-1-2-1,0.5555295985433403,True,1,batch,True,cognitive,20,1,swarm
oe3-ofat-pilot-v2,oe3,swarm|batch|bc1|h1|cognitive|r1|N20|c1,syn-balanced_multimodal-arrays_vectors-r0,balanced_multimodal,arrays_vectors,0,0,8202019099685287209,2026-10-01T05:41:54.120+00:00,completed,epsilon,True,True,True,True,,30.481121,36.318077000032645,34.93422600149643,1,50,0.5013726987590279,0.027875012652007203,129.12728700148875,,code,2-1-1-1-2-1-1-1,0.5292477114110351,True,1,batch,True,cognitive,20,1,swarm
oe3-ofat-pilot-v2,oe3,swarm|batch|bc1|h1|cognitive|r1|N20|c1,syn-balanced_multimodal-arrays_vectors-r1,balanced_multimodal,arrays_vectors,0,0,1557390382835702406,2026-10-01T05:41:54.156+00:00,completed,epsilon,True,True,True,True,,29.933567,38.53437799989479,36.93579700120608,1,56,0.5096113554103618,0.01001427809161104,162.66844602348115,,code,1-0-1-2-1-1-1-1,0.5196256335019729,True,1,batch,True,cognitive,20,1,swarm
oe3-ofat-pilot-v2,oe3,swarm|batch|bc1|h1|cognitive|r1|N20|c1,syn-balanced_multimodal-arrays_vectors-r2,balanced_multimodal,arrays_vectors,0,0,1551228789342824201,2026-10-01T05:41:54.195+00:00,completed,epsilon,True,True,True,True,,32.089982,38.091987000370864,36.60917800152674,1,53,0.5207081594293232,0.027875012652007092,142.59260299852255,,text,1-1-1-1-2-1-1-1,0.5485831720813303,True,1,batch,True,cognitive,20,1,swarm
oe3-ofat-pilot-v2,oe3,swarm|batch|bc1|h1|cognitive|r1|N20|c1,syn-balanced_multimodal-arrays_vectors-r3,balanced_multimodal,arrays_vectors,0,0,11908930478528390133,2026-10-01T05:41:54.233+00:00,completed,epsilon,True,True,True,True,,34.949309,43.620448999718064,41.922727003111504,1,56,0.5237175340125657,0.02801286463499475,161.17277298456548,,code,1-1-1-1-1-0-1-1,0.5517303986475605,True,1,batch,True,cognitive,20,1,swarm
oe3-ofat-pilot-v2,oe3,swarm|batch|bc1|h1|cognitive|r1|N20|c1,syn-balanced_multimodal-arrays_vectors-r4,balanced_multimodal,arrays_vectors,0,0,7080146454937735062,2026-10-01T05:41:54.277+00:00,completed,epsilon,True,True,True,True,,29.083989,37.44957299932139,35.95841499918606,1,51,0.5231764212501887,0.0034158919247068154,129.41718299129263,,code,2-1-1-1-1-0-1-1,0.5265923131748955,True,1,batch,True,cognitive,20,1,swarm
oe3-ofat-pilot-v2,oe3,swarm|batch|bc1|h1|cognitive|r1|N20|c1,syn-balanced_multimodal-functions-r0,balanced_multimodal,functions,0,0,2933908082685948832,2026-10-01T05:41:54.314+00:00,completed,epsilon,True,True,True,True,,34.240588,40.240450001874706,38.75834499922348,1,54,0.5031059746980451,0.027875012652007203,146.5113999927581,,code,2-1-2-1-1-1-1-1,0.5309809873500523,True,1,batch,True,cognitive,20,1,swarm
oe3-ofat-pilot-v2,oe3,swarm|batch|bc1|h1|cognitive|r1|N20|c1,syn-balanced_multimodal-functions-r1,balanced_multimodal,functions,0,0,368220290834284782,2026-10-01T05:41:54.354+00:00,completed,epsilon,True,True,True,True,,30.810691,36.66593700108933,35.15689300184022,1,53,0.4917724457549157,0.02008255859137359,136.46617700485982,,code,2-1-1-1-1-1-2-1,0.5118550043462893,True,1,batch,True,cognitive,20,1,swarm
oe3-ofat-pilot-v2,oe3,swarm|batch|bc1|h1|cognitive|r1|N20|c1,syn-balanced_multimodal-functions-r2,balanced_multimodal,functions,0,0,8673480799685267205,2026-10-01T05:41:54.391+00:00,completed,epsilon,True,True,True,True,,37.158763,43.40056100045331,41.83950800143066,1,54,0.4903125123930194,0.027875012652007147,193.36745599681896,,code,2-1-1-1-1-1-1-1,0.5181875250450265,True,1,batch,True,cognitive,20,1,swarm
oe3-ofat-pilot-v2,oe3,swarm|batch|bc1|h1|cognitive|r1|N20|c1,syn-balanced_multimodal-functions-r3,balanced_multimodal,functions,0,0,18228905326412579013,2026-10-01T05:41:54.434+00:00,completed,epsilon,True,True,True,True,,46.864484,56.8236840008467,55.28721900191158,1,57,0.489537761565406,0.027875012652007147,305.70057998400637,,diagram,1-1-2-1-2-1-1-1,0.5174127742174132,True,1,batch,True,cognitive,20,1,swarm
oe3-ofat-pilot-v2,oe3,swarm|batch|bc1|h1|cognitive|r1|N20|c1,syn-balanced_multimodal-functions-r4,balanced_multimodal,functions,0,0,4683180797726806680,2026-10-01T05:41:54.491+00:00,completed,epsilon,True,True,True,True,,35.196224,40.91669300032663,39.494395001383964,1,53,0.4758348538920942,0.027875012652007147,156.09616600344398,,diagram,1-1-2-1-1-1-1-1,0.5037098665441013,True,1,batch,True,cognitive,20,1,swarm
oe3-ofat-pilot-v2,oe3,swarm|batch|bc1|h1|cognitive|r1|N20|c1,syn-visual_dominant-sequential-r0,visual_dominant,sequential,1,0,3334967381364256590,2026-10-01T05:41:54.532+00:00,completed,epsilon,True,True,True,True,,28.883907,34.632392998901196,33.10975899876212,1,50,0.45572350868757355,0.02008255859137359,121.57536800175833,,diagram,1-1-2-1-1-1-0-1,0.47580606727894714,True,1,batch,True,cognitive,20,1,swarm
oe3-ofat-pilot-v2,oe3,swarm|batch|bc1|h1|cognitive|r1|N20|c1,syn-visual_dominant-sequential-r1,visual_dominant,sequential,1,0,14463353593492607384,2026-10-01T05:41:54.567+00:00,completed,epsilon,True,True,True,True,,32.438374,38.24819600049523,36.852959001407726,1,53,0.44878503224528293,0.02008255859137359,143.16568599716604,,diagram,1-1-2-1-0-1-1-1,0.4688675908366565,True,1,batch,True,cognitive,20,1,swarm
oe3-ofat-pilot-v2,oe3,swarm|batch|bc1|h1|cognitive|r1|N20|c1,syn-visual_dominant-sequential-r2,visual_dominant,sequential,1,0,1449473017236341336,2026-10-01T05:41:54.605+00:00,completed,epsilon,True,True,True,True,,32.330253,38.085039999714354,36.52093300115666,1,58,0.43325366196641485,0.03524242282272433,170.40561799679045,,diagram,0-1-2-1-0-1-0-1,0.4684960847891392,True,1,batch,True,cognitive,20,1,swarm
oe3-ofat-pilot-v2,oe3,swarm|batch|bc1|h1|cognitive|r1|N20|c1,syn-visual_dominant-sequential-r3,visual_dominant,sequential,1,0,11784465089289360140,2026-10-01T05:41:54.643+00:00,completed,epsilon,True,True,True,True,,31.969821,37.91844399893307,36.392379999597324,1,59,0.47264381386399984,0.02424922525804024,181.0266739945362,,diagram,1-1-2-1-0-1-1-1,0.4968930391220401,True,1,batch,True,cognitive,20,1,swarm
oe3-ofat-pilot-v2,oe3,swarm|batch|bc1|h1|cognitive|r1|N20|c1,syn-visual_dominant-sequential-r4,visual_dominant,sequential,1,0,9843101576308061791,2026-10-01T05:41:54.681+00:00,completed,epsilon,True,True,True,True,,31.457556,41.439513999648625,40.01908099962748,1,51,0.44621475259761745,0.0077761988976089436,126.82774801070595,,diagram,1-2-2-1-1-1-0-0,0.4539909514952264,True,1,batch,True,cognitive,20,1,swarm
oe3-ofat-pilot-v2,oe3,swarm|batch|bc1|h1|cognitive|r1|N20|c1,syn-visual_dominant-conditional-r0,visual_dominant,conditional,1,0,399204953024597195,2026-10-01T05:41:54.723+00:00,completed,epsilon,True,True,True,True,,32.597878,38.99696499865968,37.387692998891,1,56,0.4683786250362893,0.007792650437786042,168.543618995476,,diagram,1-1-2-1-0-1-0-1,0.47617127547407534,True,1,batch,True,cognitive,20,1,swarm
oe3-ofat-pilot-v2,oe3,swarm|batch|bc1|h1|cognitive|r1|N20|c1,syn-visual_dominant-conditional-r1,visual_dominant,conditional,1,0,7224635709434446062,2026-10-01T05:41:54.762+00:00,completed,epsilon,True,True,True,True,,35.134335,41.55411799729336,39.987980999285355,1,59,0.3842673915053973,0.05286435665327499,212.1810519920878,,diagram,0-1-2-1-0-1-0-1,0.4371317481586723,True,1,batch,True,cognitive,20,1,swarm
oe3-ofat-pilot-v2,oe3,swarm|batch|bc1|h1|cognitive|r1|N20|c1,syn-visual_dominant-conditional-r2,visual_dominant,conditional,1,0,12837783749454387842,2026-10-01T05:41:54.803+00:00,completed,epsilon,True,True,True,True,,31.372157,40.927009998995345,39.54385799806914,1,52,0.4582511569242323,0.017512292152093323,146.74545102605688,,code,2-1-2-2-0-1-1-0,0.4757634490763256,True,1,batch,True,cognitive,20,1,swarm
oe3-ofat-pilot-v2,oe3,swarm|batch|bc1|h1|cognitive|r1|N20|c1,syn-visual_dominant-conditional-r3,visual_dominant,conditional,1,0,1552749880042890602,2026-10-01T05:41:54.844+00:00,completed,epsilon,True,True,True,True,,37.197959,43.236574998445576,41.67538000183413,1,56,0.45224063975818835,0.005171283957726314,168.15955400278762,,diagram,1-1-2-1-0-1-0-1,0.45741192371591466,True,1,batch,True,cognitive,20,1,swarm
oe3-ofat-pilot-v2,oe3,swarm|batch|bc1|h1|cognitive|r1|N20|c1,syn-visual_dominant-conditional-r4,visual_dominant,conditional,1,0,6016564164395138588,2026-10-01T05:41:54.887+00:00,completed,epsilon,True,True,True,True,,29.945394,35.63167800166411,34.25790099936421,1,53,0.4300280769863089,0.018628864406971812,147.18366800496167,,diagram,1-1-2-1-0-1-0-1,0.4486569413932807,True,1,batch,True,cognitive,20,1,swarm
oe3-ofat-pilot-v2,oe3,swarm|batch|bc1|h1|cognitive|r1|N20|c1,syn-visual_dominant-repetitive-r0,visual_dominant,repetitive,1,0,388248794542993201,2026-10-01T05:41:54.923+00:00,completed,epsilon,True,True,True,True,,32.064405,37.378564000391634,36.0755159999826,1,48,0.46998170127395994,0.02008255859137359,125.09594100843748,,diagram,1-1-2-1-1-1-0-1,0.49006425986533353,True,1,batch,True,cognitive,20,1,swarm
oe3-ofat-pilot-v2,oe3,swarm|batch|bc1|h1|cognitive|r1|N20|c1,syn-visual_dominant-repetitive-r1,visual_dominant,repetitive,1,0,6429826071426475855,2026-10-01T05:41:54.960+00:00,completed,epsilon,True,True,True,True,,31.841344,38.31985200304189,36.89236600257573,1,51,0.45873704156840595,0.0326740479987187,141.69098100069226,,diagram,1-1-2-1-1-1-1-1,0.49141108956712465,True,1,batch,True,cognitive,20,1,swarm
oe3-ofat-pilot-v2,oe3,swarm|batch|bc1|h1|cognitive|r1|N20|c1,syn-visual_dominant-repetitive-r2,visual_dominant,repetitive,1,0,681915851494163713,2026-10-01T05:41:54.999+00:00,completed,epsilon,True,True,True,True,,34.963884,40.80928399707773,39.40608500124654,1,54,0.497368651601852,0.02008255859137359,158.47862100661683,,code,2-1-2-1-1-1-0-1,0.5174512101932256,True,1,batch,True,cognitive,20,1,swarm
oe3-ofat-pilot-v2,oe3,swarm|batch|bc1|h1|cognitive|r1|N20|c1,syn-visual_dominant-repetitive-r3,visual_dominant,repetitive,1,0,9442719100814584237,2026-10-01T05:41:55.040+00:00,completed,epsilon,True,True,True,True,,34.50843,58.73464699834585,56.93349499779288,1,51,0.5042747533954731,0.0010553553645041847,151.28979200203057,,diagram,1-0-2-1-0-1-0-0,0.5053301087599773,True,1,batch,True,cognitive,20,1,swarm
oe3-ofat-pilot-v2,oe3,swarm|batch|bc1|h1|cognitive|r1|N20|c1,syn-visual_dominant-repetitive-r4,visual_dominant,repetitive,1,0,13949056110443868569,2026-10-01T05:41:55.098+00:00,completed,epsilon,True,True,True,True,,30.57584,36.52885199699085,35.2149130012549,1,49,0.43539326357179114,0.032214241800902654,130.46689100364821,,diagram,0-1-2-1-0-1-0-1,0.4676075053726938,True,1,batch,True,cognitive,20,1,swarm
oe3-ofat-pilot-v2,oe3,swarm|batch|bc1|h1|cognitive|r1|N20|c1,syn-visual_dominant-arrays_vectors-r0,visual_dominant,arrays_vectors,1,0,2917865247295538106,2026-10-01T05:41:55.135+00:00,completed,epsilon,True,True,True,True,,31.464662,37.16747100042994,35.600379000243265,1,59,0.46105976353153516,0.027875012652007147,178.08882402354723,,diagram,1-1-2-1-0-1-0-1,0.4889347761835423,True,1,batch,True,cognitive,20,1,swarm
oe3-ofat-pilot-v2,oe3,swarm|batch|bc1|h1|cognitive|r1|N20|c1,syn-visual_dominant-arrays_vectors-r1,visual_dominant,arrays_vectors,1,0,5722646615589724131,2026-10-01T05:41:55.172+00:00,completed,epsilon,True,True,True,True,,31.853552,39.296959002967924,37.858709001739044,1,50,0.448934361287075,0.004258245401240313,133.23356800300866,,diagram,1-0-2-1-1-0-1-0,0.4531926066883153,True,1,batch,True,cognitive,20,1,swarm
oe3-ofat-pilot-v2,oe3,swarm|batch|bc1|h1|cognitive|r1|N20|c1,syn-visual_dominant-arrays_vectors-r2,visual_dominant,arrays_vectors,1,0,7131356553039093964,2026-10-01T05:41:55.211+00:00,completed,epsilon,True,True,True,True,,30.255206,39.15736899944022,37.734593999630306,1,51,0.4972981135675606,0.024536367933866043,141.43081101531217,,diagram,1-0-2-0-1-1-0-1,0.5218344815014266,True,1,batch,True,cognitive,20,1,swarm
oe3-ofat-pilot-v2,oe3,swarm|batch|bc1|h1|cognitive|r1|N20|c1,syn-visual_dominant-arrays_vectors-r3,visual_dominant,arrays_vectors,1,0,9708572912594749697,2026-10-01T05:41:55.250+00:00,completed,epsilon,True,True,True,True,,35.423015,44.07010800059652,42.44636600196827,1,57,0.5179109459939615,0.01002641009046179,165.54740100760657,,diagram,0-1-2-1-1-0-0-0,0.5279373560844233,True,1,batch,True,cognitive,20,1,swarm
oe3-ofat-pilot-v2,oe3,swarm|batch|bc1|h1|cognitive|r1|N20|c1,syn-visual_dominant-arrays_vectors-r4,visual_dominant,arrays_vectors,1,0,8051371913516571402,2026-10-01T05:41:55.295+00:00,completed,epsilon,True,True,True,True,,27.618478,35.83303300183616,34.477201999834506,1,46,0.48288447505901916,0.014696718078363646,104.8730630016136,,diagram,1-1-2-1-1-1-0-1,0.4975811931373828,True,1,batch,True,cognitive,20,1,swarm
oe3-ofat-pilot-v2,oe3,swarm|batch|bc1|h1|cognitive|r1|N20|c1,syn-visual_dominant-functions-r0,visual_dominant,functions,1,0,16135236781280778921,2026-10-01T05:41:55.330+00:00,completed,epsilon,True,True,True,True,,31.192842,36.758854002982844,35.2739810005005,1,58,0.47770576352191013,0.02008255859137359,186.00591498716923,,diagram,1-1-2-1-1-1-0-1,0.4977883221132837,True,1,batch,True,cognitive,20,1,swarm
oe3-ofat-pilot-v2,oe3,swarm|batch|bc1|h1|cognitive|r1|N20|c1,syn-visual_dominant-functions-r1,visual_dominant,functions,1,0,11881822526199768276,2026-10-01T05:41:55.367+00:00,completed,epsilon,True,True,True,True,,30.111039,35.78349699819228,34.3111879992648,1,53,0.4740233528279633,0.027875012652007147,139.32785201571855,,code,2-1-2-1-1-1-0-1,0.5018983654799705,True,1,batch,True,cognitive,20,1,swarm
oe3-ofat-pilot-v2,oe3,swarm|batch|bc1|h1|cognitive|r1|N20|c1,syn-visual_dominant-functions-r2,visual_dominant,functions,1,0,8281290246287181489,2026-10-01T05:41:55.403+00:00,completed,epsilon,True,True,True,True,,31.406746,52.400950000446755,51.04261800079257,1,48,0.4552048063631242,0.01617140076068324,112.61405100501833,,diagram,1-0-2-1-1-1-1-2,0.47137620712380746,True,1,batch,True,cognitive,20,1,swarm
oe3-ofat-pilot-v2,oe3,swarm|batch|bc1|h1|cognitive|r1|N20|c1,syn-visual_dominant-functions-r3,visual_dominant,functions,1,0,11110122146323643609,2026-10-01T05:41:55.455+00:00,completed,epsilon,True,True,True,True,,36.091741,45.11894399911398,43.64564600109588,1,56,0.4603390879991128,0.020096021048032153,162.2749289943306,,diagram,1-2-2-0-1-0-1-0,0.4804351090471449,True,1,batch,True,cognitive,20,1,swarm
oe3-ofat-pilot-v2,oe3,swarm|batch|bc1|h1|cognitive|r1|N20|c1,syn-visual_dominant-functions-r4,visual_dominant,functions,1,0,3086301632103932787,2026-10-01T05:41:55.501+00:00,completed,epsilon,True,True,True,True,,26.101686,31.574798998917686,30.179571000189753,1,46,0.48087713663369275,0.021751306012075478,110.62677000112672,,code,2-1-2-1-0-1-1-1,0.5026284426457682,True,1,batch,True,cognitive,20,1,swarm
oe3-ofat-pilot-v2,oe3,swarm|batch|bc1|h1|cognitive|r1|N20|c1,syn-logical_syntactic-sequential-r0,logical_syntactic,sequential,1,0,7251352304488983451,2026-10-01T05:41:55.532+00:00,completed,epsilon,True,True,True,True,,32.746844,38.55613600171637,36.96735799894668,1,57,0.4761348237523099,0.02008255859137359,171.40482199102843,,code,2-1-1-1-0-1-0-1,0.4962173823436835,True,1,batch,True,cognitive,20,1,swarm
oe3-ofat-pilot-v2,oe3,swarm|batch|bc1|h1|cognitive|r1|N20|c1,syn-logical_syntactic-sequential-r1,logical_syntactic,sequential,1,0,12053108598153308178,2026-10-01T05:41:55.571+00:00,completed,epsilon,True,True,True,True,,32.035452,37.38953200081596,36.06391200082726,1,48,0.4536266927435712,0.028919669075050003,133.0282460200676,,code,2-1-1-1-0-1-0-1,0.4825463618186212,True,1,batch,True,cognitive,20,1,swarm
oe3-ofat-pilot-v2,oe3,swarm|batch|bc1|h1|cognitive|r1|N20|c1,syn-logical_syntactic-sequential-r2,logical_syntactic,sequential,1,0,16364623137167520195,2026-10-01T05:41:55.608+00:00,completed,epsilon,True,True,True,True,,33.323561,39.29800099649583,37.75602500172681,1,53,0.5052479809084092,0.0034158919247069264,171.60314497802827,,code,2-1-0-1-1-1-1-1,0.5086638728331161,True,1,batch,True,cognitive,20,1,swarm
oe3-ofat-pilot-v2,oe3,swarm|batch|bc1|h1|cognitive|r1|N20|c1,syn-logical_syntactic-sequential-r3,logical_syntactic,sequential,1,0,14054898920044902309,2026-10-01T05:41:55.647+00:00,completed,epsilon,True,True,True,True,,32.627577,38.86237400001846,37.363710998761235,1,56,0.4304009541982086,0.04413963261295045,164.5481910046057,,code,2-1-1-1-0-1-0-1,0.47454058681115907,True,1,batch,True,cognitive,20,1,swarm
oe3-ofat-pilot-v2,oe3,swarm|batch|bc1|h1|cognitive|r1|N20|c1,syn-logical_syntactic-sequential-r4,logical_syntactic,sequential,1,0,13156865779355580401,2026-10-01T05:41:55.686+00:00,completed,epsilon,True,True,True,True,,33.245919,41.026196002349025,39.57385000103386,1,56,0.47629228517404143,0.02009549783782305,166.81410600404956,,code,2-0-1-1-1-0-1-2,0.4963877830118645,True,1,batch,True,cognitive,20,1,swarm
oe3-ofat-pilot-v2,oe3,swarm|batch|bc1|h1|cognitive|r1|N20|c1,syn-logical_syntactic-conditional-r0,logical_syntactic,conditional,1,0,11414306351426817161,2026-10-01T05:41:55.727+00:00,completed,epsilon,True,True,True,True,,38.745984,44.77245599991875,43.14642000099411,1,61,0.4552124341978106,0.0036547194033032526,230.3810770167443,,code,2-1-1-1-0-1-0-1,0.45886715360111385,True,1,batch,True,cognitive,20,1,swarm
oe3-ofat-pilot-v2,oe3,swarm|batch|bc1|h1|cognitive|r1|N20|c1,syn-logical_syntactic-conditional-r1,logical_syntactic,conditional,1,0,7856604676471064028,2026-10-01T05:41:55.772+00:00,completed,epsilon,True,True,True,True,,33.547066,39.50101000009454,37.857302002521465,1,56,0.39881321868171854,0.053011339286400394,158.87123401810948,,code,2-1-0-1-0-1-0-1,0.45182455796811893,True,1,batch,True,cognitive,20,1,swarm
oe3-ofat-pilot-v2,oe3,swarm|batch|bc1|h1|cognitive|r1|N20|c1,syn-logical_syntactic-conditional-r2,logical_syntactic,conditional,1,0,3752771868888662993,2026-10-01T05:41:55.812+00:00,completed,epsilon,True,True,True,True,,35.176833,41.36328900131048,39.95630599820288,1,53,0.4631068467146388,0.0036547194033032526,141.55700798158833,,code,2-1-1-1-0-1-1-1,0.46676156611794206,True,1,batch,True,cognitive,20,1,swarm
oe3-ofat-pilot-v2,oe3,swarm|batch|bc1|h1|cognitive|r1|N20|c1,syn-logical_syntactic-conditional-r3,logical_syntactic,conditional,1,0,2424363617272683664,2026-10-01T05:41:55.853+00:00,completed,epsilon,True,True,True,True,,31.245338,36.88032900026883,35.4756599990651,1,51,0.46926591844681625,1.963771524837732e-07,136.49166898606813,,code,2-1-1-1-0-0-0-1,0.46926611482396874,True,1,batch,True,cognitive,20,1,swarm
oe3-ofat-pilot-v2,oe3,swarm|batch|bc1|h1|cognitive|r1|N20|c1,syn-logical_syntactic-conditional-r4,logical_syntactic,conditional,1,0,10671629074959594599,2026-10-01T05:41:55.890+00:00,completed,epsilon,True,True,True,True,,32.230637,38.84803500113776,37.32687499723397,1,49,0.4839345737065493,0.0036547194033032526,132.64536401185353,,code,2-1-1-1-1-1-1-1,0.48758929310985255,True,1,batch,True,cognitive,20,1,swarm
oe3-ofat-pilot-v2,oe3,swarm|batch|bc1|h1|cognitive|r1|N20|c1,syn-logical_syntactic-repetitive-r0,logical_syntactic,repetitive,1,0,15966723904431689505,2026-10-01T05:41:55.929+00:00,completed,epsilon,True,True,True,True,,31.609784,37.93218899954809,36.500268997770036,1,53,0.45068774937313677,0.02008255859137359,139.43489200903863,,code,2-1-2-1-0-1-1-1,0.47077030796451036,True,1,batch,True,cognitive,20,1,swarm
oe3-ofat-pilot-v2,oe3,swarm|batch|bc1|h1|cognitive|r1|N20|c1,syn-logical_syntactic-repetitive-r1,logical_syntactic,repetitive,1,0,3470008616984474820,2026-10-01T05:41:55.967+00:00,completed,epsilon,True,True,True,True,,32.926325,42.04000199752045,40.447613999276655,1,53,0.4724767653143323,0.016153518591598026,134.9353389849917,,code,2-0-1-1-1-1-0-0,0.48863028390593033,True,1,batch,True,cognitive,20,1,swarm
oe3-ofat-pilot-v2,oe3,swarm|batch|bc1|h1|cognitive|r1|N20|c1,syn-logical_syntactic-repetitive-r2,logical_syntactic,repetitive,1,0,11319749022719662673,2026-10-01T05:41:56.009+00:00,completed,epsilon,True,True,True,True,,36.557137,42.429901001014514,41.01756299860426,1,51,0.48860682289608054,0.02008255859137359,145.79575899846998,,code,2-1-1-1-1-1-1-1,0.5086893814874541,True,1,batch,True,cognitive,20,1,swarm
oe3-ofat-pilot-v2,oe3,swarm|batch|bc1|h1|cognitive|r1|N20|c1,syn-logical_syntactic-repetitive-r3,logical_syntactic,repetitive,1,0,4643417038172318447,2026-10-01T05:41:56.051+00:00,completed,epsilon,True,True,True,True,,29.96365,35.46476699921186,34.091180001269095,1,50,0.46021247378566027,0.021955674826570182,140.9137009992706,,code,2-1-0-1-1-1-0-1,0.48216814861223045,True,1,batch,True,cognitive,20,1,swarm
oe3-ofat-pilot-v2,oe3,swarm|batch|bc1|h1|cognitive|r1|N20|c1,syn-logical_syntactic-repetitive-r4,logical_syntactic,repetitive,1,0,15250258441158635833,2026-10-01T05:41:56.087+00:00,completed,epsilon,True,True,True,True,,34.664632,40.09285700158216,38.60106299907784,1,54,0.38750931115977466,0.0568892472764187,151.887266004972,,code,2-1-0-1-0-1-0-1,0.44439855843619336,True,1,batch,True,cognitive,20,1,swarm
oe3-ofat-pilot-v2,oe3,swarm|batch|bc1|h1|cognitive|r1|N20|c1,syn-logical_syntactic-arrays_vectors-r0,logical_syntactic,arrays_vectors,1,0,794293079882404652,2026-10-01T05:41:56.127+00:00,completed,epsilon,True,True,True,True,,31.418661,40.40339700077311,38.95018800176331,1,51,0.49790819818404264,0.007792797720650335,140.99026399281172,,code,2-0-1-2-0-1-1-1,0.505700995904693,True,1,batch,True,cognitive,20,1,swarm
oe3-ofat-pilot-v2,oe3,swarm|batch|bc1|h1|cognitive|r1|N20|c1,syn-logical_syntactic-arrays_vectors-r1,logical_syntactic,arrays_vectors,1,0,13279616171390739924,2026-10-01T05:41:56.167+00:00,completed,epsilon,True,True,True,True,,32.492635,38.466314999823226,36.772977000509854,1,56,0.4527608483959598,0.03128388111590602,158.60242099670467,,code,2-1-1-1-1-1-0-1,0.48404472951186583,True,1,batch,True,cognitive,20,1,swarm
oe3-ofat-pilot-v2,oe3,swarm|batch|bc1|h1|cognitive|r1|N20|c1,syn-logical_syntactic-arrays_vectors-r2,logical_syntactic,arrays_vectors,1,0,9505461881805374079,2026-10-01T05:41:56.206+00:00,completed,epsilon,True,True,True,True,,30.985337,36.9876889999432,35.585400997661054,1,53,0.49083069767651405,0.027875012652007147,149.24987299545705,,code,2-1-1-1-0-1-0-1,0.5187057103285212,True,1,batch,True,cognitive,20,1,swarm
oe3-ofat-pilot-v2,oe3,swarm|batch|bc1|h1|cognitive|r1|N20|c1,syn-logical_syntactic-arrays_vectors-r3,logical_syntactic,arrays_vectors,1,0,8401228647824766960,2026-10-01T05:41:56.243+00:00,completed,epsilon,True,True,True,True,,33.720321,39.2843810004706,37.677929998608306,1,59,0.510410675757111,0.017498999281390648,188.6537009927519,,code,2-1-1-1-1-1-1-1,0.5279096750385016,True,1,batch,True,cognitive,20,1,swarm
oe3-ofat-pilot-v2,oe3,swarm|batch|bc1|h1|cognitive|r1|N20|c1,syn-logical_syntactic-arrays_vectors-r4,logical_syntactic,arrays_vectors,1,0,18034434371952724805,2026-10-01T05:41:56.282+00:00,completed,epsilon,True,True,True,True,,31.446901,37.19579199969303,35.6478280009469,1,56,0.43746589041276635,0.029621614845673216,162.80449700718071,,code,2-1-0-1-0-1-1-1,0.46708750525843956,True,1,batch,True,cognitive,20,1,swarm
oe3-ofat-pilot-v2,oe3,swarm|batch|bc1|h1|cognitive|r1|N20|c1,syn-logical_syntactic-functions-r0,logical_syntactic,functions,1,0,356074301951452711,2026-10-01T05:41:56.319+00:00,completed,epsilon,True,True,True,True,,33.091851,39.01582699836581,37.50040100203478,1,55,0.4876998796280693,0.027875012652007147,153.04819700525618,,code,2-1-1-1-1-1-0-1,0.5155748922800765,True,1,batch,True,cognitive,20,1,swarm
oe3-ofat-pilot-v2,oe3,swarm|batch|bc1|h1|cognitive|r1|N20|c1,syn-logical_syntactic-functions-r1,logical_syntactic,functions,1,0,18385489952471934676,2026-10-01T05:41:56.358+00:00,completed,epsilon,True,True,True,True,,30.555235,50.48499099939363,48.97459499989054,1,53,0.4863872755071828,0.008847809425137798,144.71139801651785,,code,2-0-1-1-1-1-0-0,0.4952350849323206,True,1,batch,True,cognitive,20,1,swarm
oe3-ofat-pilot-v2,oe3,swarm|batch|bc1|h1|cognitive|r1|N20|c1,syn-logical_syntactic-functions-r2,logical_syntactic,functions,1,0,6055816422684010007,2026-10-01T05:41:56.409+00:00,completed,epsilon,True,True,True,True,,30.627135,36.57772500082501,35.10000999813201,1,48,0.4703323912858079,0.027875012652007147,110.44834400689757,,code,2-1-0-1-1-1-1-1,0.49820740393781504,True,1,batch,True,cognitive,20,1,swarm
oe3-ofat-pilot-v2,oe3,swarm|batch|bc1|h1|cognitive|r1|N20|c1,syn-logical_syntactic-functions-r3,logical_syntactic,functions,1,0,12612345210513099450,2026-10-01T05:41:56.445+00:00,completed,epsilon,True,True,True,True,,31.934144,37.854834998142906,36.25572000237298,1,58,0.46627757409622445,0.02008255859137359,168.79851601606816,,code,2-1-1-1-1-1-0-1,0.48636013268759803,True,1,batch,True,cognitive,20,1,swarm
oe3-ofat-pilot-v2,oe3,swarm|batch|bc1|h1|cognitive|r1|N20|c1,syn-logical_syntactic-functions-r4,logical_syntactic,functions,1,0,10415694527128160469,2026-10-01T05:41:56.483+00:00,completed,epsilon,True,True,True,True,,33.799469,43.18940899975132,41.77143999913824,1,51,0.40713748248632187,0.048913639728908276,144.18852698777798,,code,2-2-1-1-1-1-1-1,0.45605112221523014,True,1,batch,True,cognitive,20,1,swarm
oe3-ofat-pilot-v2,oe3,swarm|batch|bc1|h1|cognitive|r1|N20|c1,syn-explanatory_conceptual-sequential-r0,explanatory_conceptual,sequential,1,0,5940893258720170927,2026-10-01T05:41:56.526+00:00,completed,epsilon,True,True,True,True,,30.777721,39.003500998660456,37.45951599921682,1,54,0.4193516078456325,0.04810403721289147,153.68024600263828,,text,0-0-1-2-2-0-1-1,0.467455645058524,True,1,batch,True,cognitive,20,1,swarm
oe3-ofat-pilot-v2,oe3,swarm|batch|bc1|h1|cognitive|r1|N20|c1,syn-explanatory_conceptual-sequential-r1,explanatory_conceptual,sequential,1,0,17003596441327521031,2026-10-01T05:41:56.565+00:00,completed,epsilon,True,True,True,True,,31.752228,38.64519299895619,37.11116399790626,1,57,0.45267043074923324,0.006749225258040281,174.63116499500828,,text,0-1-0-1-2-1-0-1,0.4594196560072735,True,1,batch,True,cognitive,20,1,swarm
oe3-ofat-pilot-v2,oe3,swarm|batch|bc1|h1|cognitive|r1|N20|c1,syn-explanatory_conceptual-sequential-r2,explanatory_conceptual,sequential,1,0,18052668489611125550,2026-10-01T05:41:56.604+00:00,completed,epsilon,True,True,True,True,,31.637321,43.153343998710625,41.54669800118427,1,54,0.429931471712129,0.032742654594602794,154.76766999224233,,text,0-2-1-1-2-1-1-1,0.46267412630673177,True,1,batch,True,cognitive,20,1,swarm
oe3-ofat-pilot-v2,oe3,swarm|batch|bc1|h1|cognitive|r1|N20|c1,syn-explanatory_conceptual-sequential-r3,explanatory_conceptual,sequential,1,0,6496118862096545493,2026-10-01T05:41:56.647+00:00,completed,epsilon,True,True,True,True,,32.562842,42.73673599891481,41.308986001240555,1,50,0.41916248668950606,0.02981428028621458,123.01682200729331,,diagram,1-2-2-2-2-1-1-1,0.44897676697572064,True,1,batch,True,cognitive,20,1,swarm
oe3-ofat-pilot-v2,oe3,swarm|batch|bc1|h1|cognitive|r1|N20|c1,syn-explanatory_conceptual-sequential-r4,explanatory_conceptual,sequential,1,0,1500050021784736840,2026-10-01T05:41:56.690+00:00,completed,epsilon,True,True,True,True,,32.397201,38.47977299665217,36.91459699984989,1,52,0.44460530570190554,0.02189769423907456,140.07969299953785,,text,1-1-1-1-2-1-0-1,0.4665029999409801,True,1,batch,True,cognitive,20,1,swarm
oe3-ofat-pilot-v2,oe3,swarm|batch|bc1|h1|cognitive|r1|N20|c1,syn-explanatory_conceptual-conditional-r0,explanatory_conceptual,conditional,1,0,16561957339801224966,2026-10-01T05:41:56.728+00:00,completed,epsilon,True,True,True,True,,32.481696,39.24114300025394,37.65420100171468,1,51,0.487737317609176,0.007792650437786042,143.43846599371568,,code,2-1-1-1-2-1-1-1,0.49552996804696203,True,1,batch,True,cognitive,20,1,swarm
oe3-ofat-pilot-v2,oe3,swarm|batch|bc1|h1|cognitive|r1|N20|c1,syn-explanatory_conceptual-conditional-r1,explanatory_conceptual,conditional,1,0,3094637029774210609,2026-10-01T05:41:56.768+00:00,completed,epsilon,True,True,True,True,,31.987025,37.65311300230678,36.27612999844132,1,49,0.47067470808060424,0.008189130254890153,131.22635199791756,,text,1-1-0-1-2-1-1-1,0.4788638383354944,True,1,batch,True,cognitive,20,1,swarm
oe3-ofat-pilot-v2,oe3,swarm|batch|bc1|h1|cognitive|r1|N20|c1,syn-explanatory_conceptual-conditional-r2,explanatory_conceptual,conditional,1,0,3804476585378584912,2026-10-01T05:41:56.805+00:00,completed,epsilon,True,True,True,True,,33.673775,39.68906699810759,38.08469499927014,1,56,0.4825120796519577,0.007792650437786042,184.94976700979436,,diagram,1-1-2-1-2-1-1-1,0.49030473008974373,True,1,batch,True,cognitive,20,1,swarm
oe3-ofat-pilot-v2,oe3,swarm|batch|bc1|h1|cognitive|r1|N20|c1,syn-explanatory_conceptual-conditional-r3,explanatory_conceptual,conditional,1,0,17655201975640420228,2026-10-01T05:41:56.845+00:00,completed,epsilon,True,True,True,True,,31.655132,37.89037100068526,36.38324200073839,1,52,0.40097835467564585,0.03364007004930275,131.42179801867013,,text,0-1-0-1-2-1-0-1,0.4346184247249486,True,1,batch,True,cognitive,20,1,swarm
oe3-ofat-pilot-v2,oe3,swarm|batch|bc1|h1|cognitive|r1|N20|c1,syn-explanatory_conceptual-conditional-r4,explanatory_conceptual,conditional,1,0,12297342674909518057,2026-10-01T05:41:56.883+00:00,completed,epsilon,True,True,True,True,,32.766826,57.160354997904506,55.44640699736192,1,58,0.42876141467211315,0.03637468649568776,180.29438001448236,,text,1-1-1-1-2-2-0-2,0.4651361011678009,True,1,batch,True,cognitive,20,1,swarm
oe3-ofat-pilot-v2,oe3,swarm|batch|bc1|h1|cognitive|r1|N20|c1,syn-explanatory_conceptual-repetitive-r0,explanatory_conceptual,repetitive,1,0,6786978368093374640,2026-10-01T05:41:56.940+00:00,completed,epsilon,True,True,True,True,,34.838291,45.044839000183856,43.347105998691404,1,59,0.44717398521895857,0.019007266918649512,182.22667799510418,,text,0-0-1-0-2-1-0-2,0.4661812521376081,True,1,batch,True,cognitive,20,1,swarm
oe3-ofat-pilot-v2,oe3,swarm|batch|bc1|h1|cognitive|r1|N20|c1,syn-explanatory_conceptual-repetitive-r1,explanatory_conceptual,repetitive,1,0,5950440212697171806,2026-10-01T05:41:56.985+00:00,completed,epsilon,True,True,True,True,,36.945152,42.927619000693085,41.34474400052568,1,54,0.5054583379913502,0.020082558591373534,154.41011000644733,,text,1-1-1-1-2-1-1-1,0.5255408965827237,True,1,batch,True,cognitive,20,1,swarm
oe3-ofat-pilot-v2,oe3,swarm|batch|bc1|h1|cognitive|r1|N20|c1,syn-explanatory_conceptual-repetitive-r2,explanatory_conceptual,repetitive,1,0,6222910758705333057,2026-10-01T05:41:57.028+00:00,completed,epsilon,True,True,True,True,,33.341306,39.190535000670934,37.72281100100372,1,52,0.4707990919315041,0.021881510427353146,138.20378701524132,,text,1-1-1-1-2-1-1-1,0.49268060235885724,True,1,batch,True,cognitive,20,1,swarm
oe3-ofat-pilot-v2,oe3,swarm|batch|bc1|h1|cognitive|r1|N20|c1,syn-explanatory_conceptual-repetitive-r3,explanatory_conceptual,repetitive,1,0,17395909730376452467,2026-10-01T05:41:57.067+00:00,completed,epsilon,True,True,True,True,,33.439039,39.44912799852318,37.966021001921035,1,54,0.46760140454444094,0.02008255859137359,168.47923100284896,,code,2-1-1-1-2-1-1-1,0.4876839631358145,True,1,batch,True,cognitive,20,1,swarm
oe3-ofat-pilot-v2,oe3,swarm|batch|bc1|h1|cognitive|r1|N20|c1,syn-explanatory_conceptual-repetitive-r4,explanatory_conceptual,repetitive,1,0,2621255172561224409,2026-10-01T05:41:57.107+00:00,completed,epsilon,True,True,True,True,,35.736117,41.691172002174426,40.21681000085664,1,53,0.45405216601876935,0.02008255859137359,171.21100198283412,,text,1-1-0-1-2-1-1-1,0.47413472461014294,True,1,batch,True,cognitive,20,1,swarm
oe3-ofat-pilot-v2,oe3,swarm|batch|bc1|h1|cognitive|r1|N20|c1,syn-explanatory_conceptual-arrays_vectors-r0,explanatory_conceptual,arrays_vectors,1,0,10569514230950469850,2026-10-01T05:41:57.148+00:00,completed,epsilon,True,True,True,True,,31.426318,37.13908600184368,35.713156998099294,1,53,0.49778085910851905,0.027875012652007147,146.86165900134415,,text,1-1-1-1-2-1-0-1,0.5256558717605262,True,1,batch,True,cognitive,20,1,swarm
oe3-ofat-pilot-v2,oe3,swarm|batch|bc1|h1|cognitive|r1|N20|c1,syn-explanatory_conceptual-arrays_vectors-r1,explanatory_conceptual,arrays_vectors,1,0,6346414434741826451,2026-10-01T05:41:57.186+00:00,completed,epsilon,True,True,True,True,,33.171782,39.08214699913515,37.540755001828074,1,57,0.4615647597787113,0.028694684783154678,167.75326600501617,,text,0-1-0-1-2-1-1-1,0.490259444561866,True,1,batch,True,cognitive,20,1,swarm
oe3-ofat-pilot-v2,oe3,swarm|batch|bc1|h1|cognitive|r1|N20|c1,syn-explanatory_conceptual-arrays_vectors-r2,explanatory_conceptual,arrays_vectors,1,0,7456642890382495948,2026-10-01T05:41:57.225+00:00,completed,epsilon,True,True,True,True,,32.519385,38.28527500081691,36.92908099765191,1,50,0.5002467392530876,0.027875012652007203,135.75174700951882,,diagram,0-1-2-1-2-1-1-1,0.5281217519050948,True,1,batch,True,cognitive,20,1,swarm
oe3-ofat-pilot-v2,oe3,swarm|batch|bc1|h1|cognitive|r1|N20|c1,syn-explanatory_conceptual-arrays_vectors-r3,explanatory_conceptual,arrays_vectors,1,0,5229689892982576134,2026-10-01T05:41:57.263+00:00,completed,epsilon,True,True,True,True,,33.501461,39.39933999936329,37.87356899920269,1,53,0.4899428394838256,0.017498999281390593,145.63432299926788,,text,0-1-1-1-2-1-0-1,0.5074418387652162,True,1,batch,True,cognitive,20,1,swarm
oe3-ofat-pilot-v2,oe3,swarm|batch|bc1|h1|cognitive|r1|N20|c1,syn-explanatory_conceptual-arrays_vectors-r4,explanatory_conceptual,arrays_vectors,1,0,867854565777186929,2026-10-01T05:41:57.302+00:00,completed,epsilon,True,True,True,True,,29.302626,34.79288800008362,33.48432599887019,1,51,0.5030915276840568,0.014696718078363591,138.33382701356183,,text,1-1-1-1-2-1-1-1,0.5177882457624204,True,1,batch,True,cognitive,20,1,swarm
oe3-ofat-pilot-v2,oe3,swarm|batch|bc1|h1|cognitive|r1|N20|c1,syn-explanatory_conceptual-functions-r0,explanatory_conceptual,functions,1,0,390018258882957971,2026-10-01T05:41:57.337+00:00,completed,epsilon,True,True,True,True,,32.346457,54.722213000786724,53.16686000151094,1,54,0.48355579525757164,0.027189288182734805,155.50836598933716,,text,1-0-1-0-2-2-1-1,0.5107450834403064,True,1,batch,True,cognitive,20,1,swarm
oe3-ofat-pilot-v2,oe3,swarm|batch|bc1|h1|cognitive|r1|N20|c1,syn-explanatory_conceptual-functions-r1,explanatory_conceptual,functions,1,0,11160429587351825343,2026-10-01T05:41:57.392+00:00,completed,epsilon,True,True,True,True,,36.743854,43.00966899972991,41.452120000030845,1,57,0.4855475029847561,0.027875012652007147,178.70357297948777,,code,2-1-1-1-2-1-0-1,0.5134225156367632,True,1,batch,True,cognitive,20,1,swarm
oe3-ofat-pilot-v2,oe3,swarm|batch|bc1|h1|cognitive|r1|N20|c1,syn-explanatory_conceptual-functions-r2,explanatory_conceptual,functions,1,0,5090813952958751476,2026-10-01T05:41:57.435+00:00,completed,epsilon,True,True,True,True,,29.88969,35.42725299848826,33.94099499928416,1,56,0.46612651648152953,0.02008255859137359,171.54815297305865,,text,1-1-1-1-2-1-1-1,0.4862090750729031,True,1,batch,True,cognitive,20,1,swarm
oe3-ofat-pilot-v2,oe3,swarm|batch|bc1|h1|cognitive|r1|N20|c1,syn-explanatory_conceptual-functions-r3,explanatory_conceptual,functions,1,0,7362159366338916777,2026-10-01T05:41:57.470+00:00,completed,epsilon,True,True,True,True,,30.798598,36.15059700314305,34.80520299854106,1,51,0.4776949131384411,0.027875012652007147,130.3834340003337,,text,1-1-1-1-2-1-1-1,0.5055699257904482,True,1,batch,True,cognitive,20,1,swarm
oe3-ofat-pilot-v2,oe3,swarm|batch|bc1|h1|cognitive|r1|N20|c1,syn-explanatory_conceptual-functions-r4,explanatory_conceptual,functions,1,0,4046828528569989559,2026-10-01T05:41:57.507+00:00,completed,epsilon,True,True,True,True,,33.564724,41.25847300019814,39.79348500070046,1,56,0.48361196958987795,0.016088461429702994,156.42811599724462,,text,1-0-1-1-2-0-0-2,0.49970043101958095,True,1,batch,True,cognitive,20,1,swarm
oe3-ofat-pilot-v2,oe3,swarm|batch|bc1|h1|cognitive|r1|N20|c1,syn-balanced_multimodal-sequential-r0,balanced_multimodal,sequential,1,0,8313710015022879933,2026-10-01T05:41:57.548+00:00,completed,epsilon,True,True,True,True,,27.797637,33.34270499908598,31.852664000325603,1,52,0.46648891227742156,0.028376205225013662,132.37541898560653,,diagram,1-1-2-1-1-1-0-1,0.4948651175024352,True,1,batch,True,cognitive,20,1,swarm
oe3-ofat-pilot-v2,oe3,swarm|batch|bc1|h1|cognitive|r1|N20|c1,syn-balanced_multimodal-sequential-r1,balanced_multimodal,sequential,1,0,17034292383154152654,2026-10-01T05:41:57.581+00:00,completed,epsilon,True,True,True,True,,34.024088,39.730422002321575,38.23607199956314,1,53,0.46254329609296624,0.023319774530693393,150.5440039917255,,diagram,1-1-2-1-1-1-1-1,0.48586307062365963,True,1,batch,True,cognitive,20,1,swarm
oe3-ofat-pilot-v2,oe3,swarm|batch|bc1|h1|cognitive|r1|N20|c1,syn-balanced_multimodal-sequential-r2,balanced_multimodal,sequential,1,0,17948066834823550806,2026-10-01T05:41:57.621+00:00,completed,epsilon,True,True,True,True,,28.384548,34.25831499771448,32.85369799777982,1,47,0.4994689164392216,0.02008255859137359,109.38726700613157,,code,2-1-1-1-1-1-1-1,0.5195514750305952,True,1,batch,True,cognitive,20,1,swarm
oe3-ofat-pilot-v2,oe3,swarm|batch|bc1|h1|cognitive|r1|N20|c1,syn-balanced_multimodal-sequential-r3,balanced_multimodal,sequential,1,0,16502357028709200888,2026-10-01T05:41:57.655+00:00,completed,epsilon,True,True,True,True,,30.118763,35.589470997365424,34.264325000549434,1,50,0.4813460564414294,0.02424922525804024,129.77130300548532,,text,1-1-1-1-2-1-1-1,0.5055952816994697,True,1,batch,True,cognitive,20,1,swarm
oe3-ofat-pilot-v2,oe3,swarm|batch|bc1|h1|cognitive|r1|N20|c1,syn-balanced_multimodal-sequential-r4,balanced_multimodal,sequential,1,0,8817791777023713523,2026-10-01T05:41:57.691+00:00,completed,epsilon,True,True,True,True,,29.949254,36.06163799850037,34.449283997673774,1,51,0.4831680338827303,0.02326354576638584,133.4451480054098,,code,2-1-2-1-2-1-1-1,0.5064315796491161,True,1,batch,True,cognitive,20,1,swarm
oe3-ofat-pilot-v2,oe3,swarm|batch|bc1|h1|cognitive|r1|N20|c1,syn-balanced_multimodal-conditional-r0,balanced_multimodal,conditional,1,0,6807183157127120355,2026-10-01T05:41:57.727+00:00,completed,epsilon,True,True,True,True,,31.405212,37.677491000067675,36.243611000827514,1,50,0.48780502665661635,0.0036547194033032526,121.07414799627256,,code,2-1-1-1-1-1-1-1,0.4914597460599196,True,1,batch,True,cognitive,20,1,swarm
oe3-ofat-pilot-v2,oe3,swarm|batch|bc1|h1|cognitive|r1|N20|c1,syn-balanced_multimodal-conditional-r1,balanced_multimodal,conditional,1,0,4678364357267402099,2026-10-01T05:41:57.765+00:00,completed,epsilon,True,True,True,True,,28.499215,34.66203800053336,33.321786999295,1,49,0.49101688093417845,0.007792650437786042,115.41839300708217,,code,2-1-2-1-2-1-2-1,0.4988095313719645,True,1,batch,True,cognitive,20,1,swarm
oe3-ofat-pilot-v2,oe3,swarm|batch|bc1|h1|cognitive|r1|N20|c1,syn-balanced_multimodal-conditional-r2,balanced_multimodal,conditional,1,0,2073738674720842464,2026-10-01T05:41:57.799+00:00,completed,epsilon,True,True,True,True,,33.115822,38.703458001691615,37.297112998203374,1,51,0.4946714052827956,0.004709878390655009,142.7762510099174,,code,0-1-0-1-0-1-0-0,0.4993812836734506,True,1,batch,True,cognitive,20,1,swarm
oe3-ofat-pilot-v2,oe3,swarm|batch|bc1|h1|cognitive|r1|N20|c1,syn-balanced_multimodal-conditional-r3,balanced_multimodal,conditional,1,0,1284693550691140380,2026-10-01T05:41:57.838+00:00,completed,epsilon,True,True,True,True,,34.881467,40.90895799890859,39.114127997891046,1,58,0.46313449972553516,0.008400481017523165,182.17699100246833,,text,1-1-1-1-2-1-0-1,0.47153498074305833,True,1,batch,True,cognitive,20,1,swarm
oe3-ofat-pilot-v2,oe3,swarm|batch|bc1|h1|cognitive|r1|N20|c1,syn-balanced_multimodal-conditional-r4,balanced_multimodal,conditional,1,0,5974251366865820635,2026-10-01T05:41:57.879+00:00,completed,epsilon,True,True,True,True,,30.021162,36.12423000231502,34.64772600273136,1,51,0.49335718275037993,0.0036547194033032526,128.70404901657412,,code,2-1-1-1-2-1-2-1,0.4970119021536832,True,1,batch,True,cognitive,20,1,swarm
oe3-ofat-pilot-v2,oe3,swarm|batch|bc1|h1|cognitive|r1|N20|c1,syn-balanced_multimodal-repetitive-r0,balanced_multimodal,repetitive,1,0,7710084901704534217,2026-10-01T05:41:57.915+00:00,completed,epsilon,True,True,True,True,,38.482293,44.26940100165666,42.654346998460824,1,53,0.5383161833171735,0.020082558591373534,149.70803301288137,,code,2-1-1-1-1-1-2-1,0.558398741908547,True,1,batch,True,cognitive,20,1,swarm
oe3-ofat-pilot-v2,oe3,swarm|batch|bc1|h1|cognitive|r1|N20|c1,syn-balanced_multimodal-repetitive-r1,balanced_multimodal,repetitive,1,0,6042849434585660190,2026-10-01T05:41:57.959+00:00,completed,epsilon,True,True,True,True,,35.410158,41.845350999210496,40.31958400082658,1,53,0.5099655888622538,0.020082558591373645,150.450177017922,,code,2-1-2-1-2-1-1-1,0.5300481474536275,True,1,batch,True,cognitive,20,1,swarm
oe3-ofat-pilot-v2,oe3,swarm|batch|bc1|h1|cognitive|r1|N20|c1,syn-balanced_multimodal-repetitive-r2,balanced_multimodal,repetitive,1,0,4091229752520203628,2026-10-01T05:41:58.001+00:00,completed,epsilon,True,True,True,True,,35.300331,41.36654299873044,39.6676970012777,1,57,0.48695008664679024,0.02008255859137359,188.62757798653482,,code,2-1-2-1-1-1-2-1,0.5070326452381638,True,1,batch,True,cognitive,20,1,swarm
oe3-ofat-pilot-v2,oe3,swarm|batch|bc1|h1|cognitive|r1|N20|c1,syn-balanced_multimodal-repetitive-r3,balanced_multimodal,repetitive,1,0,18293002212130046117,2026-10-01T05:41:58.042+00:00,completed,epsilon,True,True,True,True,,34.2768,40.23156199764344,38.695130999258254,1,56,0.498403614745411,0.02008255859137359,164.38937701245527,,diagram,1-1-2-1-2-1-1-1,0.5184861733367846,True,1,batch,True,cognitive,20,1,swarm
oe3-ofat-pilot-v2,oe3,swarm|batch|bc1|h1|cognitive|r1|N20|c1,syn-balanced_multimodal-repetitive-r4,balanced_multimodal,repetitive,1,0,17369906960138739270,2026-10-01T05:41:58.083+00:00,completed,epsilon,True,True,True,True,,37.431198,43.77943699728348,42.30336999899009,1,52,0.5354470399519666,0.020082558591373645,155.08117100585105,,code,2-1-1-1-1-1-2-1,0.5555295985433403,True,1,batch,True,cognitive,20,1,swarm
oe3-ofat-pilot-v2,oe3,swarm|batch|bc1|h1|cognitive|r1|N20|c1,syn-balanced_multimodal-arrays_vectors-r0,balanced_multimodal,arrays_vectors,1,0,379503498259880790,2026-10-01T05:41:58.127+00:00,completed,epsilon,True,True,True,True,,29.328771,35.54362200156902,34.12383699833299,1,53,0.5013726987590279,0.027875012652007203,143.8444050269943,,code,2-1-1-1-2-1-1-1,0.5292477114110351,True,1,batch,True,cognitive,20,1,swarm
oe3-ofat-pilot-v2,oe3,swarm|batch|bc1|h1|cognitive|r1|N20|c1,syn-balanced_multimodal-arrays_vectors-r1,balanced_multimodal,arrays_vectors,1,0,5564201871696204878,2026-10-01T05:41:58.162+00:00,completed,epsilon,True,True,True,True,,31.18823,39.69868199783377,38.157784001668915,1,53,0.5090250591480981,0.010600574353874737,150.24503499207856,,code,1-0-1-2-1-0-1-2,0.5196256335019729,True,1,batch,True,cognitive,20,1,swarm
oe3-ofat-pilot-v2,oe3,swarm|batch|bc1|h1|cognitive|r1|N20|c1,syn-balanced_multimodal-arrays_vectors-r2,balanced_multimodal,arrays_vectors,1,0,17388681570381543666,2026-10-01T05:41:58.202+00:00,completed,epsilon,True,True,True,True,,33.120409,39.53036500024609,37.90321800261154,1,58,0.5207081594293232,0.027875012652007092,175.18949998464083,,text,1-1-1-1-2-1-1-1,0.5485831720813303,True,1,batch,True,cognitive,20,1,swarm
oe3-ofat-pilot-v2,oe3,swarm|batch|bc1|h1|cognitive|r1|N20|c1,syn-balanced_multimodal-arrays_vectors-r3,balanced_multimodal,arrays_vectors,1,0,17553891701874167660,2026-10-01T05:41:58.241+00:00,completed,epsilon,True,True,True,True,,33.347661,42.12733100212063,40.75748499963083,1,53,0.5314969467565304,0.020233451891030096,141.3160950017393,,diagram,1-0-2-2-1-0-1-1,0.5517303986475605,True,1,batch,True,cognitive,20,1,swarm
oe3-ofat-pilot-v2,oe3,swarm|batch|bc1|h1|cognitive|r1|N20|c1,syn-balanced_multimodal-arrays_vectors-r4,balanced_multimodal,arrays_vectors,1,0,15382256458381187390,2026-10-01T05:41:58.283+00:00,completed,epsilon,True,True,True,True,,31.343447,36.993281999457395,35.55516699998407,1,53,0.5118955950965318,0.014696718078363702,136.75604599791677,,code,2-1-1-1-1-1-1-1,0.5265923131748955,True,1,batch,True,cognitive,20,1,swarm
oe3-ofat-pilot-v2,oe3,swarm|batch|bc1|h1|cognitive|r1|N20|c1,syn-balanced_multimodal-functions-r0,balanced_multimodal,functions,1,0,7719418254047656559,2026-10-01T05:41:58.320+00:00,completed,epsilon,True,True,True,True,,27.310315,33.730450999428285,32.5305530022888,1,44,0.5031059746980451,0.027875012652007203,95.30637099255969,,code,2-1-2-1-1-1-1-1,0.5309809873500523,True,1,batch,True,cognitive,20,1,swarm
oe3-ofat-pilot-v2,oe3,swarm|batch|bc1|h1|cognitive|r1|N20|c1,syn-balanced_multimodal-functions-r1,balanced_multimodal,functions,1,0,3230558624107485757,2026-10-01T05:41:58.354+00:00,completed,epsilon,True,True,True,True,,30.924859,36.92306200173334,35.55208200123161,1,47,0.4917724457549157,0.02008255859137359,110.23910500959735,,code,2-1-1-1-1-1-2-1,0.5118550043462893,True,1,batch,True,cognitive,20,1,swarm
oe3-ofat-pilot-v2,oe3,swarm|batch|bc1|h1|cognitive|r1|N20|c1,syn-balanced_multimodal-functions-r2,balanced_multimodal,functions,1,0,4758260729385850854,2026-10-01T05:41:58.391+00:00,completed,epsilon,True,True,True,True,,33.019298,38.8448369994876,37.34389900273527,1,53,0.4903125123930194,0.027875012652007147,153.4645220147377,,code,2-1-1-1-1-1-1-1,0.5181875250450265,True,1,batch,True,cognitive,20,1,swarm
oe3-ofat-pilot-v2,oe3,swarm|batch|bc1|h1|cognitive|r1|N20|c1,syn-balanced_multimodal-functions-r3,balanced_multimodal,functions,1,0,17412235304818197162,2026-10-01T05:41:58.430+00:00,completed,epsilon,True,True,True,True,,30.033044,35.46111199830193,34.156213998358,1,50,0.489537761565406,0.027875012652007147,119.7386119997503,,diagram,1-1-2-1-2-1-1-1,0.5174127742174132,True,1,batch,True,cognitive,20,1,swarm
oe3-ofat-pilot-v2,oe3,swarm|batch|bc1|h1|cognitive|r1|N20|c1,syn-balanced_multimodal-functions-r4,balanced_multimodal,functions,1,0,10538569118723935937,2026-10-01T05:41:58.465+00:00,completed,epsilon,True,True,True,True,,34.345083,40.13777900036075,38.69155700158444,1,56,0.4758348538920942,0.027875012652007147,156.1707620005666,,diagram,1-1-2-1-1-1-1-1,0.5037098665441013,True,1,batch,True,cognitive,20,1,swarm
oe3-ofat-pilot-v2,oe3,swarm|batch|bc1|h1|cognitive|r1|N20|c1,syn-visual_dominant-sequential-r0,visual_dominant,sequential,2,0,933970462017344115,2026-10-01T05:41:58.506+00:00,completed,epsilon,True,True,True,True,,27.998958,33.57527700063656,32.32194300289848,1,47,0.45572350868757355,0.02008255859137359,112.18057199319213,,diagram,1-1-2-1-1-1-0-1,0.47580606727894714,True,1,batch,True,cognitive,20,1,swarm
oe3-ofat-pilot-v2,oe3,swarm|batch|bc1|h1|cognitive|r1|N20|c1,syn-visual_dominant-sequential-r1,visual_dominant,sequential,2,0,15218885005855845146,2026-10-01T05:41:58.539+00:00,completed,epsilon,True,True,True,True,,33.723663,39.23769599714433,37.83371600002283,1,51,0.44878503224528293,0.02008255859137359,143.53754999866737,,diagram,1-1-2-1-0-1-1-1,0.4688675908366565,True,1,batch,True,cognitive,20,1,swarm
oe3-ofat-pilot-v2,oe3,swarm|batch|bc1|h1|cognitive|r1|N20|c1,syn-visual_dominant-sequential-r2,visual_dominant,sequential,2,0,7545626482412980018,2026-10-01T05:41:58.578+00:00,completed,epsilon,True,True,True,True,,32.641847,38.52074899987201,36.844689999270486,1,61,0.43325366196641485,0.03524242282272433,192.91846900337623,,diagram,0-1-2-1-0-1-0-1,0.4684960847891392,True,1,batch,True,cognitive,20,1,swarm
oe3-ofat-pilot-v2,oe3,swarm|batch|bc1|h1|cognitive|r1|N20|c1,syn-visual_dominant-sequential-r3,visual_dominant,sequential,2,0,13538790792892562212,2026-10-01T05:41:58.617+00:00,completed,epsilon,True,True,True,True,,29.602312,34.95859800023027,33.56465100296191,1,51,0.47264381386399984,0.02424922525804024,127.38606800211375,,diagram,1-1-2-1-0-1-1-1,0.4968930391220401,True,1,batch,True,cognitive,20,1,swarm
oe3-ofat-pilot-v2,oe3,swarm|batch|bc1|h1|cognitive|r1|N20|c1,syn-visual_dominant-sequential-r4,visual_dominant,sequential,2,0,7393655945380185391,2026-10-01T05:41:58.652+00:00,completed,epsilon,True,True,True,True,,32.372972,40.66272099953494,38.977282001724234,1,57,0.44620035377287093,0.0077905977223554634,190.87754700658266,,diagram,1-0-2-1-1-1-1-1,0.4539909514952264,True,1,batch,True,cognitive,20,1,swarm
oe3-ofat-pilot-v2,oe3,swarm|batch|bc1|h1|cognitive|r1|N20|c1,syn-visual_dominant-conditional-r0,visual_dominant,conditional,2,0,17253185604956212818,2026-10-01T05:41:58.693+00:00,completed,epsilon,True,True,True,True,,33.202786,39.58703600073932,38.0470999989484,1,56,0.4683786250362893,0.007792650437786042,158.64932200240514,,diagram,1-1-2-1-0-1-0-1,0.47617127547407534,True,1,batch,True,cognitive,20,1,swarm
oe3-ofat-pilot-v2,oe3,swarm|batch|bc1|h1|cognitive|r1|N20|c1,syn-visual_dominant-conditional-r1,visual_dominant,conditional,2,0,3235172617710283348,2026-10-01T05:41:58.732+00:00,completed,epsilon,True,True,True,True,,31.545234,37.38032700130134,36.05433499978972,1,46,0.3842673915053973,0.05286435665327499,110.63857499843284,,diagram,0-1-2-1-0-1-0-1,0.4371317481586723,True,1,batch,True,cognitive,20,1,swarm
oe3-ofat-pilot-v2,oe3,swarm|batch|bc1|h1|cognitive|r1|N20|c1,syn-visual_dominant-conditional-r2,visual_dominant,conditional,2,0,16949393807535874105,2026-10-01T05:41:58.770+00:00,completed,epsilon,True,True,True,True,,32.966372,38.85390399955213,37.43059699991136,1,53,0.4559203975871791,0.0198430514891465,149.7287279996295,,diagram,1-1-2-1-0-1-1-1,0.4757634490763256,True,1,batch,True,cognitive,20,1,swarm
oe3-ofat-pilot-v2,oe3,swarm|batch|bc1|h1|cognitive|r1|N20|c1,syn-visual_dominant-conditional-r3,visual_dominant,conditional,2,0,6814480715556192419,2026-10-01T05:41:58.808+00:00,completed,epsilon,True,True,True,True,,31.504322,37.37059400009457,35.86188500048593,1,53,0.45224063975818835,0.005171283957726314,137.1031850159153,,diagram,1-1-2-1-0-1-0-1,0.45741192371591466,True,1,batch,True,cognitive,20,1,swarm
oe3-ofat-pilot-v2,oe3,swarm|batch|bc1|h1|cognitive|r1|N20|c1,syn-visual_dominant-conditional-r4,visual_dominant,conditional,2,0,9372143264887450917,2026-10-01T05:41:58.846+00:00,completed,epsilon,True,True,True,True,,34.580608,40.73274099937407,39.16089000267675,1,57,0.4300280769863089,0.018628864406971812,172.9439710095477,,diagram,1-1-2-1-0-1-0-1,0.4486569413932807,True,1,batch,True,cognitive,20,1,swarm
oe3-ofat-pilot-v2,oe3,swarm|batch|bc1|h1|cognitive|r1|N20|c1,syn-visual_dominant-repetitive-r0,visual_dominant,repetitive,2,0,17432386358067490306,2026-10-01T05:41:58.887+00:00,completed,epsilon,True,True,True,True,,32.72975,38.189554998098174,36.76826199807692,1,53,0.46998170127395994,0.02008255859137359,154.37042699209553,,diagram,1-1-2-1-1-1-0-1,0.49006425986533353,True,1,batch,True,cognitive,20,1,swarm
oe3-ofat-pilot-v2,oe3,swarm|batch|bc1|h1|cognitive|r1|N20|c1,syn-visual_dominant-repetitive-r1,visual_dominant,repetitive,2,0,4534189775785306943,2026-10-01T05:41:58.925+00:00,completed,epsilon,True,True,True,True,,34.271676,40.46284300056868,38.911719999305205,1,54,0.45873704156840595,0.0326740479987187,152.68837201258353,,diagram,1-1-2-1-1-1-1-1,0.49141108956712465,True,1,batch,True,cognitive,20,1,swarm
oe3-ofat-pilot-v2,oe3,swarm|batch|bc1|h1|cognitive|r1|N20|c1,syn-visual_dominant-repetitive-r2,visual_dominant,repetitive,2,0,14890725539570871282,2026-10-01T05:41:58.965+00:00,completed,epsilon,True,True,True,True,,38.237576,44.51455799789983,42.80294199998025,1,59,0.497368651601852,0.02008255859137359,198.09242301144573,,code,2-1-2-1-1-1-0-1,0.5174512101932256,True,1,batch,True,cognitive,20,1,swarm
oe3-ofat-pilot-v2,oe3,swarm|batch|bc1|h1|cognitive|r1|N20|c1,syn-visual_dominant-repetitive-r3,visual_dominant,repetitive,2,0,11175944323486150873,2026-10-01T05:41:59.010+00:00,completed,epsilon,True,True,True,True,,40.579542,51.83579299773555,50.18154500066885,1,59,0.48131196792957526,0.024018140830402046,174.85949801609135,,diagram,1-2-2-0-0-1-0-1,0.5053301087599773,True,1,batch,True,cognitive,20,1,swarm
oe3-ofat-pilot-v2,oe3,swarm|batch|bc1|h1|cognitive|r1|N20|c1,syn-visual_dominant-repetitive-r4,visual_dominant,repetitive,2,0,6321021491439439287,2026-10-01T05:41:59.062+00:00,completed,epsilon,True,True,True,True,,33.039996,39.30980700170039,37.828759999683825,1,53,0.43539326357179114,0.032214241800902654,143.3775370166319,,diagram,0-1-2-1-0-1-0-1,0.4676075053726938,True,1,batch,True,cognitive,20,1,swarm
oe3-ofat-pilot-v2,oe3,swarm|batch|bc1|h1|cognitive|r1|N20|c1,syn-visual_dominant-arrays_vectors-r0,visual_dominant,arrays_vectors,2,0,15952936129579093559,2026-10-01T05:41:59.101+00:00,completed,epsilon,True,True,True,True,,32.895136,38.48985999866272,36.83856000134256,1,59,0.46105976353153516,0.027875012652007147,173.0418380044211,,diagram,1-1-2-1-0-1-0-1,0.4889347761835423,True,1,batch,True,cognitive,20,1,swarm
oe3-ofat-pilot-v2,oe3,swarm|batch|bc1|h1|cognitive|r1|N20|c1,syn-visual_dominant-arrays_vectors-r1,visual_dominant,arrays_vectors,2,0,4150365637679857595,2026-10-01T05:41:59.139+00:00,completed,epsilon,True,True,True,True,,30.517511,52.627148001192836,51.152363997971406,1,52,0.43381851226804835,0.01937409442026694,138.2900220056442,,diagram,1-0-2-0-1-1-1-2,0.4531926066883153,True,1,batch,True,cognitive,20,1,swarm
oe3-ofat-pilot-v2,oe3,swarm|batch|bc1|h1|cognitive|r1|N20|c1,syn-visual_dominant-arrays_vectors-r2,visual_dominant,arrays_vectors,2,0,9121830484626340551,2026-10-01T05:41:59.192+00:00,completed,epsilon,True,True,True,True,,32.731617,38.46021099889185,37.08543399989139,1,54,0.4939594688494195,0.027875012652007147,146.3336870014149,,diagram,1-1-2-1-1-1-1-1,0.5218344815014266,True,1,batch,True,cognitive,20,1,swarm
oe3-ofat-pilot-v2,oe3,swarm|batch|bc1|h1|cognitive|r1|N20|c1,syn-visual_dominant-arrays_vectors-r3,visual_dominant,arrays_vectors,2,0,8306973448203974922,2026-10-01T05:41:59.231+00:00,completed,epsilon,True,True,True,True,,35.369158,41.430676999880234,39.79989000072237,1,58,0.5104383568030326,0.017498999281390648,195.55532399689108,,diagram,0-1-2-1-1-1-0-1,0.5279373560844233,True,1,batch,True,cognitive,20,1,swarm
oe3-ofat-pilot-v2,oe3,swarm|batch|bc1|h1|cognitive|r1|N20|c1,syn-visual_dominant-arrays_vectors-r4,visual_dominant,arrays_vectors,2,0,6090714346369449132,2026-10-01T05:41:59.272+00:00,completed,epsilon,True,True,True,True,,31.411153,37.68438500264892,36.25933600051212,1,55,0.48288447505901916,0.014696718078363646,157.45686600052437,,diagram,1-1-2-1-1-1-0-1,0.4975811931373828,True,1,batch,True,cognitive,20,1,swarm
oe3-ofat-pilot-v2,oe3,swarm|batch|bc1|h1|cognitive|r1|N20|c1,syn-visual_dominant-functions-r0,visual_dominant,functions,2,0,1938275832337831069,2026-10-01T05:41:59.310+00:00,completed,epsilon,True,True,True,True,,31.576302,37.64394999961951,36.14746899984311,1,53,0.47770576352191013,0.02008255859137359,145.20596801389698,,diagram,1-1-2-1-1-1-0-1,0.4977883221132837,True,1,batch,True,cognitive,20,1,swarm
oe3-ofat-pilot-v2,oe3,swarm|batch|bc1|h1|cognitive|r1|N20|c1,syn-visual_dominant-functions-r1,visual_dominant,functions,2,0,18320065843555622638,2026-10-01T05:41:59.347+00:00,completed,epsilon,True,True,True,True,,31.112335,37.35952499846462,35.92776300138212,1,54,0.4740233528279633,0.027875012652007147,148.1805520041073,,code,2-1-2-1-1-1-0-1,0.5018983654799705,True,1,batch,True,cognitive,20,1,swarm
oe3-ofat-pilot-v2,oe3,swarm|batch|bc1|h1|cognitive|r1|N20|c1,syn-visual_dominant-functions-r2,visual_dominant,functions,2,0,2018128801505319285,2026-10-01T05:41:59.385+00:00,completed,epsilon,True,True,True,True,,31.787022,39.9015929979214,38.43787400182919,1,53,0.4468222568482579,0.024553950275549574,160.26497502057262,,diagram,1-2-2-1-1-0-1-2,0.47137620712380746,True,1,batch,True,cognitive,20,1,swarm
oe3-ofat-pilot-v2,oe3,swarm|batch|bc1|h1|cognitive|r1|N20|c1,syn-visual_dominant-functions-r3,visual_dominant,functions,2,0,11458603809094557690,2026-10-01T05:41:59.425+00:00,completed,epsilon,True,True,True,True,,34.985177,41.47433900288888,39.963972001714865,1,53,0.4525600963951378,0.027875012652007147,159.0312450177355,,diagram,1-1-2-1-0-1-1-1,0.4804351090471449,True,1,batch,True,cognitive,20,1,swarm
oe3-ofat-pilot-v2,oe3,swarm|batch|bc1|h1|cognitive|r1|N20|c1,syn-visual_dominant-functions-r4,visual_dominant,functions,2,0,3571204151565300957,2026-10-01T05:41:59.466+00:00,completed,epsilon,True,True,True,True,,30.799221,36.45278699696064,35.08633199817268,1,53,0.48087713663369275,0.021751306012075478,148.17499400723028,,code,2-1-2-1-0-1-1-1,0.5026284426457682,True,1,batch,True,cognitive,20,1,swarm
oe3-ofat-pilot-v2,oe3,swarm|batch|bc1|h1|cognitive|r1|N20|c1,syn-logical_syntactic-sequential-r0,logical_syntactic,sequential,2,0,6703238505377356793,2026-10-01T05:41:59.503+00:00,completed,epsilon,True,True,True,True,,33.936578,39.3473689982784,37.98732599898358,1,50,0.4761348237523099,0.02008255859137359,131.41675299786746,,code,2-1-1-1-0-1-0-1,0.4962173823436835,True,1,batch,True,cognitive,20,1,swarm
oe3-ofat-pilot-v2,oe3,swarm|batch|bc1|h1|cognitive|r1|N20|c1,syn-logical_syntactic-sequential-r1,logical_syntactic,sequential,2,0,2732344214726962996,2026-10-01T05:41:59.542+00:00,completed,epsilon,True,True,True,True,,33.710868,39.341556999715976,37.89803400286473,1,52,0.4536266927435712,0.028919669075050003,146.6503350040893,,code,2-1-1-1-0-1-0-1,0.4825463618186212,True,1,batch,True,cognitive,20,1,swarm
oe3-ofat-pilot-v2,oe3,swarm|batch|bc1|h1|cognitive|r1|N20|c1,syn-logical_syntactic-sequential-r2,logical_syntactic,sequential,2,0,9866697793834971187,2026-10-01T05:41:59.581+00:00,completed,epsilon,True,True,True,True,,29.566424,35.517328997229924,33.879706999869086,1,47,0.5052479809084092,0.0034158919247069264,110.71927599407891,,code,2-1-0-1-1-1-1-1,0.5086638728331161,True,1,batch,True,cognitive,20,1,swarm
oe3-ofat-pilot-v2,oe3,swarm|batch|bc1|h1|cognitive|r1|N20|c1,syn-logical_syntactic-sequential-r3,logical_syntactic,sequential,2,0,10397115182704620962,2026-10-01T05:41:59.617+00:00,completed,epsilon,True,True,True,True,,31.854167,39.89307899973937,38.37179699985427,1,56,0.47454039043400664,1.9637715242826204e-07,163.14151500177496,,code,2-0-1-1-1-1-0-1,0.47454058681115907,True,1,batch,True,cognitive,20,1,swarm
oe3-ofat-pilot-v2,oe3,swarm|batch|bc1|h1|cognitive|r1|N20|c1,syn-logical_syntactic-sequential-r4,logical_syntactic,sequential,2,0,15306839444144451490,2026-10-01T05:41:59.657+00:00,completed,epsilon,True,True,True,True,,34.096361,42.60764900027425,40.95194700130378,1,57,0.46851277035985733,0.027875012652007147,180.0500119949233,,code,2-1-1-1-1-1-0-1,0.4963877830118645,True,1,batch,True,cognitive,20,1,swarm
oe3-ofat-pilot-v2,oe3,swarm|batch|bc1|h1|cognitive|r1|N20|c1,syn-logical_syntactic-conditional-r0,logical_syntactic,conditional,2,0,12735488349665473455,2026-10-01T05:41:59.699+00:00,completed,epsilon,True,True,True,True,,34.955608,40.82964999906835,39.3267969993758,1,58,0.4552124341978106,0.0036547194033032526,168.2098290056547,,code,2-1-1-1-0-1-0-1,0.45886715360111385,True,1,batch,True,cognitive,20,1,swarm
oe3-ofat-pilot-v2,oe3,swarm|batch|bc1|h1|cognitive|r1|N20|c1,syn-logical_syntactic-conditional-r1,logical_syntactic,conditional,2,0,11399479585009898413,2026-10-01T05:41:59.740+00:00,completed,epsilon,True,True,True,True,,32.148948,39.536115000373684,36.88420800244785,1,55,0.39881321868171854,0.053011339286400394,155.64038300066562,,code,2-1-0-1-0-1-0-1,0.45182455796811893,True,1,batch,True,cognitive,20,1,swarm
oe3-ofat-pilot-v2,oe3,swarm|batch|bc1|h1|cognitive|r1|N20|c1,syn-logical_syntactic-conditional-r2,logical_syntactic,conditional,2,0,3681324614498174940,2026-10-01T05:41:59.780+00:00,completed,epsilon,True,True,True,True,,30.125929,37.392046997410944,36.16425400105072,1,45,0.4631068467146388,0.0036547194033032526,104.05490600347426,,code,2-1-1-1-0-1-1-1,0.46676156611794206,True,1,batch,True,cognitive,20,1,swarm
oe3-ofat-pilot-v2,oe3,swarm|batch|bc1|h1|cognitive|r1|N20|c1,syn-logical_syntactic-conditional-r3,logical_syntactic,conditional,2,0,1495775939040843714,2026-10-01T05:41:59.817+00:00,completed,epsilon,True,True,True,True,,32.014767,37.85422799774096,36.464550998061895,1,51,0.4614734643861827,0.007792650437786042,152.1912850013663,,code,2-1-1-1-0-1-0-1,0.46926611482396874,True,1,batch,True,cognitive,20,1,swarm
oe3-ofat-pilot-v2,oe3,swarm|batch|bc1|h1|cognitive|r1|N20|c1,syn-logical_syntactic-conditional-r4,logical_syntactic,conditional,2,0,11016568118539380630,2026-10-01T05:41:59.855+00:00,completed,epsilon,True,True,True,True,,33.409576,38.97026200138498,37.52611299933051,1,50,0.4839345737065493,0.0036547194033032526,153.94168300304628,,code,2-1-1-1-1-1-1-1,0.48758929310985255,True,1,batch,True,cognitive,20,1,swarm
oe3-ofat-pilot-v2,oe3,swarm|batch|bc1|h1|cognitive|r1|N20|c1,syn-logical_syntactic-repetitive-r0,logical_syntactic,repetitive,2,0,8669339458277283579,2026-10-01T05:41:59.894+00:00,completed,epsilon,True,True,True,True,,33.067894,38.95653099971241,37.57100400252966,1,50,0.45068774937313677,0.02008255859137359,127.41802099934391,,code,2-1-2-1-0-1-1-1,0.47077030796451036,True,1,batch,True,cognitive,20,1,swarm
oe3-ofat-pilot-v2,oe3,swarm|batch|bc1|h1|cognitive|r1|N20|c1,syn-logical_syntactic-repetitive-r1,logical_syntactic,repetitive,2,0,7087564763739291896,2026-10-01T05:41:59.933+00:00,completed,epsilon,True,True,True,True,,33.095226,39.06895600084681,37.5860450003529,1,48,0.46854772531455674,0.02008255859137359,124.40545800706992,,code,2-1-1-1-0-1-0-1,0.48863028390593033,True,1,batch,True,cognitive,20,1,swarm
oe3-ofat-pilot-v2,oe3,swarm|batch|bc1|h1|cognitive|r1|N20|c1,syn-logical_syntactic-repetitive-r2,logical_syntactic,repetitive,2,0,17774420465350218166,2026-10-01T05:41:59.972+00:00,completed,epsilon,True,True,True,True,,37.348209,43.16963399833185,41.74191299898666,1,48,0.4877402100553258,0.020949171432128322,124.3015500063724,,code,2-1-0-1-1-1-1-1,0.5086893814874541,True,1,batch,True,cognitive,20,1,swarm
oe3-ofat-pilot-v2,oe3,swarm|batch|bc1|h1|cognitive|r1|N20|c1,syn-logical_syntactic-repetitive-r3,logical_syntactic,repetitive,2,0,11177538339330417699,2026-10-01T05:42:00.015+00:00,completed,epsilon,True,True,True,True,,34.93383,41.42853400117019,39.79551800148329,1,59,0.46021247378566027,0.021955674826570182,172.15970900934482,,code,2-1-0-1-1-1-0-1,0.48216814861223045,True,1,batch,True,cognitive,20,1,swarm
oe3-ofat-pilot-v2,oe3,swarm|batch|bc1|h1|cognitive|r1|N20|c1,syn-logical_syntactic-repetitive-r4,logical_syntactic,repetitive,2,0,5975297501444787526,2026-10-01T05:42:00.057+00:00,completed,epsilon,True,True,True,True,,31.057026,37.15119500338915,35.66582100029336,1,51,0.40803280235144407,0.03636575608474929,134.32154800847687,,code,2-1-1-1-1-1-0-1,0.44439855843619336,True,1,batch,True,cognitive,20,1,swarm
oe3-ofat-pilot-v2,oe3,swarm|batch|bc1|h1|cognitive|r1|N20|c1,syn-logical_syntactic-arrays_vectors-r0,logical_syntactic,arrays_vectors,2,0,12465654442624101670,2026-10-01T05:42:00.094+00:00,completed,epsilon,True,True,True,True,,30.596638,36.44601699852501,34.96793999875081,1,54,0.4778259832526858,0.027875012652007147,152.05279699811763,,code,2-1-1-1-0-1-1-1,0.505700995904693,True,1,batch,True,cognitive,20,1,swarm
oe3-ofat-pilot-v2,oe3,swarm|batch|bc1|h1|cognitive|r1|N20|c1,syn-logical_syntactic-arrays_vectors-r1,logical_syntactic,arrays_vectors,2,0,686629181118521670,2026-10-01T05:42:00.130+00:00,completed,epsilon,True,True,True,True,,30.151187,50.96974499974749,49.48954700012109,1,46,0.46137282730487655,0.02267190220698928,110.20381499540744,,code,2-1-1-2-1-0-0-1,0.48404472951186583,True,1,batch,True,cognitive,20,1,swarm
oe3-ofat-pilot-v2,oe3,swarm|batch|bc1|h1|cognitive|r1|N20|c1,syn-logical_syntactic-arrays_vectors-r2,logical_syntactic,arrays_vectors,2,0,16460370737839111721,2026-10-01T05:42:00.181+00:00,completed,epsilon,True,True,True,True,,32.006661,38.15755100004026,36.58467199784354,1,56,0.49083069767651405,0.027875012652007147,161.3265169934204,,code,2-1-1-1-0-1-0-1,0.5187057103285212,True,1,batch,True,cognitive,20,1,swarm
oe3-ofat-pilot-v2,oe3,swarm|batch|bc1|h1|cognitive|r1|N20|c1,syn-logical_syntactic-arrays_vectors-r3,logical_syntactic,arrays_vectors,2,0,4892650009174421881,2026-10-01T05:42:00.219+00:00,completed,epsilon,True,True,True,True,,33.068889,38.86385300211259,37.397185998997884,1,49,0.510410675757111,0.017498999281390648,128.40700400248693,,code,2-1-1-1-1-1-1-1,0.5279096750385016,True,1,batch,True,cognitive,20,1,swarm
oe3-ofat-pilot-v2,oe3,swarm|batch|bc1|h1|cognitive|r1|N20|c1,syn-logical_syntactic-arrays_vectors-r4,logical_syntactic,arrays_vectors,2,0,2417416973143296410,2026-10-01T05:42:00.258+00:00,completed,epsilon,True,True,True,True,,26.450287,34.86234899901319,33.4268839978904,1,45,0.45133562819272427,0.015751877065715292,100.98375799605589,,code,2-1-1-1-0-1-1-0,0.46708750525843956,True,1,batch,True,cognitive,20,1,swarm
oe3-ofat-pilot-v2,oe3,swarm|batch|bc1|h1|cognitive|r1|N20|c1,syn-logical_syntactic-functions-r0,logical_syntactic,functions,2,0,15429747080000417372,2026-10-01T05:42:00.293+00:00,completed,epsilon,True,True,True,True,,30.828581,38.925237000512425,37.44071300025098,1,54,0.515574695902924,1.9637715242826204e-07,152.97852099960056,,code,2-0-1-1-1-0-0-1,0.5155748922800765,True,1,batch,True,cognitive,20,1,swarm
oe3-ofat-pilot-v2,oe3,swarm|batch|bc1|h1|cognitive|r1|N20|c1,syn-logical_syntactic-functions-r1,logical_syntactic,functions,2,0,294230652380773904,2026-10-01T05:42:00.332+00:00,completed,epsilon,True,True,True,True,,31.25083,37.46687999955611,35.985618000268005,1,53,0.46736007228031345,0.027875012652007147,151.27194598989294,,code,2-1-1-1-1-1-0-1,0.4952350849323206,True,1,batch,True,cognitive,20,1,swarm
oe3-ofat-pilot-v2,oe3,swarm|batch|bc1|h1|cognitive|r1|N20|c1,syn-logical_syntactic-functions-r2,logical_syntactic,functions,2,0,13615402844050324778,2026-10-01T05:42:00.370+00:00,completed,epsilon,True,True,True,True,,49.888176,60.22519799807924,58.6889810001594,1,49,0.4904149498771815,0.007792454060633558,159.1693500105784,,code,2-0-0-0-1-1-1-1,0.49820740393781504,True,1,batch,True,cognitive,20,1,swarm
oe3-ofat-pilot-v2,oe3,swarm|batch|bc1|h1|cognitive|r1|N20|c1,syn-logical_syntactic-functions-r3,logical_syntactic,functions,2,0,2628094489362841849,2026-10-01T05:42:00.430+00:00,completed,epsilon,True,True,True,True,,30.103377,36.14753799774917,34.65179499835358,1,56,0.46627757409622445,0.02008255859137359,156.94076498701335,,code,2-1-1-1-1-1-0-1,0.48636013268759803,True,1,batch,True,cognitive,20,1,swarm
oe3-ofat-pilot-v2,oe3,swarm|batch|bc1|h1|cognitive|r1|N20|c1,syn-logical_syntactic-functions-r4,logical_syntactic,functions,2,0,2404872287879725645,2026-10-01T05:42:00.466+00:00,completed,epsilon,True,True,True,True,,32.340075,45.69068000273546,44.18774399891845,1,50,0.4196606553868315,0.03639046682839864,131.3516759835251,,code,2-2-0-2-0-1-1-2,0.45605112221523014,True,1,batch,True,cognitive,20,1,swarm
oe3-ofat-pilot-v2,oe3,swarm|batch|bc1|h1|cognitive|r1|N20|c1,syn-explanatory_conceptual-sequential-r0,explanatory_conceptual,sequential,2,0,14486601001991957285,2026-10-01T05:42:00.512+00:00,completed,epsilon,True,True,True,True,,36.437391,46.12842500137049,44.461145997047424,1,61,0.44631792747979865,0.021137717578725346,204.71045501787472,,text,0-1-1-1-2-0-0-0,0.467455645058524,True,1,batch,True,cognitive,20,1,swarm
oe3-ofat-pilot-v2,oe3,swarm|batch|bc1|h1|cognitive|r1|N20|c1,syn-explanatory_conceptual-sequential-r1,explanatory_conceptual,sequential,2,0,7259571591719946957,2026-10-01T05:42:00.558+00:00,completed,epsilon,True,True,True,True,,35.452683,41.49196800062782,39.950774000317324,1,56,0.45267043074923324,0.006749225258040281,157.71023699056278,,text,0-1-0-1-2-1-0-1,0.4594196560072735,True,1,batch,True,cognitive,20,1,swarm
oe3-ofat-pilot-v2,oe3,swarm|batch|bc1|h1|cognitive|r1|N20|c1,syn-explanatory_conceptual-sequential-r2,explanatory_conceptual,sequential,2,0,4560824736483476529,2026-10-01T05:42:00.599+00:00,completed,epsilon,True,True,True,True,,33.175266,41.50176700204611,39.76702400177601,1,59,0.4183130550531799,0.044361071253551876,195.41629398521752,,text,0-1-1-1-2-1-0-1,0.46267412630673177,True,1,batch,True,cognitive,20,1,swarm
oe3-ofat-pilot-v2,oe3,swarm|batch|bc1|h1|cognitive|r1|N20|c1,syn-explanatory_conceptual-sequential-r3,explanatory_conceptual,sequential,2,0,9930174057851836806,2026-10-01T05:42:00.641+00:00,completed,epsilon,True,True,True,True,,30.28875,40.49888900044607,38.89894600069965,1,54,0.4139310063261399,0.03504576064958076,161.64150699708296,,text,1-0-1-2-2-1-2-2,0.44897676697572064,True,1,batch,True,cognitive,20,1,swarm
oe3-ofat-pilot-v2,oe3,swarm|batch|bc1|h1|cognitive|r1|N20|c1,syn-explanatory_conceptual-sequential-r4,explanatory_conceptual,sequential,2,0,9320799391319476761,2026-10-01T05:42:00.681+00:00,completed,epsilon,True,True,True,True,,33.475391,43.125737000082154,41.6022779972991,1,54,0.4549518629473134,0.011551136993666722,154.47319198763344,,text,1-1-1-2-2-0-1-2,0.4665029999409801,True,1,batch,True,cognitive,20,1,swarm
oe3-ofat-pilot-v2,oe3,swarm|batch|bc1|h1|cognitive|r1|N20|c1,syn-explanatory_conceptual-conditional-r0,explanatory_conceptual,conditional,2,0,1472434634288188504,2026-10-01T05:42:00.725+00:00,completed,epsilon,True,True,True,True,,31.84049,37.906408000708325,36.319212998932926,1,59,0.487737317609176,0.007792650437786042,174.92521101344468,,code,2-1-1-1-2-1-1-1,0.49552996804696203,True,1,batch,True,cognitive,20,1,swarm
oe3-ofat-pilot-v2,oe3,swarm|batch|bc1|h1|cognitive|r1|N20|c1,syn-explanatory_conceptual-conditional-r1,explanatory_conceptual,conditional,2,0,9456364817232365643,2026-10-01T05:42:00.762+00:00,completed,epsilon,True,True,True,True,,33.773221,39.467107999371365,38.043230000766926,1,52,0.47067470808060424,0.008189130254890153,137.10013298545735,,text,1-1-0-1-2-1-1-1,0.4788638383354944,True,1,batch,True,cognitive,20,1,swarm
oe3-ofat-pilot-v2,oe3,swarm|batch|bc1|h1|cognitive|r1|N20|c1,syn-explanatory_conceptual-conditional-r2,explanatory_conceptual,conditional,2,0,5881994369337550437,2026-10-01T05:42:00.802+00:00,completed,epsilon,True,True,True,True,,33.733764,39.78271700179903,38.27019899836159,1,59,0.4825120796519577,0.007792650437786042,192.79290999953375,,diagram,1-1-2-1-2-1-1-1,0.49030473008974373,True,1,batch,True,cognitive,20,1,swarm
oe3-ofat-pilot-v2,oe3,swarm|batch|bc1|h1|cognitive|r1|N20|c1,syn-explanatory_conceptual-conditional-r3,explanatory_conceptual,conditional,2,0,8435174638097405506,2026-10-01T05:42:00.842+00:00,completed,epsilon,True,True,True,True,,33.010965,38.9475730007689,37.51095199913834,1,52,0.40097835467564585,0.03364007004930275,157.30585497738116,,text,0-1-0-1-2-1-0-1,0.4346184247249486,True,1,batch,True,cognitive,20,1,swarm
oe3-ofat-pilot-v2,oe3,swarm|batch|bc1|h1|cognitive|r1|N20|c1,syn-explanatory_conceptual-conditional-r4,explanatory_conceptual,conditional,2,0,16811290955777993261,2026-10-01T05:42:00.881+00:00,completed,epsilon,True,True,True,True,,32.559404,38.30720999758341,36.7516459991748,1,53,0.42866826736038904,0.036467833807411865,143.19709098926796,,text,0-1-1-1-2-1-0-1,0.4651361011678009,True,1,batch,True,cognitive,20,1,swarm
oe3-ofat-pilot-v2,oe3,swarm|batch|bc1|h1|cognitive|r1|N20|c1,syn-explanatory_conceptual-repetitive-r0,explanatory_conceptual,repetitive,2,0,16651396803649518729,2026-10-01T05:42:00.919+00:00,completed,epsilon,True,True,True,True,,36.118185,42.2015209987876,40.64601199934259,1,53,0.43547017695048224,0.030711075187125847,146.4817989878119,,text,0-1-1-1-2-1-0-1,0.4661812521376081,True,1,batch,True,cognitive,20,1,swarm
oe3-ofat-pilot-v2,oe3,swarm|batch|bc1|h1|cognitive|r1|N20|c1,syn-explanatory_conceptual-repetitive-r1,explanatory_conceptual,repetitive,2,0,11245067322156158965,2026-10-01T05:42:00.961+00:00,completed,epsilon,True,True,True,True,,36.698969,43.00751999835484,41.41138799968758,1,56,0.5040462254697404,0.02149467111298331,163.97564100818337,,text,1-1-0-1-2-1-1-1,0.5255408965827237,True,1,batch,True,cognitive,20,1,swarm
oe3-ofat-pilot-v2,oe3,swarm|batch|bc1|h1|cognitive|r1|N20|c1,syn-explanatory_conceptual-repetitive-r2,explanatory_conceptual,repetitive,2,0,1941751807694570845,2026-10-01T05:42:01.004+00:00,completed,epsilon,True,True,True,True,,32.269324,38.19439699873328,36.6371230011282,1,53,0.4707990919315041,0.021881510427353146,151.90528299473107,,text,1-1-1-1-2-1-1-1,0.49268060235885724,True,1,batch,True,cognitive,20,1,swarm
oe3-ofat-pilot-v2,oe3,swarm|batch|bc1|h1|cognitive|r1|N20|c1,syn-explanatory_conceptual-repetitive-r3,explanatory_conceptual,repetitive,2,0,7312862892071760212,2026-10-01T05:42:01.042+00:00,completed,epsilon,True,True,True,True,,26.330794,31.783679998625303,30.465556999843102,1,47,0.46760140454444094,0.02008255859137359,110.00055799612892,,code,2-1-1-1-2-1-1-1,0.4876839631358145,True,1,batch,True,cognitive,20,1,swarm
oe3-ofat-pilot-v2,oe3,swarm|batch|bc1|h1|cognitive|r1|N20|c1,syn-explanatory_conceptual-repetitive-r4,explanatory_conceptual,repetitive,2,0,11178940480046766617,2026-10-01T05:42:01.074+00:00,completed,epsilon,True,True,True,True,,33.993039,39.745399000821635,38.08887900231639,1,55,0.45405216601876935,0.02008255859137359,172.84204199699943,,text,1-1-0-1-2-1-1-1,0.47413472461014294,True,1,batch,True,cognitive,20,1,swarm
oe3-ofat-pilot-v2,oe3,swarm|batch|bc1|h1|cognitive|r1|N20|c1,syn-explanatory_conceptual-arrays_vectors-r0,explanatory_conceptual,arrays_vectors,2,0,3176049071516707528,2026-10-01T05:42:01.114+00:00,completed,epsilon,True,True,True,True,,27.99351,33.930400997633114,32.52625399909448,1,48,0.49778085910851905,0.027875012652007147,111.15305000302615,,text,1-1-1-1-2-1-0-1,0.5256558717605262,True,1,batch,True,cognitive,20,1,swarm
oe3-ofat-pilot-v2,oe3,swarm|batch|bc1|h1|cognitive|r1|N20|c1,syn-explanatory_conceptual-arrays_vectors-r1,explanatory_conceptual,arrays_vectors,2,0,11472989949711724537,2026-10-01T05:42:01.148+00:00,completed,epsilon,True,True,True,True,,32.171117,38.325527999404585,36.64769200258888,1,55,0.4615647597787113,0.028694684783154678,162.59951700300755,,text,0-1-0-1-2-1-1-1,0.490259444561866,True,1,batch,True,cognitive,20,1,swarm
oe3-ofat-pilot-v2,oe3,swarm|batch|bc1|h1|cognitive|r1|N20|c1,syn-explanatory_conceptual-arrays_vectors-r2,explanatory_conceptual,arrays_vectors,2,0,10382386641063741548,2026-10-01T05:42:01.186+00:00,completed,epsilon,True,True,True,True,,28.976158,34.75845700086211,33.394203001080314,1,47,0.5002467392530876,0.027875012652007203,109.24399399883941,,diagram,0-1-2-1-2-1-1-1,0.5281217519050948,True,1,batch,True,cognitive,20,1,swarm
oe3-ofat-pilot-v2,oe3,swarm|batch|bc1|h1|cognitive|r1|N20|c1,syn-explanatory_conceptual-arrays_vectors-r3,explanatory_conceptual,arrays_vectors,2,0,2259169429594963540,2026-10-01T05:42:01.221+00:00,completed,epsilon,True,True,True,True,,31.729812,37.16972700203769,35.70605099957902,1,54,0.4899428394838256,0.017498999281390593,155.90825400857122,,text,0-1-1-1-2-1-0-1,0.5074418387652162,True,1,batch,True,cognitive,20,1,swarm
oe3-ofat-pilot-v2,oe3,swarm|batch|bc1|h1|cognitive|r1|N20|c1,syn-explanatory_conceptual-arrays_vectors-r4,explanatory_conceptual,arrays_vectors,2,0,16509041288914301223,2026-10-01T05:42:01.258+00:00,completed,epsilon,True,True,True,True,,29.832502,35.50006099976599,33.98949699840159,1,53,0.5030915276840568,0.014696718078363591,146.09524199361843,,text,1-1-1-1-2-1-1-1,0.5177882457624204,True,1,batch,True,cognitive,20,1,swarm
oe3-ofat-pilot-v2,oe3,swarm|batch|bc1|h1|cognitive|r1|N20|c1,syn-explanatory_conceptual-functions-r0,explanatory_conceptual,functions,2,0,17531483786064496240,2026-10-01T05:42:01.294+00:00,completed,epsilon,True,True,True,True,,29.415145,35.91816199696041,34.49256800013245,1,47,0.4828700707882993,0.027875012652007147,107.00818699605114,,text,1-1-1-1-2-1-1-1,0.5107450834403064,True,1,batch,True,cognitive,20,1,swarm
oe3-ofat-pilot-v2,oe3,swarm|batch|bc1|h1|cognitive|r1|N20|c1,syn-explanatory_conceptual-functions-r1,explanatory_conceptual,functions,2,0,2918462925200927164,2026-10-01T05:42:01.330+00:00,completed,epsilon,True,True,True,True,,32.227971,44.747371997800656,43.21049599820981,1,53,0.49084315697603087,0.02257935866073235,142.02712001040132,,code,2-2-1-2-2-0-1-1,0.5134225156367632,True,1,batch,True,cognitive,20,1,swarm
oe3-ofat-pilot-v2,oe3,swarm|batch|bc1|h1|cognitive|r1|N20|c1,syn-explanatory_conceptual-functions-r2,explanatory_conceptual,functions,2,0,10502451655373640013,2026-10-01T05:42:01.374+00:00,completed,epsilon,True,True,True,True,,30.530671,51.87202399974922,50.26893300237134,1,55,0.47783012837285344,0.008378946700049683,156.44148899019052,,text,1-0-1-1-2-1-1-2,0.4862090750729031,True,1,batch,True,cognitive,20,1,swarm
oe3-ofat-pilot-v2,oe3,swarm|batch|bc1|h1|cognitive|r1|N20|c1,syn-explanatory_conceptual-functions-r3,explanatory_conceptual,functions,2,0,9101098485372157783,2026-10-01T05:42:01.426+00:00,completed,epsilon,True,True,True,True,,33.476007,39.54930100007914,38.06284200254595,1,54,0.4776949131384411,0.027875012652007147,166.15970297681835,,text,1-1-1-1-2-1-1-1,0.5055699257904482,True,1,batch,True,cognitive,20,1,swarm
oe3-ofat-pilot-v2,oe3,swarm|batch|bc1|h1|cognitive|r1|N20|c1,syn-explanatory_conceptual-functions-r4,explanatory_conceptual,functions,2,0,2282946250972105915,2026-10-01T05:42:01.466+00:00,completed,epsilon,True,True,True,True,,34.617599,41.72936900067725,40.228908001154196,1,59,0.47706822167864393,0.022632209340937015,203.1221939759901,,text,1-0-0-0-2-0-1-1,0.49970043101958095,True,1,batch,True,cognitive,20,1,swarm
oe3-ofat-pilot-v2,oe3,swarm|batch|bc1|h1|cognitive|r1|N20|c1,syn-balanced_multimodal-sequential-r0,balanced_multimodal,sequential,2,0,8447297626789157734,2026-10-01T05:42:01.508+00:00,completed,epsilon,True,True,True,True,,28.40913,49.21230999752879,47.688829003163846,1,45,0.46961240877079863,0.025252708731636597,114.1544529864396,,diagram,1-2-2-0-1-1-1-1,0.4948651175024352,True,1,batch,True,cognitive,20,1,swarm
oe3-ofat-pilot-v2,oe3,swarm|batch|bc1|h1|cognitive|r1|N20|c1,syn-balanced_multimodal-sequential-r1,balanced_multimodal,sequential,2,0,14002032390557949515,2026-10-01T05:42:01.557+00:00,completed,epsilon,True,True,True,True,,33.764521,40.42807400037418,38.67208299925551,1,59,0.46254329609296624,0.023319774530693393,194.2925169908205,,diagram,1-1-2-1-1-1-1-1,0.48586307062365963,True,1,batch,True,cognitive,20,1,swarm
oe3-ofat-pilot-v2,oe3,swarm|batch|bc1|h1|cognitive|r1|N20|c1,syn-balanced_multimodal-sequential-r2,balanced_multimodal,sequential,2,0,7504185198732801890,2026-10-01T05:42:01.597+00:00,completed,epsilon,True,True,True,True,,33.222723,39.27103299793089,37.66029599864851,1,57,0.4994689164392216,0.02008255859137359,184.72202798970093,,code,2-1-1-1-1-1-1-1,0.5195514750305952,True,1,batch,True,cognitive,20,1,swarm
oe3-ofat-pilot-v2,oe3,swarm|batch|bc1|h1|cognitive|r1|N20|c1,syn-balanced_multimodal-sequential-r3,balanced_multimodal,sequential,2,0,5533078066589847335,2026-10-01T05:42:01.637+00:00,completed,epsilon,True,True,True,True,,34.415416,40.12600799978827,38.669614998070756,1,54,0.4813460564414294,0.02424922525804024,163.7377220077763,,text,1-1-1-1-2-1-1-1,0.5055952816994697,True,1,batch,True,cognitive,20,1,swarm
oe3-ofat-pilot-v2,oe3,swarm|batch|bc1|h1|cognitive|r1|N20|c1,syn-balanced_multimodal-sequential-r4,balanced_multimodal,sequential,2,0,14835646452101714281,2026-10-01T05:42:01.677+00:00,completed,epsilon,True,True,True,True,,32.815238,38.63305599952582,37.1527649986092,1,54,0.4831680338827303,0.02326354576638584,156.51128800574458,,code,2-1-2-1-2-1-1-1,0.5064315796491161,True,1,batch,True,cognitive,20,1,swarm
oe3-ofat-pilot-v2,oe3,swarm|batch|bc1|h1|cognitive|r1|N20|c1,syn-balanced_multimodal-conditional-r0,balanced_multimodal,conditional,2,0,18123689100739274857,2026-10-01T05:42:01.715+00:00,completed,epsilon,True,True,True,True,,34.372045,40.09117100213189,38.51693100295961,1,56,0.48780502665661635,0.0036547194033032526,166.36039299482545,,code,2-1-1-1-1-1-1-1,0.4914597460599196,True,1,batch,True,cognitive,20,1,swarm
oe3-ofat-pilot-v2,oe3,swarm|batch|bc1|h1|cognitive|r1|N20|c1,syn-balanced_multimodal-conditional-r1,balanced_multimodal,conditional,2,0,8620693703250771292,2026-10-01T05:42:01.755+00:00,completed,epsilon,True,True,True,True,,33.33756,42.60258999784128,41.13721300018369,1,54,0.49880918771194765,3.436600168327253e-07,153.12667800771965,,code,1-1-1-2-1-0-1-1,0.4988095313719645,True,1,batch,True,cognitive,20,1,swarm
oe3-ofat-pilot-v2,oe3,swarm|batch|bc1|h1|cognitive|r1|N20|c1,syn-balanced_multimodal-conditional-r2,balanced_multimodal,conditional,2,0,4177528802721280060,2026-10-01T05:42:01.798+00:00,completed,epsilon,True,True,True,True,,30.449166,40.13568400114309,38.66461800134857,1,52,0.495726416987283,0.0036548666861676016,132.08964700604318,,code,1-1-1-2-1-1-1-1,0.4993812836734506,True,1,batch,True,cognitive,20,1,swarm
oe3-ofat-pilot-v2,oe3,swarm|batch|bc1|h1|cognitive|r1|N20|c1,syn-balanced_multimodal-conditional-r3,balanced_multimodal,conditional,2,0,6004589078447390537,2026-10-01T05:42:01.838+00:00,completed,epsilon,True,True,True,True,,31.031975,40.261699999973644,38.66367799855652,1,52,0.46374218302240794,0.007792797720650391,142.76482398961667,,text,1-1-1-2-2-1-1-1,0.47153498074305833,True,1,batch,True,cognitive,20,1,swarm
oe3-ofat-pilot-v2,oe3,swarm|batch|bc1|h1|cognitive|r1|N20|c1,syn-balanced_multimodal-conditional-r4,balanced_multimodal,conditional,2,0,15390802926142810456,2026-10-01T05:42:01.878+00:00,completed,epsilon,True,True,True,True,,35.438207,41.49912499997299,40.05946599863819,1,54,0.49335718275037993,0.0036547194033032526,157.06621500448043,,code,2-1-1-1-2-1-2-1,0.4970119021536832,True,1,batch,True,cognitive,20,1,swarm
oe3-ofat-pilot-v2,oe3,swarm|batch|bc1|h1|cognitive|r1|N20|c1,syn-balanced_multimodal-repetitive-r0,balanced_multimodal,repetitive,2,0,1346203531563287096,2026-10-01T05:42:01.920+00:00,completed,epsilon,True,True,True,True,,35.348636,41.03897999812034,39.54787000111537,1,54,0.5383161833171735,0.020082558591373534,156.36297899703743,,code,2-1-1-1-1-1-2-1,0.558398741908547,True,1,batch,True,cognitive,20,1,swarm
oe3-ofat-pilot-v2,oe3,swarm|batch|bc1|h1|cognitive|r1|N20|c1,syn-balanced_multimodal-repetitive-r1,balanced_multimodal,repetitive,2,0,15966608529395865366,2026-10-01T05:42:01.961+00:00,completed,epsilon,True,True,True,True,,31.271169,37.29929299879586,35.91641299863113,1,48,0.5099655888622538,0.020082558591373645,120.46165699153144,,code,2-1-2-1-2-1-1-1,0.5300481474536275,True,1,batch,True,cognitive,20,1,swarm
oe3-ofat-pilot-v2,oe3,swarm|batch|bc1|h1|cognitive|r1|N20|c1,syn-balanced_multimodal-repetitive-r2,balanced_multimodal,repetitive,2,0,12952745568191493432,2026-10-01T05:42:01.998+00:00,completed,epsilon,True,True,True,True,,31.275258,37.40276499956963,35.947357002442004,1,55,0.48695008664679024,0.02008255859137359,159.50019099723173,,code,2-1-2-1-1-1-2-1,0.5070326452381638,True,1,batch,True,cognitive,20,1,swarm
oe3-ofat-pilot-v2,oe3,swarm|batch|bc1|h1|cognitive|r1|N20|c1,syn-balanced_multimodal-repetitive-r3,balanced_multimodal,repetitive,2,0,4046630919765129189,2026-10-01T05:42:02.036+00:00,completed,epsilon,True,True,True,True,,33.497501,38.98833600032958,37.494221000088146,1,56,0.498403614745411,0.02008255859137359,161.4210189937709,,diagram,1-1-2-1-2-1-1-1,0.5184861733367846,True,1,batch,True,cognitive,20,1,swarm
oe3-ofat-pilot-v2,oe3,swarm|batch|bc1|h1|cognitive|r1|N20|c1,syn-balanced_multimodal-repetitive-r4,balanced_multimodal,repetitive,2,0,16362929293659838061,2026-10-01T05:42:02.075+00:00,completed,epsilon,True,True,True,True,,33.653283,40.22591000102693,38.5496110029635,1,54,0.5354470399519666,0.020082558591373645,148.87351599782772,,code,2-1-1-1-1-1-2-1,0.5555295985433403,True,1,batch,True,cognitive,20,1,swarm
oe3-ofat-pilot-v2,oe3,swarm|batch|bc1|h1|cognitive|r1|N20|c1,syn-balanced_multimodal-arrays_vectors-r0,balanced_multimodal,arrays_vectors,2,0,3584950309651211707,2026-10-01T05:42:02.115+00:00,completed,epsilon,True,True,True,True,,32.210248,38.63407500102767,37.17272200083244,1,47,0.5013726987590279,0.027875012652007203,119.03171600168976,,code,2-1-1-1-2-1-1-1,0.5292477114110351,True,1,batch,True,cognitive,20,1,swarm
oe3-ofat-pilot-v2,oe3,swarm|batch|bc1|h1|cognitive|r1|N20|c1,syn-balanced_multimodal-arrays_vectors-r1,balanced_multimodal,arrays_vectors,2,0,15889600935136838771,2026-10-01T05:42:02.154+00:00,completed,epsilon,True,True,True,True,,34.952718,41.10729899912258,39.59475599913276,1,58,0.5080713976768467,0.011554235825126158,203.4501719986081,,code,1-2-1-1-1-0-1-0,0.5196256335019729,True,1,batch,True,cognitive,20,1,swarm
oe3-ofat-pilot-v2,oe3,swarm|batch|bc1|h1|cognitive|r1|N20|c1,syn-balanced_multimodal-arrays_vectors-r2,balanced_multimodal,arrays_vectors,2,0,14508102243054643269,2026-10-01T05:42:02.195+00:00,completed,epsilon,True,True,True,True,,31.990998,37.687682000978384,36.341481001727516,1,51,0.5207081594293232,0.027875012652007092,129.60222800963354,,text,1-1-1-1-2-1-1-1,0.5485831720813303,True,1,batch,True,cognitive,20,1,swarm
oe3-ofat-pilot-v2,oe3,swarm|batch|bc1|h1|cognitive|r1|N20|c1,syn-balanced_multimodal-arrays_vectors-r3,balanced_multimodal,arrays_vectors,2,0,11947795539240216146,2026-10-01T05:42:02.232+00:00,completed,epsilon,True,True,True,True,,33.086948,39.08561599746463,37.60873899955186,1,56,0.5139980947580041,0.037732303889556396,157.94882499170862,,diagram,1-1-2-1-1-1-1-1,0.5517303986475605,True,1,batch,True,cognitive,20,1,swarm
oe3-ofat-pilot-v2,oe3,swarm|batch|bc1|h1|cognitive|r1|N20|c1,syn-balanced_multimodal-arrays_vectors-r4,balanced_multimodal,arrays_vectors,2,0,3917925863049030086,2026-10-01T05:42:02.272+00:00,completed,epsilon,True,True,True,True,,27.88623,33.57214800053043,32.161595998331904,1,49,0.5118955950965318,0.014696718078363702,119.141892995747,,code,2-1-1-1-1-1-1-1,0.5265923131748955,True,1,batch,True,cognitive,20,1,swarm
oe3-ofat-pilot-v2,oe3,swarm|batch|bc1|h1|cognitive|r1|N20|c1,syn-balanced_multimodal-functions-r0,balanced_multimodal,functions,2,0,6550835933060694946,2026-10-01T05:42:02.305+00:00,completed,epsilon,True,True,True,True,,36.600758,42.76174699771218,41.28654499800177,1,54,0.5031059746980451,0.027875012652007203,160.0422309988588,,code,2-1-2-1-1-1-1-1,0.5309809873500523,True,1,batch,True,cognitive,20,1,swarm
oe3-ofat-pilot-v2,oe3,swarm|batch|bc1|h1|cognitive|r1|N20|c1,syn-balanced_multimodal-functions-r1,balanced_multimodal,functions,2,0,3881832823610794111,2026-10-01T05:42:02.348+00:00,completed,epsilon,True,True,True,True,,27.838804,33.74954700120725,32.52561699991929,1,45,0.4917724457549157,0.02008255859137359,99.86121200984661,,code,2-1-1-1-1-1-2-1,0.5118550043462893,True,1,batch,True,cognitive,20,1,swarm
oe3-ofat-pilot-v2,oe3,swarm|batch|bc1|h1|cognitive|r1|N20|c1,syn-balanced_multimodal-functions-r2,balanced_multimodal,functions,2,0,3016560622276445506,2026-10-01T05:42:02.382+00:00,completed,epsilon,True,True,True,True,,31.221533,41.61216099964804,40.188871000282234,1,48,0.5031640261075007,0.015023498937525859,117.44764400249164,,code,2-2-1-2-1-1-1-1,0.5181875250450265,True,1,batch,True,cognitive,20,1,swarm
oe3-ofat-pilot-v2,oe3,swarm|batch|bc1|h1|cognitive|r1|N20|c1,syn-balanced_multimodal-functions-r3,balanced_multimodal,functions,2,0,2061094210757061170,2026-10-01T05:42:02.423+00:00,completed,epsilon,True,True,True,True,,32.161677,38.44180699888966,36.94344299947261,1,55,0.489537761565406,0.027875012652007147,178.0302339903223,,diagram,1-1-2-1-2-1-1-1,0.5174127742174132,True,1,batch,True,cognitive,20,1,swarm
oe3-ofat-pilot-v2,oe3,swarm|batch|bc1|h1|cognitive|r1|N20|c1,syn-balanced_multimodal-functions-r4,balanced_multimodal,functions,2,0,13400621087723788685,2026-10-01T05:42:02.462+00:00,completed,epsilon,True,True,True,True,,30.770617,36.658523000369314,35.216677002608776,1,51,0.4758348538920942,0.027875012652007147,125.98263699762686,,diagram,1-1-2-1-1-1-1-1,0.5037098665441013,True,1,batch,True,cognitive,20,1,swarm
oe3-ofat-pilot-v2,oe3,swarm|batch|bc1|h1|social|r1|N20|c1,syn-visual_dominant-sequential-r0,visual_dominant,sequential,0,0,8580140326324496627,2026-10-01T05:42:03.918+00:00,completed,epsilon,True,True,True,True,,34.887479,41.04747700330336,39.55070300071384,1,56,0.45572350868757355,0.02008255859137359,174.2368909920294,,diagram,1-1-2-1-1-1-0-1,0.47580606727894714,True,1,batch,True,social,20,1,swarm
oe3-ofat-pilot-v2,oe3,swarm|batch|bc1|h1|social|r1|N20|c1,syn-visual_dominant-sequential-r1,visual_dominant,sequential,0,0,17048800117076641484,2026-10-01T05:42:03.959+00:00,completed,epsilon,True,True,True,True,,35.015417,40.61725599967758,39.2090460009058,1,53,0.44878503224528293,0.02008255859137359,143.01280700464397,,diagram,1-1-2-1-0-1-1-1,0.4688675908366565,True,1,batch,True,social,20,1,swarm
oe3-ofat-pilot-v2,oe3,swarm|batch|bc1|h1|social|r1|N20|c1,syn-visual_dominant-sequential-r2,visual_dominant,sequential,0,0,4355585619346073820,2026-10-01T05:42:03.999+00:00,completed,epsilon,True,True,True,True,,39.719886,45.70501100170077,44.1973400011193,2,58,0.4484135261977656,0.02008255859137359,153.11812197868983,,diagram,1-1-2-1-0-1-0-1,0.4684960847891392,True,1,batch,True,social,20,1,swarm
oe3-ofat-pilot-v2,oe3,swarm|batch|bc1|h1|social|r1|N20|c1,syn-visual_dominant-sequential-r3,visual_dominant,sequential,0,0,5551779150201999310,2026-10-01T05:42:04.045+00:00,completed,epsilon,True,True,True,True,,39.361374,45.15479000110645,43.672051000612555,2,56,0.49689284274488765,1.9637715242826204e-07,129.36216500140793,,diagram,1-0-2-1-0-1-1-1,0.4968930391220401,True,1,batch,True,social,20,1,swarm
oe3-ofat-pilot-v2,oe3,swarm|batch|bc1|h1|social|r1|N20|c1,syn-visual_dominant-sequential-r4,visual_dominant,sequential,0,0,13994061115368628468,2026-10-01T05:42:04.090+00:00,completed,epsilon,True,True,True,True,,46.962109,52.53039799936232,50.90503800238366,3,61,0.4539909514952264,0.0,140.1604739965374,,diagram,1-0-2-0-1-1-0-1,0.4539909514952264,True,1,batch,True,social,20,1,swarm
oe3-ofat-pilot-v2,oe3,swarm|batch|bc1|h1|social|r1|N20|c1,syn-visual_dominant-conditional-r0,visual_dominant,conditional,0,0,11471567894967710186,2026-10-01T05:42:04.143+00:00,completed,epsilon,True,True,True,True,,32.284653,37.73090799950296,36.28786399713135,1,55,0.4683786250362893,0.007792650437786042,152.8867310192526,,diagram,1-1-2-1-0-1-0-1,0.47617127547407534,True,1,batch,True,social,20,1,swarm
oe3-ofat-pilot-v2,oe3,swarm|batch|bc1|h1|social|r1|N20|c1,syn-visual_dominant-conditional-r1,visual_dominant,conditional,0,0,13928515270300365190,2026-10-01T05:42:04.180+00:00,completed,epsilon,True,True,True,True,,53.352854,59.06841699834331,57.39320300199324,3,67,0.43347702875536903,0.0036547194033032526,164.72570301362376,,diagram,1-1-2-1-0-1-0-1,0.4371317481586723,True,1,batch,True,social,20,1,swarm
oe3-ofat-pilot-v2,oe3,swarm|batch|bc1|h1|social|r1|N20|c1,syn-visual_dominant-conditional-r2,visual_dominant,conditional,0,0,7530803405880337628,2026-10-01T05:42:04.240+00:00,completed,epsilon,True,True,True,True,,39.347592,45.69326099954196,43.99586799991084,2,60,0.47576325269917313,1.963771524837732e-07,173.2894350015405,,code,2-1-2-1-1-0-1-1,0.4757634490763256,True,1,batch,True,social,20,1,swarm
oe3-ofat-pilot-v2,oe3,swarm|batch|bc1|h1|social|r1|N20|c1,syn-visual_dominant-conditional-r3,visual_dominant,conditional,0,0,12303691227522993195,2026-10-01T05:42:04.285+00:00,completed,epsilon,True,True,True,True,,43.886894,49.618701999861514,48.0205149979156,2,60,0.4537572043126114,0.0036547194033032526,156.89905600725703,,diagram,1-1-2-1-0-1-1-1,0.45741192371591466,True,1,batch,True,social,20,1,swarm
oe3-ofat-pilot-v2,oe3,swarm|batch|bc1|h1|social|r1|N20|c1,syn-visual_dominant-conditional-r4,visual_dominant,conditional,0,0,7123775909059268369,2026-10-01T05:42:04.335+00:00,completed,epsilon,True,True,True,True,,30.40298,36.23319200050901,34.88215499965008,1,51,0.43905885028638547,0.009598091106895246,133.76030999042072,,diagram,1-1-2-0-1-0-1-1,0.4486569413932807,True,1,batch,True,social,20,1,swarm
oe3-ofat-pilot-v2,oe3,swarm|batch|bc1|h1|social|r1|N20|c1,syn-visual_dominant-repetitive-r0,visual_dominant,repetitive,0,0,3652346516165016234,2026-10-01T05:42:04.371+00:00,completed,epsilon,True,True,True,True,,37.818937,47.36890400090488,45.70837100254721,1,56,0.46998170127395994,0.02008255859137359,184.14081699063914,,diagram,1-1-2-1-1-1-0-1,0.49006425986533353,True,1,batch,True,social,20,1,swarm
oe3-ofat-pilot-v2,oe3,swarm|batch|bc1|h1|social|r1|N20|c1,syn-visual_dominant-repetitive-r1,visual_dominant,repetitive,0,0,9493985239135120539,2026-10-01T05:42:04.418+00:00,completed,epsilon,True,True,True,True,,49.334328,58.44291600078577,56.579086998681305,4,63,0.49141108956712465,0.0,141.87168200433337,,code,2-0-2-0-1-1-1-1,0.49141108956712465,True,1,batch,True,social,20,1,swarm
oe3-ofat-pilot-v2,oe3,swarm|batch|bc1|h1|social|r1|N20|c1,syn-visual_dominant-repetitive-r2,visual_dominant,repetitive,0,0,15577984090316381348,2026-10-01T05:42:04.477+00:00,completed,epsilon,True,True,True,True,,37.675451,47.818959999858635,46.057184001256246,1,59,0.497368651601852,0.02008255859137359,194.69995098474718,,code,2-1-2-1-1-1-0-1,0.5174512101932256,True,1,batch,True,social,20,1,swarm
oe3-ofat-pilot-v2,oe3,swarm|batch|bc1|h1|social|r1|N20|c1,syn-visual_dominant-repetitive-r3,visual_dominant,repetitive,0,0,13061490195280824700,2026-10-01T05:42:04.525+00:00,completed,epsilon,True,True,True,True,,39.290958,49.473783998109866,47.9990980020375,2,48,0.5053299123828249,1.9637715242826204e-07,113.64651500485365,,diagram,1-0-2-1-0-1-0-1,0.5053301087599773,True,1,batch,True,social,20,1,swarm
oe3-ofat-pilot-v2,oe3,swarm|batch|bc1|h1|social|r1|N20|c1,syn-visual_dominant-repetitive-r4,visual_dominant,repetitive,0,0,5153165576748431564,2026-10-01T05:42:04.574+00:00,completed,epsilon,True,True,True,True,,35.197866,41.516842000419274,39.71305100276368,1,56,0.43539326357179114,0.032214241800902654,168.07945900246162,,diagram,0-1-2-1-0-1-0-1,0.4676075053726938,True,1,batch,True,social,20,1,swarm
oe3-ofat-pilot-v2,oe3,swarm|batch|bc1|h1|social|r1|N20|c1,syn-visual_dominant-arrays_vectors-r0,visual_dominant,arrays_vectors,0,0,2484686855457110652,2026-10-01T05:42:04.616+00:00,completed,epsilon,True,True,True,True,,34.797856,43.73671899884357,42.28587800025707,1,52,0.46105976353153516,0.027875012652007147,140.09069801123607,,diagram,1-1-2-1-0-1-0-1,0.4889347761835423,True,1,batch,True,social,20,1,swarm
oe3-ofat-pilot-v2,oe3,swarm|batch|bc1|h1|social|r1|N20|c1,syn-visual_dominant-arrays_vectors-r1,visual_dominant,arrays_vectors,0,0,14387502913323118724,2026-10-01T05:42:04.660+00:00,completed,epsilon,True,True,True,True,,45.555093,55.819034001615364,54.01399200127344,2,61,0.4406569611974138,0.01253564549090147,194.19387798504,,diagram,1-2-2-1-1-0-1-0,0.4531926066883153,True,1,batch,True,social,20,1,swarm
oe3-ofat-pilot-v2,oe3,swarm|batch|bc1|h1|social|r1|N20|c1,syn-visual_dominant-arrays_vectors-r2,visual_dominant,arrays_vectors,0,0,18083930375172244621,2026-10-01T05:42:04.715+00:00,completed,epsilon,True,True,True,True,,41.067719,51.73792200002936,49.64180099705118,1,58,0.4939594688494195,0.027875012652007147,185.60771598693924,,diagram,1-1-2-1-1-1-1-1,0.5218344815014266,True,1,batch,True,social,20,1,swarm
oe3-ofat-pilot-v2,oe3,swarm|batch|bc1|h1|social|r1|N20|c1,syn-visual_dominant-arrays_vectors-r3,visual_dominant,arrays_vectors,0,0,16074832408338533935,2026-10-01T05:42:04.767+00:00,completed,epsilon,True,True,True,True,,37.746362,47.343136997369584,45.88513400085503,1,52,0.5104383568030326,0.017498999281390648,160.31696601620422,,diagram,0-1-2-1-1-1-0-1,0.5279373560844233,True,1,batch,True,social,20,1,swarm
oe3-ofat-pilot-v2,oe3,swarm|batch|bc1|h1|social|r1|N20|c1,syn-visual_dominant-arrays_vectors-r4,visual_dominant,arrays_vectors,0,0,13236652181889018265,2026-10-01T05:42:04.814+00:00,completed,epsilon,True,True,True,True,,43.460544,53.138483002840076,51.28466400128673,2,60,0.4941651539298116,0.00341603920757122,180.06507300130983,,diagram,1-1-2-2-1-0-0-1,0.4975811931373828,True,1,batch,True,social,20,1,swarm
oe3-ofat-pilot-v2,oe3,swarm|batch|bc1|h1|social|r1|N20|c1,syn-visual_dominant-functions-r0,visual_dominant,functions,0,0,11375697626506085209,2026-10-01T05:42:04.868+00:00,completed,epsilon,True,True,True,True,,32.4907,42.169599000771996,40.70046199922217,1,50,0.47798454429270243,0.019803777820581292,150.87464100276034,,diagram,1-2-2-1-1-1-0-1,0.4977883221132837,True,1,batch,True,social,20,1,swarm
oe3-ofat-pilot-v2,oe3,swarm|batch|bc1|h1|social|r1|N20|c1,syn-visual_dominant-functions-r1,visual_dominant,functions,0,0,12724222799605840855,2026-10-01T05:42:04.910+00:00,completed,epsilon,True,True,True,True,,42.038874,52.28309599988279,50.37673900005757,2,65,0.4941057150421845,0.007792650437785986,174.8121000020217,,code,2-0-2-1-1-1-0-1,0.5018983654799705,True,1,batch,True,social,20,1,swarm
oe3-ofat-pilot-v2,oe3,swarm|batch|bc1|h1|social|r1|N20|c1,syn-visual_dominant-functions-r2,visual_dominant,functions,0,0,2855966151648987497,2026-10-01T05:42:04.962+00:00,completed,epsilon,True,True,True,True,,42.598842,51.46487499951036,49.6000000021013,3,64,0.471376010746655,1.9637715242826204e-07,184.3165510014503,,diagram,1-0-2-1-1-0-1-1,0.47137620712380746,True,1,batch,True,social,20,1,swarm
oe3-ofat-pilot-v2,oe3,swarm|batch|bc1|h1|social|r1|N20|c1,syn-visual_dominant-functions-r3,visual_dominant,functions,0,0,15496158585802717903,2026-10-01T05:42:05.014+00:00,completed,epsilon,True,True,True,True,,37.517459,47.8414339995652,45.99627000061446,1,58,0.45256029277229026,0.027874816274854664,177.8987110002329,,diagram,1-1-2-0-0-1-1-1,0.4804351090471449,True,1,batch,True,social,20,1,swarm
oe3-ofat-pilot-v2,oe3,swarm|batch|bc1|h1|social|r1|N20|c1,syn-visual_dominant-functions-r4,visual_dominant,functions,0,0,10259835321663512086,2026-10-01T05:42:05.061+00:00,completed,epsilon,True,True,True,True,,48.183238,57.94429700108594,56.013855999481166,3,66,0.5026282462686158,1.9637715242826204e-07,167.04115500849528,,code,2-0-2-1-1-1-1-1,0.5026284426457682,True,1,batch,True,social,20,1,swarm
oe3-ofat-pilot-v2,oe3,swarm|batch|bc1|h1|social|r1|N20|c1,syn-logical_syntactic-sequential-r0,logical_syntactic,sequential,0,0,13362044807751343064,2026-10-01T05:42:05.119+00:00,completed,epsilon,True,True,True,True,,36.342769,45.79390599974431,44.296852000115905,1,54,0.4761350201294624,0.020082362214221106,180.79066100285473,,code,2-1-1-0-0-1-0-1,0.4962173823436835,True,1,batch,True,social,20,1,swarm
oe3-ofat-pilot-v2,oe3,swarm|batch|bc1|h1|social|r1|N20|c1,syn-logical_syntactic-sequential-r1,logical_syntactic,sequential,0,0,14311645315440717423,2026-10-01T05:42:05.165+00:00,completed,epsilon,True,True,True,True,,63.720389,73.82946899815579,71.92448199930368,4,71,0.4825463618186212,0.0,228.3737059991756,,code,2-0-1-0-1-1-0-1,0.4825463618186212,True,1,batch,True,social,20,1,swarm
oe3-ofat-pilot-v2,oe3,swarm|batch|bc1|h1|social|r1|N20|c1,syn-logical_syntactic-sequential-r2,logical_syntactic,sequential,0,0,15643440995604996842,2026-10-01T05:42:05.239+00:00,completed,epsilon,True,True,True,True,,32.052316,40.82021499925759,39.296857998124324,1,50,0.5052479809084092,0.0034158919247069264,155.63204999246744,,code,2-1-0-1-1-1-1-1,0.5086638728331161,True,1,batch,True,social,20,1,swarm
oe3-ofat-pilot-v2,oe3,swarm|batch|bc1|h1|social|r1|N20|c1,syn-logical_syntactic-sequential-r3,logical_syntactic,sequential,0,0,16960600487627624599,2026-10-01T05:42:05.280+00:00,completed,epsilon,True,True,True,True,,48.662333,57.74291499983519,55.990352000662824,3,64,0.47454039043400664,1.9637715242826204e-07,172.02738798925407,,code,2-0-1-1-1-1-0-1,0.47454058681115907,True,1,batch,True,social,20,1,swarm
oe3-ofat-pilot-v2,oe3,swarm|batch|bc1|h1|social|r1|N20|c1,syn-logical_syntactic-sequential-r4,logical_syntactic,sequential,0,0,17250185977012485747,2026-10-01T05:42:05.338+00:00,completed,epsilon,True,True,True,True,,57.910296,67.72278000062215,65.59535800261074,4,66,0.4963874393518477,3.4366001677721414e-07,190.75183698466745,,code,2-0-1-2-1-0-0-1,0.4963877830118645,True,1,batch,True,social,20,1,swarm
oe3-ofat-pilot-v2,oe3,swarm|batch|bc1|h1|social|r1|N20|c1,syn-logical_syntactic-conditional-r0,logical_syntactic,conditional,0,0,4732552759670585228,2026-10-01T05:42:05.405+00:00,completed,epsilon,True,True,True,True,,38.01343,45.01743600121699,43.41017700062366,1,59,0.4552124341978106,0.0036547194033032526,209.13544499228,,code,2-1-1-1-0-1-0-1,0.45886715360111385,True,1,batch,True,social,20,1,swarm
oe3-ofat-pilot-v2,oe3,swarm|batch|bc1|h1|social|r1|N20|c1,syn-logical_syntactic-conditional-r1,logical_syntactic,conditional,0,0,16767561851559065070,2026-10-01T05:42:05.450+00:00,completed,epsilon,True,True,True,True,,42.25195,48.317574997781776,46.71316399981151,2,61,0.4440319075303329,0.007792650437786042,180.7350719765667,,code,2-1-1-1-0-1-0-1,0.45182455796811893,True,1,batch,True,social,20,1,swarm
oe3-ofat-pilot-v2,oe3,swarm|batch|bc1|h1|social|r1|N20|c1,syn-logical_syntactic-conditional-r2,logical_syntactic,conditional,0,0,6973891702751108736,2026-10-01T05:42:05.499+00:00,completed,epsilon,True,True,True,True,,36.769374,42.67796899875975,41.102570001385175,1,53,0.4631068467146388,0.0036547194033032526,159.01945499584747,,code,2-1-1-1-0-1-1-1,0.46676156611794206,True,1,batch,True,social,20,1,swarm
oe3-ofat-pilot-v2,oe3,swarm|batch|bc1|h1|social|r1|N20|c1,syn-logical_syntactic-conditional-r3,logical_syntactic,conditional,0,0,6626061848004110554,2026-10-01T05:42:05.541+00:00,completed,epsilon,True,True,True,True,,30.453589,36.27975999916089,34.82448799695703,1,51,0.4614734643861827,0.007792650437786042,137.21031900479403,,code,2-1-1-1-0-1-0-1,0.46926611482396874,True,1,batch,True,social,20,1,swarm
oe3-ofat-pilot-v2,oe3,swarm|batch|bc1|h1|social|r1|N20|c1,syn-logical_syntactic-conditional-r4,logical_syntactic,conditional,0,0,2581103798954869873,2026-10-01T05:42:05.578+00:00,completed,epsilon,True,True,True,True,,32.282516,38.25726400100393,36.57328699773643,1,51,0.4839345737065493,0.0036547194033032526,141.3213320029785,,code,2-1-1-1-1-1-1-1,0.48758929310985255,True,1,batch,True,social,20,1,swarm
oe3-ofat-pilot-v2,oe3,swarm|batch|bc1|h1|social|r1|N20|c1,syn-logical_syntactic-repetitive-r0,logical_syntactic,repetitive,0,0,2563900073831829840,2026-10-01T05:42:05.616+00:00,completed,epsilon,True,True,True,True,,35.033545,43.728405002184445,42.10741300266818,1,56,0.45068774937313677,0.02008255859137359,167.97110900005072,,code,2-1-2-1-0-1-1-1,0.47077030796451036,True,1,batch,True,social,20,1,swarm
oe3-ofat-pilot-v2,oe3,swarm|batch|bc1|h1|social|r1|N20|c1,syn-logical_syntactic-repetitive-r1,logical_syntactic,repetitive,0,0,1690962082425471307,2026-10-01T05:42:05.660+00:00,completed,epsilon,True,True,True,True,,36.506133,42.31734999848413,40.7549060000747,1,56,0.46854772531455674,0.02008255859137359,163.27131100795586,,code,2-1-1-1-0-1-0-1,0.48863028390593033,True,1,batch,True,social,20,1,swarm
oe3-ofat-pilot-v2,oe3,swarm|batch|bc1|h1|social|r1|N20|c1,syn-logical_syntactic-repetitive-r2,logical_syntactic,repetitive,0,0,12298035747105259136,2026-10-01T05:42:05.702+00:00,completed,epsilon,True,True,True,True,,42.046558,51.660897999681765,50.210291003168095,1,53,0.48860682289608054,0.02008255859137359,166.314613998914,,code,2-1-1-1-1-1-1-1,0.5086893814874541,True,1,batch,True,social,20,1,swarm
oe3-ofat-pilot-v2,oe3,swarm|batch|bc1|h1|social|r1|N20|c1,syn-logical_syntactic-repetitive-r3,logical_syntactic,repetitive,0,0,6665076571321463288,2026-10-01T05:42:05.754+00:00,completed,epsilon,True,True,True,True,,49.43091,58.170737996988464,56.290452001121594,3,63,0.48216814861223045,0.0,133.97923601044934,,code,2-0-1-0-1-1-0-1,0.48216814861223045,True,1,batch,True,social,20,1,swarm
oe3-ofat-pilot-v2,oe3,swarm|batch|bc1|h1|social|r1|N20|c1,syn-logical_syntactic-repetitive-r4,logical_syntactic,repetitive,0,0,3613547958009930106,2026-10-01T05:42:05.812+00:00,completed,epsilon,True,True,True,True,,39.235522,45.34128500017687,43.65275799864321,2,61,0.4154283128506681,0.028970245585525245,149.85984100199673,,code,2-1-1-1-0-1-0-1,0.44439855843619336,True,1,batch,True,social,20,1,swarm
oe3-ofat-pilot-v2,oe3,swarm|batch|bc1|h1|social|r1|N20|c1,syn-logical_syntactic-arrays_vectors-r0,logical_syntactic,arrays_vectors,0,0,14948705039163960895,2026-10-01T05:42:05.857+00:00,completed,epsilon,True,True,True,True,,32.232089,40.8565110010386,39.29960599998594,1,51,0.4856184373133194,0.02008255859137359,135.96160800404323,,code,2-1-1-1-0-0-1-1,0.505700995904693,True,1,batch,True,social,20,1,swarm
oe3-ofat-pilot-v2,oe3,swarm|batch|bc1|h1|social|r1|N20|c1,syn-logical_syntactic-arrays_vectors-r1,logical_syntactic,arrays_vectors,0,0,13327273701071249688,2026-10-01T05:42:05.898+00:00,completed,epsilon,True,True,True,True,,51.020004,60.644044999207836,58.88046100153588,2,65,0.47317793671230085,0.010866792799564984,181.11275798448008,,code,2-2-1-1-1-0-0-1,0.48404472951186583,True,1,batch,True,social,20,1,swarm
oe3-ofat-pilot-v2,oe3,swarm|batch|bc1|h1|social|r1|N20|c1,syn-logical_syntactic-arrays_vectors-r2,logical_syntactic,arrays_vectors,0,0,7678510444233138347,2026-10-01T05:42:05.959+00:00,completed,epsilon,True,True,True,True,,36.899617,46.07084199960809,44.40461500053061,1,59,0.49083089405366653,0.027874816274854664,183.2492740033339,,code,2-1-1-0-0-1-0-1,0.5187057103285212,True,1,batch,True,social,20,1,swarm
oe3-ofat-pilot-v2,oe3,swarm|batch|bc1|h1|social|r1|N20|c1,syn-logical_syntactic-arrays_vectors-r3,logical_syntactic,arrays_vectors,0,0,3475821061836782133,2026-10-01T05:42:06.005+00:00,completed,epsilon,True,True,True,True,,46.055589,55.44200299846125,53.708450999693014,2,62,0.5279095277556373,1.472828643489521e-07,166.1344589963611,,code,2-0-1-2-1-0-1-1,0.5279096750385016,True,1,batch,True,social,20,1,swarm
oe3-ofat-pilot-v2,oe3,swarm|batch|bc1|h1|social|r1|N20|c1,syn-logical_syntactic-arrays_vectors-r4,logical_syntactic,arrays_vectors,0,0,15069723113616053544,2026-10-01T05:42:06.060+00:00,completed,epsilon,True,True,True,True,,43.009204,51.75420199884684,50.13570899973274,2,60,0.4592948548206536,0.007792650437785986,141.90828102098175,,code,2-0-1-1-0-1-1-1,0.46708750525843956,True,1,batch,True,social,20,1,swarm
oe3-ofat-pilot-v2,oe3,swarm|batch|bc1|h1|social|r1|N20|c1,syn-logical_syntactic-functions-r0,logical_syntactic,functions,0,0,15105445333404857368,2026-10-01T05:42:06.112+00:00,completed,epsilon,True,True,True,True,,35.796005,44.97897500186809,43.383011001424165,1,53,0.4876998796280693,0.027875012652007147,154.95176999129168,,code,2-1-1-1-1-1-0-1,0.5155748922800765,True,1,batch,True,social,20,1,swarm
oe3-ofat-pilot-v2,oe3,swarm|batch|bc1|h1|social|r1|N20|c1,syn-logical_syntactic-functions-r1,logical_syntactic,functions,0,0,7545233351544256523,2026-10-01T05:42:06.157+00:00,completed,epsilon,True,True,True,True,,36.977782,45.400553000945365,43.80107500037411,1,58,0.4742120227778769,0.021023062154443717,177.59432099762532,,code,2-0-1-2-0-0-0-1,0.4952350849323206,True,1,batch,True,social,20,1,swarm
oe3-ofat-pilot-v2,oe3,swarm|batch|bc1|h1|social|r1|N20|c1,syn-logical_syntactic-functions-r2,logical_syntactic,functions,0,0,6130147880867857550,2026-10-01T05:42:06.202+00:00,completed,epsilon,True,True,True,True,,41.359192,50.52541400073096,48.90925700237858,1,59,0.4703323912858079,0.027875012652007147,198.18349201768783,,code,2-1-0-1-1-1-1-1,0.49820740393781504,True,1,batch,True,social,20,1,swarm
oe3-ofat-pilot-v2,oe3,swarm|batch|bc1|h1|social|r1|N20|c1,syn-logical_syntactic-functions-r3,logical_syntactic,functions,0,0,4820333934433401313,2026-10-01T05:42:06.253+00:00,completed,epsilon,True,True,True,True,,32.830557,41.356570000061765,39.78578000169364,1,56,0.46627757409622445,0.02008255859137359,174.6775160093912,,code,2-1-1-1-1-1-0-1,0.48636013268759803,True,1,batch,True,social,20,1,swarm
oe3-ofat-pilot-v2,oe3,swarm|batch|bc1|h1|social|r1|N20|c1,syn-logical_syntactic-functions-r4,logical_syntactic,functions,0,0,10275058418311301455,2026-10-01T05:42:06.294+00:00,completed,epsilon,True,True,True,True,,48.61723,54.883164000784745,53.070480000315,3,66,0.44825847177744416,0.007792650437785986,168.8069730102074,,code,2-0-0-1-1-1-0-1,0.45605112221523014,True,1,batch,True,social,20,1,swarm
oe3-ofat-pilot-v2,oe3,swarm|batch|bc1|h1|social|r1|N20|c1,syn-explanatory_conceptual-sequential-r0,explanatory_conceptual,sequential,0,0,14947352377729861017,2026-10-01T05:42:06.349+00:00,completed,epsilon,True,True,True,True,,69.959663,78.38742099920637,76.48221899944474,4,71,0.46640048607117224,0.0010551589873517564,192.88885799108976,,text,0-0-1-0-2-0-0-0,0.467455645058524,True,1,batch,True,social,20,1,swarm
oe3-ofat-pilot-v2,oe3,swarm|batch|bc1|h1|social|r1|N20|c1,syn-explanatory_conceptual-sequential-r1,explanatory_conceptual,sequential,0,0,3272787541859846898,2026-10-01T05:42:06.428+00:00,completed,epsilon,True,True,True,True,,35.255192,44.71088399805012,43.29652299929876,1,50,0.45267043074923324,0.006749225258040281,151.89193501217403,,text,0-1-0-1-2-1-0-1,0.4594196560072735,True,1,batch,True,social,20,1,swarm
oe3-ofat-pilot-v2,oe3,swarm|batch|bc1|h1|social|r1|N20|c1,syn-explanatory_conceptual-sequential-r2,explanatory_conceptual,sequential,0,0,7023970792698232399,2026-10-01T05:42:06.472+00:00,completed,epsilon,True,True,True,True,,55.154228,65.42426400119439,63.487647003057646,3,69,0.4390814032882989,0.02359272301843285,198.02443299060718,,text,1-0-1-2-2-1-0-1,0.46267412630673177,True,1,batch,True,social,20,1,swarm
oe3-ofat-pilot-v2,oe3,swarm|batch|bc1|h1|social|r1|N20|c1,syn-explanatory_conceptual-sequential-r3,explanatory_conceptual,sequential,0,0,15905282458092997945,2026-10-01T05:42:06.538+00:00,completed,epsilon,True,True,True,True,,42.794021,51.665353999851504,49.98849900221103,2,57,0.4489765705985682,1.9637715242826204e-07,152.61269398670856,,text,1-0-1-1-2-1-1-1,0.44897676697572064,True,1,batch,True,social,20,1,swarm
oe3-ofat-pilot-v2,oe3,swarm|batch|bc1|h1|social|r1|N20|c1,syn-explanatory_conceptual-sequential-r4,explanatory_conceptual,sequential,0,0,16212943396658008924,2026-10-01T05:42:06.590+00:00,completed,epsilon,True,True,True,True,,54.665121,64.11505300275167,62.32338499830803,3,66,0.45722945344337185,0.009273546497608254,200.5115100018586,,text,1-1-1-0-2-1-1-1,0.4665029999409801,True,1,batch,True,social,20,1,swarm
oe3-ofat-pilot-v2,oe3,swarm|batch|bc1|h1|social|r1|N20|c1,syn-explanatory_conceptual-conditional-r0,explanatory_conceptual,conditional,0,0,5916953307552671090,2026-10-01T05:42:06.654+00:00,completed,epsilon,True,True,True,True,,33.006263,39.80641800080775,38.35719400012749,1,51,0.487737317609176,0.007792650437786042,141.95801799469942,,code,2-1-1-1-2-1-1-1,0.49552996804696203,True,1,batch,True,social,20,1,swarm
oe3-ofat-pilot-v2,oe3,swarm|batch|bc1|h1|social|r1|N20|c1,syn-explanatory_conceptual-conditional-r1,explanatory_conceptual,conditional,0,0,18124705353368190302,2026-10-01T05:42:06.693+00:00,completed,epsilon,True,True,True,True,,40.233922,49.30918300306075,47.75724300270667,2,51,0.4743294274839075,0.004534410851586901,102.64544200260998,,text,1-1-0-0-2-0-1-1,0.4788638383354944,True,1,batch,True,social,20,1,swarm
oe3-ofat-pilot-v2,oe3,swarm|batch|bc1|h1|social|r1|N20|c1,syn-explanatory_conceptual-conditional-r2,explanatory_conceptual,conditional,0,0,1341896759769893857,2026-10-01T05:42:06.743+00:00,completed,epsilon,True,True,True,True,,33.597993,39.74875000130851,38.134313999762526,1,53,0.4825120796519577,0.007792650437786042,144.60549800343188,,diagram,1-1-2-1-2-1-1-1,0.49030473008974373,True,1,batch,True,social,20,1,swarm
oe3-ofat-pilot-v2,oe3,swarm|batch|bc1|h1|social|r1|N20|c1,syn-explanatory_conceptual-conditional-r3,explanatory_conceptual,conditional,0,0,11332394261640184133,2026-10-01T05:42:06.783+00:00,completed,epsilon,True,True,True,True,,42.356774,48.54407200036803,46.83008000210975,2,60,0.43096370532164535,0.0036547194033032526,147.21371799140843,,text,1-1-0-1-2-1-0-1,0.4346184247249486,True,1,batch,True,social,20,1,swarm
oe3-ofat-pilot-v2,oe3,swarm|batch|bc1|h1|social|r1|N20|c1,syn-explanatory_conceptual-conditional-r4,explanatory_conceptual,conditional,0,0,8670080275324173838,2026-10-01T05:42:06.831+00:00,completed,epsilon,True,True,True,True,,42.19887,48.6442840010568,46.69441599980928,2,62,0.45734345073001487,0.007792650437786042,186.76726099149124,,text,1-1-1-1-2-1-0-1,0.4651361011678009,True,1,batch,True,social,20,1,swarm
oe3-ofat-pilot-v2,oe3,swarm|batch|bc1|h1|social|r1|N20|c1,syn-explanatory_conceptual-repetitive-r0,explanatory_conceptual,repetitive,0,0,3237454591878846868,2026-10-01T05:42:06.880+00:00,completed,epsilon,True,True,True,True,,32.270368,38.528679997398285,36.991502998716896,1,52,0.43547017695048224,0.030711075187125847,149.88128600397783,,text,0-1-1-1-2-1-0-1,0.4661812521376081,True,1,batch,True,social,20,1,swarm
oe3-ofat-pilot-v2,oe3,swarm|batch|bc1|h1|social|r1|N20|c1,syn-explanatory_conceptual-repetitive-r1,explanatory_conceptual,repetitive,0,0,10148232421566165977,2026-10-01T05:42:06.918+00:00,completed,epsilon,True,True,True,True,,50.128147,56.19658499927027,54.474807999213226,2,60,0.5255407002055713,1.9637715242826204e-07,163.71381099286515,,text,1-0-1-1-2-1-1-1,0.5255408965827237,True,1,batch,True,social,20,1,swarm
oe3-ofat-pilot-v2,oe3,swarm|batch|bc1|h1|social|r1|N20|c1,syn-explanatory_conceptual-repetitive-r2,explanatory_conceptual,repetitive,0,0,10189736659373836677,2026-10-01T05:42:06.975+00:00,completed,epsilon,True,True,True,True,,34.737695,43.45168099825969,41.92571699968539,1,52,0.49088145414572526,0.0017991482131319847,156.1219520100017,,text,1-0-1-1-2-1-1-1,0.49268060235885724,True,1,batch,True,social,20,1,swarm
oe3-ofat-pilot-v2,oe3,swarm|batch|bc1|h1|social|r1|N20|c1,syn-explanatory_conceptual-repetitive-r3,explanatory_conceptual,repetitive,0,0,5679236231213962541,2026-10-01T05:42:07.018+00:00,completed,epsilon,True,True,True,True,,40.275778,46.524203000444686,44.82992799967178,2,60,0.47773671108267024,0.009947252053144284,145.2545429860568,,text,1-0-1-0-2-1-1-1,0.4876839631358145,True,1,batch,True,social,20,1,swarm
oe3-ofat-pilot-v2,oe3,swarm|batch|bc1|h1|social|r1|N20|c1,syn-explanatory_conceptual-repetitive-r4,explanatory_conceptual,repetitive,0,0,615434091092212846,2026-10-01T05:42:07.065+00:00,completed,epsilon,True,True,True,True,,33.883259,39.62257800230873,38.04490699985763,1,55,0.45405216601876935,0.02008255859137359,126.26440901542439,,text,1-1-0-1-2-1-1-1,0.47413472461014294,True,1,batch,True,social,20,1,swarm
oe3-ofat-pilot-v2,oe3,swarm|batch|bc1|h1|social|r1|N20|c1,syn-explanatory_conceptual-arrays_vectors-r0,explanatory_conceptual,arrays_vectors,0,0,8420274505294676143,2026-10-01T05:42:07.104+00:00,completed,epsilon,True,True,True,True,,34.649292,40.35993999787024,38.74103300040588,1,56,0.49778085910851905,0.027875012652007147,186.39432399710796,,text,1-1-1-1-2-1-0-1,0.5256558717605262,True,1,batch,True,social,20,1,swarm
oe3-ofat-pilot-v2,oe3,swarm|batch|bc1|h1|social|r1|N20|c1,syn-explanatory_conceptual-arrays_vectors-r1,explanatory_conceptual,arrays_vectors,0,0,11621185609108110648,2026-10-01T05:42:07.145+00:00,completed,epsilon,True,True,True,True,,36.082034,44.93430299771717,43.56236800231272,1,51,0.4615647597787113,0.028694684783154678,145.55901799001393,,text,0-1-0-1-2-1-1-1,0.490259444561866,True,1,batch,True,social,20,1,swarm
oe3-ofat-pilot-v2,oe3,swarm|batch|bc1|h1|social|r1|N20|c1,syn-explanatory_conceptual-arrays_vectors-r2,explanatory_conceptual,arrays_vectors,0,0,3616904053699891200,2026-10-01T05:42:07.189+00:00,completed,epsilon,True,True,True,True,,30.985361,37.213513001916,35.771678001765395,1,53,0.5002467392530876,0.027875012652007203,152.50219499668881,,diagram,0-1-2-1-2-1-1-1,0.5281217519050948,True,1,batch,True,social,20,1,swarm
oe3-ofat-pilot-v2,oe3,swarm|batch|bc1|h1|social|r1|N20|c1,syn-explanatory_conceptual-arrays_vectors-r3,explanatory_conceptual,arrays_vectors,0,0,9640228565651749554,2026-10-01T05:42:07.227+00:00,completed,epsilon,True,True,True,True,,37.64183,43.315086000802694,41.75965000104043,1,51,0.4899428394838256,0.017498999281390593,139.95728998781263,,text,0-1-1-1-2-1-0-1,0.5074418387652162,True,1,batch,True,social,20,1,swarm
oe3-ofat-pilot-v2,oe3,swarm|batch|bc1|h1|social|r1|N20|c1,syn-explanatory_conceptual-arrays_vectors-r4,explanatory_conceptual,arrays_vectors,0,0,12383051168938743430,2026-10-01T05:42:07.270+00:00,completed,epsilon,True,True,True,True,,36.780524,42.40148199824034,41.031220000149915,2,53,0.5099955953246345,0.007792650437785986,122.02530699669359,,text,1-0-1-1-2-1-1-1,0.5177882457624204,True,1,batch,True,social,20,1,swarm
oe3-ofat-pilot-v2,oe3,swarm|batch|bc1|h1|social|r1|N20|c1,syn-explanatory_conceptual-functions-r0,explanatory_conceptual,functions,0,0,4847129841761666601,2026-10-01T05:42:07.312+00:00,completed,epsilon,True,True,True,True,,33.337368,41.767226000956725,40.355127999646356,1,51,0.4945698834876539,0.01617519995265254,123.26284900850779,,text,1-2-1-1-2-0-1-1,0.5107450834403064,True,1,batch,True,social,20,1,swarm
oe3-ofat-pilot-v2,oe3,swarm|batch|bc1|h1|social|r1|N20|c1,syn-explanatory_conceptual-functions-r1,explanatory_conceptual,functions,0,0,8968182148387190867,2026-10-01T05:42:07.354+00:00,completed,epsilon,True,True,True,True,,57.453895,69.25742599923979,67.38728399795946,4,69,0.4985151422574555,0.014907373379307698,155.69364500009215,,code,2-2-1-2-2-0-0-1,0.5134225156367632,True,1,batch,True,social,20,1,swarm
oe3-ofat-pilot-v2,oe3,swarm|batch|bc1|h1|social|r1|N20|c1,syn-explanatory_conceptual-functions-r2,explanatory_conceptual,functions,0,0,15850266999198055000,2026-10-01T05:42:07.424+00:00,completed,epsilon,True,True,True,True,,45.798549,52.039190002687974,50.26056899805553,3,67,0.4811703400530759,0.005038735019827212,160.49808300105408,,text,1-0-1-1-2-1-0-1,0.4862090750729031,True,1,batch,True,social,20,1,swarm
oe3-ofat-pilot-v2,oe3,swarm|batch|bc1|h1|social|r1|N20|c1,syn-explanatory_conceptual-functions-r3,explanatory_conceptual,functions,0,0,15409255459732107106,2026-10-01T05:42:07.476+00:00,completed,epsilon,True,True,True,True,,32.625346,38.37453499727417,36.807029999181395,1,54,0.49777727535266225,0.007792650437785986,144.08170798509565,,text,1-0-1-1-2-1-1-1,0.5055699257904482,True,1,batch,True,social,20,1,swarm
oe3-ofat-pilot-v2,oe3,swarm|batch|bc1|h1|social|r1|N20|c1,syn-explanatory_conceptual-functions-r4,explanatory_conceptual,functions,0,0,13584105466744503536,2026-10-01T05:42:07.514+00:00,completed,epsilon,True,True,True,True,,40.218327,49.55454099763301,47.90437900010147,2,58,0.4919079769589474,0.007792454060633558,122.6539160115033,,text,1-0-1-0-2-1-1-1,0.49970043101958095,True,1,batch,True,social,20,1,swarm
oe3-ofat-pilot-v2,oe3,swarm|batch|bc1|h1|social|r1|N20|c1,syn-balanced_multimodal-sequential-r0,balanced_multimodal,sequential,0,0,12829628287881295465,2026-10-01T05:42:07.564+00:00,completed,epsilon,True,True,True,True,,44.109435,52.31088900109171,50.483061000704765,2,62,0.4948649211252828,1.9637715242826204e-07,166.03279600608167,,diagram,1-0-2-1-1-1-1-1,0.4948651175024352,True,1,batch,True,social,20,1,swarm
oe3-ofat-pilot-v2,oe3,swarm|batch|bc1|h1|social|r1|N20|c1,syn-balanced_multimodal-sequential-r1,balanced_multimodal,sequential,0,0,15851898587384579384,2026-10-01T05:42:07.616+00:00,completed,epsilon,True,True,True,True,,38.452825,44.98214300110703,43.231073999777436,1,59,0.46254329609296624,0.023319774530693393,192.50639899761214,,diagram,1-1-2-1-1-1-1-1,0.48586307062365963,True,1,batch,True,social,20,1,swarm
oe3-ofat-pilot-v2,oe3,swarm|batch|bc1|h1|social|r1|N20|c1,syn-balanced_multimodal-sequential-r2,balanced_multimodal,sequential,0,0,9812259528755781404,2026-10-01T05:42:07.661+00:00,completed,epsilon,True,True,True,True,,41.190445,49.72700500002247,48.03048000030685,2,60,0.5195512786534427,1.9637715242826204e-07,160.1508319854173,,code,2-0-1-1-1-1-1-1,0.5195514750305952,True,1,batch,True,social,20,1,swarm
oe3-ofat-pilot-v2,oe3,swarm|batch|bc1|h1|social|r1|N20|c1,syn-balanced_multimodal-sequential-r3,balanced_multimodal,sequential,0,0,17396203175820366605,2026-10-01T05:42:07.711+00:00,completed,epsilon,True,True,True,True,,50.946164,59.60272200172767,57.83543299912708,3,64,0.5055952816994697,0.0,168.8768300137079,,text,1-0-1-0-2-1-1-1,0.5055952816994697,True,1,batch,True,social,20,1,swarm
oe3-ofat-pilot-v2,oe3,swarm|batch|bc1|h1|social|r1|N20|c1,syn-balanced_multimodal-sequential-r4,balanced_multimodal,sequential,0,0,16072189927809315852,2026-10-01T05:42:07.770+00:00,completed,epsilon,True,True,True,True,,49.101425,58.91912500010221,56.970777000969974,3,66,0.4997105397388589,0.006721039910257187,168.43416001963192,,code,2-2-2-1-2-1-2-1,0.5064315796491161,True,1,batch,True,social,20,1,swarm
oe3-ofat-pilot-v2,oe3,swarm|batch|bc1|h1|social|r1|N20|c1,syn-balanced_multimodal-conditional-r0,balanced_multimodal,conditional,0,0,9492171042143771967,2026-10-01T05:42:07.829+00:00,completed,epsilon,True,True,True,True,,37.707877,43.60052699848893,42.16333200020017,1,54,0.48780502665661635,0.0036547194033032526,150.58167698936262,,code,2-1-1-1-1-1-1-1,0.4914597460599196,True,1,batch,True,social,20,1,swarm
oe3-ofat-pilot-v2,oe3,swarm|batch|bc1|h1|social|r1|N20|c1,syn-balanced_multimodal-conditional-r1,balanced_multimodal,conditional,0,0,12567349465944861023,2026-10-01T05:42:07.873+00:00,completed,epsilon,True,True,True,True,,33.202848,39.105353000195464,37.372366001363844,1,52,0.4988095313719645,0.0,135.52643501094747,,code,1-1-1-0-1-0-1-1,0.4988095313719645,True,1,batch,True,social,20,1,swarm
oe3-ofat-pilot-v2,oe3,swarm|batch|bc1|h1|social|r1|N20|c1,syn-balanced_multimodal-conditional-r2,balanced_multimodal,conditional,0,0,4742918314447581142,2026-10-01T05:42:07.912+00:00,completed,epsilon,True,True,True,True,,35.001228,41.04066000218154,39.57434499898227,1,52,0.4784409614577118,0.02094032221573877,146.97295500429516,,code,2-1-1-1-2-1-2-1,0.4993812836734506,True,1,batch,True,social,20,1,swarm
oe3-ofat-pilot-v2,oe3,swarm|batch|bc1|h1|social|r1|N20|c1,syn-balanced_multimodal-conditional-r3,balanced_multimodal,conditional,0,0,11394639668150330671,2026-10-01T05:42:07.953+00:00,completed,epsilon,True,True,True,True,,28.902844,34.88988200115273,33.48384100172552,1,51,0.4637423303052723,0.007792650437786042,140.84239599114872,,text,1-1-1-1-2-1-1-1,0.47153498074305833,True,1,batch,True,social,20,1,swarm
oe3-ofat-pilot-v2,oe3,swarm|batch|bc1|h1|social|r1|N20|c1,syn-balanced_multimodal-conditional-r4,balanced_multimodal,conditional,0,0,2277667993778051270,2026-10-01T05:42:07.988+00:00,completed,epsilon,True,True,True,True,,46.340048,55.17966299885302,53.445634999661706,3,62,0.4970117057765307,1.963771524837732e-07,135.65670902223877,,code,2-1-1-1-2-0-2-1,0.4970119021536832,True,1,batch,True,social,20,1,swarm
oe3-ofat-pilot-v2,oe3,swarm|batch|bc1|h1|social|r1|N20|c1,syn-balanced_multimodal-repetitive-r0,balanced_multimodal,repetitive,0,0,3839617547738254315,2026-10-01T05:42:08.043+00:00,completed,epsilon,True,True,True,True,,39.911759,46.04354399998556,44.39424999873154,1,55,0.5383161833171735,0.020082558591373534,140.91468099605856,,code,2-1-1-1-1-1-2-1,0.558398741908547,True,1,batch,True,social,20,1,swarm
oe3-ofat-pilot-v2,oe3,swarm|batch|bc1|h1|social|r1|N20|c1,syn-balanced_multimodal-repetitive-r1,balanced_multimodal,repetitive,0,0,2659073220867155690,2026-10-01T05:42:08.089+00:00,completed,epsilon,True,True,True,True,,43.633411,49.92843699801597,48.22159299874329,2,60,0.5300479510764751,1.9637715242826204e-07,142.83057100179386,,code,2-0-2-1-2-1-1-1,0.5300481474536275,True,1,batch,True,social,20,1,swarm
oe3-ofat-pilot-v2,oe3,swarm|batch|bc1|h1|social|r1|N20|c1,syn-balanced_multimodal-repetitive-r2,balanced_multimodal,repetitive,0,0,12027688066564710874,2026-10-01T05:42:08.139+00:00,completed,epsilon,True,True,True,True,,31.391093,36.85559299992747,35.44329899887089,1,51,0.48695008664679024,0.02008255859137359,134.369074005873,,code,2-1-2-1-1-1-2-1,0.5070326452381638,True,1,batch,True,social,20,1,swarm
oe3-ofat-pilot-v2,oe3,swarm|batch|bc1|h1|social|r1|N20|c1,syn-balanced_multimodal-repetitive-r3,balanced_multimodal,repetitive,0,0,10665835498416014906,2026-10-01T05:42:08.176+00:00,completed,epsilon,True,True,True,True,,34.929015,43.96315399935702,42.499328999838326,1,51,0.4984038111225635,0.020082362214221106,134.90204900183195,,diagram,1-1-2-0-2-1-1-1,0.5184861733367846,True,1,batch,True,social,20,1,swarm
oe3-ofat-pilot-v2,oe3,swarm|batch|bc1|h1|social|r1|N20|c1,syn-balanced_multimodal-repetitive-r4,balanced_multimodal,repetitive,0,0,16842203000296662102,2026-10-01T05:42:08.220+00:00,completed,epsilon,True,True,True,True,,39.114313,45.29406599976937,43.787104998045834,1,50,0.5354470399519666,0.020082558591373645,132.36137899210203,,code,2-1-1-1-1-1-2-1,0.5555295985433403,True,1,batch,True,social,20,1,swarm
oe3-ofat-pilot-v2,oe3,swarm|batch|bc1|h1|social|r1|N20|c1,syn-balanced_multimodal-arrays_vectors-r0,balanced_multimodal,arrays_vectors,0,0,8202019099685287209,2026-10-01T05:42:08.265+00:00,completed,epsilon,True,True,True,True,,41.892758,50.269922001461964,48.56923600164009,2,62,0.5214552573504015,0.007792454060633558,126.83563699767716,,code,2-0-1-0-2-1-1-1,0.5292477114110351,True,1,batch,True,social,20,1,swarm
oe3-ofat-pilot-v2,oe3,swarm|batch|bc1|h1|social|r1|N20|c1,syn-balanced_multimodal-arrays_vectors-r1,balanced_multimodal,arrays_vectors,0,0,1557390382835702406,2026-10-01T05:42:08.315+00:00,completed,epsilon,True,True,True,True,,34.36563,42.69543699774658,40.99275200132979,1,56,0.5096115026932262,0.01001413080874669,173.94749301047898,,code,1-0-1-1-1-1-1-1,0.5196256335019729,True,1,batch,True,social,20,1,swarm
oe3-ofat-pilot-v2,oe3,swarm|batch|bc1|h1|social|r1|N20|c1,syn-balanced_multimodal-arrays_vectors-r2,balanced_multimodal,arrays_vectors,0,0,1551228789342824201,2026-10-01T05:42:08.358+00:00,completed,epsilon,True,True,True,True,,35.757495,42.084372998942854,40.49647799911327,1,53,0.5207081594293232,0.027875012652007092,138.89021401252936,,text,1-1-1-1-2-1-1-1,0.5485831720813303,True,1,batch,True,social,20,1,swarm
oe3-ofat-pilot-v2,oe3,swarm|batch|bc1|h1|social|r1|N20|c1,syn-balanced_multimodal-arrays_vectors-r3,balanced_multimodal,arrays_vectors,0,0,11908930478528390133,2026-10-01T05:42:08.400+00:00,completed,epsilon,True,True,True,True,,46.007361,54.60262799897464,52.92486400139751,2,62,0.5326887851156756,0.019041613531884827,176.0257479858121,,code,1-0-1-1-1-0-1-1,0.5517303986475605,True,1,batch,True,social,20,1,swarm
oe3-ofat-pilot-v2,oe3,swarm|batch|bc1|h1|social|r1|N20|c1,syn-balanced_multimodal-arrays_vectors-r4,balanced_multimodal,arrays_vectors,0,0,7080146454937735062,2026-10-01T05:42:08.455+00:00,completed,epsilon,True,True,True,True,,31.37591,39.21986199929961,37.5790660000348,1,53,0.5231764212501887,0.0034158919247068154,155.91765200232484,,code,2-1-1-1-1-0-1-1,0.5265923131748955,True,1,batch,True,social,20,1,swarm
oe3-ofat-pilot-v2,oe3,swarm|batch|bc1|h1|social|r1|N20|c1,syn-balanced_multimodal-functions-r0,balanced_multimodal,functions,0,0,2933908082685948832,2026-10-01T05:42:08.494+00:00,completed,epsilon,True,True,True,True,,45.188242,54.733656001189956,53.13661100080935,2,60,0.5082813071929754,0.022699680157076907,160.41760701989,,code,2-2-2-1-1-1-1-1,0.5309809873500523,True,1,batch,True,social,20,1,swarm
oe3-ofat-pilot-v2,oe3,swarm|batch|bc1|h1|social|r1|N20|c1,syn-balanced_multimodal-functions-r1,balanced_multimodal,functions,0,0,368220290834284782,2026-10-01T05:42:08.549+00:00,completed,epsilon,True,True,True,True,,29.930039,35.6442580014118,34.132500000850996,1,53,0.4917724457549157,0.02008255859137359,150.5524279939086,,code,2-1-1-1-1-1-2-1,0.5118550043462893,True,1,batch,True,social,20,1,swarm
oe3-ofat-pilot-v2,oe3,swarm|batch|bc1|h1|social|r1|N20|c1,syn-balanced_multimodal-functions-r2,balanced_multimodal,functions,0,0,8673480799685267205,2026-10-01T05:42:08.584+00:00,completed,epsilon,True,True,True,True,,52.045278,60.25503999990178,58.42337699868949,3,67,0.5181875250450265,0.0,162.66043900594607,,code,2-0-1-0-1-0-1-1,0.5181875250450265,True,1,batch,True,social,20,1,swarm
oe3-ofat-pilot-v2,oe3,swarm|batch|bc1|h1|social|r1|N20|c1,syn-balanced_multimodal-functions-r3,balanced_multimodal,functions,0,0,18228905326412579013,2026-10-01T05:42:08.645+00:00,completed,epsilon,True,True,True,True,,35.380517,43.92255999846384,42.22933300115983,1,57,0.489537761565406,0.027875012652007147,184.07742097409894,,diagram,1-1-2-1-2-1-1-1,0.5174127742174132,True,1,batch,True,social,20,1,swarm
oe3-ofat-pilot-v2,oe3,swarm|batch|bc1|h1|social|r1|N20|c1,syn-balanced_multimodal-functions-r4,balanced_multimodal,functions,0,0,4683180797726806680,2026-10-01T05:42:08.689+00:00,completed,epsilon,True,True,True,True,,43.400725,50.089086002117256,48.37386699728086,2,57,0.4810101863870243,0.022699680157077018,154.54014200529306,,diagram,1-2-2-1-1-1-1-1,0.5037098665441013,True,1,batch,True,social,20,1,swarm
oe3-ofat-pilot-v2,oe3,swarm|batch|bc1|h1|social|r1|N20|c1,syn-visual_dominant-sequential-r0,visual_dominant,sequential,1,0,3334967381364256590,2026-10-01T05:42:08.739+00:00,completed,epsilon,True,True,True,True,,36.696521,45.117247998859966,43.592942998657236,2,54,0.4747507119144429,0.0010553553645042402,127.12526400686816,,diagram,1-0-2-1-1-1-0-0,0.47580606727894714,True,1,batch,True,social,20,1,swarm
oe3-ofat-pilot-v2,oe3,swarm|batch|bc1|h1|social|r1|N20|c1,syn-visual_dominant-sequential-r1,visual_dominant,sequential,1,0,14463353593492607384,2026-10-01T05:42:08.784+00:00,completed,epsilon,True,True,True,True,,35.411262,41.32827899957192,39.917436999530764,1,53,0.44878503224528293,0.02008255859137359,162.6086999979756,,diagram,1-1-2-1-0-1-1-1,0.4688675908366565,True,1,batch,True,social,20,1,swarm
oe3-ofat-pilot-v2,oe3,swarm|batch|bc1|h1|social|r1|N20|c1,syn-visual_dominant-sequential-r2,visual_dominant,sequential,1,0,1449473017236341336,2026-10-01T05:42:08.825+00:00,completed,epsilon,True,True,True,True,,35.789521,41.94304499833379,40.314313999260776,1,58,0.43325366196641485,0.03524242282272433,189.82604600451407,,diagram,0-1-2-1-0-1-0-1,0.4684960847891392,True,1,batch,True,social,20,1,swarm
oe3-ofat-pilot-v2,oe3,swarm|batch|bc1|h1|social|r1|N20|c1,syn-visual_dominant-sequential-r3,visual_dominant,sequential,1,0,11784465089289360140,2026-10-01T05:42:08.867+00:00,completed,epsilon,True,True,True,True,,42.978498,48.831676998815965,47.23088000173448,2,63,0.49689284274488765,1.9637715242826204e-07,196.19271798959645,,diagram,1-0-2-1-0-1-1-1,0.4968930391220401,True,1,batch,True,social,20,1,swarm
oe3-ofat-pilot-v2,oe3,swarm|batch|bc1|h1|social|r1|N20|c1,syn-visual_dominant-sequential-r4,visual_dominant,sequential,1,0,9843101576308061791,2026-10-01T05:42:08.916+00:00,completed,epsilon,True,True,True,True,,35.502025,45.87545699905604,43.94446399965091,1,53,0.44621475259761745,0.0077761988976089436,137.8364680018453,,diagram,1-2-2-1-1-1-0-0,0.4539909514952264,True,1,batch,True,social,20,1,swarm
oe3-ofat-pilot-v2,oe3,swarm|batch|bc1|h1|social|r1|N20|c1,syn-visual_dominant-conditional-r0,visual_dominant,conditional,1,0,399204953024597195,2026-10-01T05:42:08.962+00:00,completed,epsilon,True,True,True,True,,35.001285,41.24989599949913,39.64010299750953,1,56,0.4683786250362893,0.007792650437786042,174.32003100444814,,diagram,1-1-2-1-0-1-0-1,0.47617127547407534,True,1,batch,True,social,20,1,swarm
oe3-ofat-pilot-v2,oe3,swarm|batch|bc1|h1|social|r1|N20|c1,syn-visual_dominant-conditional-r1,visual_dominant,conditional,1,0,7224635709434446062,2026-10-01T05:42:09.003+00:00,completed,epsilon,True,True,True,True,,41.14732,47.20339800041984,45.45041700112051,2,63,0.43347702875536903,0.0036547194033032526,173.4032209938085,,diagram,1-1-2-1-0-1-0-1,0.4371317481586723,True,1,batch,True,social,20,1,swarm
oe3-ofat-pilot-v2,oe3,swarm|batch|bc1|h1|social|r1|N20|c1,syn-visual_dominant-conditional-r2,visual_dominant,conditional,1,0,12837783749454387842,2026-10-01T05:42:09.050+00:00,completed,epsilon,True,True,True,True,,47.790682,57.270295001217164,55.31694800083642,3,65,0.4757631054163088,3.436600168327253e-07,142.93126500332994,,code,2-1-2-2-1-0-1-1,0.4757634490763256,True,1,batch,True,social,20,1,swarm
oe3-ofat-pilot-v2,oe3,swarm|batch|bc1|h1|social|r1|N20|c1,syn-visual_dominant-conditional-r3,visual_dominant,conditional,1,0,1552749880042890602,2026-10-01T05:42:09.108+00:00,completed,epsilon,True,True,True,True,,58.677997,64.79749000209267,62.99446299817646,3,69,0.45741192371591466,0.0,189.78692200193052,,diagram,1-1-2-0-0-0-1-1,0.45741192371591466,True,1,batch,True,social,20,1,swarm
oe3-ofat-pilot-v2,oe3,swarm|batch|bc1|h1|social|r1|N20|c1,syn-visual_dominant-conditional-r4,visual_dominant,conditional,1,0,6016564164395138588,2026-10-01T05:42:09.173+00:00,completed,epsilon,True,True,True,True,,40.552502,46.71718499957933,45.21581399967545,2,59,0.44865674501612823,1.963771524837732e-07,161.02074599123762,,diagram,1-1-2-1-1-0-0-1,0.4486569413932807,True,1,batch,True,social,20,1,swarm
oe3-ofat-pilot-v2,oe3,swarm|batch|bc1|h1|social|r1|N20|c1,syn-visual_dominant-repetitive-r0,visual_dominant,repetitive,1,0,388248794542993201,2026-10-01T05:42:09.219+00:00,completed,epsilon,True,True,True,True,,43.174734,49.28327200104832,47.51116700208513,2,60,0.4900640634881811,1.9637715242826204e-07,123.16892900800592,,diagram,1-0-2-1-1-1-0-1,0.49006425986533353,True,1,batch,True,social,20,1,swarm
oe3-ofat-pilot-v2,oe3,swarm|batch|bc1|h1|social|r1|N20|c1,syn-visual_dominant-repetitive-r1,visual_dominant,repetitive,1,0,6429826071426475855,2026-10-01T05:42:09.269+00:00,completed,epsilon,True,True,True,True,,36.978731,42.822840998269385,41.27743500066572,2,55,0.47132853097575106,0.02008255859137359,129.57738900417982,,code,2-1-2-1-1-1-1-1,0.49141108956712465,True,1,batch,True,social,20,1,swarm
oe3-ofat-pilot-v2,oe3,swarm|batch|bc1|h1|social|r1|N20|c1,syn-visual_dominant-repetitive-r2,visual_dominant,repetitive,1,0,681915851494163713,2026-10-01T05:42:09.311+00:00,completed,epsilon,True,True,True,True,,35.536611,41.60186100125429,40.06284499700996,1,54,0.4973688479790045,0.020082362214221106,163.53362900058173,,code,2-1-2-0-1-1-0-1,0.5174512101932256,True,1,batch,True,social,20,1,swarm
oe3-ofat-pilot-v2,oe3,swarm|batch|bc1|h1|social|r1|N20|c1,syn-visual_dominant-repetitive-r3,visual_dominant,repetitive,1,0,9442719100814584237,2026-10-01T05:42:09.353+00:00,completed,epsilon,True,True,True,True,,42.754503,53.04303799857735,51.54253000000608,2,55,0.5053301087599773,0.0,137.436115001687,,diagram,1-0-2-0-0-1-0-1,0.5053301087599773,True,1,batch,True,social,20,1,swarm
oe3-ofat-pilot-v2,oe3,swarm|batch|bc1|h1|social|r1|N20|c1,syn-visual_dominant-repetitive-r4,visual_dominant,repetitive,1,0,13949056110443868569,2026-10-01T05:42:09.406+00:00,completed,epsilon,True,True,True,True,,53.271867,59.380110000347486,57.52545100040152,4,68,0.46760730899554137,1.9637715242826204e-07,138.68947499567253,,diagram,1-0-2-1-0-1-0-1,0.4676075053726938,True,1,batch,True,social,20,1,swarm
oe3-ofat-pilot-v2,oe3,swarm|batch|bc1|h1|social|r1|N20|c1,syn-visual_dominant-arrays_vectors-r0,visual_dominant,arrays_vectors,1,0,2917865247295538106,2026-10-01T05:42:09.465+00:00,completed,epsilon,True,True,True,True,,33.033,38.93656600121176,37.28169999885722,1,59,0.46105976353153516,0.027875012652007147,183.32413500162076,,diagram,1-1-2-1-0-1-0-1,0.4889347761835423,True,1,batch,True,social,20,1,swarm
oe3-ofat-pilot-v2,oe3,swarm|batch|bc1|h1|social|r1|N20|c1,syn-visual_dominant-arrays_vectors-r1,visual_dominant,arrays_vectors,1,0,5722646615589724131,2026-10-01T05:42:09.504+00:00,completed,epsilon,True,True,True,True,,34.325784,41.9017359999998,40.307243001734605,1,53,0.448934361287075,0.004258245401240313,123.15211198924187,,diagram,1-0-2-1-1-0-1-0,0.4531926066883153,True,1,batch,True,social,20,1,swarm
oe3-ofat-pilot-v2,oe3,swarm|batch|bc1|h1|social|r1|N20|c1,syn-visual_dominant-arrays_vectors-r2,visual_dominant,arrays_vectors,1,0,7131356553039093964,2026-10-01T05:42:09.546+00:00,completed,epsilon,True,True,True,True,,44.745877,53.37117000090075,51.71976100245956,3,59,0.5140418310636407,0.007792650437785986,150.61746799578336,,diagram,1-0-2-1-1-1-1-1,0.5218344815014266,True,1,batch,True,social,20,1,swarm
oe3-ofat-pilot-v2,oe3,swarm|batch|bc1|h1|social|r1|N20|c1,syn-visual_dominant-arrays_vectors-r3,visual_dominant,arrays_vectors,1,0,9708572912594749697,2026-10-01T05:42:09.600+00:00,completed,epsilon,True,True,True,True,,41.339965,49.90462099885917,48.30248500002199,1,57,0.5179109459939615,0.01002641009046179,173.2685369905869,,diagram,0-1-2-1-1-0-0-0,0.5279373560844233,True,1,batch,True,social,20,1,swarm
oe3-ofat-pilot-v2,oe3,swarm|batch|bc1|h1|social|r1|N20|c1,syn-visual_dominant-arrays_vectors-r4,visual_dominant,arrays_vectors,1,0,8051371913516571402,2026-10-01T05:42:09.650+00:00,completed,epsilon,True,True,True,True,,29.440456,37.038128000858705,35.73084600066068,1,48,0.48288447505901916,0.014696718078363646,107.70865800729277,,diagram,1-1-2-1-1-1-0-1,0.4975811931373828,True,1,batch,True,social,20,1,swarm
oe3-ofat-pilot-v2,oe3,swarm|batch|bc1|h1|social|r1|N20|c1,syn-visual_dominant-functions-r0,visual_dominant,functions,1,0,16135236781280778921,2026-10-01T05:42:09.687+00:00,completed,epsilon,True,True,True,True,,43.577325,49.41183600021759,47.77881100017112,2,62,0.4977881257361313,1.9637715242826204e-07,188.760012001216,,diagram,1-0-2-1-1-1-0-1,0.4977883221132837,True,1,batch,True,social,20,1,swarm
oe3-ofat-pilot-v2,oe3,swarm|batch|bc1|h1|social|r1|N20|c1,syn-visual_dominant-functions-r1,visual_dominant,functions,1,0,11881822526199768276,2026-10-01T05:42:09.736+00:00,completed,epsilon,True,True,True,True,,40.365624,45.909374002803816,44.28518900022027,2,59,0.4941057150421845,0.007792650437785986,153.3525889915103,,code,2-0-2-1-1-1-0-1,0.5018983654799705,True,1,batch,True,social,20,1,swarm
oe3-ofat-pilot-v2,oe3,swarm|batch|bc1|h1|social|r1|N20|c1,syn-visual_dominant-functions-r2,visual_dominant,functions,1,0,8281290246287181489,2026-10-01T05:42:09.782+00:00,completed,epsilon,True,True,True,True,,54.585773,62.376655001571635,60.42663300104323,4,71,0.47137620712380746,0.0,121.52572298935873,,diagram,1-0-2-0-1-0-1-1,0.47137620712380746,True,1,batch,True,social,20,1,swarm
oe3-ofat-pilot-v2,oe3,swarm|batch|bc1|h1|social|r1|N20|c1,syn-visual_dominant-functions-r3,visual_dominant,functions,1,0,11110122146323643609,2026-10-01T05:42:09.844+00:00,completed,epsilon,True,True,True,True,,51.866267,61.21304699991015,59.54994500280009,3,64,0.46752807932785406,0.012907029719290863,178.29223801599218,,diagram,1-2-2-0-0-0-1-1,0.4804351090471449,True,1,batch,True,social,20,1,swarm
oe3-ofat-pilot-v2,oe3,swarm|batch|bc1|h1|social|r1|N20|c1,syn-visual_dominant-functions-r4,visual_dominant,functions,1,0,3086301632103932787,2026-10-01T05:42:09.906+00:00,completed,epsilon,True,True,True,True,,56.994178,65.17397700008587,63.353597000968875,4,68,0.5026284426457682,0.0,110.03770700825098,,code,2-0-2-0-1-1-1-1,0.5026284426457682,True,1,batch,True,social,20,1,swarm
oe3-ofat-pilot-v2,oe3,swarm|batch|bc1|h1|social|r1|N20|c1,syn-logical_syntactic-sequential-r0,logical_syntactic,sequential,1,0,7251352304488983451,2026-10-01T05:42:09.971+00:00,completed,epsilon,True,True,True,True,,38.073544,47.04089000006206,45.49878700345289,1,59,0.4761348237523099,0.02008255859137359,176.31427200903295,,code,2-1-1-1-0-1-0-1,0.4962173823436835,True,1,batch,True,social,20,1,swarm
oe3-ofat-pilot-v2,oe3,swarm|batch|bc1|h1|social|r1|N20|c1,syn-logical_syntactic-sequential-r1,logical_syntactic,sequential,1,0,12053108598153308178,2026-10-01T05:42:10.018+00:00,completed,epsilon,True,True,True,True,,51.732354,61.20225500126253,59.24528600007761,4,65,0.48254601815860443,3.4366001677721414e-07,116.2602110016278,,code,2-0-1-2-1-1-0-1,0.4825463618186212,True,1,batch,True,social,20,1,swarm
oe3-ofat-pilot-v2,oe3,swarm|batch|bc1|h1|social|r1|N20|c1,syn-logical_syntactic-sequential-r2,logical_syntactic,sequential,1,0,16364623137167520195,2026-10-01T05:42:10.079+00:00,completed,epsilon,True,True,True,True,,33.668641,40.04877999977907,38.38685499795247,1,53,0.5052479809084092,0.0034158919247069264,153.71357799581966,,code,2-1-0-1-1-1-1-1,0.5086638728331161,True,1,batch,True,social,20,1,swarm
oe3-ofat-pilot-v2,oe3,swarm|batch|bc1|h1|social|r1|N20|c1,syn-logical_syntactic-sequential-r3,logical_syntactic,sequential,1,0,14054898920044902309,2026-10-01T05:42:10.119+00:00,completed,epsilon,True,True,True,True,,41.211713,47.05420400205185,45.55818099834141,2,60,0.47454039043400664,1.9637715242826204e-07,181.35657401198245,,code,2-0-1-1-1-1-0-1,0.47454058681115907,True,1,batch,True,social,20,1,swarm
oe3-ofat-pilot-v2,oe3,swarm|batch|bc1|h1|social|r1|N20|c1,syn-logical_syntactic-sequential-r4,logical_syntactic,sequential,1,0,13156865779355580401,2026-10-01T05:42:10.166+00:00,completed,epsilon,True,True,True,True,,37.723684,46.46845599927474,44.83680200064555,1,58,0.4768785814363051,0.019509201575559354,162.8420219953261,,code,2-0-1-1-1-1-1-1,0.4963877830118645,True,1,batch,True,social,20,1,swarm
oe3-ofat-pilot-v2,oe3,swarm|batch|bc1|h1|social|r1|N20|c1,syn-logical_syntactic-conditional-r0,logical_syntactic,conditional,1,0,11414306351426817161,2026-10-01T05:42:10.213+00:00,completed,epsilon,True,True,True,True,,39.938247,45.85402500015334,44.18557000099099,1,61,0.4552124341978106,0.0036547194033032526,222.7018889941832,,code,2-1-1-1-0-1-0-1,0.45886715360111385,True,1,batch,True,social,20,1,swarm
oe3-ofat-pilot-v2,oe3,swarm|batch|bc1|h1|social|r1|N20|c1,syn-logical_syntactic-conditional-r1,logical_syntactic,conditional,1,0,7856604676471064028,2026-10-01T05:42:10.259+00:00,completed,epsilon,True,True,True,True,,50.377431,56.315049001568696,54.50322400065488,3,69,0.45182436159096645,1.963771524837732e-07,163.22896400586205,,code,2-1-1-1-0-0-0-1,0.45182455796811893,True,1,batch,True,social,20,1,swarm
oe3-ofat-pilot-v2,oe3,swarm|batch|bc1|h1|social|r1|N20|c1,syn-logical_syntactic-conditional-r2,logical_syntactic,conditional,1,0,3752771868888662993,2026-10-01T05:42:10.315+00:00,completed,epsilon,True,True,True,True,,38.649091,44.30441099975724,42.76007900261902,1,55,0.4631068467146388,0.0036547194033032526,154.3366530142604,,code,2-1-1-1-0-1-1-1,0.46676156611794206,True,1,batch,True,social,20,1,swarm
oe3-ofat-pilot-v2,oe3,swarm|batch|bc1|h1|social|r1|N20|c1,syn-logical_syntactic-conditional-r3,logical_syntactic,conditional,1,0,2424363617272683664,2026-10-01T05:42:10.359+00:00,completed,epsilon,True,True,True,True,,31.099301,36.64668900091783,35.15092399902642,1,51,0.46926591844681625,1.963771524837732e-07,140.00034998677287,,code,2-1-1-1-0-0-0-1,0.46926611482396874,True,1,batch,True,social,20,1,swarm
oe3-ofat-pilot-v2,oe3,swarm|batch|bc1|h1|social|r1|N20|c1,syn-logical_syntactic-conditional-r4,logical_syntactic,conditional,1,0,10671629074959594599,2026-10-01T05:42:10.396+00:00,completed,epsilon,True,True,True,True,,31.223697,36.607275000278605,35.20635400127503,1,49,0.4839345737065493,0.0036547194033032526,131.16087000984245,,code,2-1-1-1-1-1-1-1,0.48758929310985255,True,1,batch,True,social,20,1,swarm
oe3-ofat-pilot-v2,oe3,swarm|batch|bc1|h1|social|r1|N20|c1,syn-logical_syntactic-repetitive-r0,logical_syntactic,repetitive,1,0,15966723904431689505,2026-10-01T05:42:10.432+00:00,completed,epsilon,True,True,True,True,,33.484293,39.158609997684835,37.6759620012308,1,56,0.45068774937313677,0.02008255859137359,142.36049100516257,,code,2-1-2-1-0-1-1-1,0.47077030796451036,True,1,batch,True,social,20,1,swarm
oe3-ofat-pilot-v2,oe3,swarm|batch|bc1|h1|social|r1|N20|c1,syn-logical_syntactic-repetitive-r1,logical_syntactic,repetitive,1,0,3470008616984474820,2026-10-01T05:42:10.472+00:00,completed,epsilon,True,True,True,True,,42.957852,51.567837999755284,49.94283399719279,2,60,0.4875749285414261,0.0010553553645042402,144.60788400726673,,code,2-0-1-1-0-1-0-0,0.48863028390593033,True,1,batch,True,social,20,1,swarm
oe3-ofat-pilot-v2,oe3,swarm|batch|bc1|h1|social|r1|N20|c1,syn-logical_syntactic-repetitive-r2,logical_syntactic,repetitive,1,0,11319749022719662673,2026-10-01T05:42:10.523+00:00,completed,epsilon,True,True,True,True,,46.735923,52.86098100259551,51.18155599848251,2,57,0.5086891851103017,1.9637715242826204e-07,137.05600499547663,,code,2-0-1-1-1-1-1-1,0.5086893814874541,True,1,batch,True,social,20,1,swarm
oe3-ofat-pilot-v2,oe3,swarm|batch|bc1|h1|social|r1|N20|c1,syn-logical_syntactic-repetitive-r3,logical_syntactic,repetitive,1,0,4643417038172318447,2026-10-01T05:42:10.576+00:00,completed,epsilon,True,True,True,True,,43.870553,49.851417999889236,48.114364999491954,3,61,0.48216814861223045,0.0,122.09060499301418,,code,2-0-1-0-1-1-0-1,0.48216814861223045,True,1,batch,True,social,20,1,swarm
oe3-ofat-pilot-v2,oe3,swarm|batch|bc1|h1|social|r1|N20|c1,syn-logical_syntactic-repetitive-r4,logical_syntactic,repetitive,1,0,15250258441158635833,2026-10-01T05:42:10.626+00:00,completed,epsilon,True,True,True,True,,42.954631,51.69575000036275,50.07259299964062,2,60,0.42431619622197225,0.020082362214221106,162.87536900227184,,code,2-1-0-0-1-1-0-1,0.44439855843619336,True,1,batch,True,social,20,1,swarm
oe3-ofat-pilot-v2,oe3,swarm|batch|bc1|h1|social|r1|N20|c1,syn-logical_syntactic-arrays_vectors-r0,logical_syntactic,arrays_vectors,1,0,794293079882404652,2026-10-01T05:42:10.678+00:00,completed,epsilon,True,True,True,True,,31.687881,39.412371999787865,37.86806199786952,1,51,0.497908345466907,0.007792650437785986,141.32616300626168,,code,2-0-1-1-0-1-1-1,0.505700995904693,True,1,batch,True,social,20,1,swarm
oe3-ofat-pilot-v2,oe3,swarm|batch|bc1|h1|social|r1|N20|c1,syn-logical_syntactic-arrays_vectors-r1,logical_syntactic,arrays_vectors,1,0,13279616171390739924,2026-10-01T05:42:10.717+00:00,completed,epsilon,True,True,True,True,,53.088889,62.82423800075776,60.88484000065364,3,69,0.4766932553481305,0.007351474163735328,187.11768399247663,,code,2-2-1-0-1-0-1-1,0.48404472951186583,True,1,batch,True,social,20,1,swarm
oe3-ofat-pilot-v2,oe3,swarm|batch|bc1|h1|social|r1|N20|c1,syn-logical_syntactic-arrays_vectors-r2,logical_syntactic,arrays_vectors,1,0,9505461881805374079,2026-10-01T05:42:10.780+00:00,completed,epsilon,True,True,True,True,,33.60721,39.51789499842562,38.05249300057767,1,53,0.49083069767651405,0.027875012652007147,159.3050839939667,,code,2-1-1-1-0-1-0-1,0.5187057103285212,True,1,batch,True,social,20,1,swarm
oe3-ofat-pilot-v2,oe3,swarm|batch|bc1|h1|social|r1|N20|c1,syn-logical_syntactic-arrays_vectors-r3,logical_syntactic,arrays_vectors,1,0,8401228647824766960,2026-10-01T05:42:10.819+00:00,completed,epsilon,True,True,True,True,,37.701805,44.19804899953306,42.57051300010062,1,59,0.510410675757111,0.017498999281390648,182.56570200451208,,code,2-1-1-1-1-1-1-1,0.5279096750385016,True,1,batch,True,social,20,1,swarm
oe3-ofat-pilot-v2,oe3,swarm|batch|bc1|h1|social|r1|N20|c1,syn-logical_syntactic-arrays_vectors-r4,logical_syntactic,arrays_vectors,1,0,18034434371952724805,2026-10-01T05:42:10.864+00:00,completed,epsilon,True,True,True,True,,48.28596,54.69996700048796,52.81981799998903,3,66,0.4636716133337328,0.00341589192470676,162.49850798571583,,code,2-1-1-1-0-0-1-1,0.46708750525843956,True,1,batch,True,social,20,1,swarm
oe3-ofat-pilot-v2,oe3,swarm|batch|bc1|h1|social|r1|N20|c1,syn-logical_syntactic-functions-r0,logical_syntactic,functions,1,0,356074301951452711,2026-10-01T05:42:10.918+00:00,completed,epsilon,True,True,True,True,,35.167477,41.00346400082344,39.27313299936941,1,55,0.4876998796280693,0.027875012652007147,160.931850975104,,code,2-1-1-1-1-1-0-1,0.5155748922800765,True,1,batch,True,social,20,1,swarm
oe3-ofat-pilot-v2,oe3,swarm|batch|bc1|h1|social|r1|N20|c1,syn-logical_syntactic-functions-r1,logical_syntactic,functions,1,0,18385489952471934676,2026-10-01T05:42:10.959+00:00,completed,epsilon,True,True,True,True,,48.163884,54.589109000517055,52.86234000232071,4,65,0.4952348885551682,1.9637715242826204e-07,157.1512440145382,,code,2-0-1-1-1-0-0-1,0.4952350849323206,True,1,batch,True,social,20,1,swarm
oe3-ofat-pilot-v2,oe3,swarm|batch|bc1|h1|social|r1|N20|c1,syn-logical_syntactic-functions-r2,logical_syntactic,functions,1,0,6055816422684010007,2026-10-01T05:42:11.014+00:00,completed,epsilon,True,True,True,True,,31.933591,37.257297000905965,35.95271299855085,1,48,0.4703323912858079,0.027875012652007147,117.88472799545725,,code,2-1-0-1-1-1-1-1,0.49820740393781504,True,1,batch,True,social,20,1,swarm
oe3-ofat-pilot-v2,oe3,swarm|batch|bc1|h1|social|r1|N20|c1,syn-logical_syntactic-functions-r3,logical_syntactic,functions,1,0,12612345210513099450,2026-10-01T05:42:11.051+00:00,completed,epsilon,True,True,True,True,,34.494386,40.05542499726289,38.51172999929986,1,58,0.46627757409622445,0.02008255859137359,186.16112400057588,,code,2-1-1-1-1-1-0-1,0.48636013268759803,True,1,batch,True,social,20,1,swarm
oe3-ofat-pilot-v2,oe3,swarm|batch|bc1|h1|social|r1|N20|c1,syn-logical_syntactic-functions-r4,logical_syntactic,functions,1,0,10415694527128160469,2026-10-01T05:42:11.091+00:00,completed,epsilon,True,True,True,True,,36.806951,46.14767000020947,44.70690499874763,1,51,0.40713748248632187,0.048913639728908276,127.74917399256043,,code,2-2-1-1-1-1-1-1,0.45605112221523014,True,1,batch,True,social,20,1,swarm
oe3-ofat-pilot-v2,oe3,swarm|batch|bc1|h1|social|r1|N20|c1,syn-explanatory_conceptual-sequential-r0,explanatory_conceptual,sequential,1,0,5940893258720170927,2026-10-01T05:42:11.137+00:00,completed,epsilon,True,True,True,True,,36.486646,45.587035001517506,43.99188599927584,1,56,0.4193516078456325,0.04810403721289147,165.27821500391948,,text,0-0-1-2-2-0-1-1,0.467455645058524,True,1,batch,True,social,20,1,swarm
oe3-ofat-pilot-v2,oe3,swarm|batch|bc1|h1|social|r1|N20|c1,syn-explanatory_conceptual-sequential-r1,explanatory_conceptual,sequential,1,0,17003596441327521031,2026-10-01T05:42:11.183+00:00,completed,epsilon,True,True,True,True,,34.671298,40.7918230012001,39.20901799938292,1,57,0.45267043074923324,0.006749225258040281,171.4832010029168,,text,0-1-0-1-2-1-0-1,0.4594196560072735,True,1,batch,True,social,20,1,swarm
oe3-ofat-pilot-v2,oe3,swarm|batch|bc1|h1|social|r1|N20|c1,syn-explanatory_conceptual-sequential-r2,explanatory_conceptual,sequential,1,0,18052668489611125550,2026-10-01T05:42:11.224+00:00,completed,epsilon,True,True,True,True,,43.795123,51.74690500280121,50.04502399970079,2,63,0.4347991136547246,0.027875012652007147,149.21404800026608,,text,1-1-1-1-2-1-1-1,0.46267412630673177,True,1,batch,True,social,20,1,swarm
oe3-ofat-pilot-v2,oe3,swarm|batch|bc1|h1|social|r1|N20|c1,syn-explanatory_conceptual-sequential-r3,explanatory_conceptual,sequential,1,0,6496118862096545493,2026-10-01T05:42:11.276+00:00,completed,epsilon,True,True,True,True,,45.3924,53.9903429998958,52.42504999841913,2,57,0.44582930063903703,0.003147466336683613,149.69936599675185,,text,1-2-1-1-2-1-1-1,0.44897676697572064,True,1,batch,True,social,20,1,swarm
oe3-ofat-pilot-v2,oe3,swarm|batch|bc1|h1|social|r1|N20|c1,syn-explanatory_conceptual-sequential-r4,explanatory_conceptual,sequential,1,0,1500050021784736840,2026-10-01T05:42:11.330+00:00,completed,epsilon,True,True,True,True,,51.019757,59.55491699933191,57.75189400083036,3,69,0.4665029999409801,0.0,142.55239597578148,,text,1-1-1-0-2-0-1-1,0.4665029999409801,True,1,batch,True,social,20,1,swarm
oe3-ofat-pilot-v2,oe3,swarm|batch|bc1|h1|social|r1|N20|c1,syn-explanatory_conceptual-conditional-r0,explanatory_conceptual,conditional,1,0,16561957339801224966,2026-10-01T05:42:11.389+00:00,completed,epsilon,True,True,True,True,,33.802754,39.493183001468424,38.01970999847981,1,51,0.487737317609176,0.007792650437786042,158.61345300503692,,code,2-1-1-1-2-1-1-1,0.49552996804696203,True,1,batch,True,social,20,1,swarm
oe3-ofat-pilot-v2,oe3,swarm|batch|bc1|h1|social|r1|N20|c1,syn-explanatory_conceptual-conditional-r1,explanatory_conceptual,conditional,1,0,3094637029774210609,2026-10-01T05:42:11.429+00:00,completed,epsilon,True,True,True,True,,40.861796,46.988531001261435,45.40491500301869,2,57,0.4788636419583419,1.963771524837732e-07,135.77647401317023,,text,1-1-1-1-2-0-1-1,0.4788638383354944,True,1,batch,True,social,20,1,swarm
oe3-ofat-pilot-v2,oe3,swarm|batch|bc1|h1|social|r1|N20|c1,syn-explanatory_conceptual-conditional-r2,explanatory_conceptual,conditional,1,0,3804476585378584912,2026-10-01T05:42:11.476+00:00,completed,epsilon,True,True,True,True,,33.969169,39.7585809987504,38.22860199943534,1,56,0.4825120796519577,0.007792650437786042,163.0938199944918,,diagram,1-1-2-1-2-1-1-1,0.49030473008974373,True,1,batch,True,social,20,1,swarm
oe3-ofat-pilot-v2,oe3,swarm|batch|bc1|h1|social|r1|N20|c1,syn-explanatory_conceptual-conditional-r3,explanatory_conceptual,conditional,1,0,17655201975640420228,2026-10-01T05:42:11.515+00:00,completed,epsilon,True,True,True,True,,49.427788,55.44739600009052,53.77037699872744,3,63,0.4346182283477961,1.963771524837732e-07,135.21461199395105,,text,1-1-0-1-2-0-0-1,0.4346184247249486,True,1,batch,True,social,20,1,swarm
oe3-ofat-pilot-v2,oe3,swarm|batch|bc1|h1|social|r1|N20|c1,syn-explanatory_conceptual-conditional-r4,explanatory_conceptual,conditional,1,0,12297342674909518057,2026-10-01T05:42:11.571+00:00,completed,epsilon,True,True,True,True,,42.790022,54.632744002447,52.91174800004228,2,62,0.43714016499501035,0.02799593617279056,174.72122100413975,,text,1-1-1-1-2-2-0-1,0.4651361011678009,True,1,batch,True,social,20,1,swarm
oe3-ofat-pilot-v2,oe3,swarm|batch|bc1|h1|social|r1|N20|c1,syn-explanatory_conceptual-repetitive-r0,explanatory_conceptual,repetitive,1,0,6786978368093374640,2026-10-01T05:42:11.626+00:00,completed,epsilon,True,True,True,True,,46.781864,56.19746400043368,54.303279001032934,2,65,0.4661812521376081,0.0,180.604788004491,,text,1-0-1-0-2-1-0-1,0.4661812521376081,True,1,batch,True,social,20,1,swarm
oe3-ofat-pilot-v2,oe3,swarm|batch|bc1|h1|social|r1|N20|c1,syn-explanatory_conceptual-repetitive-r1,explanatory_conceptual,repetitive,1,0,5950440212697171806,2026-10-01T05:42:11.682+00:00,completed,epsilon,True,True,True,True,,49.41834,55.862261997390306,54.100555997138144,2,61,0.5255407002055713,1.9637715242826204e-07,153.42170301183802,,text,1-0-1-1-2-1-1-1,0.5255408965827237,True,1,batch,True,social,20,1,swarm
oe3-ofat-pilot-v2,oe3,swarm|batch|bc1|h1|social|r1|N20|c1,syn-explanatory_conceptual-repetitive-r2,explanatory_conceptual,repetitive,1,0,6222910758705333057,2026-10-01T05:42:11.738+00:00,completed,epsilon,True,True,True,True,,36.33852,41.836799999146024,40.38479399969219,1,52,0.4707990919315041,0.021881510427353146,143.3614820127481,,text,1-1-1-1-2-1-1-1,0.49268060235885724,True,1,batch,True,social,20,1,swarm
oe3-ofat-pilot-v2,oe3,swarm|batch|bc1|h1|social|r1|N20|c1,syn-explanatory_conceptual-repetitive-r3,explanatory_conceptual,repetitive,1,0,17395909730376452467,2026-10-01T05:42:11.780+00:00,completed,epsilon,True,True,True,True,,34.26725,40.0165430000925,38.59146499962662,1,54,0.4676016009215934,0.020082362214221106,143.19076700491078,,code,2-1-1-0-2-1-1-1,0.4876839631358145,True,1,batch,True,social,20,1,swarm
oe3-ofat-pilot-v2,oe3,swarm|batch|bc1|h1|social|r1|N20|c1,syn-explanatory_conceptual-repetitive-r4,explanatory_conceptual,repetitive,1,0,2621255172561224409,2026-10-01T05:42:11.820+00:00,completed,epsilon,True,True,True,True,,36.434444,42.498073999013286,40.85892199873342,1,53,0.45405216601876935,0.02008255859137359,144.72615500514647,,text,1-1-0-1-2-1-1-1,0.47413472461014294,True,1,batch,True,social,20,1,swarm
oe3-ofat-pilot-v2,oe3,swarm|batch|bc1|h1|social|r1|N20|c1,syn-explanatory_conceptual-arrays_vectors-r0,explanatory_conceptual,arrays_vectors,1,0,10569514230950469850,2026-10-01T05:42:11.862+00:00,completed,epsilon,True,True,True,True,,33.276742,39.54304000217235,37.910339000518434,1,53,0.49778085910851905,0.027875012652007147,147.85344499655642,,text,1-1-1-1-2-1-0-1,0.5256558717605262,True,1,batch,True,social,20,1,swarm
oe3-ofat-pilot-v2,oe3,swarm|batch|bc1|h1|social|r1|N20|c1,syn-explanatory_conceptual-arrays_vectors-r1,explanatory_conceptual,arrays_vectors,1,0,6346414434741826451,2026-10-01T05:42:11.902+00:00,completed,epsilon,True,True,True,True,,48.4789,54.98912300026859,53.089195000211475,3,67,0.48198184809505246,0.00827759646681353,171.10614900439117,,text,0-2-0-1-2-0-1-1,0.490259444561866,True,1,batch,True,social,20,1,swarm
oe3-ofat-pilot-v2,oe3,swarm|batch|bc1|h1|social|r1|N20|c1,syn-explanatory_conceptual-arrays_vectors-r2,explanatory_conceptual,arrays_vectors,1,0,7456642890382495948,2026-10-01T05:42:11.957+00:00,completed,epsilon,True,True,True,True,,37.165366,43.59022599965101,42.126231997826835,1,50,0.5002467392530876,0.027875012652007203,144.10536199917902,,diagram,0-1-2-1-2-1-1-1,0.5281217519050948,True,1,batch,True,social,20,1,swarm
oe3-ofat-pilot-v2,oe3,swarm|batch|bc1|h1|social|r1|N20|c1,syn-explanatory_conceptual-arrays_vectors-r3,explanatory_conceptual,arrays_vectors,1,0,5229689892982576134,2026-10-01T05:42:12.000+00:00,completed,epsilon,True,True,True,True,,34.835512,40.766718000668334,39.28675900169765,1,53,0.4899428394838256,0.017498999281390593,139.0220250067597,,text,0-1-1-1-2-1-0-1,0.5074418387652162,True,1,batch,True,social,20,1,swarm
oe3-ofat-pilot-v2,oe3,swarm|batch|bc1|h1|social|r1|N20|c1,syn-explanatory_conceptual-arrays_vectors-r4,explanatory_conceptual,arrays_vectors,1,0,867854565777186929,2026-10-01T05:42:12.041+00:00,completed,epsilon,True,True,True,True,,35.331353,41.32828400179278,39.67950900187134,2,57,0.5143723538377136,0.0034158919247068154,133.27362298240888,,text,1-1-1-1-2-0-1-1,0.5177882457624204,True,1,batch,True,social,20,1,swarm
oe3-ofat-pilot-v2,oe3,swarm|batch|bc1|h1|social|r1|N20|c1,syn-explanatory_conceptual-functions-r0,explanatory_conceptual,functions,1,0,390018258882957971,2026-10-01T05:42:12.082+00:00,completed,epsilon,True,True,True,True,,42.755722,50.963166999281384,49.31543100246927,2,58,0.5029524330025205,0.007792650437785986,169.45667399427924,,text,1-0-1-1-2-1-1-1,0.5107450834403064,True,1,batch,True,social,20,1,swarm
oe3-ofat-pilot-v2,oe3,swarm|batch|bc1|h1|social|r1|N20|c1,syn-explanatory_conceptual-functions-r1,explanatory_conceptual,functions,1,0,11160429587351825343,2026-10-01T05:42:12.133+00:00,completed,epsilon,True,True,True,True,,56.392617,63.12493899895344,61.15213199882419,3,67,0.5005154859174724,0.012907029719290808,181.84267200710138,,code,2-2-1-0-2-0-0-1,0.5134225156367632,True,1,batch,True,social,20,1,swarm
oe3-ofat-pilot-v2,oe3,swarm|batch|bc1|h1|social|r1|N20|c1,syn-explanatory_conceptual-functions-r2,explanatory_conceptual,functions,1,0,5090813952958751476,2026-10-01T05:42:12.196+00:00,completed,epsilon,True,True,True,True,,39.821272,46.461327001452446,44.720428999426076,2,62,0.4862088786957507,1.9637715242826204e-07,165.0884049957553,,text,1-0-1-1-2-1-1-1,0.4862090750729031,True,1,batch,True,social,20,1,swarm
oe3-ofat-pilot-v2,oe3,swarm|batch|bc1|h1|social|r1|N20|c1,syn-explanatory_conceptual-functions-r3,explanatory_conceptual,functions,1,0,7362159366338916777,2026-10-01T05:42:12.243+00:00,completed,epsilon,True,True,True,True,,31.954216,38.08106900032726,36.58847800033982,1,51,0.4776949131384411,0.027875012652007147,132.1288179962457,,text,1-1-1-1-2-1-1-1,0.5055699257904482,True,1,batch,True,social,20,1,swarm
oe3-ofat-pilot-v2,oe3,swarm|batch|bc1|h1|social|r1|N20|c1,syn-explanatory_conceptual-functions-r4,explanatory_conceptual,functions,1,0,4046828528569989559,2026-10-01T05:42:12.281+00:00,completed,epsilon,True,True,True,True,,43.900109,50.08467699735775,48.32014099883963,2,62,0.49199091628992764,0.007709514729653311,166.5370849838268,,text,1-0-1-0-2-0-0-1,0.49970043101958095,True,1,batch,True,social,20,1,swarm
oe3-ofat-pilot-v2,oe3,swarm|batch|bc1|h1|social|r1|N20|c1,syn-balanced_multimodal-sequential-r0,balanced_multimodal,sequential,1,0,8313710015022879933,2026-10-01T05:42:12.331+00:00,completed,epsilon,True,True,True,True,,42.433752,49.517809002281865,47.367532999487594,2,58,0.4865712744916427,0.008293843010792501,162.7490399930424,,diagram,1-0-2-1-1-1-0-1,0.4948651175024352,True,1,batch,True,social,20,1,swarm
oe3-ofat-pilot-v2,oe3,swarm|batch|bc1|h1|social|r1|N20|c1,syn-balanced_multimodal-sequential-r1,balanced_multimodal,sequential,1,0,17034292383154152654,2026-10-01T05:42:12.381+00:00,completed,epsilon,True,True,True,True,,47.779899,54.90377400201396,53.427332000865135,1,53,0.46254329609296624,0.023319774530693393,230.41536198687083,,diagram,1-1-2-1-1-1-1-1,0.48586307062365963,True,1,batch,True,social,20,1,swarm
oe3-ofat-pilot-v2,oe3,swarm|batch|bc1|h1|social|r1|N20|c1,syn-balanced_multimodal-sequential-r2,balanced_multimodal,sequential,1,0,17948066834823550806,2026-10-01T05:42:12.436+00:00,completed,epsilon,True,True,True,True,,32.144537,37.821735997567885,36.38155999942683,1,49,0.4994689164392216,0.02008255859137359,106.16432798388092,,code,2-1-1-1-1-1-1-1,0.5195514750305952,True,1,batch,True,social,20,1,swarm
oe3-ofat-pilot-v2,oe3,swarm|batch|bc1|h1|social|r1|N20|c1,syn-balanced_multimodal-sequential-r3,balanced_multimodal,sequential,1,0,16502357028709200888,2026-10-01T05:42:12.473+00:00,completed,epsilon,True,True,True,True,,48.899473,54.9749720012187,53.35207699681632,3,63,0.5055952816994697,0.0,130.90791098316413,,text,1-0-1-0-2-1-1-1,0.5055952816994697,True,1,batch,True,social,20,1,swarm
oe3-ofat-pilot-v2,oe3,swarm|batch|bc1|h1|social|r1|N20|c1,syn-balanced_multimodal-sequential-r4,balanced_multimodal,sequential,1,0,8817791777023713523,2026-10-01T05:42:12.528+00:00,completed,epsilon,True,True,True,True,,47.772701,53.92274800033192,52.28787299711257,3,62,0.5064315796491161,0.0,146.3721869925274,,code,2-0-2-0-2-1-2-1,0.5064315796491161,True,1,batch,True,social,20,1,swarm
oe3-ofat-pilot-v2,oe3,swarm|batch|bc1|h1|social|r1|N20|c1,syn-balanced_multimodal-conditional-r0,balanced_multimodal,conditional,1,0,6807183157127120355,2026-10-01T05:42:12.582+00:00,completed,epsilon,True,True,True,True,,33.891114,42.80355000082636,41.409205998206744,1,50,0.48780522303376883,0.003654523026150769,127.65223898965274,,code,2-1-1-0-1-1-1-1,0.4914597460599196,True,1,batch,True,social,20,1,swarm
oe3-ofat-pilot-v2,oe3,swarm|batch|bc1|h1|social|r1|N20|c1,syn-balanced_multimodal-conditional-r1,balanced_multimodal,conditional,1,0,4678364357267402099,2026-10-01T05:42:12.625+00:00,completed,epsilon,True,True,True,True,,29.985658,35.683161000633845,34.27953100253944,1,49,0.49101688093417845,0.007792650437786042,129.0872779966082,,code,2-1-2-1-2-1-2-1,0.4988095313719645,True,1,batch,True,social,20,1,swarm
oe3-ofat-pilot-v2,oe3,swarm|batch|bc1|h1|social|r1|N20|c1,syn-balanced_multimodal-conditional-r2,balanced_multimodal,conditional,1,0,2073738674720842464,2026-10-01T05:42:12.661+00:00,completed,epsilon,True,True,True,True,,35.849087,45.204343001387315,43.71219300082885,1,51,0.4946714052827956,0.004709878390655009,139.8868549951668,,code,0-1-0-1-0-1-0-0,0.4993812836734506,True,1,batch,True,social,20,1,swarm
oe3-ofat-pilot-v2,oe3,swarm|batch|bc1|h1|social|r1|N20|c1,syn-balanced_multimodal-conditional-r3,balanced_multimodal,conditional,1,0,1284693550691140380,2026-10-01T05:42:12.706+00:00,completed,epsilon,True,True,True,True,,38.05224,44.08559500006959,42.356403999292525,1,58,0.4637423303052723,0.007792650437786042,188.72453998658432,,text,1-1-1-1-2-1-1-1,0.47153498074305833,True,1,batch,True,social,20,1,swarm
oe3-ofat-pilot-v2,oe3,swarm|batch|bc1|h1|social|r1|N20|c1,syn-balanced_multimodal-conditional-r4,balanced_multimodal,conditional,1,0,5974251366865820635,2026-10-01T05:42:12.750+00:00,completed,epsilon,True,True,True,True,,42.534277,49.01177400097367,47.45475099844043,2,57,0.4958057468423476,0.001206155311335555,142.23567899720678,,code,1-1-1-1-1-0-1-1,0.4970119021536832,True,1,batch,True,social,20,1,swarm
oe3-ofat-pilot-v2,oe3,swarm|batch|bc1|h1|social|r1|N20|c1,syn-balanced_multimodal-repetitive-r0,balanced_multimodal,repetitive,1,0,7710084901704534217,2026-10-01T05:42:12.799+00:00,completed,epsilon,True,True,True,True,,40.014975,46.211586999561405,44.548976999067236,1,53,0.5383161833171735,0.020082558591373534,147.92914400728142,,code,2-1-1-1-1-1-2-1,0.558398741908547,True,1,batch,True,social,20,1,swarm
oe3-ofat-pilot-v2,oe3,swarm|batch|bc1|h1|social|r1|N20|c1,syn-balanced_multimodal-repetitive-r1,balanced_multimodal,repetitive,1,0,6042849434585660190,2026-10-01T05:42:12.845+00:00,completed,epsilon,True,True,True,True,,37.414627,43.780921998404665,42.114943000342464,1,56,0.5099655888622538,0.020082558591373645,153.91302599616165,,code,2-1-2-1-2-1-1-1,0.5300481474536275,True,1,batch,True,social,20,1,swarm
oe3-ofat-pilot-v2,oe3,swarm|batch|bc1|h1|social|r1|N20|c1,syn-balanced_multimodal-repetitive-r2,balanced_multimodal,repetitive,1,0,4091229752520203628,2026-10-01T05:42:12.889+00:00,completed,epsilon,True,True,True,True,,37.005,42.88851599994814,41.11810000176774,1,59,0.48695008664679024,0.02008255859137359,183.4692199804199,,code,2-1-2-1-1-1-2-1,0.5070326452381638,True,1,batch,True,social,20,1,swarm
oe3-ofat-pilot-v2,oe3,swarm|batch|bc1|h1|social|r1|N20|c1,syn-balanced_multimodal-repetitive-r3,balanced_multimodal,repetitive,1,0,18293002212130046117,2026-10-01T05:42:12.932+00:00,completed,epsilon,True,True,True,True,,37.705233,43.506262998562306,41.82716500145034,1,56,0.498403614745411,0.02008255859137359,169.931710005003,,diagram,1-1-2-1-2-1-1-1,0.5184861733367846,True,1,batch,True,social,20,1,swarm
oe3-ofat-pilot-v2,oe3,swarm|batch|bc1|h1|social|r1|N20|c1,syn-balanced_multimodal-repetitive-r4,balanced_multimodal,repetitive,1,0,17369906960138739270,2026-10-01T05:42:12.976+00:00,completed,epsilon,True,True,True,True,,52.091101,58.71476099855499,57.09229599960963,2,60,0.5555295985433403,0.0,149.95291700286253,,code,2-0-1-0-1-1-2-1,0.5555295985433403,True,1,batch,True,social,20,1,swarm
oe3-ofat-pilot-v2,oe3,swarm|batch|bc1|h1|social|r1|N20|c1,syn-balanced_multimodal-arrays_vectors-r0,balanced_multimodal,arrays_vectors,1,0,379503498259880790,2026-10-01T05:42:13.034+00:00,completed,epsilon,True,True,True,True,,32.1783,40.54113100210088,39.108750999730546,1,53,0.5013728951361804,0.027874816274854664,152.683805989808,,code,2-1-1-0-2-1-1-1,0.5292477114110351,True,1,batch,True,social,20,1,swarm
oe3-ofat-pilot-v2,oe3,swarm|batch|bc1|h1|social|r1|N20|c1,syn-balanced_multimodal-arrays_vectors-r1,balanced_multimodal,arrays_vectors,1,0,5564201871696204878,2026-10-01T05:42:13.075+00:00,completed,epsilon,True,True,True,True,,34.395727,44.49042100168299,42.88289099713438,1,53,0.5096113554103618,0.01001427809161104,148.1828860011934,,code,1-0-1-2-1-1-1-1,0.5196256335019729,True,1,batch,True,social,20,1,swarm
oe3-ofat-pilot-v2,oe3,swarm|batch|bc1|h1|social|r1|N20|c1,syn-balanced_multimodal-arrays_vectors-r2,balanced_multimodal,arrays_vectors,1,0,17388681570381543666,2026-10-01T05:42:13.119+00:00,completed,epsilon,True,True,True,True,,47.716059,54.08493299910333,52.36363199946936,2,65,0.5407905216435444,0.007792650437785986,200.15739498278822,,text,1-0-1-1-2-1-1-1,0.5485831720813303,True,1,batch,True,social,20,1,swarm
oe3-ofat-pilot-v2,oe3,swarm|batch|bc1|h1|social|r1|N20|c1,syn-balanced_multimodal-arrays_vectors-r3,balanced_multimodal,arrays_vectors,1,0,17553891701874167660,2026-10-01T05:42:13.173+00:00,completed,epsilon,True,True,True,True,,44.09624,49.943237001571106,48.350638997362694,2,57,0.5326887851156756,0.019041613531884827,140.97877299451198,,code,1-0-1-1-1-0-1-1,0.5517303986475605,True,1,batch,True,social,20,1,swarm
oe3-ofat-pilot-v2,oe3,swarm|batch|bc1|h1|social|r1|N20|c1,syn-balanced_multimodal-arrays_vectors-r4,balanced_multimodal,arrays_vectors,1,0,15382256458381187390,2026-10-01T05:42:13.223+00:00,completed,epsilon,True,True,True,True,,31.710156,39.68934799922863,38.11109299931559,1,53,0.5118957914736844,0.014696521701211163,150.66792100671898,,code,2-1-1-0-1-1-1-1,0.5265923131748955,True,1,batch,True,social,20,1,swarm
oe3-ofat-pilot-v2,oe3,swarm|batch|bc1|h1|social|r1|N20|c1,syn-balanced_multimodal-functions-r0,balanced_multimodal,functions,1,0,7719418254047656559,2026-10-01T05:42:13.263+00:00,completed,epsilon,True,True,True,True,,29.958468,36.08125500250026,34.799184002622496,1,46,0.5031061710751976,0.027874816274854664,98.6436790222311,,code,2-1-2-0-1-1-1-1,0.5309809873500523,True,1,batch,True,social,20,1,swarm
oe3-ofat-pilot-v2,oe3,swarm|batch|bc1|h1|social|r1|N20|c1,syn-balanced_multimodal-functions-r1,balanced_multimodal,functions,1,0,3230558624107485757,2026-10-01T05:42:13.299+00:00,completed,epsilon,True,True,True,True,,31.850333,37.2396819984715,35.944245999417035,1,49,0.4917724457549157,0.02008255859137359,111.8621079994314,,code,2-1-1-1-1-1-2-1,0.5118550043462893,True,1,batch,True,social,20,1,swarm
oe3-ofat-pilot-v2,oe3,swarm|batch|bc1|h1|social|r1|N20|c1,syn-balanced_multimodal-functions-r2,balanced_multimodal,functions,1,0,4758260729385850854,2026-10-01T05:42:13.336+00:00,completed,epsilon,True,True,True,True,,65.073693,73.98196199937956,71.9520239981648,5,77,0.5152288157391723,0.002958709305854179,152.8729109825066,,code,2-2-1-0-1-0-1-1,0.5181875250450265,True,1,batch,True,social,20,1,swarm
oe3-ofat-pilot-v2,oe3,swarm|batch|bc1|h1|social|r1|N20|c1,syn-balanced_multimodal-functions-r3,balanced_multimodal,functions,1,0,17412235304818197162,2026-10-01T05:42:13.410+00:00,completed,epsilon,True,True,True,True,,32.219052,38.10684900236083,36.73811499902513,1,50,0.489537761565406,0.027875012652007147,135.41394000066865,,diagram,1-1-2-1-2-1-1-1,0.5174127742174132,True,1,batch,True,social,20,1,swarm
oe3-ofat-pilot-v2,oe3,swarm|batch|bc1|h1|social|r1|N20|c1,syn-balanced_multimodal-functions-r4,balanced_multimodal,functions,1,0,10538569118723935937,2026-10-01T05:42:13.449+00:00,completed,epsilon,True,True,True,True,,55.477678,64.65057600144064,62.8069049998885,4,71,0.4888026404476579,0.014907226096443404,160.1398150016184,,diagram,1-2-2-1-1-0-1-1,0.5037098665441013,True,1,batch,True,social,20,1,swarm
oe3-ofat-pilot-v2,oe3,swarm|batch|bc1|h1|social|r1|N20|c1,syn-visual_dominant-sequential-r0,visual_dominant,sequential,2,0,933970462017344115,2026-10-01T05:42:13.513+00:00,completed,epsilon,True,True,True,True,,29.017195,35.00046699991799,33.58582999862847,1,47,0.45572350868757355,0.02008255859137359,118.25408599438792,,diagram,1-1-2-1-1-1-0-1,0.47580606727894714,True,1,batch,True,social,20,1,swarm
oe3-ofat-pilot-v2,oe3,swarm|batch|bc1|h1|social|r1|N20|c1,syn-visual_dominant-sequential-r1,visual_dominant,sequential,2,0,15218885005855845146,2026-10-01T05:42:13.548+00:00,completed,epsilon,True,True,True,True,,32.913143,41.39651300283731,39.970290003111586,1,51,0.4487852286224354,0.020082362214221106,136.83372200366995,,diagram,1-1-2-0-0-1-1-1,0.4688675908366565,True,1,batch,True,social,20,1,swarm
oe3-ofat-pilot-v2,oe3,swarm|batch|bc1|h1|social|r1|N20|c1,syn-visual_dominant-sequential-r2,visual_dominant,sequential,2,0,7545626482412980018,2026-10-01T05:42:13.590+00:00,completed,epsilon,True,True,True,True,,52.976495,63.767087001906475,61.801738000212936,4,73,0.4601173344662419,0.008378750322897255,186.67020598950586,,diagram,1-0-2-0-0-1-0-2,0.4684960847891392,True,1,batch,True,social,20,1,swarm
oe3-ofat-pilot-v2,oe3,swarm|batch|bc1|h1|social|r1|N20|c1,syn-visual_dominant-sequential-r3,visual_dominant,sequential,2,0,13538790792892562212,2026-10-01T05:42:13.653+00:00,completed,epsilon,True,True,True,True,,39.489289,45.287136999832,43.717992997699184,2,58,0.49689284274488765,1.9637715242826204e-07,134.70920499376345,,diagram,1-0-2-1-0-1-1-1,0.4968930391220401,True,1,batch,True,social,20,1,swarm
oe3-ofat-pilot-v2,oe3,swarm|batch|bc1|h1|social|r1|N20|c1,syn-visual_dominant-sequential-r4,visual_dominant,sequential,2,0,7393655945380185391,2026-10-01T05:42:13.699+00:00,completed,epsilon,True,True,True,True,,32.462772,40.27493499961565,38.70754500167095,1,57,0.44620035377287093,0.0077905977223554634,170.0955240277075,,diagram,1-0-2-1-1-1-1-1,0.4539909514952264,True,1,batch,True,social,20,1,swarm
oe3-ofat-pilot-v2,oe3,swarm|batch|bc1|h1|social|r1|N20|c1,syn-visual_dominant-conditional-r0,visual_dominant,conditional,2,0,17253185604956212818,2026-10-01T05:42:13.739+00:00,completed,epsilon,True,True,True,True,,35.928102,41.84275800071191,40.21578500032774,1,56,0.4683786250362893,0.007792650437786042,173.7535969983631,,diagram,1-1-2-1-0-1-0-1,0.47617127547407534,True,1,batch,True,social,20,1,swarm
oe3-ofat-pilot-v2,oe3,swarm|batch|bc1|h1|social|r1|N20|c1,syn-visual_dominant-conditional-r1,visual_dominant,conditional,2,0,3235172617710283348,2026-10-01T05:42:13.781+00:00,completed,epsilon,True,True,True,True,,56.743263,67.1326150004461,65.29857100031222,4,68,0.43713140449865545,3.436600168327253e-07,108.56565298672524,,diagram,1-1-2-2-0-0-0-1,0.4371317481586723,True,1,batch,True,social,20,1,swarm
oe3-ofat-pilot-v2,oe3,swarm|batch|bc1|h1|social|r1|N20|c1,syn-visual_dominant-conditional-r2,visual_dominant,conditional,2,0,16949393807535874105,2026-10-01T05:42:13.848+00:00,completed,epsilon,True,True,True,True,,50.979517,60.78159300159314,59.036982001998695,3,66,0.4669158360283403,0.008847613047985314,151.3674269957846,,code,2-1-2-0-1-1-1-0,0.4757634490763256,True,1,batch,True,social,20,1,swarm
oe3-ofat-pilot-v2,oe3,swarm|batch|bc1|h1|social|r1|N20|c1,syn-visual_dominant-conditional-r3,visual_dominant,conditional,2,0,6814480715556192419,2026-10-01T05:42:13.909+00:00,completed,epsilon,True,True,True,True,,47.090645,53.13145699983579,51.367624997510575,2,65,0.4537572043126114,0.0036547194033032526,144.98934301015566,,diagram,1-1-2-1-0-1-1-1,0.45741192371591466,True,1,batch,True,social,20,1,swarm
oe3-ofat-pilot-v2,oe3,swarm|batch|bc1|h1|social|r1|N20|c1,syn-visual_dominant-conditional-r4,visual_dominant,conditional,2,0,9372143264887450917,2026-10-01T05:42:13.962+00:00,completed,epsilon,True,True,True,True,,52.209781,58.6291040017386,56.69140200188849,3,69,0.4486569413932807,0.0,178.35116001206623,,diagram,1-1-2-0-1-0-0-1,0.4486569413932807,True,1,batch,True,social,20,1,swarm
oe3-ofat-pilot-v2,oe3,swarm|batch|bc1|h1|social|r1|N20|c1,syn-visual_dominant-repetitive-r0,visual_dominant,repetitive,2,0,17432386358067490306,2026-10-01T05:42:14.021+00:00,completed,epsilon,True,True,True,True,,36.555644,42.57199899802799,40.87257800347288,1,58,0.46998170127395994,0.02008255859137359,149.3556890045132,,diagram,1-1-2-1-1-1-0-1,0.49006425986533353,True,1,batch,True,social,20,1,swarm
oe3-ofat-pilot-v2,oe3,swarm|batch|bc1|h1|social|r1|N20|c1,syn-visual_dominant-repetitive-r1,visual_dominant,repetitive,2,0,4534189775785306943,2026-10-01T05:42:14.063+00:00,completed,epsilon,True,True,True,True,,42.972564,49.062516998674255,47.39829699974507,2,63,0.47132853097575106,0.02008255859137359,153.98985801092303,,code,2-1-2-1-1-1-1-1,0.49141108956712465,True,1,batch,True,social,20,1,swarm
oe3-ofat-pilot-v2,oe3,swarm|batch|bc1|h1|social|r1|N20|c1,syn-visual_dominant-repetitive-r2,visual_dominant,repetitive,2,0,14890725539570871282,2026-10-01T05:42:14.112+00:00,completed,epsilon,True,True,True,True,,40.538036,47.09451699818601,45.1792439998826,1,59,0.497368651601852,0.02008255859137359,196.9967819911934,,code,2-1-2-1-1-1-0-1,0.5174512101932256,True,1,batch,True,social,20,1,swarm
oe3-ofat-pilot-v2,oe3,swarm|batch|bc1|h1|social|r1|N20|c1,syn-visual_dominant-repetitive-r3,visual_dominant,repetitive,2,0,11175944323486150873,2026-10-01T05:42:14.159+00:00,completed,epsilon,True,True,True,True,,44.510779,55.897673999425024,54.23063399939565,1,59,0.48131196792957526,0.024018140830402046,186.8709479948206,,diagram,1-2-2-0-0-1-0-1,0.5053301087599773,True,1,batch,True,social,20,1,swarm
oe3-ofat-pilot-v2,oe3,swarm|batch|bc1|h1|social|r1|N20|c1,syn-visual_dominant-repetitive-r4,visual_dominant,repetitive,2,0,6321021491439439287,2026-10-01T05:42:14.215+00:00,completed,epsilon,True,True,True,True,,54.048329,60.405599000660004,58.52984500234015,3,69,0.46760730899554137,1.9637715242826204e-07,143.37638499487403,,diagram,1-0-2-1-0-1-0-1,0.4676075053726938,True,1,batch,True,social,20,1,swarm
oe3-ofat-pilot-v2,oe3,swarm|batch|bc1|h1|social|r1|N20|c1,syn-visual_dominant-arrays_vectors-r0,visual_dominant,arrays_vectors,2,0,15952936129579093559,2026-10-01T05:42:14.276+00:00,completed,epsilon,True,True,True,True,,40.603983,49.16901600154233,47.54856399813434,2,63,0.4727635718000115,0.016171204383530813,188.5243649944735,,diagram,1-0-2-0-0-1-0-2,0.4889347761835423,True,1,batch,True,social,20,1,swarm
oe3-ofat-pilot-v2,oe3,swarm|batch|bc1|h1|social|r1|N20|c1,syn-visual_dominant-arrays_vectors-r1,visual_dominant,arrays_vectors,2,0,4150365637679857595,2026-10-01T05:42:14.325+00:00,completed,epsilon,True,True,True,True,,41.680681,50.43898499934585,48.68727499706438,2,59,0.44540015262768173,0.007792454060633558,148.5552300111892,,diagram,1-0-2-0-0-1-0-1,0.4531926066883153,True,1,batch,True,social,20,1,swarm
oe3-ofat-pilot-v2,oe3,swarm|batch|bc1|h1|social|r1|N20|c1,syn-visual_dominant-arrays_vectors-r2,visual_dominant,arrays_vectors,2,0,9121830484626340551,2026-10-01T05:42:14.375+00:00,completed,epsilon,True,True,True,True,,32.591923,38.51975999714341,37.01160599666764,1,54,0.4939594688494195,0.027875012652007147,152.27070700658234,,diagram,1-1-2-1-1-1-1-1,0.5218344815014266,True,1,batch,True,social,20,1,swarm
oe3-ofat-pilot-v2,oe3,swarm|batch|bc1|h1|social|r1|N20|c1,syn-visual_dominant-arrays_vectors-r3,visual_dominant,arrays_vectors,2,0,8306973448203974922,2026-10-01T05:42:14.414+00:00,completed,epsilon,True,True,True,True,,37.206019,43.167152001842624,41.53806799877202,1,58,0.5104383568030326,0.017498999281390648,171.28163298188971,,diagram,0-1-2-1-1-1-0-1,0.5279373560844233,True,1,batch,True,social,20,1,swarm
oe3-ofat-pilot-v2,oe3,swarm|batch|bc1|h1|social|r1|N20|c1,syn-visual_dominant-arrays_vectors-r4,visual_dominant,arrays_vectors,2,0,6090714346369449132,2026-10-01T05:42:14.457+00:00,completed,epsilon,True,True,True,True,,45.777345,54.16053899898543,52.3337310005445,3,65,0.4975809967602304,1.9637715242826204e-07,153.10266900145086,,diagram,1-0-2-1-1-0-0-1,0.4975811931373828,True,1,batch,True,social,20,1,swarm
oe3-ofat-pilot-v2,oe3,swarm|batch|bc1|h1|social|r1|N20|c1,syn-visual_dominant-functions-r0,visual_dominant,functions,2,0,1938275832337831069,2026-10-01T05:42:14.511+00:00,completed,epsilon,True,True,True,True,,41.632757,47.81196399926557,46.04366700004903,2,62,0.4977881257361313,1.9637715242826204e-07,150.55259400464544,,diagram,1-0-2-1-1-1-0-1,0.4977883221132837,True,1,batch,True,social,20,1,swarm
oe3-ofat-pilot-v2,oe3,swarm|batch|bc1|h1|social|r1|N20|c1,syn-visual_dominant-functions-r1,visual_dominant,functions,2,0,18320065843555622638,2026-10-01T05:42:14.559+00:00,completed,epsilon,True,True,True,True,,34.156325,39.959190999070415,38.4645369995269,1,56,0.4740233528279633,0.027875012652007147,150.42023500860452,,code,2-1-2-1-1-1-0-1,0.5018983654799705,True,1,batch,True,social,20,1,swarm
oe3-ofat-pilot-v2,oe3,swarm|batch|bc1|h1|social|r1|N20|c1,syn-visual_dominant-functions-r2,visual_dominant,functions,2,0,2018128801505319285,2026-10-01T05:42:14.599+00:00,completed,epsilon,True,True,True,True,,39.571755,48.3204720003414,46.67915199752315,2,60,0.4612015381927306,0.01017466893107688,146.3573949976627,,diagram,1-2-2-0-1-0-1-2,0.47137620712380746,True,1,batch,True,social,20,1,swarm
oe3-ofat-pilot-v2,oe3,swarm|batch|bc1|h1|social|r1|N20|c1,syn-visual_dominant-functions-r3,visual_dominant,functions,2,0,11458603809094557690,2026-10-01T05:42:14.647+00:00,completed,epsilon,True,True,True,True,,54.959192,61.11683599738171,59.346854002797045,3,66,0.46552788295070163,0.014907226096443293,162.80675901035914,,diagram,1-2-2-1-0-0-1-1,0.4804351090471449,True,1,batch,True,social,20,1,swarm
oe3-ofat-pilot-v2,oe3,swarm|batch|bc1|h1|social|r1|N20|c1,syn-visual_dominant-functions-r4,visual_dominant,functions,2,0,3571204151565300957,2026-10-01T05:42:14.708+00:00,completed,epsilon,True,True,True,True,,51.832943,57.822520000627264,56.11933099862654,4,65,0.5026284426457682,0.0,156.6073450089279,,code,2-0-2-0-1-1-1-1,0.5026284426457682,True,1,batch,True,social,20,1,swarm
oe3-ofat-pilot-v2,oe3,swarm|batch|bc1|h1|social|r1|N20|c1,syn-logical_syntactic-sequential-r0,logical_syntactic,sequential,2,0,6703238505377356793,2026-10-01T05:42:14.766+00:00,completed,epsilon,True,True,True,True,,36.495946,42.09792199981166,40.63126500113867,1,53,0.4761348237523099,0.02008255859137359,125.82226298811821,,code,2-1-1-1-0-1-0-1,0.4962173823436835,True,1,batch,True,social,20,1,swarm
oe3-ofat-pilot-v2,oe3,swarm|batch|bc1|h1|social|r1|N20|c1,syn-logical_syntactic-sequential-r1,logical_syntactic,sequential,2,0,2732344214726962996,2026-10-01T05:42:14.808+00:00,completed,epsilon,True,True,True,True,,48.255453,56.79001899989089,55.04740400283481,2,61,0.4624638032272476,0.02008255859137359,152.55669996690094,,code,2-1-1-1-1-1-0-1,0.4825463618186212,True,1,batch,True,social,20,1,swarm
oe3-ofat-pilot-v2,oe3,swarm|batch|bc1|h1|social|r1|N20|c1,syn-logical_syntactic-sequential-r2,logical_syntactic,sequential,2,0,9866697793834971187,2026-10-01T05:42:14.865+00:00,completed,epsilon,True,True,True,True,,32.177797,37.78526700261864,36.467978003202006,1,47,0.5052479809084092,0.0034158919247069264,112.21354000166887,,code,2-1-0-1-1-1-1-1,0.5086638728331161,True,1,batch,True,social,20,1,swarm
oe3-ofat-pilot-v2,oe3,swarm|batch|bc1|h1|social|r1|N20|c1,syn-logical_syntactic-sequential-r3,logical_syntactic,sequential,2,0,10397115182704620962,2026-10-01T05:42:14.903+00:00,completed,epsilon,True,True,True,True,,35.24788,41.28730699812877,39.72582500136923,1,56,0.47454039043400664,1.9637715242826204e-07,172.5867239949411,,code,2-0-1-1-1-1-0-1,0.47454058681115907,True,1,batch,True,social,20,1,swarm
oe3-ofat-pilot-v2,oe3,swarm|batch|bc1|h1|social|r1|N20|c1,syn-logical_syntactic-sequential-r4,logical_syntactic,sequential,2,0,15306839444144451490,2026-10-01T05:42:14.944+00:00,completed,epsilon,True,True,True,True,,42.914038,53.56937699980335,51.93110799882561,2,61,0.4729105214541622,0.0234772615577023,170.66528000561757,,code,2-2-1-0-1-1-0-1,0.4963877830118645,True,1,batch,True,social,20,1,swarm
oe3-ofat-pilot-v2,oe3,swarm|batch|bc1|h1|social|r1|N20|c1,syn-logical_syntactic-conditional-r0,logical_syntactic,conditional,2,0,12735488349665473455,2026-10-01T05:42:14.998+00:00,completed,epsilon,True,True,True,True,,36.662656,42.59183300018776,40.99651599972276,1,58,0.4552124341978106,0.0036547194033032526,200.01950900444302,,code,2-1-1-1-0-1-0-1,0.45886715360111385,True,1,batch,True,social,20,1,swarm
oe3-ofat-pilot-v2,oe3,swarm|batch|bc1|h1|social|r1|N20|c1,syn-logical_syntactic-conditional-r1,logical_syntactic,conditional,2,0,11399479585009898413,2026-10-01T05:42:15.041+00:00,completed,epsilon,True,True,True,True,,50.269556,56.46809899917571,54.653603001497686,3,66,0.45182455796811893,0.0,159.01851498306024,,code,2-1-1-0-0-0-0-1,0.45182455796811893,True,1,batch,True,social,20,1,swarm
oe3-ofat-pilot-v2,oe3,swarm|batch|bc1|h1|social|r1|N20|c1,syn-logical_syntactic-conditional-r2,logical_syntactic,conditional,2,0,3681324614498174940,2026-10-01T05:42:15.097+00:00,completed,epsilon,True,True,True,True,,31.776187,37.53624300225056,36.251707999326754,1,45,0.4631068467146388,0.0036547194033032526,104.5863629976372,,code,2-1-1-1-0-1-1-1,0.46676156611794206,True,1,batch,True,social,20,1,swarm
oe3-ofat-pilot-v2,oe3,swarm|batch|bc1|h1|social|r1|N20|c1,syn-logical_syntactic-conditional-r3,logical_syntactic,conditional,2,0,1495775939040843714,2026-10-01T05:42:15.135+00:00,completed,epsilon,True,True,True,True,,33.199944,39.29317700021784,37.82996500012814,1,51,0.4614734643861827,0.007792650437786042,136.21968299137578,,code,2-1-1-1-0-1-0-1,0.46926611482396874,True,1,batch,True,social,20,1,swarm
oe3-ofat-pilot-v2,oe3,swarm|batch|bc1|h1|social|r1|N20|c1,syn-logical_syntactic-conditional-r4,logical_syntactic,conditional,2,0,11016568118539380630,2026-10-01T05:42:15.174+00:00,completed,epsilon,True,True,True,True,,41.714064,47.89509400143288,46.331741999892984,2,57,0.48758909673270007,1.963771524837732e-07,136.5731290046737,,code,2-1-1-1-1-0-1-1,0.48758929310985255,True,1,batch,True,social,20,1,swarm
oe3-ofat-pilot-v2,oe3,swarm|batch|bc1|h1|social|r1|N20|c1,syn-logical_syntactic-repetitive-r0,logical_syntactic,repetitive,2,0,8669339458277283579,2026-10-01T05:42:15.222+00:00,completed,epsilon,True,True,True,True,,34.564998,40.15384900048957,38.77901300074882,1,50,0.45068774937313677,0.02008255859137359,130.40507101386535,,code,2-1-2-1-0-1-1-1,0.47077030796451036,True,1,batch,True,social,20,1,swarm
oe3-ofat-pilot-v2,oe3,swarm|batch|bc1|h1|social|r1|N20|c1,syn-logical_syntactic-repetitive-r1,logical_syntactic,repetitive,2,0,7087564763739291896,2026-10-01T05:42:15.262+00:00,completed,epsilon,True,True,True,True,,30.917467,36.294970002927585,34.94431999934022,1,48,0.46854772531455674,0.02008255859137359,104.64989400867734,,code,2-1-1-1-0-1-0-1,0.48863028390593033,True,1,batch,True,social,20,1,swarm
oe3-ofat-pilot-v2,oe3,swarm|batch|bc1|h1|social|r1|N20|c1,syn-logical_syntactic-repetitive-r2,logical_syntactic,repetitive,2,0,17774420465350218166,2026-10-01T05:42:15.298+00:00,completed,epsilon,True,True,True,True,,39.679546,45.60035900067305,44.12479099846678,1,51,0.48860682289608054,0.02008255859137359,128.23468600837677,,code,2-1-1-1-1-1-1-1,0.5086893814874541,True,1,batch,True,social,20,1,swarm
oe3-ofat-pilot-v2,oe3,swarm|batch|bc1|h1|social|r1|N20|c1,syn-logical_syntactic-repetitive-r3,logical_syntactic,repetitive,2,0,11177538339330417699,2026-10-01T05:42:15.344+00:00,completed,epsilon,True,True,True,True,,53.11493,59.44540199925541,57.446713999524945,3,69,0.48029503237703386,0.0018731162351965924,182.3678210229583,,code,2-0-0-0-1-1-0-1,0.48216814861223045,True,1,batch,True,social,20,1,swarm
oe3-ofat-pilot-v2,oe3,swarm|batch|bc1|h1|social|r1|N20|c1,syn-logical_syntactic-repetitive-r4,logical_syntactic,repetitive,2,0,5975297501444787526,2026-10-01T05:42:15.403+00:00,completed,epsilon,True,True,True,True,,53.599964,62.70531300106086,60.82329399941955,4,71,0.4271906688368101,0.01720788959938324,137.58689600381206,,code,2-0-0-2-1-0-0-1,0.44439855843619336,True,1,batch,True,social,20,1,swarm
oe3-ofat-pilot-v2,oe3,swarm|batch|bc1|h1|social|r1|N20|c1,syn-logical_syntactic-arrays_vectors-r0,logical_syntactic,arrays_vectors,2,0,12465654442624101670,2026-10-01T05:42:15.466+00:00,completed,epsilon,True,True,True,True,,33.104811,39.37555299853557,37.67768000034266,1,56,0.4778259832526858,0.027875012652007147,160.07044800721079,,code,2-1-1-1-0-1-1-1,0.505700995904693,True,1,batch,True,social,20,1,swarm
oe3-ofat-pilot-v2,oe3,swarm|batch|bc1|h1|social|r1|N20|c1,syn-logical_syntactic-arrays_vectors-r1,logical_syntactic,arrays_vectors,2,0,686629181118521670,2026-10-01T05:42:15.505+00:00,completed,epsilon,True,True,True,True,,44.395537,52.45632399964961,50.954274000105215,3,56,0.4829892268644973,0.0010555026473685336,117.33497101297958,,code,2-0-1-2-1-0-1-0,0.48404472951186583,True,1,batch,True,social,20,1,swarm
oe3-ofat-pilot-v2,oe3,swarm|batch|bc1|h1|social|r1|N20|c1,syn-logical_syntactic-arrays_vectors-r2,logical_syntactic,arrays_vectors,2,0,16460370737839111721,2026-10-01T05:42:15.558+00:00,completed,epsilon,True,True,True,True,,37.336641,43.1997939995199,41.59346699816524,1,61,0.49083069767651405,0.027875012652007147,165.62683700504496,,code,2-1-1-1-0-1-0-1,0.5187057103285212,True,1,batch,True,social,20,1,swarm
oe3-ofat-pilot-v2,oe3,swarm|batch|bc1|h1|social|r1|N20|c1,syn-logical_syntactic-arrays_vectors-r3,logical_syntactic,arrays_vectors,2,0,4892650009174421881,2026-10-01T05:42:15.601+00:00,completed,epsilon,True,True,True,True,,37.637509,43.20630800066283,41.66533800162142,1,51,0.510410675757111,0.017498999281390648,140.48609199476508,,code,2-1-1-1-1-1-1-1,0.5279096750385016,True,1,batch,True,social,20,1,swarm
oe3-ofat-pilot-v2,oe3,swarm|batch|bc1|h1|social|r1|N20|c1,syn-logical_syntactic-arrays_vectors-r4,logical_syntactic,arrays_vectors,2,0,2417416973143296410,2026-10-01T05:42:15.644+00:00,completed,epsilon,True,True,True,True,,45.541299,51.3687150014448,49.73263300053077,3,61,0.46708730888128713,1.9637715242826204e-07,101.64951600527952,,code,2-0-1-1-0-0-1-1,0.46708750525843956,True,1,batch,True,social,20,1,swarm
oe3-ofat-pilot-v2,oe3,swarm|batch|bc1|h1|social|r1|N20|c1,syn-logical_syntactic-functions-r0,logical_syntactic,functions,2,0,15429747080000417372,2026-10-01T05:42:15.696+00:00,completed,epsilon,True,True,True,True,,31.847403,39.62504499941133,37.85369099932723,1,54,0.515574695902924,1.9637715242826204e-07,159.34388999090265,,code,2-0-1-1-1-0-0-1,0.5155748922800765,True,1,batch,True,social,20,1,swarm
oe3-ofat-pilot-v2,oe3,swarm|batch|bc1|h1|social|r1|N20|c1,syn-logical_syntactic-functions-r1,logical_syntactic,functions,2,0,294230652380773904,2026-10-01T05:42:15.735+00:00,completed,epsilon,True,True,True,True,,38.88773,45.104556000296725,43.418462002591696,2,59,0.4776444942622855,0.0175905906700351,143.0384349965529,,code,2-0-2-0-1-1-0-1,0.4952350849323206,True,1,batch,True,social,20,1,swarm
oe3-ofat-pilot-v2,oe3,swarm|batch|bc1|h1|social|r1|N20|c1,syn-logical_syntactic-functions-r2,logical_syntactic,functions,2,0,13615402844050324778,2026-10-01T05:42:15.780+00:00,completed,epsilon,True,True,True,True,,36.782268,45.56470100214938,44.033271002263064,1,52,0.4904149498771815,0.007792454060633558,123.98188599005456,,code,2-0-0-0-1-1-1-1,0.49820740393781504,True,1,batch,True,social,20,1,swarm
oe3-ofat-pilot-v2,oe3,swarm|batch|bc1|h1|social|r1|N20|c1,syn-logical_syntactic-functions-r3,logical_syntactic,functions,2,0,2628094489362841849,2026-10-01T05:42:15.826+00:00,completed,epsilon,True,True,True,True,,32.010783,37.88757200163673,36.37386600166792,1,56,0.46627757409622445,0.02008255859137359,170.8427219957443,,code,2-1-1-1-1-1-0-1,0.48636013268759803,True,1,batch,True,social,20,1,swarm
oe3-ofat-pilot-v2,oe3,swarm|batch|bc1|h1|social|r1|N20|c1,syn-logical_syntactic-functions-r4,logical_syntactic,functions,2,0,2404872287879725645,2026-10-01T05:42:15.864+00:00,completed,epsilon,True,True,True,True,,51.855985,57.79366999922786,56.1374019998766,3,61,0.4338631682826055,0.022187953932624627,135.89463998882349,,code,2-2-1-1-0-1-0-1,0.45605112221523014,True,1,batch,True,social,20,1,swarm
oe3-ofat-pilot-v2,oe3,swarm|batch|bc1|h1|social|r1|N20|c1,syn-explanatory_conceptual-sequential-r0,explanatory_conceptual,sequential,2,0,14486601001991957285,2026-10-01T05:42:15.922+00:00,completed,epsilon,True,True,True,True,,45.043406,52.56343800283503,50.92626999976346,2,65,0.46745544868137157,1.9637715242826204e-07,218.9306900097201,,text,0-0-1-1-2-0-0-1,0.467455645058524,True,1,batch,True,social,20,1,swarm
oe3-ofat-pilot-v2,oe3,swarm|batch|bc1|h1|social|r1|N20|c1,syn-explanatory_conceptual-sequential-r1,explanatory_conceptual,sequential,2,0,7259571591719946957,2026-10-01T05:42:15.974+00:00,completed,epsilon,True,True,True,True,,38.983451,44.81821800072794,43.282112001179485,1,56,0.45267043074923324,0.006749225258040281,172.572109992625,,text,0-1-0-1-2-1-0-1,0.4594196560072735,True,1,batch,True,social,20,1,swarm
oe3-ofat-pilot-v2,oe3,swarm|batch|bc1|h1|social|r1|N20|c1,syn-explanatory_conceptual-sequential-r2,explanatory_conceptual,sequential,2,0,4560824736483476529,2026-10-01T05:42:16.019+00:00,completed,epsilon,True,True,True,True,,41.28795,49.47993499808945,47.64704300032463,2,65,0.44259176409251066,0.020082362214221106,181.629392989875,,text,1-1-1-0-2-0-1-1,0.46267412630673177,True,1,batch,True,social,20,1,swarm
oe3-ofat-pilot-v2,oe3,swarm|batch|bc1|h1|social|r1|N20|c1,syn-explanatory_conceptual-sequential-r3,explanatory_conceptual,sequential,2,0,9930174057851836806,2026-10-01T05:42:16.069+00:00,completed,epsilon,True,True,True,True,,47.800268,56.640742001036415,54.84996599989245,3,65,0.44059782027567096,0.008378946700049683,162.31861699429575,,text,1-0-1-1-2-1-1-2,0.44897676697572064,True,1,batch,True,social,20,1,swarm
oe3-ofat-pilot-v2,oe3,swarm|batch|bc1|h1|social|r1|N20|c1,syn-explanatory_conceptual-sequential-r4,explanatory_conceptual,sequential,2,0,9320799391319476761,2026-10-01T05:42:16.125+00:00,completed,epsilon,True,True,True,True,,46.135357,54.392574002122274,52.527727999404306,2,63,0.4633307605530749,0.0031722393879051736,148.1183129874816,,text,1-1-1-1-2-0-1-1,0.4665029999409801,True,1,batch,True,social,20,1,swarm
oe3-ofat-pilot-v2,oe3,swarm|batch|bc1|h1|social|r1|N20|c1,syn-explanatory_conceptual-conditional-r0,explanatory_conceptual,conditional,2,0,1472434634288188504,2026-10-01T05:42:16.180+00:00,completed,epsilon,True,True,True,True,,33.919606,43.27831800037529,41.61922099956428,1,59,0.4877375139863285,0.007792454060633558,181.02111501201887,,code,2-1-1-0-2-1-1-1,0.49552996804696203,True,1,batch,True,social,20,1,swarm
oe3-ofat-pilot-v2,oe3,swarm|batch|bc1|h1|social|r1|N20|c1,syn-explanatory_conceptual-conditional-r1,explanatory_conceptual,conditional,2,0,9456364817232365643,2026-10-01T05:42:16.223+00:00,completed,epsilon,True,True,True,True,,41.429268,47.82724199685617,46.220608997828094,2,56,0.47520911893219114,0.0036547194033032526,142.38551298313212,,text,1-1-1-1-2-1-1-1,0.4788638383354944,True,1,batch,True,social,20,1,swarm
oe3-ofat-pilot-v2,oe3,swarm|batch|bc1|h1|social|r1|N20|c1,syn-explanatory_conceptual-conditional-r2,explanatory_conceptual,conditional,2,0,5881994369337550437,2026-10-01T05:42:16.271+00:00,completed,epsilon,True,True,True,True,,34.69982,40.63237599984859,39.0471080027055,1,59,0.4825122760291102,0.007792454060633558,188.15224699449493,,diagram,1-1-2-0-2-1-1-1,0.49030473008974373,True,1,batch,True,social,20,1,swarm
oe3-ofat-pilot-v2,oe3,swarm|batch|bc1|h1|social|r1|N20|c1,syn-explanatory_conceptual-conditional-r3,explanatory_conceptual,conditional,2,0,8435174638097405506,2026-10-01T05:42:16.311+00:00,completed,epsilon,True,True,True,True,,31.882153,37.39015999963158,35.96502900109044,1,52,0.40097835467564585,0.03364007004930275,134.45175599990733,,text,0-1-0-1-2-1-0-1,0.4346184247249486,True,1,batch,True,social,20,1,swarm
oe3-ofat-pilot-v2,oe3,swarm|batch|bc1|h1|social|r1|N20|c1,syn-explanatory_conceptual-conditional-r4,explanatory_conceptual,conditional,2,0,16811290955777993261,2026-10-01T05:42:16.349+00:00,completed,epsilon,True,True,True,True,,58.855502,64.94192099853535,63.04904400167288,3,67,0.4651361011678009,0.0,171.28723298625636,,text,1-1-1-0-2-0-0-1,0.4651361011678009,True,1,batch,True,social,20,1,swarm
oe3-ofat-pilot-v2,oe3,swarm|batch|bc1|h1|social|r1|N20|c1,syn-explanatory_conceptual-repetitive-r0,explanatory_conceptual,repetitive,2,0,16651396803649518729,2026-10-01T05:42:16.414+00:00,completed,epsilon,True,True,True,True,,48.405272,54.353646002709866,52.5451930006966,2,65,0.4460986935462345,0.02008255859137359,154.20469800989827,,text,1-1-1-1-2-1-0-1,0.4661812521376081,True,1,batch,True,social,20,1,swarm
oe3-ofat-pilot-v2,oe3,swarm|batch|bc1|h1|social|r1|N20|c1,syn-explanatory_conceptual-repetitive-r1,explanatory_conceptual,repetitive,2,0,11245067322156158965,2026-10-01T05:42:16.468+00:00,completed,epsilon,True,True,True,True,,55.362895,62.35039899911499,60.54386899995734,2,62,0.5255407002055713,1.9637715242826204e-07,180.42345202005254,,text,1-0-1-1-2-1-1-1,0.5255408965827237,True,1,batch,True,social,20,1,swarm
oe3-ofat-pilot-v2,oe3,swarm|batch|bc1|h1|social|r1|N20|c1,syn-explanatory_conceptual-repetitive-r2,explanatory_conceptual,repetitive,2,0,1941751807694570845,2026-10-01T05:42:16.531+00:00,completed,epsilon,True,True,True,True,,34.639517,40.764542998658726,39.24754799663788,1,53,0.4707990919315041,0.021881510427353146,166.132426001309,,text,1-1-1-1-2-1-1-1,0.49268060235885724,True,1,batch,True,social,20,1,swarm
oe3-ofat-pilot-v2,oe3,swarm|batch|bc1|h1|social|r1|N20|c1,syn-explanatory_conceptual-repetitive-r3,explanatory_conceptual,repetitive,2,0,7312862892071760212,2026-10-01T05:42:16.571+00:00,completed,epsilon,True,True,True,True,,29.390523,35.585863999585854,34.218692999274936,1,47,0.46760140454444094,0.02008255859137359,121.32154301288897,,code,2-1-1-1-2-1-1-1,0.4876839631358145,True,1,batch,True,social,20,1,swarm
oe3-ofat-pilot-v2,oe3,swarm|batch|bc1|h1|social|r1|N20|c1,syn-explanatory_conceptual-repetitive-r4,explanatory_conceptual,repetitive,2,0,11178940480046766617,2026-10-01T05:42:16.607+00:00,completed,epsilon,True,True,True,True,,33.947359,39.783097003237344,38.30687799927546,1,55,0.45405216601876935,0.02008255859137359,153.1448000082326,,text,1-1-0-1-2-1-1-1,0.47413472461014294,True,1,batch,True,social,20,1,swarm
oe3-ofat-pilot-v2,oe3,swarm|batch|bc1|h1|social|r1|N20|c1,syn-explanatory_conceptual-arrays_vectors-r0,explanatory_conceptual,arrays_vectors,2,0,3176049071516707528,2026-10-01T05:42:16.647+00:00,completed,epsilon,True,True,True,True,,30.597287,36.28885900252499,34.795498999301344,1,50,0.49778085910851905,0.027875012652007147,117.16163799961087,,text,1-1-1-1-2-1-0-1,0.5256558717605262,True,1,batch,True,social,20,1,swarm
oe3-ofat-pilot-v2,oe3,swarm|batch|bc1|h1|social|r1|N20|c1,syn-explanatory_conceptual-arrays_vectors-r1,explanatory_conceptual,arrays_vectors,2,0,11472989949711724537,2026-10-01T05:42:16.683+00:00,completed,epsilon,True,True,True,True,,43.924003,50.03201799991075,48.217982999631204,2,63,0.48246679412408,0.007792650437785986,156.04221798892306,,text,0-0-0-1-2-1-1-1,0.490259444561866,True,1,batch,True,social,20,1,swarm
oe3-ofat-pilot-v2,oe3,swarm|batch|bc1|h1|social|r1|N20|c1,syn-explanatory_conceptual-arrays_vectors-r2,explanatory_conceptual,arrays_vectors,2,0,10382386641063741548,2026-10-01T05:42:16.733+00:00,completed,epsilon,True,True,True,True,,33.400181,38.97774799770559,37.637273999280296,1,49,0.5002467392530876,0.027875012652007203,115.40311500829961,,diagram,0-1-2-1-2-1-1-1,0.5281217519050948,True,1,batch,True,social,20,1,swarm
oe3-ofat-pilot-v2,oe3,swarm|batch|bc1|h1|social|r1|N20|c1,syn-explanatory_conceptual-arrays_vectors-r3,explanatory_conceptual,arrays_vectors,2,0,2259169429594963540,2026-10-01T05:42:16.772+00:00,completed,epsilon,True,True,True,True,,34.040859,40.09867099739495,38.380182999389945,1,54,0.4899428394838256,0.017498999281390593,161.36709699811323,,text,0-1-1-1-2-1-0-1,0.5074418387652162,True,1,batch,True,social,20,1,swarm
oe3-ofat-pilot-v2,oe3,swarm|batch|bc1|h1|social|r1|N20|c1,syn-explanatory_conceptual-arrays_vectors-r4,explanatory_conceptual,arrays_vectors,2,0,16509041288914301223,2026-10-01T05:42:16.812+00:00,completed,epsilon,True,True,True,True,,31.54699,38.07995199895231,36.56494100141572,1,53,0.5030917240612093,0.014696521701211163,154.75665300343456,,text,1-1-1-0-2-1-1-1,0.5177882457624204,True,1,batch,True,social,20,1,swarm
oe3-ofat-pilot-v2,oe3,swarm|batch|bc1|h1|social|r1|N20|c1,syn-explanatory_conceptual-functions-r0,explanatory_conceptual,functions,2,0,17531483786064496240,2026-10-01T05:42:16.850+00:00,completed,epsilon,True,True,True,True,,30.483763,38.65596600007848,37.198563000856666,1,47,0.4828702671654518,0.027874816274854664,112.76713800215535,,text,1-1-1-0-2-1-1-1,0.5107450834403064,True,1,batch,True,social,20,1,swarm
oe3-ofat-pilot-v2,oe3,swarm|batch|bc1|h1|social|r1|N20|c1,syn-explanatory_conceptual-functions-r1,explanatory_conceptual,functions,2,0,2918462925200927164,2026-10-01T05:42:16.889+00:00,completed,epsilon,True,True,True,True,,43.688636,49.70290300116176,48.15668600349454,1,56,0.4908433042588953,0.022579211377867947,148.35497900463113,,code,2-2-1-1-2-0-1-1,0.5134225156367632,True,1,batch,True,social,20,1,swarm
oe3-ofat-pilot-v2,oe3,swarm|batch|bc1|h1|social|r1|N20|c1,syn-explanatory_conceptual-functions-r2,explanatory_conceptual,functions,2,0,10502451655373640013,2026-10-01T05:42:16.939+00:00,completed,epsilon,True,True,True,True,,38.77051,44.87821200018516,43.19182800099952,2,59,0.4862088786957507,1.9637715242826204e-07,178.76789900686128,,text,1-0-1-1-2-1-1-1,0.4862090750729031,True,1,batch,True,social,20,1,swarm
oe3-ofat-pilot-v2,oe3,swarm|batch|bc1|h1|social|r1|N20|c1,syn-explanatory_conceptual-functions-r3,explanatory_conceptual,functions,2,0,9101098485372157783,2026-10-01T05:42:16.983+00:00,completed,epsilon,True,True,True,True,,46.499564,52.71164999794564,50.93482499796664,2,63,0.49777727535266225,0.007792650437785986,164.45745997553044,,text,1-0-1-1-2-1-1-1,0.5055699257904482,True,1,batch,True,social,20,1,swarm
oe3-ofat-pilot-v2,oe3,swarm|batch|bc1|h1|social|r1|N20|c1,syn-explanatory_conceptual-functions-r4,explanatory_conceptual,functions,2,0,2282946250972105915,2026-10-01T05:42:17.036+00:00,completed,epsilon,True,True,True,True,,48.260497,54.13769500228227,52.20036199898459,3,69,0.49970043101958095,0.0,200.97536200997223,,text,1-0-1-0-2-0-1-1,0.49970043101958095,True,1,batch,True,social,20,1,swarm
oe3-ofat-pilot-v2,oe3,swarm|batch|bc1|h1|social|r1|N20|c1,syn-balanced_multimodal-sequential-r0,balanced_multimodal,sequential,2,0,8447297626789157734,2026-10-01T05:42:17.090+00:00,completed,epsilon,True,True,True,True,,41.96572,47.73378599929856,46.253006999904756,2,55,0.47478255891106164,0.02008255859137359,113.80089601702223,,diagram,1-1-2-1-1-1-1-1,0.4948651175024352,True,1,batch,True,social,20,1,swarm
oe3-ofat-pilot-v2,oe3,swarm|batch|bc1|h1|social|r1|N20|c1,syn-balanced_multimodal-sequential-r1,balanced_multimodal,sequential,2,0,14002032390557949515,2026-10-01T05:42:17.138+00:00,completed,epsilon,True,True,True,True,,44.999055,51.16573999839602,49.48064199925284,2,63,0.4657807084094385,0.020082362214221106,204.45861398896557,,code,2-1-2-0-1-1-1-1,0.48586307062365963,True,1,batch,True,social,20,1,swarm
oe3-ofat-pilot-v2,oe3,swarm|batch|bc1|h1|social|r1|N20|c1,syn-balanced_multimodal-sequential-r2,balanced_multimodal,sequential,2,0,7504185198732801890,2026-10-01T05:42:17.189+00:00,completed,epsilon,True,True,True,True,,33.583153,41.70983999938471,40.1019160017313,1,57,0.4994691128163741,0.020082362214221106,170.74518100496942,,code,2-1-1-0-1-1-1-1,0.5195514750305952,True,1,batch,True,social,20,1,swarm
oe3-ofat-pilot-v2,oe3,swarm|batch|bc1|h1|social|r1|N20|c1,syn-balanced_multimodal-sequential-r3,balanced_multimodal,sequential,2,0,5533078066589847335,2026-10-01T05:42:17.231+00:00,completed,epsilon,True,True,True,True,,36.111361,44.4294289991376,42.909044001135044,1,54,0.4813460564414294,0.02424922525804024,165.0514699963147,,text,1-1-1-1-2-1-1-1,0.5055952816994697,True,1,batch,True,social,20,1,swarm
oe3-ofat-pilot-v2,oe3,swarm|batch|bc1|h1|social|r1|N20|c1,syn-balanced_multimodal-sequential-r4,balanced_multimodal,sequential,2,0,14835646452101714281,2026-10-01T05:42:17.275+00:00,completed,epsilon,True,True,True,True,,34.522661,42.9728260023694,41.2788140019984,1,56,0.4831680338827303,0.02326354576638584,159.64878400249108,,code,2-1-2-1-2-1-1-1,0.5064315796491161,True,1,batch,True,social,20,1,swarm
oe3-ofat-pilot-v2,oe3,swarm|batch|bc1|h1|social|r1|N20|c1,syn-balanced_multimodal-conditional-r0,balanced_multimodal,conditional,2,0,18123689100739274857,2026-10-01T05:42:17.318+00:00,completed,epsilon,True,True,True,True,,35.569433,41.60019100163481,39.97575399989728,1,56,0.48780502665661635,0.0036547194033032526,166.7570440085069,,code,2-1-1-1-1-1-1-1,0.4914597460599196,True,1,batch,True,social,20,1,swarm
oe3-ofat-pilot-v2,oe3,swarm|batch|bc1|h1|social|r1|N20|c1,syn-balanced_multimodal-conditional-r1,balanced_multimodal,conditional,2,0,8620693703250771292,2026-10-01T05:42:17.360+00:00,completed,epsilon,True,True,True,True,,38.017661,44.544725999003276,42.96816699934425,1,57,0.498809334994812,1.963771524837732e-07,162.97382799065315,,code,1-1-1-1-1-0-1-1,0.4988095313719645,True,1,batch,True,social,20,1,swarm
oe3-ofat-pilot-v2,oe3,swarm|batch|bc1|h1|social|r1|N20|c1,syn-balanced_multimodal-conditional-r2,balanced_multimodal,conditional,2,0,4177528802721280060,2026-10-01T05:42:17.405+00:00,completed,epsilon,True,True,True,True,,35.398679,44.856664000690216,43.17340900161071,1,56,0.495726416987283,0.0036548666861676016,142.42834199832149,,code,1-1-1-2-1-1-1-1,0.4993812836734506,True,1,batch,True,social,20,1,swarm
oe3-ofat-pilot-v2,oe3,swarm|batch|bc1|h1|social|r1|N20|c1,syn-balanced_multimodal-conditional-r3,balanced_multimodal,conditional,2,0,6004589078447390537,2026-10-01T05:42:17.449+00:00,completed,epsilon,True,True,True,True,,42.124061,48.254912999254884,46.59326500041061,2,58,0.47153478436590585,1.963771524837732e-07,147.56040299464246,,text,1-1-1-1-2-0-1-1,0.47153498074305833,True,1,batch,True,social,20,1,swarm
oe3-ofat-pilot-v2,oe3,swarm|batch|bc1|h1|social|r1|N20|c1,syn-balanced_multimodal-conditional-r4,balanced_multimodal,conditional,2,0,15390802926142810456,2026-10-01T05:42:17.498+00:00,completed,epsilon,True,True,True,True,,35.384338,41.39694499826874,39.84344099808368,1,54,0.49335718275037993,0.0036547194033032526,145.55431800738575,,code,2-1-1-1-2-1-2-1,0.4970119021536832,True,1,batch,True,social,20,1,swarm
oe3-ofat-pilot-v2,oe3,swarm|batch|bc1|h1|social|r1|N20|c1,syn-balanced_multimodal-repetitive-r0,balanced_multimodal,repetitive,2,0,1346203531563287096,2026-10-01T05:42:17.539+00:00,completed,epsilon,True,True,True,True,,35.329485,41.099481997662224,39.49833500155364,1,54,0.5383161833171735,0.020082558591373534,152.07951701249075,,code,2-1-1-1-1-1-2-1,0.558398741908547,True,1,batch,True,social,20,1,swarm
oe3-ofat-pilot-v2,oe3,swarm|batch|bc1|h1|social|r1|N20|c1,syn-balanced_multimodal-repetitive-r1,balanced_multimodal,repetitive,2,0,15966608529395865366,2026-10-01T05:42:17.580+00:00,completed,epsilon,True,True,True,True,,32.963057,41.752782999537885,40.29391699805274,1,48,0.5099657852394064,0.020082362214221106,115.7680119936289,,code,2-1-2-0-2-1-1-1,0.5300481474536275,True,1,batch,True,social,20,1,swarm
oe3-ofat-pilot-v2,oe3,swarm|batch|bc1|h1|social|r1|N20|c1,syn-balanced_multimodal-repetitive-r2,balanced_multimodal,repetitive,2,0,12952745568191493432,2026-10-01T05:42:17.622+00:00,completed,epsilon,True,True,True,True,,34.15311,40.468775001500035,38.790098999015754,1,55,0.48695008664679024,0.02008255859137359,157.75629900099858,,code,2-1-2-1-1-1-2-1,0.5070326452381638,True,1,batch,True,social,20,1,swarm
oe3-ofat-pilot-v2,oe3,swarm|batch|bc1|h1|social|r1|N20|c1,syn-balanced_multimodal-repetitive-r3,balanced_multimodal,repetitive,2,0,4046630919765129189,2026-10-01T05:42:17.663+00:00,completed,epsilon,True,True,True,True,,34.2294,40.1888649976172,38.63895200265688,1,56,0.498403614745411,0.02008255859137359,159.55753600084537,,diagram,1-1-2-1-2-1-1-1,0.5184861733367846,True,1,batch,True,social,20,1,swarm
oe3-ofat-pilot-v2,oe3,swarm|batch|bc1|h1|social|r1|N20|c1,syn-balanced_multimodal-repetitive-r4,balanced_multimodal,repetitive,2,0,16362929293659838061,2026-10-01T05:42:17.703+00:00,completed,epsilon,True,True,True,True,,53.586515,60.15502599984757,58.38459699953091,3,64,0.5555295985433403,0.0,150.04502800566317,,code,2-0-1-0-1-1-2-1,0.5555295985433403,True,1,batch,True,social,20,1,swarm
oe3-ofat-pilot-v2,oe3,swarm|batch|bc1|h1|social|r1|N20|c1,syn-balanced_multimodal-arrays_vectors-r0,balanced_multimodal,arrays_vectors,2,0,3584950309651211707,2026-10-01T05:42:17.763+00:00,completed,epsilon,True,True,True,True,,32.168592,37.83182100232807,36.571887001628056,1,47,0.5013726987590279,0.027875012652007203,112.467468999952,,code,2-1-1-1-2-1-1-1,0.5292477114110351,True,1,batch,True,social,20,1,swarm
oe3-ofat-pilot-v2,oe3,swarm|batch|bc1|h1|social|r1|N20|c1,syn-balanced_multimodal-arrays_vectors-r1,balanced_multimodal,arrays_vectors,2,0,15889600935136838771,2026-10-01T05:42:17.801+00:00,completed,epsilon,True,True,True,True,,45.749397,51.58262700206251,49.813558001915226,2,62,0.5091265566641985,0.010499076837774401,165.93142200911694,,code,1-2-1-1-1-0-1-1,0.5196256335019729,True,1,batch,True,social,20,1,swarm
oe3-ofat-pilot-v2,oe3,swarm|batch|bc1|h1|social|r1|N20|c1,syn-balanced_multimodal-arrays_vectors-r2,balanced_multimodal,arrays_vectors,2,0,14508102243054643269,2026-10-01T05:42:17.852+00:00,completed,epsilon,True,True,True,True,,35.849928,41.682039001898374,40.14584099786589,1,53,0.5207081594293232,0.027875012652007092,140.03756199846734,,text,1-1-1-1-2-1-1-1,0.5485831720813303,True,1,batch,True,social,20,1,swarm
oe3-ofat-pilot-v2,oe3,swarm|batch|bc1|h1|social|r1|N20|c1,syn-balanced_multimodal-arrays_vectors-r3,balanced_multimodal,arrays_vectors,2,0,11947795539240216146,2026-10-01T05:42:17.894+00:00,completed,epsilon,True,True,True,True,,49.364511,57.89785800152458,56.156499002099736,3,64,0.5439379445869269,0.007792454060633558,165.34413099134977,,code,2-0-2-1-1-1-2-1,0.5517303986475605,True,1,batch,True,social,20,1,swarm
oe3-ofat-pilot-v2,oe3,swarm|batch|bc1|h1|social|r1|N20|c1,syn-balanced_multimodal-arrays_vectors-r4,balanced_multimodal,arrays_vectors,2,0,3917925863049030086,2026-10-01T05:42:17.952+00:00,completed,epsilon,True,True,True,True,,50.514488,58.64516499786987,56.77977099912823,4,66,0.5265923131748955,0.0,151.68373199896314,,code,2-0-1-0-1-0-1-1,0.5265923131748955,True,1,batch,True,social,20,1,swarm
oe3-ofat-pilot-v2,oe3,swarm|batch|bc1|h1|social|r1|N20|c1,syn-balanced_multimodal-functions-r0,balanced_multimodal,functions,2,0,6550835933060694946,2026-10-01T05:42:18.011+00:00,completed,epsilon,True,True,True,True,,37.392862,43.2483479999064,41.71394700097153,1,54,0.5031059746980451,0.027875012652007203,153.91107400772097,,code,2-1-2-1-1-1-1-1,0.5309809873500523,True,1,batch,True,social,20,1,swarm
oe3-ofat-pilot-v2,oe3,swarm|batch|bc1|h1|social|r1|N20|c1,syn-balanced_multimodal-functions-r1,balanced_multimodal,functions,2,0,3881832823610794111,2026-10-01T05:42:18.054+00:00,completed,epsilon,True,True,True,True,,28.087733,33.44824500163668,32.22467999876244,1,45,0.4917724457549157,0.02008255859137359,103.93345501046086,,code,2-1-1-1-1-1-2-1,0.5118550043462893,True,1,batch,True,social,20,1,swarm
oe3-ofat-pilot-v2,oe3,swarm|batch|bc1|h1|social|r1|N20|c1,syn-balanced_multimodal-functions-r2,balanced_multimodal,functions,2,0,3016560622276445506,2026-10-01T05:42:18.087+00:00,completed,epsilon,True,True,True,True,,35.480063,46.176915002433816,44.7262130001036,1,48,0.5031640261075007,0.015023498937525859,126.84104500692997,,code,2-2-1-2-1-1-1-1,0.5181875250450265,True,1,batch,True,social,20,1,swarm
oe3-ofat-pilot-v2,oe3,swarm|batch|bc1|h1|social|r1|N20|c1,syn-balanced_multimodal-functions-r3,balanced_multimodal,functions,2,0,2061094210757061170,2026-10-01T05:42:18.133+00:00,completed,epsilon,True,True,True,True,,30.901506,36.66368500125827,35.15989900188288,1,55,0.489537761565406,0.027875012652007147,149.07385998977335,,diagram,1-1-2-1-2-1-1-1,0.5174127742174132,True,1,batch,True,social,20,1,swarm
oe3-ofat-pilot-v2,oe3,swarm|batch|bc1|h1|social|r1|N20|c1,syn-balanced_multimodal-functions-r4,balanced_multimodal,functions,2,0,13400621087723788685,2026-10-01T05:42:18.170+00:00,completed,epsilon,True,True,True,True,,55.718239,64.63051000173436,62.78909299726365,4,70,0.5037096701669489,1.9637715242826204e-07,142.79181000411117,,diagram,1-0-2-1-1-0-1-1,0.5037098665441013,True,1,batch,True,social,20,1,swarm
