run_label,experiment,condition,profile_id,archetype,difficulty,replicate,batch,seed,t_start_utc,status,stop_reason,package_valid,w_valid,iterations_logged,inflight_overlap,error_code,t_conv_ms,latency_ms,total_ms,k_stop,n_messages,F,gap_vs_optimum,comm_overhead_ms,n_evaluations,predicted,S,F_opt,f_broadcast_gbest,f_concurrency,f_dispatch,f_heuristic_seed,f_mechanism,f_n_particles,f_replicas,f_system
oe4-pilot-v2,oe4,swarm|batch|bc1|h1|pso|r1|N20|c1,syn-visual_dominant-sequential-r0,visual_dominant,sequential,0,0,8580140326324496627,2026-10-01T05:42:29.844+00:00,completed,epsilon,True,True,True,True,,34.57228,40.563905000453815,38.96366699700593,1,56,0.45572350868757355,0.02008255859137359,158.73196900668137,,diagram,1-1-2-1-1-1-0-1,0.47580606727894714,True,1,batch,True,pso,20,1,swarm
oe4-pilot-v2,oe4,swarm|batch|bc1|h1|pso|r1|N20|c1,syn-visual_dominant-sequential-r1,visual_dominant,sequential,0,0,17048800117076641484,2026-10-01T05:42:29.885+00:00,completed,epsilon,True,True,True,True,,35.233539,41.70206299750134,40.0288980017649,1,53,0.44878503224528293,0.02008255859137359,151.5487220139796,,diagram,1-1-2-1-0-1-1-1,0.4688675908366565,True,1,batch,True,pso,20,1,swarm
oe4-pilot-v2,oe4,swarm|batch|bc1|h1|pso|r1|N20|c1,syn-visual_dominant-sequential-r2,visual_dominant,sequential,0,0,4355585619346073820,2026-10-01T05:42:29.927+00:00,completed,epsilon,True,True,True,True,,41.35248,47.64613600127632,45.93262200069148,2,58,0.4484135261977656,0.02008255859137359,137.7754159885852,,diagram,1-1-2-1-0-1-0-1,0.4684960847891392,True,1,batch,True,pso,20,1,swarm
oe4-pilot-v2,oe4,swarm|batch|bc1|h1|pso|r1|N20|c1,syn-visual_dominant-sequential-r3,visual_dominant,sequential,0,0,5551779150201999310,2026-10-01T05:42:29.974+00:00,completed,epsilon,True,True,True,True,,38.390759,44.52628299986827,43.024920003517764,2,56,0.49689284274488765,1.9637715242826204e-07,128.01575298886192,,diagram,1-0-2-1-0-1-1-1,0.4968930391220401,True,1,batch,True,pso,20,1,swarm
oe4-pilot-v2,oe4,swarm|batch|bc1|h1|pso|r1|N20|c1,syn-visual_dominant-sequential-r4,visual_dominant,sequential,0,0,13994061115368628468,2026-10-01T05:42:30.019+00:00,completed,epsilon,True,True,True,True,,43.810236,49.51065899876994,47.96110100141959,3,61,0.4539909514952264,0.0,129.14150399109255,,diagram,1-0-2-0-1-1-0-1,0.4539909514952264,True,1,batch,True,pso,20,1,swarm
oe4-pilot-v2,oe4,swarm|batch|bc1|h1|pso|r1|N20|c1,syn-visual_dominant-conditional-r0,visual_dominant,conditional,0,0,11471567894967710186,2026-10-01T05:42:30.068+00:00,completed,epsilon,True,True,True,True,,33.430507,38.953126000706106,37.51783199913916,1,55,0.4683786250362893,0.007792650437786042,163.5746559822877,,diagram,1-1-2-1-0-1-0-1,0.47617127547407534,True,1,batch,True,pso,20,1,swarm
oe4-pilot-v2,oe4,swarm|batch|bc1|h1|pso|r1|N20|c1,syn-visual_dominant-conditional-r1,visual_dominant,conditional,0,0,13928515270300365190,2026-10-01T05:42:30.107+00:00,completed,epsilon,True,True,True,True,,51.923626,57.786473000305705,56.075792002957314,3,67,0.43347702875536903,0.0036547194033032526,164.73268302605086,,diagram,1-1-2-1-0-1-0-1,0.4371317481586723,True,1,batch,True,pso,20,1,swarm
oe4-pilot-v2,oe4,swarm|batch|bc1|h1|pso|r1|N20|c1,syn-visual_dominant-conditional-r2,visual_dominant,conditional,0,0,7530803405880337628,2026-10-01T05:42:30.165+00:00,completed,epsilon,True,True,True,True,,38.376997,44.161919999169186,42.49683400121285,2,60,0.47576325269917313,1.963771524837732e-07,155.05057102049346,,code,2-1-2-1-1-0-1-1,0.4757634490763256,True,1,batch,True,pso,20,1,swarm
oe4-pilot-v2,oe4,swarm|batch|bc1|h1|pso|r1|N20|c1,syn-visual_dominant-conditional-r3,visual_dominant,conditional,0,0,12303691227522993195,2026-10-01T05:42:30.209+00:00,completed,epsilon,True,True,True,True,,42.769414,48.93557900140877,47.40401600065525,2,60,0.4537572043126114,0.0036547194033032526,144.62484199262155,,diagram,1-1-2-1-0-1-1-1,0.45741192371591466,True,1,batch,True,pso,20,1,swarm
oe4-pilot-v2,oe4,swarm|batch|bc1|h1|pso|r1|N20|c1,syn-visual_dominant-conditional-r4,visual_dominant,conditional,0,0,7123775909059268369,2026-10-01T05:42:30.258+00:00,completed,epsilon,True,True,True,True,,29.712356,35.36863500266918,33.906474000104936,1,51,0.43905885028638547,0.009598091106895246,127.108609994573,,diagram,1-1-2-0-1-0-1-1,0.4486569413932807,True,1,batch,True,pso,20,1,swarm
oe4-pilot-v2,oe4,swarm|batch|bc1|h1|pso|r1|N20|c1,syn-visual_dominant-repetitive-r0,visual_dominant,repetitive,0,0,3652346516165016234,2026-10-01T05:42:30.294+00:00,completed,epsilon,True,True,True,True,,37.157268,46.82766100086155,45.24103999938234,1,56,0.46998170127395994,0.02008255859137359,169.5542980026682,,diagram,1-1-2-1-1-1-0-1,0.49006425986533353,True,1,batch,True,pso,20,1,swarm
oe4-pilot-v2,oe4,swarm|batch|bc1|h1|pso|r1|N20|c1,syn-visual_dominant-repetitive-r1,visual_dominant,repetitive,0,0,9493985239135120539,2026-10-01T05:42:30.341+00:00,completed,epsilon,True,True,True,True,,61.697493,72.27609700203175,70.50796700059436,4,63,0.49141108956712465,0.0,154.81889301553306,,code,2-0-2-0-1-1-1-1,0.49141108956712465,True,1,batch,True,pso,20,1,swarm
oe4-pilot-v2,oe4,swarm|batch|bc1|h1|pso|r1|N20|c1,syn-visual_dominant-repetitive-r2,visual_dominant,repetitive,0,0,15577984090316381348,2026-10-01T05:42:30.413+00:00,completed,epsilon,True,True,True,True,,37.733195,48.35681300028227,46.72599400146282,1,59,0.497368651601852,0.02008255859137359,202.07182799765584,,code,2-1-2-1-1-1-0-1,0.5174512101932256,True,1,batch,True,pso,20,1,swarm
oe4-pilot-v2,oe4,swarm|batch|bc1|h1|pso|r1|N20|c1,syn-visual_dominant-repetitive-r3,visual_dominant,repetitive,0,0,13061490195280824700,2026-10-01T05:42:30.461+00:00,completed,epsilon,True,True,True,True,,38.536241,48.541864001890644,47.088817998883314,2,48,0.5053299123828249,1.9637715242826204e-07,100.55073300850583,,diagram,1-0-2-1-0-1-0-1,0.5053301087599773,True,1,batch,True,pso,20,1,swarm
oe4-pilot-v2,oe4,swarm|batch|bc1|h1|pso|r1|N20|c1,syn-visual_dominant-repetitive-r4,visual_dominant,repetitive,0,0,5153165576748431564,2026-10-01T05:42:30.510+00:00,completed,epsilon,True,True,True,True,,35.447823,41.50534099971992,39.920000002894085,1,56,0.43539326357179114,0.032214241800902654,156.90919399165705,,diagram,0-1-2-1-0-1-0-1,0.4676075053726938,True,1,batch,True,pso,20,1,swarm
oe4-pilot-v2,oe4,swarm|batch|bc1|h1|pso|r1|N20|c1,syn-visual_dominant-arrays_vectors-r0,visual_dominant,arrays_vectors,0,0,2484686855457110652,2026-10-01T05:42:30.551+00:00,completed,epsilon,True,True,True,True,,34.547752,43.76813400085666,42.289000000891974,1,52,0.46105976353153516,0.027875012652007147,128.7977340110162,,diagram,1-1-2-1-0-1-0-1,0.4889347761835423,True,1,batch,True,pso,20,1,swarm
oe4-pilot-v2,oe4,swarm|batch|bc1|h1|pso|r1|N20|c1,syn-visual_dominant-arrays_vectors-r1,visual_dominant,arrays_vectors,0,0,14387502913323118724,2026-10-01T05:42:30.595+00:00,completed,epsilon,True,True,True,True,,49.024453,57.944000996940304,56.32879800032242,2,61,0.4406569611974138,0.01253564549090147,204.09641601355483,,diagram,1-2-2-1-1-0-1-0,0.4531926066883153,True,1,batch,True,pso,20,1,swarm
oe4-pilot-v2,oe4,swarm|batch|bc1|h1|pso|r1|N20|c1,syn-visual_dominant-arrays_vectors-r2,visual_dominant,arrays_vectors,0,0,18083930375172244621,2026-10-01T05:42:30.653+00:00,completed,epsilon,True,True,True,True,,40.143607,49.51978199824225,47.77425199790741,1,58,0.4939594688494195,0.027875012652007147,168.13065399304136,,diagram,1-1-2-1-1-1-1-1,0.5218344815014266,True,1,batch,True,pso,20,1,swarm
oe4-pilot-v2,oe4,swarm|batch|bc1|h1|pso|r1|N20|c1,syn-visual_dominant-arrays_vectors-r3,visual_dominant,arrays_vectors,0,0,16074832408338533935,2026-10-01T05:42:30.703+00:00,completed,epsilon,True,True,True,True,,36.628106,46.36319600103889,44.96794800070347,1,52,0.5104383568030326,0.017498999281390648,145.03037000098672,,diagram,0-1-2-1-1-1-0-1,0.5279373560844233,True,1,batch,True,pso,20,1,swarm
oe4-pilot-v2,oe4,swarm|batch|bc1|h1|pso|r1|N20|c1,syn-visual_dominant-arrays_vectors-r4,visual_dominant,arrays_vectors,0,0,13236652181889018265,2026-10-01T05:42:30.749+00:00,completed,epsilon,True,True,True,True,,42.321067,49.86828999972204,48.24505699798465,2,60,0.49416530121267593,0.003415891924706871,160.1125600101243,,diagram,1-1-2-1-1-0-0-1,0.4975811931373828,True,1,batch,True,pso,20,1,swarm
oe4-pilot-v2,oe4,swarm|batch|bc1|h1|pso|r1|N20|c1,syn-visual_dominant-functions-r0,visual_dominant,functions,0,0,11375697626506085209,2026-10-01T05:42:30.799+00:00,completed,epsilon,True,True,True,True,,32.102414,41.537773999152705,40.0891600002069,1,50,0.47798454429270243,0.019803777820581292,133.50618099916278,,diagram,1-2-2-1-1-1-0-1,0.4977883221132837,True,1,batch,True,pso,20,1,swarm
oe4-pilot-v2,oe4,swarm|batch|bc1|h1|pso|r1|N20|c1,syn-visual_dominant-functions-r1,visual_dominant,functions,0,0,12724222799605840855,2026-10-01T05:42:30.840+00:00,completed,epsilon,True,True,True,True,,44.76861,54.749580998759484,52.95839099926525,2,65,0.4941057150421845,0.007792650437785986,187.45763300967863,,code,2-0-2-1-1-1-0-1,0.5018983654799705,True,1,batch,True,pso,20,1,swarm
oe4-pilot-v2,oe4,swarm|batch|bc1|h1|pso|r1|N20|c1,syn-visual_dominant-functions-r2,visual_dominant,functions,0,0,2855966151648987497,2026-10-01T05:42:30.895+00:00,completed,epsilon,True,True,True,True,,43.549491,51.95869300223421,50.28575000324054,3,64,0.471376010746655,1.9637715242826204e-07,195.30790601112773,,diagram,1-0-2-1-1-0-1-1,0.47137620712380746,True,1,batch,True,pso,20,1,swarm
oe4-pilot-v2,oe4,swarm|batch|bc1|h1|pso|r1|N20|c1,syn-visual_dominant-functions-r3,visual_dominant,functions,0,0,15496158585802717903,2026-10-01T05:42:30.947+00:00,completed,epsilon,True,True,True,True,,39.112789,49.17178699906799,47.58870100340573,1,58,0.45256029277229026,0.027874816274854664,184.74369700189413,,diagram,1-1-2-0-0-1-1-1,0.4804351090471449,True,1,batch,True,pso,20,1,swarm
oe4-pilot-v2,oe4,swarm|batch|bc1|h1|pso|r1|N20|c1,syn-visual_dominant-functions-r4,visual_dominant,functions,0,0,10259835321663512086,2026-10-01T05:42:30.996+00:00,completed,epsilon,True,True,True,True,,48.353741,56.70240700055729,55.000889999064384,3,66,0.5026282462686158,1.9637715242826204e-07,163.17699700641919,,code,2-0-2-1-1-1-1-1,0.5026284426457682,True,1,batch,True,pso,20,1,swarm
oe4-pilot-v2,oe4,swarm|batch|bc1|h1|pso|r1|N20|c1,syn-logical_syntactic-sequential-r0,logical_syntactic,sequential,0,0,13362044807751343064,2026-10-01T05:42:31.053+00:00,completed,epsilon,True,True,True,True,,35.560857,44.7219439993205,43.23780800041277,1,54,0.4761350201294624,0.020082362214221106,173.7896850038452,,code,2-1-1-0-0-1-0-1,0.4962173823436835,True,1,batch,True,pso,20,1,swarm
oe4-pilot-v2,oe4,swarm|batch|bc1|h1|pso|r1|N20|c1,syn-logical_syntactic-sequential-r1,logical_syntactic,sequential,0,0,14311645315440717423,2026-10-01T05:42:31.098+00:00,completed,epsilon,True,True,True,True,,54.807871,64.23217200062936,62.51396399966325,3,67,0.4825463618186212,0.0,215.20461899371716,,code,2-0-1-0-1-1-0-1,0.4825463618186212,True,1,batch,True,pso,20,1,swarm
oe4-pilot-v2,oe4,swarm|batch|bc1|h1|pso|r1|N20|c1,syn-logical_syntactic-sequential-r2,logical_syntactic,sequential,0,0,15643440995604996842,2026-10-01T05:42:31.162+00:00,completed,epsilon,True,True,True,True,,30.690726,39.82133599856752,38.397492997319205,1,50,0.5052479809084092,0.0034158919247069264,146.46628099969845,,code,2-1-0-1-1-1-1-1,0.5086638728331161,True,1,batch,True,pso,20,1,swarm
oe4-pilot-v2,oe4,swarm|batch|bc1|h1|pso|r1|N20|c1,syn-logical_syntactic-sequential-r3,logical_syntactic,sequential,0,0,16960600487627624599,2026-10-01T05:42:31.202+00:00,completed,epsilon,True,True,True,True,,46.403486,55.27577800239669,53.62803800016991,3,64,0.47454039043400664,1.9637715242826204e-07,183.06188598650618,,code,2-0-1-1-1-1-0-1,0.47454058681115907,True,1,batch,True,pso,20,1,swarm
oe4-pilot-v2,oe4,swarm|batch|bc1|h1|pso|r1|N20|c1,syn-logical_syntactic-sequential-r4,logical_syntactic,sequential,0,0,17250185977012485747,2026-10-01T05:42:31.257+00:00,completed,epsilon,True,True,True,True,,49.630582,58.73625799722504,57.12038899946492,3,62,0.49533228036449595,0.0010555026473685336,174.1572099765944,,code,2-0-1-2-1-0-0-0,0.4963877830118645,True,1,batch,True,pso,20,1,swarm
oe4-pilot-v2,oe4,swarm|batch|bc1|h1|pso|r1|N20|c1,syn-logical_syntactic-conditional-r0,logical_syntactic,conditional,0,0,4732552759670585228,2026-10-01T05:42:31.316+00:00,completed,epsilon,True,True,True,True,,36.609479,42.894616002740804,41.31745099948603,1,59,0.4552124341978106,0.0036547194033032526,190.76399800553168,,code,2-1-1-1-0-1-0-1,0.45886715360111385,True,1,batch,True,pso,20,1,swarm
oe4-pilot-v2,oe4,swarm|batch|bc1|h1|pso|r1|N20|c1,syn-logical_syntactic-conditional-r1,logical_syntactic,conditional,0,0,16767561851559065070,2026-10-01T05:42:31.359+00:00,completed,epsilon,True,True,True,True,,40.863518,46.81487299967557,45.300857000256656,2,61,0.4440319075303329,0.007792650437786042,175.93372300125358,,code,2-1-1-1-0-1-0-1,0.45182455796811893,True,1,batch,True,pso,20,1,swarm
oe4-pilot-v2,oe4,swarm|batch|bc1|h1|pso|r1|N20|c1,syn-logical_syntactic-conditional-r2,logical_syntactic,conditional,0,0,6973891702751108736,2026-10-01T05:42:31.406+00:00,completed,epsilon,True,True,True,True,,34.273254,40.302276000147685,38.809871999546885,1,53,0.4631068467146388,0.0036547194033032526,144.37007401982265,,code,2-1-1-1-0-1-1-1,0.46676156611794206,True,1,batch,True,pso,20,1,swarm
oe4-pilot-v2,oe4,swarm|batch|bc1|h1|pso|r1|N20|c1,syn-logical_syntactic-conditional-r3,logical_syntactic,conditional,0,0,6626061848004110554,2026-10-01T05:42:31.446+00:00,completed,epsilon,True,True,True,True,,29.43359,35.019449998799246,33.5388610001246,1,51,0.4614734643861827,0.007792650437786042,125.74285702271129,,code,2-1-1-1-0-1-0-1,0.46926611482396874,True,1,batch,True,pso,20,1,swarm
oe4-pilot-v2,oe4,swarm|batch|bc1|h1|pso|r1|N20|c1,syn-logical_syntactic-conditional-r4,logical_syntactic,conditional,0,0,2581103798954869873,2026-10-01T05:42:31.481+00:00,completed,epsilon,True,True,True,True,,31.577338,37.281787997926585,35.86647699921741,1,51,0.4839345737065493,0.0036547194033032526,146.0141370008373,,code,2-1-1-1-1-1-1-1,0.48758929310985255,True,1,batch,True,pso,20,1,swarm
oe4-pilot-v2,oe4,swarm|batch|bc1|h1|pso|r1|N20|c1,syn-logical_syntactic-repetitive-r0,logical_syntactic,repetitive,0,0,2563900073831829840,2026-10-01T05:42:31.518+00:00,completed,epsilon,True,True,True,True,,33.844803,42.024676000437466,40.523821000533644,1,56,0.45068774937313677,0.02008255859137359,163.00827400190744,,code,2-1-2-1-0-1-1-1,0.47077030796451036,True,1,batch,True,pso,20,1,swarm
oe4-pilot-v2,oe4,swarm|batch|bc1|h1|pso|r1|N20|c1,syn-logical_syntactic-repetitive-r1,logical_syntactic,repetitive,0,0,1690962082425471307,2026-10-01T05:42:31.560+00:00,completed,epsilon,True,True,True,True,,35.434619,41.25982899859082,39.80953700011014,1,56,0.46854772531455674,0.02008255859137359,159.57577900291494,,code,2-1-1-1-0-1-0-1,0.48863028390593033,True,1,batch,True,pso,20,1,swarm
oe4-pilot-v2,oe4,swarm|batch|bc1|h1|pso|r1|N20|c1,syn-logical_syntactic-repetitive-r2,logical_syntactic,repetitive,0,0,12298035747105259136,2026-10-01T05:42:31.602+00:00,completed,epsilon,True,True,True,True,,39.734728,49.021464998077136,47.466996002185624,1,53,0.48860682289608054,0.02008255859137359,145.10894599448653,,code,2-1-1-1-1-1-1-1,0.5086893814874541,True,1,batch,True,pso,20,1,swarm
oe4-pilot-v2,oe4,swarm|batch|bc1|h1|pso|r1|N20|c1,syn-logical_syntactic-repetitive-r3,logical_syntactic,repetitive,0,0,6665076571321463288,2026-10-01T05:42:31.651+00:00,completed,epsilon,True,True,True,True,,45.767282,53.978530999302166,52.299482998932945,3,63,0.48216814861223045,0.0,127.24509100012641,,code,2-0-1-0-1-1-0-1,0.48216814861223045,True,1,batch,True,pso,20,1,swarm
oe4-pilot-v2,oe4,swarm|batch|bc1|h1|pso|r1|N20|c1,syn-logical_syntactic-repetitive-r4,logical_syntactic,repetitive,0,0,3613547958009930106,2026-10-01T05:42:31.705+00:00,completed,epsilon,True,True,True,True,,39.392378,44.9299969986896,43.425613999716006,2,61,0.4154283128506681,0.028970245585525245,147.68560300826178,,code,2-1-1-1-0-1-0-1,0.44439855843619336,True,1,batch,True,pso,20,1,swarm
oe4-pilot-v2,oe4,swarm|batch|bc1|h1|pso|r1|N20|c1,syn-logical_syntactic-arrays_vectors-r0,logical_syntactic,arrays_vectors,0,0,14948705039163960895,2026-10-01T05:42:31.749+00:00,completed,epsilon,True,True,True,True,,31.825164,40.06595600003493,38.496258999657584,1,51,0.4856184373133194,0.02008255859137359,135.31283198284595,,code,2-1-1-1-0-0-1-1,0.505700995904693,True,1,batch,True,pso,20,1,swarm
oe4-pilot-v2,oe4,swarm|batch|bc1|h1|pso|r1|N20|c1,syn-logical_syntactic-arrays_vectors-r1,logical_syntactic,arrays_vectors,0,0,13327273701071249688,2026-10-01T05:42:31.790+00:00,completed,epsilon,True,True,True,True,,47.54406,57.08077300005243,55.27188900305191,2,65,0.47317793671230085,0.010866792799564984,153.41366999902792,,code,2-2-1-1-1-0-0-1,0.48404472951186583,True,1,batch,True,pso,20,1,swarm
oe4-pilot-v2,oe4,swarm|batch|bc1|h1|pso|r1|N20|c1,syn-logical_syntactic-arrays_vectors-r2,logical_syntactic,arrays_vectors,0,0,7678510444233138347,2026-10-01T05:42:31.847+00:00,completed,epsilon,True,True,True,True,,36.939614,45.908661999419564,44.40337799678673,1,59,0.49083089405366653,0.027874816274854664,182.72244498985452,,code,2-1-1-0-0-1-0-1,0.5187057103285212,True,1,batch,True,pso,20,1,swarm
oe4-pilot-v2,oe4,swarm|batch|bc1|h1|pso|r1|N20|c1,syn-logical_syntactic-arrays_vectors-r3,logical_syntactic,arrays_vectors,0,0,3475821061836782133,2026-10-01T05:42:31.893+00:00,completed,epsilon,True,True,True,True,,47.285981,56.876033999287756,55.13315899952431,2,62,0.5279095277556373,1.472828643489521e-07,165.56703400478577,,code,2-0-1-2-1-0-1-1,0.5279096750385016,True,1,batch,True,pso,20,1,swarm
oe4-pilot-v2,oe4,swarm|batch|bc1|h1|pso|r1|N20|c1,syn-logical_syntactic-arrays_vectors-r4,logical_syntactic,arrays_vectors,0,0,15069723113616053544,2026-10-01T05:42:31.949+00:00,completed,epsilon,True,True,True,True,,42.938672,51.64110400073696,50.070892000803724,2,60,0.4592948548206536,0.007792650437785986,149.96394901123455,,code,2-0-1-1-0-1-1-1,0.46708750525843956,True,1,batch,True,pso,20,1,swarm
oe4-pilot-v2,oe4,swarm|batch|bc1|h1|pso|r1|N20|c1,syn-logical_syntactic-functions-r0,logical_syntactic,functions,0,0,15105445333404857368,2026-10-01T05:42:32.001+00:00,completed,epsilon,True,True,True,True,,33.616541,41.906165999535006,40.471813998010475,1,53,0.4876998796280693,0.027875012652007147,136.95627500648453,,code,2-1-1-1-1-1-0-1,0.5155748922800765,True,1,batch,True,pso,20,1,swarm
oe4-pilot-v2,oe4,swarm|batch|bc1|h1|pso|r1|N20|c1,syn-logical_syntactic-functions-r1,logical_syntactic,functions,0,0,7545233351544256523,2026-10-01T05:42:32.043+00:00,completed,epsilon,True,True,True,True,,34.787523,43.103026000608224,41.47957800159929,1,58,0.4742120227778769,0.021023062154443717,162.54944799868565,,code,2-0-1-2-0-0-0-1,0.4952350849323206,True,1,batch,True,pso,20,1,swarm
oe4-pilot-v2,oe4,swarm|batch|bc1|h1|pso|r1|N20|c1,syn-logical_syntactic-functions-r2,logical_syntactic,functions,0,0,6130147880867857550,2026-10-01T05:42:32.086+00:00,completed,epsilon,True,True,True,True,,40.526926,49.87830599930021,48.253395998472115,1,59,0.4703323912858079,0.027875012652007147,188.8955339871617,,code,2-1-0-1-1-1-1-1,0.49820740393781504,True,1,batch,True,pso,20,1,swarm
oe4-pilot-v2,oe4,swarm|batch|bc1|h1|pso|r1|N20|c1,syn-logical_syntactic-functions-r3,logical_syntactic,functions,0,0,4820333934433401313,2026-10-01T05:42:32.136+00:00,completed,epsilon,True,True,True,True,,31.081266,39.15154700007406,37.648686000466114,1,56,0.46627757409622445,0.02008255859137359,166.5474410147425,,code,2-1-1-1-1-1-0-1,0.48636013268759803,True,1,batch,True,pso,20,1,swarm
oe4-pilot-v2,oe4,swarm|batch|bc1|h1|pso|r1|N20|c1,syn-logical_syntactic-functions-r4,logical_syntactic,functions,0,0,10275058418311301455,2026-10-01T05:42:32.175+00:00,completed,epsilon,True,True,True,True,,46.825919,52.96274899956188,51.209905999712646,3,66,0.44825847177744416,0.007792650437785986,165.85934700609758,,code,2-0-0-1-1-1-0-1,0.45605112221523014,True,1,batch,True,pso,20,1,swarm
oe4-pilot-v2,oe4,swarm|batch|bc1|h1|pso|r1|N20|c1,syn-explanatory_conceptual-sequential-r0,explanatory_conceptual,sequential,0,0,14947352377729861017,2026-10-01T05:42:32.228+00:00,completed,epsilon,True,True,True,True,,50.297484,58.75052700139349,56.72693900123704,4,71,0.467455645058524,0.0,185.55643100876708,,text,0-0-1-0-2-0-0-1,0.467455645058524,True,1,batch,True,pso,20,1,swarm
oe4-pilot-v2,oe4,swarm|batch|bc1|h1|pso|r1|N20|c1,syn-explanatory_conceptual-sequential-r1,explanatory_conceptual,sequential,0,0,3272787541859846898,2026-10-01T05:42:32.287+00:00,completed,epsilon,True,True,True,True,,33.300036,43.09450299842865,41.71409999980824,1,50,0.45267043074923324,0.006749225258040281,129.90296799406718,,text,0-1-0-1-2-1-0-1,0.4594196560072735,True,1,batch,True,pso,20,1,swarm
oe4-pilot-v2,oe4,swarm|batch|bc1|h1|pso|r1|N20|c1,syn-explanatory_conceptual-sequential-r2,explanatory_conceptual,sequential,0,0,7023970792698232399,2026-10-01T05:42:32.330+00:00,completed,epsilon,True,True,True,True,,57.349101,67.6028719972237,65.71192000046722,4,73,0.45488132858608143,0.007792797720650335,183.59250799953736,,text,1-0-1-2-2-1-1-1,0.46267412630673177,True,1,batch,True,pso,20,1,swarm
oe4-pilot-v2,oe4,swarm|batch|bc1|h1|pso|r1|N20|c1,syn-explanatory_conceptual-sequential-r3,explanatory_conceptual,sequential,0,0,15905282458092997945,2026-10-01T05:42:32.398+00:00,completed,epsilon,True,True,True,True,,42.923761,51.830659998813644,50.20954499923391,2,57,0.4489765705985682,1.9637715242826204e-07,156.16061700611152,,text,1-0-1-1-2-1-1-1,0.44897676697572064,True,1,batch,True,pso,20,1,swarm
oe4-pilot-v2,oe4,swarm|batch|bc1|h1|pso|r1|N20|c1,syn-explanatory_conceptual-sequential-r4,explanatory_conceptual,sequential,0,0,16212943396658008924,2026-10-01T05:42:32.450+00:00,completed,epsilon,True,True,True,True,,49.772715,59.21156899785274,57.356999001058284,3,66,0.45722945344337185,0.009273546497608254,193.72988298924227,,text,1-1-1-0-2-1-1-1,0.4665029999409801,True,1,batch,True,pso,20,1,swarm
oe4-pilot-v2,oe4,swarm|batch|bc1|h1|pso|r1|N20|c1,syn-explanatory_conceptual-conditional-r0,explanatory_conceptual,conditional,0,0,5916953307552671090,2026-10-01T05:42:32.509+00:00,completed,epsilon,True,True,True,True,,33.587723,39.40176799733308,38.002019999112235,1,51,0.487737317609176,0.007792650437786042,139.4858450040609,,code,2-1-1-1-2-1-1-1,0.49552996804696203,True,1,batch,True,pso,20,1,swarm
oe4-pilot-v2,oe4,swarm|batch|bc1|h1|pso|r1|N20|c1,syn-explanatory_conceptual-conditional-r1,explanatory_conceptual,conditional,0,0,18124705353368190302,2026-10-01T05:42:32.548+00:00,completed,epsilon,True,True,True,True,,38.952937,44.833669999206904,43.316971001331694,2,51,0.47520911893219114,0.0036547194033032526,112.21230000500765,,text,1-1-1-1-2-1-1-1,0.4788638383354944,True,1,batch,True,pso,20,1,swarm
oe4-pilot-v2,oe4,swarm|batch|bc1|h1|pso|r1|N20|c1,syn-explanatory_conceptual-conditional-r2,explanatory_conceptual,conditional,0,0,1341896759769893857,2026-10-01T05:42:32.593+00:00,completed,epsilon,True,True,True,True,,32.543941,38.20047599947429,36.82556800049497,1,53,0.4825120796519577,0.007792650437786042,146.483894009334,,diagram,1-1-2-1-2-1-1-1,0.49030473008974373,True,1,batch,True,pso,20,1,swarm
oe4-pilot-v2,oe4,swarm|batch|bc1|h1|pso|r1|N20|c1,syn-explanatory_conceptual-conditional-r3,explanatory_conceptual,conditional,0,0,11332394261640184133,2026-10-01T05:42:32.631+00:00,completed,epsilon,True,True,True,True,,42.61105,48.47366499961936,46.74087799867266,2,60,0.43096370532164535,0.0036547194033032526,151.94953699867042,,text,1-1-0-1-2-1-0-1,0.4346184247249486,True,1,batch,True,pso,20,1,swarm
oe4-pilot-v2,oe4,swarm|batch|bc1|h1|pso|r1|N20|c1,syn-explanatory_conceptual-conditional-r4,explanatory_conceptual,conditional,0,0,8670080275324173838,2026-10-01T05:42:32.680+00:00,completed,epsilon,True,True,True,True,,40.486361,46.44798300068942,44.78636400017422,2,62,0.45734345073001487,0.007792650437786042,172.7920700053488,,text,1-1-1-1-2-1-0-1,0.4651361011678009,True,1,batch,True,pso,20,1,swarm
oe4-pilot-v2,oe4,swarm|batch|bc1|h1|pso|r1|N20|c1,syn-explanatory_conceptual-repetitive-r0,explanatory_conceptual,repetitive,0,0,3237454591878846868,2026-10-01T05:42:32.726+00:00,completed,epsilon,True,True,True,True,,32.180822,38.07489600148983,36.51329600324971,1,52,0.43547017695048224,0.030711075187125847,147.18443999481366,,text,0-1-1-1-2-1-0-1,0.4661812521376081,True,1,batch,True,pso,20,1,swarm
oe4-pilot-v2,oe4,swarm|batch|bc1|h1|pso|r1|N20|c1,syn-explanatory_conceptual-repetitive-r1,explanatory_conceptual,repetitive,0,0,10148232421566165977,2026-10-01T05:42:32.764+00:00,completed,epsilon,True,True,True,True,,48.028569,54.18720500165364,52.49608200028888,2,60,0.5255407002055713,1.9637715242826204e-07,162.56197399866315,,text,1-0-1-1-2-1-1-1,0.5255408965827237,True,1,batch,True,pso,20,1,swarm
oe4-pilot-v2,oe4,swarm|batch|bc1|h1|pso|r1|N20|c1,syn-explanatory_conceptual-repetitive-r2,explanatory_conceptual,repetitive,0,0,10189736659373836677,2026-10-01T05:42:32.818+00:00,completed,epsilon,True,True,True,True,,33.344626,41.528571000526426,39.98547399896779,1,52,0.49088145414572526,0.0017991482131319847,140.5369050007882,,text,1-0-1-1-2-1-1-1,0.49268060235885724,True,1,batch,True,pso,20,1,swarm
oe4-pilot-v2,oe4,swarm|batch|bc1|h1|pso|r1|N20|c1,syn-explanatory_conceptual-repetitive-r3,explanatory_conceptual,repetitive,0,0,5679236231213962541,2026-10-01T05:42:32.860+00:00,completed,epsilon,True,True,True,True,,40.019634,46.04291600116994,44.464544000220485,2,60,0.47773671108267024,0.009947252053144284,138.0457910077763,,text,1-0-1-0-2-1-1-1,0.4876839631358145,True,1,batch,True,pso,20,1,swarm
oe4-pilot-v2,oe4,swarm|batch|bc1|h1|pso|r1|N20|c1,syn-explanatory_conceptual-repetitive-r4,explanatory_conceptual,repetitive,0,0,615434091092212846,2026-10-01T05:42:32.906+00:00,completed,epsilon,True,True,True,True,,34.6897,40.652427000168245,39.139606000389904,1,55,0.45405216601876935,0.02008255859137359,126.09211700024777,,text,1-1-0-1-2-1-1-1,0.47413472461014294,True,1,batch,True,pso,20,1,swarm
oe4-pilot-v2,oe4,swarm|batch|bc1|h1|pso|r1|N20|c1,syn-explanatory_conceptual-arrays_vectors-r0,explanatory_conceptual,arrays_vectors,0,0,8420274505294676143,2026-10-01T05:42:32.947+00:00,completed,epsilon,True,True,True,True,,35.199531,40.92101599962916,39.44202799902996,1,56,0.49778085910851905,0.027875012652007147,182.5102449906133,,text,1-1-1-1-2-1-0-1,0.5256558717605262,True,1,batch,True,pso,20,1,swarm
oe4-pilot-v2,oe4,swarm|batch|bc1|h1|pso|r1|N20|c1,syn-explanatory_conceptual-arrays_vectors-r1,explanatory_conceptual,arrays_vectors,0,0,11621185609108110648,2026-10-01T05:42:32.988+00:00,completed,epsilon,True,True,True,True,,34.753748,43.84357599701616,42.35280500142835,1,51,0.4615647597787113,0.028694684783154678,141.0427030032859,,text,0-1-0-1-2-1-1-1,0.490259444561866,True,1,batch,True,pso,20,1,swarm
oe4-pilot-v2,oe4,swarm|batch|bc1|h1|pso|r1|N20|c1,syn-explanatory_conceptual-arrays_vectors-r2,explanatory_conceptual,arrays_vectors,0,0,3616904053699891200,2026-10-01T05:42:33.031+00:00,completed,epsilon,True,True,True,True,,31.694892,37.55243599880487,36.14383300009649,1,53,0.5002467392530876,0.027875012652007203,144.59915600683607,,diagram,0-1-2-1-2-1-1-1,0.5281217519050948,True,1,batch,True,pso,20,1,swarm
oe4-pilot-v2,oe4,swarm|batch|bc1|h1|pso|r1|N20|c1,syn-explanatory_conceptual-arrays_vectors-r3,explanatory_conceptual,arrays_vectors,0,0,9640228565651749554,2026-10-01T05:42:33.069+00:00,completed,epsilon,True,True,True,True,,37.444887,42.90730999855441,41.50056399885216,1,51,0.4899428394838256,0.017498999281390593,144.28474900054894,,text,0-1-1-1-2-1-0-1,0.5074418387652162,True,1,batch,True,pso,20,1,swarm
oe4-pilot-v2,oe4,swarm|batch|bc1|h1|pso|r1|N20|c1,syn-explanatory_conceptual-arrays_vectors-r4,explanatory_conceptual,arrays_vectors,0,0,12383051168938743430,2026-10-01T05:42:33.112+00:00,completed,epsilon,True,True,True,True,,37.565712,43.23138000108884,41.81192199757788,2,53,0.5099955953246345,0.007792650437785986,126.21564599848254,,text,1-0-1-1-2-1-1-1,0.5177882457624204,True,1,batch,True,pso,20,1,swarm
oe4-pilot-v2,oe4,swarm|batch|bc1|h1|pso|r1|N20|c1,syn-explanatory_conceptual-functions-r0,explanatory_conceptual,functions,0,0,4847129841761666601,2026-10-01T05:42:33.155+00:00,completed,epsilon,True,True,True,True,,32.397306,40.61792300126399,39.16169099829858,1,51,0.4945698834876539,0.01617519995265254,119.07568402158688,,text,1-2-1-1-2-0-1-1,0.5107450834403064,True,1,batch,True,pso,20,1,swarm
oe4-pilot-v2,oe4,swarm|batch|bc1|h1|pso|r1|N20|c1,syn-explanatory_conceptual-functions-r1,explanatory_conceptual,functions,0,0,8968182148387190867,2026-10-01T05:42:33.196+00:00,completed,epsilon,True,True,True,True,,56.415396,69.24318699748255,67.33810199875734,4,69,0.4985151422574555,0.014907373379307698,152.83613000641856,,code,2-2-1-2-2-0-0-1,0.5134225156367632,True,1,batch,True,pso,20,1,swarm
oe4-pilot-v2,oe4,swarm|batch|bc1|h1|pso|r1|N20|c1,syn-explanatory_conceptual-functions-r2,explanatory_conceptual,functions,0,0,15850266999198055000,2026-10-01T05:42:33.265+00:00,completed,epsilon,True,True,True,True,,44.984665,50.82680600025924,49.11038099817233,3,67,0.4811703400530759,0.005038735019827212,145.48516202104884,,text,1-0-1-1-2-1-0-1,0.4862090750729031,True,1,batch,True,pso,20,1,swarm
oe4-pilot-v2,oe4,swarm|batch|bc1|h1|pso|r1|N20|c1,syn-explanatory_conceptual-functions-r3,explanatory_conceptual,functions,0,0,15409255459732107106,2026-10-01T05:42:33.316+00:00,completed,epsilon,True,True,True,True,,32.436312,37.94688000198221,36.51392200117698,1,54,0.49777727535266225,0.007792650437785986,150.71905298586827,,text,1-0-1-1-2-1-1-1,0.5055699257904482,True,1,batch,True,pso,20,1,swarm
oe4-pilot-v2,oe4,swarm|batch|bc1|h1|pso|r1|N20|c1,syn-explanatory_conceptual-functions-r4,explanatory_conceptual,functions,0,0,13584105466744503536,2026-10-01T05:42:33.354+00:00,completed,epsilon,True,True,True,True,,39.114939,47.742761998961214,46.14403899904573,2,58,0.4919079769589474,0.007792454060633558,116.55856000522564,,text,1-0-1-0-2-1-1-1,0.49970043101958095,True,1,batch,True,pso,20,1,swarm
oe4-pilot-v2,oe4,swarm|batch|bc1|h1|pso|r1|N20|c1,syn-balanced_multimodal-sequential-r0,balanced_multimodal,sequential,0,0,12829628287881295465,2026-10-01T05:42:33.402+00:00,completed,epsilon,True,True,True,True,,44.948673,53.205103999061976,51.54179900273448,2,62,0.4948649211252828,1.9637715242826204e-07,177.23086999059797,,diagram,1-0-2-1-1-1-1-1,0.4948651175024352,True,1,batch,True,pso,20,1,swarm
oe4-pilot-v2,oe4,swarm|batch|bc1|h1|pso|r1|N20|c1,syn-balanced_multimodal-sequential-r1,balanced_multimodal,sequential,0,0,15851898587384579384,2026-10-01T05:42:33.455+00:00,completed,epsilon,True,True,True,True,,36.519141,42.69670200301334,41.03891399790882,1,59,0.46254329609296624,0.023319774530693393,177.79711601339866,,diagram,1-1-2-1-1-1-1-1,0.48586307062365963,True,1,batch,True,pso,20,1,swarm
oe4-pilot-v2,oe4,swarm|batch|bc1|h1|pso|r1|N20|c1,syn-balanced_multimodal-sequential-r2,balanced_multimodal,sequential,0,0,9812259528755781404,2026-10-01T05:42:33.498+00:00,completed,epsilon,True,True,True,True,,40.520651,48.45879200001946,46.96881699783262,2,60,0.5195512786534427,1.9637715242826204e-07,161.7445380000532,,code,2-0-1-1-1-1-1-1,0.5195514750305952,True,1,batch,True,pso,20,1,swarm
oe4-pilot-v2,oe4,swarm|batch|bc1|h1|pso|r1|N20|c1,syn-balanced_multimodal-sequential-r3,balanced_multimodal,sequential,0,0,17396203175820366605,2026-10-01T05:42:33.546+00:00,completed,epsilon,True,True,True,True,,51.507107,59.34675699973013,57.62091100041289,3,64,0.5055952816994697,0.0,172.6119619858278,,text,1-0-1-0-2-1-1-1,0.5055952816994697,True,1,batch,True,pso,20,1,swarm
oe4-pilot-v2,oe4,swarm|batch|bc1|h1|pso|r1|N20|c1,syn-balanced_multimodal-sequential-r4,balanced_multimodal,sequential,0,0,16072189927809315852,2026-10-01T05:42:33.605+00:00,completed,epsilon,True,True,True,True,,47.570478,57.17855900002178,55.48841500058188,3,66,0.4997105397388589,0.006721039910257187,163.81465300271242,,code,2-2-2-1-2-1-2-1,0.5064315796491161,True,1,batch,True,pso,20,1,swarm
oe4-pilot-v2,oe4,swarm|batch|bc1|h1|pso|r1|N20|c1,syn-balanced_multimodal-conditional-r0,balanced_multimodal,conditional,0,0,9492171042143771967,2026-10-01T05:42:33.663+00:00,completed,epsilon,True,True,True,True,,37.634336,43.44999200111488,41.87845299748005,1,54,0.48780502665661635,0.0036547194033032526,154.10313700569682,,code,2-1-1-1-1-1-1-1,0.4914597460599196,True,1,batch,True,pso,20,1,swarm
oe4-pilot-v2,oe4,swarm|batch|bc1|h1|pso|r1|N20|c1,syn-balanced_multimodal-conditional-r1,balanced_multimodal,conditional,0,0,12567349465944861023,2026-10-01T05:42:33.706+00:00,completed,epsilon,True,True,True,True,,32.218619,37.96960500039859,36.454960998526076,1,52,0.4988095313719645,0.0,130.48876599187568,,code,1-1-1-0-1-0-1-1,0.4988095313719645,True,1,batch,True,pso,20,1,swarm
oe4-pilot-v2,oe4,swarm|batch|bc1|h1|pso|r1|N20|c1,syn-balanced_multimodal-conditional-r2,balanced_multimodal,conditional,0,0,4742918314447581142,2026-10-01T05:42:33.744+00:00,completed,epsilon,True,True,True,True,,33.841528,39.26633100127219,37.94262500014156,1,52,0.4784409614577118,0.02094032221573877,146.21904000474754,,code,2-1-1-1-2-1-2-1,0.4993812836734506,True,1,batch,True,pso,20,1,swarm
oe4-pilot-v2,oe4,swarm|batch|bc1|h1|pso|r1|N20|c1,syn-balanced_multimodal-conditional-r3,balanced_multimodal,conditional,0,0,11394639668150330671,2026-10-01T05:42:33.783+00:00,completed,epsilon,True,True,True,True,,27.368866,32.96742699967581,31.516604001808446,1,51,0.4637423303052723,0.007792650437786042,130.97368900578076,,text,1-1-1-1-2-1-1-1,0.47153498074305833,True,1,batch,True,pso,20,1,swarm
oe4-pilot-v2,oe4,swarm|batch|bc1|h1|pso|r1|N20|c1,syn-balanced_multimodal-conditional-r4,balanced_multimodal,conditional,0,0,2277667993778051270,2026-10-01T05:42:33.816+00:00,completed,epsilon,True,True,True,True,,45.802181,54.707736999262124,53.03980800090358,3,62,0.4970117057765307,1.963771524837732e-07,130.3639380008021,,code,2-1-1-1-2-0-2-1,0.4970119021536832,True,1,batch,True,pso,20,1,swarm
oe4-pilot-v2,oe4,swarm|batch|bc1|h1|pso|r1|N20|c1,syn-balanced_multimodal-repetitive-r0,balanced_multimodal,repetitive,0,0,3839617547738254315,2026-10-01T05:42:33.871+00:00,completed,epsilon,True,True,True,True,,41.704502,47.740065998368664,46.20722300023772,1,55,0.5383161833171735,0.020082558591373534,155.24914099734912,,code,2-1-1-1-1-1-2-1,0.558398741908547,True,1,batch,True,pso,20,1,swarm
oe4-pilot-v2,oe4,swarm|batch|bc1|h1|pso|r1|N20|c1,syn-balanced_multimodal-repetitive-r1,balanced_multimodal,repetitive,0,0,2659073220867155690,2026-10-01T05:42:33.919+00:00,completed,epsilon,True,True,True,True,,41.424968,47.38023599929875,45.63374300050782,2,60,0.5300479510764751,1.9637715242826204e-07,143.94305299972075,,code,2-0-2-1-2-1-1-1,0.5300481474536275,True,1,batch,True,pso,20,1,swarm
oe4-pilot-v2,oe4,swarm|batch|bc1|h1|pso|r1|N20|c1,syn-balanced_multimodal-repetitive-r2,balanced_multimodal,repetitive,0,0,12027688066564710874,2026-10-01T05:42:33.966+00:00,completed,epsilon,True,True,True,True,,31.771939,37.23033700225642,35.81315600240487,1,51,0.48695008664679024,0.02008255859137359,140.54726799209107,,code,2-1-2-1-1-1-2-1,0.5070326452381638,True,1,batch,True,pso,20,1,swarm
oe4-pilot-v2,oe4,swarm|batch|bc1|h1|pso|r1|N20|c1,syn-balanced_multimodal-repetitive-r3,balanced_multimodal,repetitive,0,0,10665835498416014906,2026-10-01T05:42:34.003+00:00,completed,epsilon,True,True,True,True,,35.203673,43.79343399705249,42.22975800075801,1,51,0.4984038111225635,0.020082362214221106,136.96188600246202,,diagram,1-1-2-0-2-1-1-1,0.5184861733367846,True,1,batch,True,pso,20,1,swarm
oe4-pilot-v2,oe4,swarm|batch|bc1|h1|pso|r1|N20|c1,syn-balanced_multimodal-repetitive-r4,balanced_multimodal,repetitive,0,0,16842203000296662102,2026-10-01T05:42:34.047+00:00,completed,epsilon,True,True,True,True,,38.197156,44.05433500141953,42.61843800122733,1,50,0.5354470399519666,0.020082558591373645,140.32707100165106,,code,2-1-1-1-1-1-2-1,0.5555295985433403,True,1,batch,True,pso,20,1,swarm
oe4-pilot-v2,oe4,swarm|batch|bc1|h1|pso|r1|N20|c1,syn-balanced_multimodal-arrays_vectors-r0,balanced_multimodal,arrays_vectors,0,0,8202019099685287209,2026-10-01T05:42:34.091+00:00,completed,epsilon,True,True,True,True,,43.345185,51.366384999710135,49.7109849966364,2,62,0.5214552573504015,0.007792454060633558,126.86966398920322,,code,2-0-1-0-2-1-1-1,0.5292477114110351,True,1,batch,True,pso,20,1,swarm
oe4-pilot-v2,oe4,swarm|batch|bc1|h1|pso|r1|N20|c1,syn-balanced_multimodal-arrays_vectors-r1,balanced_multimodal,arrays_vectors,0,0,1557390382835702406,2026-10-01T05:42:34.143+00:00,completed,epsilon,True,True,True,True,,32.293946,40.34278199833352,38.833185000839876,1,56,0.5096115026932262,0.01001413080874669,159.38683600810384,,code,1-0-1-1-1-1-1-1,0.5196256335019729,True,1,batch,True,pso,20,1,swarm
oe4-pilot-v2,oe4,swarm|batch|bc1|h1|pso|r1|N20|c1,syn-balanced_multimodal-arrays_vectors-r2,balanced_multimodal,arrays_vectors,0,0,1551228789342824201,2026-10-01T05:42:34.183+00:00,completed,epsilon,True,True,True,True,,36.930188,43.50314999828697,41.94523000114714,1,53,0.5207081594293232,0.027875012652007092,162.85605799980766,,text,1-1-1-1-2-1-1-1,0.5485831720813303,True,1,batch,True,pso,20,1,swarm
oe4-pilot-v2,oe4,swarm|batch|bc1|h1|pso|r1|N20|c1,syn-balanced_multimodal-arrays_vectors-r3,balanced_multimodal,arrays_vectors,0,0,11908930478528390133,2026-10-01T05:42:34.227+00:00,completed,epsilon,True,True,True,True,,44.417811,52.623956002207706,50.87006200119504,2,62,0.5326887851156756,0.019041613531884827,169.22995499598377,,code,1-0-1-1-1-0-1-1,0.5517303986475605,True,1,batch,True,pso,20,1,swarm
oe4-pilot-v2,oe4,swarm|batch|bc1|h1|pso|r1|N20|c1,syn-balanced_multimodal-arrays_vectors-r4,balanced_multimodal,arrays_vectors,0,0,7080146454937735062,2026-10-01T05:42:34.279+00:00,completed,epsilon,True,True,True,True,,30.813349,37.09877900109859,35.593240998423425,1,53,0.5231764212501887,0.0034158919247068154,138.92241398403135,,code,2-1-1-1-1-0-1-1,0.5265923131748955,True,1,batch,True,pso,20,1,swarm
oe4-pilot-v2,oe4,swarm|batch|bc1|h1|pso|r1|N20|c1,syn-balanced_multimodal-functions-r0,balanced_multimodal,functions,0,0,2933908082685948832,2026-10-01T05:42:34.316+00:00,completed,epsilon,True,True,True,True,,44.41252,53.76025500299875,52.124948997516185,2,60,0.5082813071929754,0.022699680157076907,156.03002601635487,,code,2-2-2-1-1-1-1-1,0.5309809873500523,True,1,batch,True,pso,20,1,swarm
oe4-pilot-v2,oe4,swarm|batch|bc1|h1|pso|r1|N20|c1,syn-balanced_multimodal-functions-r1,balanced_multimodal,functions,0,0,368220290834284782,2026-10-01T05:42:34.370+00:00,completed,epsilon,True,True,True,True,,29.74923,35.17002099761157,33.81998799886787,1,53,0.4917724457549157,0.02008255859137359,144.3265920057456,,code,2-1-1-1-1-1-2-1,0.5118550043462893,True,1,batch,True,pso,20,1,swarm
oe4-pilot-v2,oe4,swarm|batch|bc1|h1|pso|r1|N20|c1,syn-balanced_multimodal-functions-r2,balanced_multimodal,functions,0,0,8673480799685267205,2026-10-01T05:42:34.405+00:00,completed,epsilon,True,True,True,True,,50.626693,58.99155999941286,57.187447000615066,3,67,0.5181875250450265,0.0,155.95147499888589,,code,2-0-1-0-1-0-1-1,0.5181875250450265,True,1,batch,True,pso,20,1,swarm
oe4-pilot-v2,oe4,swarm|batch|bc1|h1|pso|r1|N20|c1,syn-balanced_multimodal-functions-r3,balanced_multimodal,functions,0,0,18228905326412579013,2026-10-01T05:42:34.464+00:00,completed,epsilon,True,True,True,True,,32.619263,41.17424300056882,39.6848249984032,1,57,0.489537761565406,0.027875012652007147,167.28734500376356,,diagram,1-1-2-1-2-1-1-1,0.5174127742174132,True,1,batch,True,pso,20,1,swarm
oe4-pilot-v2,oe4,swarm|batch|bc1|h1|pso|r1|N20|c1,syn-balanced_multimodal-functions-r4,balanced_multimodal,functions,0,0,4683180797726806680,2026-10-01T05:42:34.505+00:00,completed,epsilon,True,True,True,True,,42.693089,48.42411099889432,46.950613002991304,2,57,0.4810101863870243,0.022699680157077018,147.695097991107,,diagram,1-2-2-1-1-1-1-1,0.5037098665441013,True,1,batch,True,pso,20,1,swarm
oe4-pilot-v2,oe4,swarm|batch|bc1|h1|pso|r1|N20|c1,syn-visual_dominant-sequential-r0,visual_dominant,sequential,0,1,8580140326324496627,2026-10-01T05:42:34.554+00:00,completed,epsilon,True,True,True,True,,33.977636,39.85861100227339,38.25548899840214,1,56,0.45572350868757355,0.02008255859137359,160.36595700013814,,diagram,1-1-2-1-1-1-0-1,0.47580606727894714,True,1,batch,True,pso,20,1,swarm
oe4-pilot-v2,oe4,swarm|batch|bc1|h1|pso|r1|N20|c1,syn-visual_dominant-sequential-r1,visual_dominant,sequential,0,1,17048800117076641484,2026-10-01T05:42:34.594+00:00,completed,epsilon,True,True,True,True,,35.304056,41.04362399812089,39.51615099867922,1,53,0.44878503224528293,0.02008255859137359,132.13618700799628,,diagram,1-1-2-1-0-1-1-1,0.4688675908366565,True,1,batch,True,pso,20,1,swarm
oe4-pilot-v2,oe4,swarm|batch|bc1|h1|pso|r1|N20|c1,syn-visual_dominant-sequential-r2,visual_dominant,sequential,0,1,4355585619346073820,2026-10-01T05:42:34.635+00:00,completed,epsilon,True,True,True,True,,39.23275,45.18250700130011,43.676888999470975,2,58,0.4484135261977656,0.02008255859137359,155.7759670093747,,diagram,1-1-2-1-0-1-0-1,0.4684960847891392,True,1,batch,True,pso,20,1,swarm
oe4-pilot-v2,oe4,swarm|batch|bc1|h1|pso|r1|N20|c1,syn-visual_dominant-sequential-r3,visual_dominant,sequential,0,1,5551779150201999310,2026-10-01T05:42:34.680+00:00,completed,epsilon,True,True,True,True,,38.144183,44.63547200066387,42.46794700156897,2,56,0.49689284274488765,1.9637715242826204e-07,121.50949600067005,,diagram,1-0-2-1-0-1-1-1,0.4968930391220401,True,1,batch,True,pso,20,1,swarm
oe4-pilot-v2,oe4,swarm|batch|bc1|h1|pso|r1|N20|c1,syn-visual_dominant-sequential-r4,visual_dominant,sequential,0,1,13994061115368628468,2026-10-01T05:42:34.725+00:00,completed,epsilon,True,True,True,True,,46.927534,53.20090900204377,51.524777998565696,3,61,0.4539909514952264,0.0,128.91363900691152,,diagram,1-0-2-0-1-1-0-1,0.4539909514952264,True,1,batch,True,pso,20,1,swarm
oe4-pilot-v2,oe4,swarm|batch|bc1|h1|pso|r1|N20|c1,syn-visual_dominant-conditional-r0,visual_dominant,conditional,0,1,11471567894967710186,2026-10-01T05:42:34.778+00:00,completed,epsilon,True,True,True,True,,34.599997,40.62626699669636,39.051966999977594,1,55,0.4683786250362893,0.007792650437786042,173.9153999966134,,diagram,1-1-2-1-0-1-0-1,0.47617127547407534,True,1,batch,True,pso,20,1,swarm
oe4-pilot-v2,oe4,swarm|batch|bc1|h1|pso|r1|N20|c1,syn-visual_dominant-conditional-r1,visual_dominant,conditional,0,1,13928515270300365190,2026-10-01T05:42:34.819+00:00,completed,epsilon,True,True,True,True,,53.48274,59.640397998009576,57.800728998699924,3,67,0.43347702875536903,0.0036547194033032526,172.20789599473815,,diagram,1-1-2-1-0-1-0-1,0.4371317481586723,True,1,batch,True,pso,20,1,swarm
oe4-pilot-v2,oe4,swarm|batch|bc1|h1|pso|r1|N20|c1,syn-visual_dominant-conditional-r2,visual_dominant,conditional,0,1,7530803405880337628,2026-10-01T05:42:34.879+00:00,completed,epsilon,True,True,True,True,,39.602432,46.19289599941112,44.39833500146051,2,60,0.47576325269917313,1.963771524837732e-07,160.8773989880062,,code,2-1-2-1-1-0-1-1,0.4757634490763256,True,1,batch,True,pso,20,1,swarm
oe4-pilot-v2,oe4,swarm|batch|bc1|h1|pso|r1|N20|c1,syn-visual_dominant-conditional-r3,visual_dominant,conditional,0,1,12303691227522993195,2026-10-01T05:42:34.925+00:00,completed,epsilon,True,True,True,True,,46.019735,52.436809997743694,50.7527840018156,2,60,0.4537572043126114,0.0036547194033032526,146.97780498848672,,diagram,1-1-2-1-0-1-1-1,0.45741192371591466,True,1,batch,True,pso,20,1,swarm
oe4-pilot-v2,oe4,swarm|batch|bc1|h1|pso|r1|N20|c1,syn-visual_dominant-conditional-r4,visual_dominant,conditional,0,1,7123775909059268369,2026-10-01T05:42:34.977+00:00,completed,epsilon,True,True,True,True,,29.908696,35.59364000102505,34.11048699854291,1,51,0.43905885028638547,0.009598091106895246,135.73740098849623,,diagram,1-1-2-0-1-0-1-1,0.4486569413932807,True,1,batch,True,pso,20,1,swarm
oe4-pilot-v2,oe4,swarm|batch|bc1|h1|pso|r1|N20|c1,syn-visual_dominant-repetitive-r0,visual_dominant,repetitive,0,1,3652346516165016234,2026-10-01T05:42:35.013+00:00,completed,epsilon,True,True,True,True,,36.651546,42.286718999093864,40.72055699725752,1,56,0.46998170127395994,0.02008255859137359,150.94805101548488,,diagram,1-1-2-1-1-1-0-1,0.49006425986533353,True,1,batch,True,pso,20,1,swarm
oe4-pilot-v2,oe4,swarm|batch|bc1|h1|pso|r1|N20|c1,syn-visual_dominant-repetitive-r1,visual_dominant,repetitive,0,1,9493985239135120539,2026-10-01T05:42:35.055+00:00,completed,epsilon,True,True,True,True,,47.659915,53.54667400024482,51.92926600284409,4,63,0.49141108956712465,0.0,133.1004109880608,,code,2-0-2-0-1-1-1-1,0.49141108956712465,True,1,batch,True,pso,20,1,swarm
oe4-pilot-v2,oe4,swarm|batch|bc1|h1|pso|r1|N20|c1,syn-visual_dominant-repetitive-r2,visual_dominant,repetitive,0,1,15577984090316381348,2026-10-01T05:42:35.109+00:00,completed,epsilon,True,True,True,True,,36.172844,42.25572799987276,40.68418200040469,1,59,0.497368651601852,0.02008255859137359,167.71095400233688,,code,2-1-2-1-1-1-0-1,0.5174512101932256,True,1,batch,True,pso,20,1,swarm
oe4-pilot-v2,oe4,swarm|batch|bc1|h1|pso|r1|N20|c1,syn-visual_dominant-repetitive-r3,visual_dominant,repetitive,0,1,13061490195280824700,2026-10-01T05:42:35.151+00:00,completed,epsilon,True,True,True,True,,37.36993,42.892646000836976,41.557344997272594,2,48,0.5053299123828249,1.9637715242826204e-07,94.74013700821244,,diagram,1-0-2-1-0-1-0-1,0.5053301087599773,True,1,batch,True,pso,20,1,swarm
oe4-pilot-v2,oe4,swarm|batch|bc1|h1|pso|r1|N20|c1,syn-visual_dominant-repetitive-r4,visual_dominant,repetitive,0,1,5153165576748431564,2026-10-01T05:42:35.194+00:00,completed,epsilon,True,True,True,True,,35.65872,41.87944799923571,40.360843999224016,1,56,0.43539326357179114,0.032214241800902654,167.99523400473393,,diagram,0-1-2-1-0-1-0-1,0.4676075053726938,True,1,batch,True,pso,20,1,swarm
oe4-pilot-v2,oe4,swarm|batch|bc1|h1|pso|r1|N20|c1,syn-visual_dominant-arrays_vectors-r0,visual_dominant,arrays_vectors,0,1,2484686855457110652,2026-10-01T05:42:35.236+00:00,completed,epsilon,True,True,True,True,,33.78554,39.927089997945586,38.50454599887598,1,52,0.46105976353153516,0.027875012652007147,117.54372499883907,,diagram,1-1-2-1-0-1-0-1,0.4889347761835423,True,1,batch,True,pso,20,1,swarm
oe4-pilot-v2,oe4,swarm|batch|bc1|h1|pso|r1|N20|c1,syn-visual_dominant-arrays_vectors-r1,visual_dominant,arrays_vectors,0,1,14387502913323118724,2026-10-01T05:42:35.276+00:00,completed,epsilon,True,True,True,True,,44.211328,49.90835100034019,48.39943499973742,2,61,0.4406569611974138,0.01253564549090147,168.31281900927664,,diagram,1-2-2-1-1-0-1-0,0.4531926066883153,True,1,batch,True,pso,20,1,swarm
oe4-pilot-v2,oe4,swarm|batch|bc1|h1|pso|r1|N20|c1,syn-visual_dominant-arrays_vectors-r2,visual_dominant,arrays_vectors,0,1,18083930375172244621,2026-10-01T05:42:35.326+00:00,completed,epsilon,True,True,True,True,,40.374078,45.94441600056598,44.37096699984977,1,58,0.4939594688494195,0.027875012652007147,175.99565999321408,,diagram,1-1-2-1-1-1-1-1,0.5218344815014266,True,1,batch,True,pso,20,1,swarm
oe4-pilot-v2,oe4,swarm|batch|bc1|h1|pso|r1|N20|c1,syn-visual_dominant-arrays_vectors-r3,visual_dominant,arrays_vectors,0,1,16074832408338533935,2026-10-01T05:42:35.372+00:00,completed,epsilon,True,True,True,True,,35.80924,41.59232199890539,40.11612700196565,1,52,0.5104383568030326,0.017498999281390648,140.25752901320146,,diagram,0-1-2-1-1-1-0-1,0.5279373560844233,True,1,batch,True,pso,20,1,swarm
oe4-pilot-v2,oe4,swarm|batch|bc1|h1|pso|r1|N20|c1,syn-visual_dominant-arrays_vectors-r4,visual_dominant,arrays_vectors,0,1,13236652181889018265,2026-10-01T05:42:35.413+00:00,completed,epsilon,True,True,True,True,,42.098926,48.1092579975666,46.422942999925,2,60,0.49416530121267593,0.003415891924706871,165.2119259974851,,diagram,1-1-2-1-1-0-0-1,0.4975811931373828,True,1,batch,True,pso,20,1,swarm
oe4-pilot-v2,oe4,swarm|batch|bc1|h1|pso|r1|N20|c1,syn-visual_dominant-functions-r0,visual_dominant,functions,0,1,11375697626506085209,2026-10-01T05:42:35.461+00:00,completed,epsilon,True,True,True,True,,31.430474,37.38515599980019,36.013247998198494,1,50,0.47798454429270243,0.019803777820581292,135.72257801035045,,diagram,1-2-2-1-1-1-0-1,0.4977883221132837,True,1,batch,True,pso,20,1,swarm
oe4-pilot-v2,oe4,swarm|batch|bc1|h1|pso|r1|N20|c1,syn-visual_dominant-functions-r1,visual_dominant,functions,0,1,12724222799605840855,2026-10-01T05:42:35.499+00:00,completed,epsilon,True,True,True,True,,42.355978,48.313896000763634,46.59152200110839,2,65,0.4941057150421845,0.007792650437785986,169.05954500903476,,code,2-0-2-1-1-1-0-1,0.5018983654799705,True,1,batch,True,pso,20,1,swarm
oe4-pilot-v2,oe4,swarm|batch|bc1|h1|pso|r1|N20|c1,syn-visual_dominant-functions-r2,visual_dominant,functions,0,1,2855966151648987497,2026-10-01T05:42:35.547+00:00,completed,epsilon,True,True,True,True,,40.234471,45.95231199709815,44.313571001111995,3,64,0.471376010746655,1.9637715242826204e-07,164.94774700973227,,diagram,1-0-2-1-1-0-1-1,0.47137620712380746,True,1,batch,True,pso,20,1,swarm
oe4-pilot-v2,oe4,swarm|batch|bc1|h1|pso|r1|N20|c1,syn-visual_dominant-functions-r3,visual_dominant,functions,0,1,15496158585802717903,2026-10-01T05:42:35.593+00:00,completed,epsilon,True,True,True,True,,37.742775,43.42031499982113,41.82444600155577,1,58,0.45256029277229026,0.027874816274854664,168.5486120060401,,diagram,1-1-2-0-0-1-1-1,0.4804351090471449,True,1,batch,True,pso,20,1,swarm
oe4-pilot-v2,oe4,swarm|batch|bc1|h1|pso|r1|N20|c1,syn-visual_dominant-functions-r4,visual_dominant,functions,0,1,10259835321663512086,2026-10-01T05:42:35.636+00:00,completed,epsilon,True,True,True,True,,47.175939,53.56187500001397,51.82805300137261,3,66,0.5026282462686158,1.9637715242826204e-07,146.71270201416323,,code,2-0-2-1-1-1-1-1,0.5026284426457682,True,1,batch,True,pso,20,1,swarm
oe4-pilot-v2,oe4,swarm|batch|bc1|h1|pso|r1|N20|c1,syn-logical_syntactic-sequential-r0,logical_syntactic,sequential,0,1,13362044807751343064,2026-10-01T05:42:35.690+00:00,completed,epsilon,True,True,True,True,,34.411161,39.96571199968457,38.50024900020799,1,54,0.4761350201294624,0.020082362214221106,154.81084299399888,,code,2-1-1-0-0-1-0-1,0.4962173823436835,True,1,batch,True,pso,20,1,swarm
oe4-pilot-v2,oe4,swarm|batch|bc1|h1|pso|r1|N20|c1,syn-logical_syntactic-sequential-r1,logical_syntactic,sequential,0,1,14311645315440717423,2026-10-01T05:42:35.730+00:00,completed,epsilon,True,True,True,True,,53.44429,59.3272549995163,57.55602199860732,3,67,0.4825463618186212,0.0,168.9648349959245,,code,2-0-1-0-1-1-0-1,0.4825463618186212,True,1,batch,True,pso,20,1,swarm
oe4-pilot-v2,oe4,swarm|batch|bc1|h1|pso|r1|N20|c1,syn-logical_syntactic-sequential-r2,logical_syntactic,sequential,0,1,15643440995604996842,2026-10-01T05:42:35.789+00:00,completed,epsilon,True,True,True,True,,29.958455,35.92527699947823,34.40934999889578,1,50,0.5052479809084092,0.0034158919247069264,140.834919009224,,code,2-1-0-1-1-1-1-1,0.5086638728331161,True,1,batch,True,pso,20,1,swarm
oe4-pilot-v2,oe4,swarm|batch|bc1|h1|pso|r1|N20|c1,syn-logical_syntactic-sequential-r3,logical_syntactic,sequential,0,1,16960600487627624599,2026-10-01T05:42:35.825+00:00,completed,epsilon,True,True,True,True,,46.767492,52.72888399849762,51.04940199817065,3,64,0.47454039043400664,1.9637715242826204e-07,172.53327000868646,,code,2-0-1-1-1-1-0-1,0.47454058681115907,True,1,batch,True,pso,20,1,swarm
oe4-pilot-v2,oe4,swarm|batch|bc1|h1|pso|r1|N20|c1,syn-logical_syntactic-sequential-r4,logical_syntactic,sequential,0,1,17250185977012485747,2026-10-01T05:42:35.878+00:00,completed,epsilon,True,True,True,True,,47.833541,53.59210300230188,51.95436400026665,3,62,0.49533228036449595,0.0010555026473685336,150.29778399281034,,code,2-0-1-2-1-0-0-0,0.4963877830118645,True,1,batch,True,pso,20,1,swarm
oe4-pilot-v2,oe4,swarm|batch|bc1|h1|pso|r1|N20|c1,syn-logical_syntactic-conditional-r0,logical_syntactic,conditional,0,1,4732552759670585228,2026-10-01T05:42:35.932+00:00,completed,epsilon,True,True,True,True,,36.782156,42.71091400005389,41.01476899813861,1,59,0.4552124341978106,0.0036547194033032526,194.17752199464044,,code,2-1-1-1-0-1-0-1,0.45886715360111385,True,1,batch,True,pso,20,1,swarm
oe4-pilot-v2,oe4,swarm|batch|bc1|h1|pso|r1|N20|c1,syn-logical_syntactic-conditional-r1,logical_syntactic,conditional,0,1,16767561851559065070,2026-10-01T05:42:35.974+00:00,completed,epsilon,True,True,True,True,,39.73865,46.43172900250647,44.74596699947142,2,61,0.4440319075303329,0.007792650437786042,171.30368199896247,,code,2-1-1-1-0-1-0-1,0.45182455796811893,True,1,batch,True,pso,20,1,swarm
oe4-pilot-v2,oe4,swarm|batch|bc1|h1|pso|r1|N20|c1,syn-logical_syntactic-conditional-r2,logical_syntactic,conditional,0,1,6973891702751108736,2026-10-01T05:42:36.021+00:00,completed,epsilon,True,True,True,True,,34.848377,40.66719100228511,39.296289000049,1,53,0.4631068467146388,0.0036547194033032526,142.45608999326012,,code,2-1-1-1-0-1-1-1,0.46676156611794206,True,1,batch,True,pso,20,1,swarm
oe4-pilot-v2,oe4,swarm|batch|bc1|h1|pso|r1|N20|c1,syn-logical_syntactic-conditional-r3,logical_syntactic,conditional,0,1,6626061848004110554,2026-10-01T05:42:36.061+00:00,completed,epsilon,True,True,True,True,,31.115222,36.800694000703515,35.42065099827596,1,51,0.4614734643861827,0.007792650437786042,133.74845898440293,,code,2-1-1-1-0-1-0-1,0.46926611482396874,True,1,batch,True,pso,20,1,swarm
oe4-pilot-v2,oe4,swarm|batch|bc1|h1|pso|r1|N20|c1,syn-logical_syntactic-conditional-r4,logical_syntactic,conditional,0,1,2581103798954869873,2026-10-01T05:42:36.098+00:00,completed,epsilon,True,True,True,True,,30.339339,35.75553400150966,34.41296200253419,1,51,0.4839345737065493,0.0036547194033032526,130.7182880064268,,code,2-1-1-1-1-1-1-1,0.48758929310985255,True,1,batch,True,pso,20,1,swarm
oe4-pilot-v2,oe4,swarm|batch|bc1|h1|pso|r1|N20|c1,syn-logical_syntactic-repetitive-r0,logical_syntactic,repetitive,0,1,2563900073831829840,2026-10-01T05:42:36.134+00:00,completed,epsilon,True,True,True,True,,35.153322,41.004644001077395,39.544808998471126,1,56,0.45068774937313677,0.02008255859137359,161.68308198780375,,code,2-1-2-1-0-1-1-1,0.47077030796451036,True,1,batch,True,pso,20,1,swarm
oe4-pilot-v2,oe4,swarm|batch|bc1|h1|pso|r1|N20|c1,syn-logical_syntactic-repetitive-r1,logical_syntactic,repetitive,0,1,1690962082425471307,2026-10-01T05:42:36.175+00:00,completed,epsilon,True,True,True,True,,36.024013,42.173922000074526,40.52294500070275,1,56,0.46854772531455674,0.02008255859137359,163.57885999652572,,code,2-1-1-1-0-1-0-1,0.48863028390593033,True,1,batch,True,pso,20,1,swarm
oe4-pilot-v2,oe4,swarm|batch|bc1|h1|pso|r1|N20|c1,syn-logical_syntactic-repetitive-r2,logical_syntactic,repetitive,0,1,12298035747105259136,2026-10-01T05:42:36.217+00:00,completed,epsilon,True,True,True,True,,39.75944,45.73925099975895,44.12906400102656,1,53,0.48860682289608054,0.02008255859137359,142.19346600070907,,code,2-1-1-1-1-1-1-1,0.5086893814874541,True,1,batch,True,pso,20,1,swarm
oe4-pilot-v2,oe4,swarm|batch|bc1|h1|pso|r1|N20|c1,syn-logical_syntactic-repetitive-r3,logical_syntactic,repetitive,0,1,6665076571321463288,2026-10-01T05:42:36.263+00:00,completed,epsilon,True,True,True,True,,46.716115,52.91224300162867,51.32200400112197,3,63,0.48216814861223045,0.0,130.61938999860413,,code,2-0-1-0-1-1-0-1,0.48216814861223045,True,1,batch,True,pso,20,1,swarm
oe4-pilot-v2,oe4,swarm|batch|bc1|h1|pso|r1|N20|c1,syn-logical_syntactic-repetitive-r4,logical_syntactic,repetitive,0,1,3613547958009930106,2026-10-01T05:42:36.316+00:00,completed,epsilon,True,True,True,True,,38.376384,44.26192000028095,42.514725999353686,2,61,0.4154283128506681,0.028970245585525245,145.15803600927822,,code,2-1-1-1-0-1-0-1,0.44439855843619336,True,1,batch,True,pso,20,1,swarm
oe4-pilot-v2,oe4,swarm|batch|bc1|h1|pso|r1|N20|c1,syn-logical_syntactic-arrays_vectors-r0,logical_syntactic,arrays_vectors,0,1,14948705039163960895,2026-10-01T05:42:36.360+00:00,completed,epsilon,True,True,True,True,,42.082748,49.08370499833836,46.770740002102684,1,51,0.4856184373133194,0.02008255859137359,147.67725800424725,,code,2-1-1-1-0-0-1-1,0.505700995904693,True,1,batch,True,pso,20,1,swarm
oe4-pilot-v2,oe4,swarm|batch|bc1|h1|pso|r1|N20|c1,syn-logical_syntactic-arrays_vectors-r1,logical_syntactic,arrays_vectors,0,1,13327273701071249688,2026-10-01T05:42:36.409+00:00,completed,epsilon,True,True,True,True,,51.714802,62.192450001020916,60.46025300020119,2,65,0.47317793671230085,0.010866792799564984,190.21435400491623,,code,2-2-1-1-1-0-0-1,0.48404472951186583,True,1,batch,True,pso,20,1,swarm
oe4-pilot-v2,oe4,swarm|batch|bc1|h1|pso|r1|N20|c1,syn-logical_syntactic-arrays_vectors-r2,logical_syntactic,arrays_vectors,0,1,7678510444233138347,2026-10-01T05:42:36.471+00:00,completed,epsilon,True,True,True,True,,37.360838,43.05438099981984,41.5438730015012,1,59,0.49083089405366653,0.027874816274854664,190.51182400312402,,code,2-1-1-0-0-1-0-1,0.5187057103285212,True,1,batch,True,pso,20,1,swarm
oe4-pilot-v2,oe4,swarm|batch|bc1|h1|pso|r1|N20|c1,syn-logical_syntactic-arrays_vectors-r3,logical_syntactic,arrays_vectors,0,1,3475821061836782133,2026-10-01T05:42:36.515+00:00,completed,epsilon,True,True,True,True,,45.403234,51.57133899774635,49.7788809989288,2,62,0.5279095277556373,1.472828643489521e-07,163.2420499852263,,code,2-0-1-2-1-0-1-1,0.5279096750385016,True,1,batch,True,pso,20,1,swarm
oe4-pilot-v2,oe4,swarm|batch|bc1|h1|pso|r1|N20|c1,syn-logical_syntactic-arrays_vectors-r4,logical_syntactic,arrays_vectors,0,1,15069723113616053544,2026-10-01T05:42:36.566+00:00,completed,epsilon,True,True,True,True,,44.133751,50.809669999580365,49.09518100248533,2,60,0.4592948548206536,0.007792650437785986,166.1937240082999,,code,2-0-1-1-0-1-1-1,0.46708750525843956,True,1,batch,True,pso,20,1,swarm
oe4-pilot-v2,oe4,swarm|batch|bc1|h1|pso|r1|N20|c1,syn-logical_syntactic-functions-r0,logical_syntactic,functions,0,1,15105445333404857368,2026-10-01T05:42:36.617+00:00,completed,epsilon,True,True,True,True,,34.569628,40.357943002163665,38.892115000635386,1,53,0.4876998796280693,0.027875012652007147,143.56291200558942,,code,2-1-1-1-1-1-0-1,0.5155748922800765,True,1,batch,True,pso,20,1,swarm
oe4-pilot-v2,oe4,swarm|batch|bc1|h1|pso|r1|N20|c1,syn-logical_syntactic-functions-r1,logical_syntactic,functions,0,1,7545233351544256523,2026-10-01T05:42:36.657+00:00,completed,epsilon,True,True,True,True,,35.087785,40.87691400127369,39.2893179996463,1,58,0.4742120227778769,0.021023062154443717,151.77036100579176,,code,2-0-1-2-0-0-0-1,0.4952350849323206,True,1,batch,True,pso,20,1,swarm
oe4-pilot-v2,oe4,swarm|batch|bc1|h1|pso|r1|N20|c1,syn-logical_syntactic-functions-r2,logical_syntactic,functions,0,1,6130147880867857550,2026-10-01T05:42:36.698+00:00,completed,epsilon,True,True,True,True,,38.740951,44.89937300240854,43.1993380007043,1,59,0.4703323912858079,0.027875012652007147,179.98292200877756,,code,2-1-0-1-1-1-1-1,0.49820740393781504,True,1,batch,True,pso,20,1,swarm
oe4-pilot-v2,oe4,swarm|batch|bc1|h1|pso|r1|N20|c1,syn-logical_syntactic-functions-r3,logical_syntactic,functions,0,1,4820333934433401313,2026-10-01T05:42:36.743+00:00,completed,epsilon,True,True,True,True,,32.049868,37.966439998854185,36.46111300258781,1,56,0.46627757409622445,0.02008255859137359,152.79541399362438,,code,2-1-1-1-1-1-0-1,0.48636013268759803,True,1,batch,True,pso,20,1,swarm
oe4-pilot-v2,oe4,swarm|batch|bc1|h1|pso|r1|N20|c1,syn-logical_syntactic-functions-r4,logical_syntactic,functions,0,1,10275058418311301455,2026-10-01T05:42:36.781+00:00,completed,epsilon,True,True,True,True,,48.184411,54.11401600213139,52.383444002771284,3,66,0.44825847177744416,0.007792650437785986,167.5363020035639,,code,2-0-0-1-1-1-0-1,0.45605112221523014,True,1,batch,True,pso,20,1,swarm
oe4-pilot-v2,oe4,swarm|batch|bc1|h1|pso|r1|N20|c1,syn-explanatory_conceptual-sequential-r0,explanatory_conceptual,sequential,0,1,14947352377729861017,2026-10-01T05:42:36.835+00:00,completed,epsilon,True,True,True,True,,51.373072,57.28319000263582,55.48038000051747,4,71,0.467455645058524,0.0,180.53468500294443,,text,0-0-1-0-2-0-0-1,0.467455645058524,True,1,batch,True,pso,20,1,swarm
oe4-pilot-v2,oe4,swarm|batch|bc1|h1|pso|r1|N20|c1,syn-explanatory_conceptual-sequential-r1,explanatory_conceptual,sequential,0,1,3272787541859846898,2026-10-01T05:42:36.893+00:00,completed,epsilon,True,True,True,True,,33.400016,38.72821500044665,37.39122899787617,1,50,0.45267043074923324,0.006749225258040281,126.56146501533303,,text,0-1-0-1-2-1-0-1,0.4594196560072735,True,1,batch,True,pso,20,1,swarm
oe4-pilot-v2,oe4,swarm|batch|bc1|h1|pso|r1|N20|c1,syn-explanatory_conceptual-sequential-r2,explanatory_conceptual,sequential,0,1,7023970792698232399,2026-10-01T05:42:36.931+00:00,completed,epsilon,True,True,True,True,,59.471467,65.6482029990002,63.82817699704901,4,73,0.45488132858608143,0.007792797720650335,166.92886701351102,,text,1-0-1-2-2-1-1-1,0.46267412630673177,True,1,batch,True,pso,20,1,swarm
oe4-pilot-v2,oe4,swarm|batch|bc1|h1|pso|r1|N20|c1,syn-explanatory_conceptual-sequential-r3,explanatory_conceptual,sequential,0,1,15905282458092997945,2026-10-01T05:42:36.997+00:00,completed,epsilon,True,True,True,True,,41.893235,47.94056500031729,46.43468100039172,2,57,0.4489765705985682,1.9637715242826204e-07,135.65106199264102,,text,1-0-1-1-2-1-1-1,0.44897676697572064,True,1,batch,True,pso,20,1,swarm
oe4-pilot-v2,oe4,swarm|batch|bc1|h1|pso|r1|N20|c1,syn-explanatory_conceptual-sequential-r4,explanatory_conceptual,sequential,0,1,16212943396658008924,2026-10-01T05:42:37.045+00:00,completed,epsilon,True,True,True,True,,48.140773,54.44885000179056,52.745637000043644,3,66,0.45722945344337185,0.009273546497608254,166.25447598610404,,text,1-1-1-0-2-1-1-1,0.4665029999409801,True,1,batch,True,pso,20,1,swarm
oe4-pilot-v2,oe4,swarm|batch|bc1|h1|pso|r1|N20|c1,syn-explanatory_conceptual-conditional-r0,explanatory_conceptual,conditional,0,1,5916953307552671090,2026-10-01T05:42:37.099+00:00,completed,epsilon,True,True,True,True,,33.290177,39.14262799662538,37.74124799747369,1,51,0.487737317609176,0.007792650437786042,133.49211299462004,,code,2-1-1-1-2-1-1-1,0.49552996804696203,True,1,batch,True,pso,20,1,swarm
oe4-pilot-v2,oe4,swarm|batch|bc1|h1|pso|r1|N20|c1,syn-explanatory_conceptual-conditional-r1,explanatory_conceptual,conditional,0,1,18124705353368190302,2026-10-01T05:42:37.138+00:00,completed,epsilon,True,True,True,True,,37.560088,43.58655000032741,42.23820799961686,2,51,0.47520911893219114,0.0036547194033032526,102.33806101123716,,text,1-1-1-1-2-1-1-1,0.4788638383354944,True,1,batch,True,pso,20,1,swarm
oe4-pilot-v2,oe4,swarm|batch|bc1|h1|pso|r1|N20|c1,syn-explanatory_conceptual-conditional-r2,explanatory_conceptual,conditional,0,1,1341896759769893857,2026-10-01T05:42:37.182+00:00,completed,epsilon,True,True,True,True,,32.418412,38.135147999128094,36.703778998344205,1,53,0.4825120796519577,0.007792650437786042,150.53333299886143,,diagram,1-1-2-1-2-1-1-1,0.49030473008974373,True,1,batch,True,pso,20,1,swarm
oe4-pilot-v2,oe4,swarm|batch|bc1|h1|pso|r1|N20|c1,syn-explanatory_conceptual-conditional-r3,explanatory_conceptual,conditional,0,1,11332394261640184133,2026-10-01T05:42:37.220+00:00,completed,epsilon,True,True,True,True,,41.354563,47.357384999486385,45.73800499929348,2,60,0.43096370532164535,0.0036547194033032526,135.4650959970581,,text,1-1-0-1-2-1-0-1,0.4346184247249486,True,1,batch,True,pso,20,1,swarm
oe4-pilot-v2,oe4,swarm|batch|bc1|h1|pso|r1|N20|c1,syn-explanatory_conceptual-conditional-r4,explanatory_conceptual,conditional,0,1,8670080275324173838,2026-10-01T05:42:37.268+00:00,completed,epsilon,True,True,True,True,,40.974594,46.81726200215053,45.11433299921919,2,62,0.45734345073001487,0.007792650437786042,186.83548498815966,,text,1-1-1-1-2-1-0-1,0.4651361011678009,True,1,batch,True,pso,20,1,swarm
oe4-pilot-v2,oe4,swarm|batch|bc1|h1|pso|r1|N20|c1,syn-explanatory_conceptual-repetitive-r0,explanatory_conceptual,repetitive,0,1,3237454591878846868,2026-10-01T05:42:37.314+00:00,completed,epsilon,True,True,True,True,,31.773078,37.12408399951528,35.70258100080537,1,52,0.43547017695048224,0.030711075187125847,145.46835199032267,,text,0-1-1-1-2-1-0-1,0.4661812521376081,True,1,batch,True,pso,20,1,swarm
oe4-pilot-v2,oe4,swarm|batch|bc1|h1|pso|r1|N20|c1,syn-explanatory_conceptual-repetitive-r1,explanatory_conceptual,repetitive,0,1,10148232421566165977,2026-10-01T05:42:37.352+00:00,completed,epsilon,True,True,True,True,,47.818058,54.238642998825526,52.6268390021869,2,60,0.5255407002055713,1.9637715242826204e-07,160.32701901185686,,text,1-0-1-1-2-1-1-1,0.5255408965827237,True,1,batch,True,pso,20,1,swarm
oe4-pilot-v2,oe4,swarm|batch|bc1|h1|pso|r1|N20|c1,syn-explanatory_conceptual-repetitive-r2,explanatory_conceptual,repetitive,0,1,10189736659373836677,2026-10-01T05:42:37.406+00:00,completed,epsilon,True,True,True,True,,34.115706,39.69466599664884,38.32110700022895,1,52,0.49088145414572526,0.0017991482131319847,160.94627000886078,,text,1-0-1-1-2-1-1-1,0.49268060235885724,True,1,batch,True,pso,20,1,swarm
oe4-pilot-v2,oe4,swarm|batch|bc1|h1|pso|r1|N20|c1,syn-explanatory_conceptual-repetitive-r3,explanatory_conceptual,repetitive,0,1,5679236231213962541,2026-10-01T05:42:37.446+00:00,completed,epsilon,True,True,True,True,,40.738066,47.079405001568375,45.25034000107553,2,60,0.47773671108267024,0.009947252053144284,130.68393899241804,,text,1-0-1-0-2-1-1-1,0.4876839631358145,True,1,batch,True,pso,20,1,swarm
oe4-pilot-v2,oe4,swarm|batch|bc1|h1|pso|r1|N20|c1,syn-explanatory_conceptual-repetitive-r4,explanatory_conceptual,repetitive,0,1,615434091092212846,2026-10-01T05:42:37.493+00:00,completed,epsilon,True,True,True,True,,33.698369,39.649534002819564,38.15234300054726,1,55,0.45405216601876935,0.02008255859137359,124.8051630096301,,text,1-1-0-1-2-1-1-1,0.47413472461014294,True,1,batch,True,pso,20,1,swarm
oe4-pilot-v2,oe4,swarm|batch|bc1|h1|pso|r1|N20|c1,syn-explanatory_conceptual-arrays_vectors-r0,explanatory_conceptual,arrays_vectors,0,1,8420274505294676143,2026-10-01T05:42:37.532+00:00,completed,epsilon,True,True,True,True,,34.154852,40.01716899801977,38.44241899787448,1,56,0.49778085910851905,0.027875012652007147,171.07817499990048,,text,1-1-1-1-2-1-0-1,0.5256558717605262,True,1,batch,True,pso,20,1,swarm
oe4-pilot-v2,oe4,swarm|batch|bc1|h1|pso|r1|N20|c1,syn-explanatory_conceptual-arrays_vectors-r1,explanatory_conceptual,arrays_vectors,0,1,11621185609108110648,2026-10-01T05:42:37.572+00:00,completed,epsilon,True,True,True,True,,34.019238,40.126435000274796,38.612827000179095,1,51,0.4615647597787113,0.028694684783154678,128.39974599087066,,text,0-1-0-1-2-1-1-1,0.490259444561866,True,1,batch,True,pso,20,1,swarm
oe4-pilot-v2,oe4,swarm|batch|bc1|h1|pso|r1|N20|c1,syn-explanatory_conceptual-arrays_vectors-r2,explanatory_conceptual,arrays_vectors,0,1,3616904053699891200,2026-10-01T05:42:37.612+00:00,completed,epsilon,True,True,True,True,,30.861368,37.47522800040315,36.030559000209905,1,53,0.5002467392530876,0.027875012652007203,148.04687400241787,,diagram,0-1-2-1-2-1-1-1,0.5281217519050948,True,1,batch,True,pso,20,1,swarm
oe4-pilot-v2,oe4,swarm|batch|bc1|h1|pso|r1|N20|c1,syn-explanatory_conceptual-arrays_vectors-r3,explanatory_conceptual,arrays_vectors,0,1,9640228565651749554,2026-10-01T05:42:37.650+00:00,completed,epsilon,True,True,True,True,,36.805157,42.450703997019446,41.05928699937067,1,51,0.4899428394838256,0.017498999281390593,129.49653100551325,,text,0-1-1-1-2-1-0-1,0.5074418387652162,True,1,batch,True,pso,20,1,swarm
oe4-pilot-v2,oe4,swarm|batch|bc1|h1|pso|r1|N20|c1,syn-explanatory_conceptual-arrays_vectors-r4,explanatory_conceptual,arrays_vectors,0,1,12383051168938743430,2026-10-01T05:42:37.692+00:00,completed,epsilon,True,True,True,True,,38.555221,44.14205300054164,42.7672830010124,2,53,0.5099955953246345,0.007792650437785986,119.5735289954759,,text,1-0-1-1-2-1-1-1,0.5177882457624204,True,1,batch,True,pso,20,1,swarm
oe4-pilot-v2,oe4,swarm|batch|bc1|h1|pso|r1|N20|c1,syn-explanatory_conceptual-functions-r0,explanatory_conceptual,functions,0,1,4847129841761666601,2026-10-01T05:42:37.737+00:00,completed,epsilon,True,True,True,True,,34.389639,39.844847000495065,38.47194600166404,1,51,0.4945698834876539,0.01617519995265254,139.10477001044788,,text,1-2-1-1-2-0-1-1,0.5107450834403064,True,1,batch,True,pso,20,1,swarm
oe4-pilot-v2,oe4,swarm|batch|bc1|h1|pso|r1|N20|c1,syn-explanatory_conceptual-functions-r1,explanatory_conceptual,functions,0,1,8968182148387190867,2026-10-01T05:42:37.776+00:00,completed,epsilon,True,True,True,True,,58.925713,65.44274000043515,63.5433120005473,4,69,0.4985151422574555,0.014907373379307698,165.9756730143362,,code,2-2-1-2-2-0-0-1,0.5134225156367632,True,1,batch,True,pso,20,1,swarm
oe4-pilot-v2,oe4,swarm|batch|bc1|h1|pso|r1|N20|c1,syn-explanatory_conceptual-functions-r2,explanatory_conceptual,functions,0,1,15850266999198055000,2026-10-01T05:42:37.842+00:00,completed,epsilon,True,True,True,True,,47.929612,54.09944799976074,52.34545699931914,3,67,0.4811703400530759,0.005038735019827212,167.9542370089006,,text,1-0-1-1-2-1-0-1,0.4862090750729031,True,1,batch,True,pso,20,1,swarm
oe4-pilot-v2,oe4,swarm|batch|bc1|h1|pso|r1|N20|c1,syn-explanatory_conceptual-functions-r3,explanatory_conceptual,functions,0,1,15409255459732107106,2026-10-01T05:42:37.896+00:00,completed,epsilon,True,True,True,True,,33.34314,39.15124000195647,37.63781900124741,1,54,0.49777727535266225,0.007792650437785986,158.45872301439795,,text,1-0-1-1-2-1-1-1,0.5055699257904482,True,1,batch,True,pso,20,1,swarm
oe4-pilot-v2,oe4,swarm|batch|bc1|h1|pso|r1|N20|c1,syn-explanatory_conceptual-functions-r4,explanatory_conceptual,functions,0,1,13584105466744503536,2026-10-01T05:42:37.935+00:00,completed,epsilon,True,True,True,True,,41.632241,47.49799400087795,45.90643299889052,2,58,0.4919079769589474,0.007792454060633558,130.0201450046514,,text,1-0-1-0-2-1-1-1,0.49970043101958095,True,1,batch,True,pso,20,1,swarm
oe4-pilot-v2,oe4,swarm|batch|bc1|h1|pso|r1|N20|c1,syn-balanced_multimodal-sequential-r0,balanced_multimodal,sequential,0,1,12829628287881295465,2026-10-01T05:42:37.983+00:00,completed,epsilon,True,True,True,True,,44.455979,50.60454299746198,49.02748399763368,2,62,0.4948649211252828,1.9637715242826204e-07,175.83322800748817,,diagram,1-0-2-1-1-1-1-1,0.4948651175024352,True,1,batch,True,pso,20,1,swarm
oe4-pilot-v2,oe4,swarm|batch|bc1|h1|pso|r1|N20|c1,syn-balanced_multimodal-sequential-r1,balanced_multimodal,sequential,0,1,15851898587384579384,2026-10-01T05:42:38.033+00:00,completed,epsilon,True,True,True,True,,36.793155,42.46045100080664,40.935179000371136,1,59,0.46254329609296624,0.023319774530693393,180.58946699988448,,diagram,1-1-2-1-1-1-1-1,0.48586307062365963,True,1,batch,True,pso,20,1,swarm
oe4-pilot-v2,oe4,swarm|batch|bc1|h1|pso|r1|N20|c1,syn-balanced_multimodal-sequential-r2,balanced_multimodal,sequential,0,1,9812259528755781404,2026-10-01T05:42:38.076+00:00,completed,epsilon,True,True,True,True,,41.515309,47.87545799990767,46.25734999717679,2,60,0.5195512786534427,1.9637715242826204e-07,171.69497500669507,,code,2-0-1-1-1-1-1-1,0.5195514750305952,True,1,batch,True,pso,20,1,swarm
oe4-pilot-v2,oe4,swarm|batch|bc1|h1|pso|r1|N20|c1,syn-balanced_multimodal-sequential-r3,balanced_multimodal,sequential,0,1,17396203175820366605,2026-10-01T05:42:38.124+00:00,completed,epsilon,True,True,True,True,,52.646005,58.99705400224775,57.28979200284812,3,64,0.5055952816994697,0.0,167.32665799492082,,text,1-0-1-0-2-1-1-1,0.5055952816994697,True,1,batch,True,pso,20,1,swarm
oe4-pilot-v2,oe4,swarm|batch|bc1|h1|pso|r1|N20|c1,syn-balanced_multimodal-sequential-r4,balanced_multimodal,sequential,0,1,16072189927809315852,2026-10-01T05:42:38.183+00:00,completed,epsilon,True,True,True,True,,47.264798,53.34773800132098,51.6408080002293,3,66,0.4997105397388589,0.006721039910257187,170.4983549971323,,code,2-2-2-1-2-1-2-1,0.5064315796491161,True,1,batch,True,pso,20,1,swarm
oe4-pilot-v2,oe4,swarm|batch|bc1|h1|pso|r1|N20|c1,syn-balanced_multimodal-conditional-r0,balanced_multimodal,conditional,0,1,9492171042143771967,2026-10-01T05:42:38.236+00:00,completed,epsilon,True,True,True,True,,38.224933,44.26949199842056,42.854666000494035,1,54,0.48780502665661635,0.0036547194033032526,154.8614249982399,,code,2-1-1-1-1-1-1-1,0.4914597460599196,True,1,batch,True,pso,20,1,swarm
oe4-pilot-v2,oe4,swarm|batch|bc1|h1|pso|r1|N20|c1,syn-balanced_multimodal-conditional-r1,balanced_multimodal,conditional,0,1,12567349465944861023,2026-10-01T05:42:38.280+00:00,completed,epsilon,True,True,True,True,,32.066577,37.63135299959686,36.191938001138624,1,52,0.4988095313719645,0.0,135.40060302167464,,code,1-1-1-0-1-0-1-1,0.4988095313719645,True,1,batch,True,pso,20,1,swarm
oe4-pilot-v2,oe4,swarm|batch|bc1|h1|pso|r1|N20|c1,syn-balanced_multimodal-conditional-r2,balanced_multimodal,conditional,0,1,4742918314447581142,2026-10-01T05:42:38.318+00:00,completed,epsilon,True,True,True,True,,32.995584,38.99476700098603,37.46600500016939,1,52,0.4784409614577118,0.02094032221573877,135.4335729841986,,code,2-1-1-1-2-1-2-1,0.4993812836734506,True,1,batch,True,pso,20,1,swarm
oe4-pilot-v2,oe4,swarm|batch|bc1|h1|pso|r1|N20|c1,syn-balanced_multimodal-conditional-r3,balanced_multimodal,conditional,0,1,11394639668150330671,2026-10-01T05:42:38.357+00:00,completed,epsilon,True,True,True,True,,32.0397,38.77240900328616,37.242349000734976,1,51,0.4637423303052723,0.007792650437786042,148.33860000562305,,text,1-1-1-1-2-1-1-1,0.47153498074305833,True,1,batch,True,pso,20,1,swarm
oe4-pilot-v2,oe4,swarm|batch|bc1|h1|pso|r1|N20|c1,syn-balanced_multimodal-conditional-r4,balanced_multimodal,conditional,0,1,2277667993778051270,2026-10-01T05:42:38.396+00:00,completed,epsilon,True,True,True,True,,47.854442,54.46107799798483,52.75292399892351,3,62,0.4970117057765307,1.963771524837732e-07,163.41594500104367,,code,2-1-1-1-2-0-2-1,0.4970119021536832,True,1,batch,True,pso,20,1,swarm
oe4-pilot-v2,oe4,swarm|batch|bc1|h1|pso|r1|N20|c1,syn-balanced_multimodal-repetitive-r0,balanced_multimodal,repetitive,0,1,3839617547738254315,2026-10-01T05:42:38.450+00:00,completed,epsilon,True,True,True,True,,40.902738,46.85045199948945,45.106244997441536,1,55,0.5383161833171735,0.020082558591373534,149.12004298156754,,code,2-1-1-1-1-1-2-1,0.558398741908547,True,1,batch,True,pso,20,1,swarm
oe4-pilot-v2,oe4,swarm|batch|bc1|h1|pso|r1|N20|c1,syn-balanced_multimodal-repetitive-r1,balanced_multimodal,repetitive,0,1,2659073220867155690,2026-10-01T05:42:38.497+00:00,completed,epsilon,True,True,True,True,,43.068807,49.28592000214849,47.662195000157226,2,60,0.5300479510764751,1.9637715242826204e-07,148.04003999061453,,code,2-0-2-1-2-1-1-1,0.5300481474536275,True,1,batch,True,pso,20,1,swarm
oe4-pilot-v2,oe4,swarm|batch|bc1|h1|pso|r1|N20|c1,syn-balanced_multimodal-repetitive-r2,balanced_multimodal,repetitive,0,1,12027688066564710874,2026-10-01T05:42:38.546+00:00,completed,epsilon,True,True,True,True,,32.997385,38.67861600156175,37.23725999952876,1,51,0.48695008664679024,0.02008255859137359,145.4454290025749,,code,2-1-2-1-1-1-2-1,0.5070326452381638,True,1,batch,True,pso,20,1,swarm
oe4-pilot-v2,oe4,swarm|batch|bc1|h1|pso|r1|N20|c1,syn-balanced_multimodal-repetitive-r3,balanced_multimodal,repetitive,0,1,10665835498416014906,2026-10-01T05:42:38.585+00:00,completed,epsilon,True,True,True,True,,36.923712,42.70608099977835,41.28403100185096,1,51,0.4984038111225635,0.020082362214221106,144.4786770084577,,diagram,1-1-2-0-2-1-1-1,0.5184861733367846,True,1,batch,True,pso,20,1,swarm
oe4-pilot-v2,oe4,swarm|batch|bc1|h1|pso|r1|N20|c1,syn-balanced_multimodal-repetitive-r4,balanced_multimodal,repetitive,0,1,16842203000296662102,2026-10-01T05:42:38.628+00:00,completed,epsilon,True,True,True,True,,39.224895,44.675516001007054,43.27823500352679,1,50,0.5354470399519666,0.020082558591373645,133.6946690078724,,code,2-1-1-1-1-1-2-1,0.5555295985433403,True,1,batch,True,pso,20,1,swarm
oe4-pilot-v2,oe4,swarm|batch|bc1|h1|pso|r1|N20|c1,syn-balanced_multimodal-arrays_vectors-r0,balanced_multimodal,arrays_vectors,0,1,8202019099685287209,2026-10-01T05:42:38.672+00:00,completed,epsilon,True,True,True,True,,43.202326,49.16368699923623,47.49828499916475,2,62,0.5214552573504015,0.007792454060633558,137.6530189910245,,code,2-0-1-0-2-1-1-1,0.5292477114110351,True,1,batch,True,pso,20,1,swarm
oe4-pilot-v2,oe4,swarm|batch|bc1|h1|pso|r1|N20|c1,syn-balanced_multimodal-arrays_vectors-r1,balanced_multimodal,arrays_vectors,0,1,1557390382835702406,2026-10-01T05:42:38.722+00:00,completed,epsilon,True,True,True,True,,33.117575,39.005627997539705,37.51113299949793,1,56,0.5096115026932262,0.01001413080874669,170.4209250053798,,code,1-0-1-1-1-1-1-1,0.5196256335019729,True,1,batch,True,pso,20,1,swarm
oe4-pilot-v2,oe4,swarm|batch|bc1|h1|pso|r1|N20|c1,syn-balanced_multimodal-arrays_vectors-r2,balanced_multimodal,arrays_vectors,0,1,1551228789342824201,2026-10-01T05:42:38.761+00:00,completed,epsilon,True,True,True,True,,36.800658,42.81111700038309,41.32807700079866,1,53,0.5207081594293232,0.027875012652007092,153.97642201064969,,text,1-1-1-1-2-1-1-1,0.5485831720813303,True,1,batch,True,pso,20,1,swarm
oe4-pilot-v2,oe4,swarm|batch|bc1|h1|pso|r1|N20|c1,syn-balanced_multimodal-arrays_vectors-r3,balanced_multimodal,arrays_vectors,0,1,11908930478528390133,2026-10-01T05:42:38.803+00:00,completed,epsilon,True,True,True,True,,46.718798,53.14945999998599,51.38177299886593,2,62,0.5326887851156756,0.019041613531884827,178.30734099548414,,code,1-0-1-1-1-0-1-1,0.5517303986475605,True,1,batch,True,pso,20,1,swarm
oe4-pilot-v2,oe4,swarm|batch|bc1|h1|pso|r1|N20|c1,syn-balanced_multimodal-arrays_vectors-r4,balanced_multimodal,arrays_vectors,0,1,7080146454937735062,2026-10-01T05:42:38.857+00:00,completed,epsilon,True,True,True,True,,31.97928,38.856553997902665,37.27620300196577,1,53,0.5231764212501887,0.0034158919247068154,145.10933900549276,,code,2-1-1-1-1-0-1-1,0.5265923131748955,True,1,batch,True,pso,20,1,swarm
oe4-pilot-v2,oe4,swarm|batch|bc1|h1|pso|r1|N20|c1,syn-balanced_multimodal-functions-r0,balanced_multimodal,functions,0,1,2933908082685948832,2026-10-01T05:42:38.895+00:00,completed,epsilon,True,True,True,True,,45.257318,51.354824001464294,49.75473400190822,2,60,0.5082813071929754,0.022699680157076907,169.24264000300843,,code,2-2-2-1-1-1-1-1,0.5309809873500523,True,1,batch,True,pso,20,1,swarm
oe4-pilot-v2,oe4,swarm|batch|bc1|h1|pso|r1|N20|c1,syn-balanced_multimodal-functions-r1,balanced_multimodal,functions,0,1,368220290834284782,2026-10-01T05:42:38.947+00:00,completed,epsilon,True,True,True,True,,30.371539,36.37440099919331,34.905254000477726,1,53,0.4917724457549157,0.02008255859137359,155.40946000858025,,code,2-1-1-1-1-1-2-1,0.5118550043462893,True,1,batch,True,pso,20,1,swarm
oe4-pilot-v2,oe4,swarm|batch|bc1|h1|pso|r1|N20|c1,syn-balanced_multimodal-functions-r2,balanced_multimodal,functions,0,1,8673480799685267205,2026-10-01T05:42:38.983+00:00,completed,epsilon,True,True,True,True,,49.814483,56.23618699974031,54.4928630006325,3,67,0.5181875250450265,0.0,150.1030109807115,,code,2-0-1-0-1-0-1-1,0.5181875250450265,True,1,batch,True,pso,20,1,swarm
oe4-pilot-v2,oe4,swarm|batch|bc1|h1|pso|r1|N20|c1,syn-balanced_multimodal-functions-r3,balanced_multimodal,functions,0,1,18228905326412579013,2026-10-01T05:42:39.039+00:00,completed,epsilon,True,True,True,True,,34.900847,40.57255900261225,39.10540200013202,1,57,0.489537761565406,0.027875012652007147,193.01599298898327,,diagram,1-1-2-1-2-1-1-1,0.5174127742174132,True,1,batch,True,pso,20,1,swarm
oe4-pilot-v2,oe4,swarm|batch|bc1|h1|pso|r1|N20|c1,syn-balanced_multimodal-functions-r4,balanced_multimodal,functions,0,1,4683180797726806680,2026-10-01T05:42:39.080+00:00,completed,epsilon,True,True,True,True,,43.216594,49.1381400024693,47.51154900077381,2,57,0.4810101863870243,0.022699680157077018,139.35005998877932,,diagram,1-2-2-1-1-1-1-1,0.5037098665441013,True,1,batch,True,pso,20,1,swarm
oe4-pilot-v2,oe4,swarm|batch|bc1|h1|pso|r1|N20|c1,syn-visual_dominant-sequential-r0,visual_dominant,sequential,0,2,8580140326324496627,2026-10-01T05:42:39.130+00:00,completed,epsilon,True,True,True,True,,34.302753,39.81881799700204,38.38013800123008,1,56,0.45572350868757355,0.02008255859137359,172.04036500433347,,diagram,1-1-2-1-1-1-0-1,0.47580606727894714,True,1,batch,True,pso,20,1,swarm
oe4-pilot-v2,oe4,swarm|batch|bc1|h1|pso|r1|N20|c1,syn-visual_dominant-sequential-r1,visual_dominant,sequential,0,2,17048800117076641484,2026-10-01T05:42:39.170+00:00,completed,epsilon,True,True,True,True,,34.016969,39.85506599929067,38.42969099787297,1,53,0.44878503224528293,0.02008255859137359,137.13591199897797,,diagram,1-1-2-1-0-1-1-1,0.4688675908366565,True,1,batch,True,pso,20,1,swarm
oe4-pilot-v2,oe4,swarm|batch|bc1|h1|pso|r1|N20|c1,syn-visual_dominant-sequential-r2,visual_dominant,sequential,0,2,4355585619346073820,2026-10-01T05:42:39.209+00:00,completed,epsilon,True,True,True,True,,37.965873,43.72360999695957,42.2094100031245,2,58,0.4484135261977656,0.02008255859137359,135.20066799509192,,diagram,1-1-2-1-0-1-0-1,0.4684960847891392,True,1,batch,True,pso,20,1,swarm
oe4-pilot-v2,oe4,swarm|batch|bc1|h1|pso|r1|N20|c1,syn-visual_dominant-sequential-r3,visual_dominant,sequential,0,2,5551779150201999310,2026-10-01T05:42:39.253+00:00,completed,epsilon,True,True,True,True,,38.608912,44.17856500003836,42.63463000097545,2,56,0.49689284274488765,1.9637715242826204e-07,117.37377700441311,,diagram,1-0-2-1-0-1-1-1,0.4968930391220401,True,1,batch,True,pso,20,1,swarm
oe4-pilot-v2,oe4,swarm|batch|bc1|h1|pso|r1|N20|c1,syn-visual_dominant-sequential-r4,visual_dominant,sequential,0,2,13994061115368628468,2026-10-01T05:42:39.297+00:00,completed,epsilon,True,True,True,True,,43.93216,49.73108400008641,48.16511099852505,3,61,0.4539909514952264,0.0,145.24383199675987,,diagram,1-0-2-0-1-1-0-1,0.4539909514952264,True,1,batch,True,pso,20,1,swarm
oe4-pilot-v2,oe4,swarm|batch|bc1|h1|pso|r1|N20|c1,syn-visual_dominant-conditional-r0,visual_dominant,conditional,0,2,11471567894967710186,2026-10-01T05:42:39.347+00:00,completed,epsilon,True,True,True,True,,33.436687,38.89021500071976,37.3673409994808,1,55,0.4683786250362893,0.007792650437786042,164.19318900854338,,diagram,1-1-2-1-0-1-0-1,0.47617127547407534,True,1,batch,True,pso,20,1,swarm
oe4-pilot-v2,oe4,swarm|batch|bc1|h1|pso|r1|N20|c1,syn-visual_dominant-conditional-r1,visual_dominant,conditional,0,2,13928515270300365190,2026-10-01T05:42:39.386+00:00,completed,epsilon,True,True,True,True,,53.828236,60.32679600320989,58.48789299852797,3,67,0.43347702875536903,0.0036547194033032526,172.79610898065874,,diagram,1-1-2-1-0-1-0-1,0.4371317481586723,True,1,batch,True,pso,20,1,swarm
oe4-pilot-v2,oe4,swarm|batch|bc1|h1|pso|r1|N20|c1,syn-visual_dominant-conditional-r2,visual_dominant,conditional,0,2,7530803405880337628,2026-10-01T05:42:39.446+00:00,completed,epsilon,True,True,True,True,,39.437431,45.61479100084398,43.97578399948543,2,60,0.47576325269917313,1.963771524837732e-07,169.78410600060988,,code,2-1-2-1-1-0-1-1,0.4757634490763256,True,1,batch,True,pso,20,1,swarm
oe4-pilot-v2,oe4,swarm|batch|bc1|h1|pso|r1|N20|c1,syn-visual_dominant-conditional-r3,visual_dominant,conditional,0,2,12303691227522993195,2026-10-01T05:42:39.492+00:00,completed,epsilon,True,True,True,True,,43.507793,49.45273000339512,47.90709399821935,2,60,0.4537572043126114,0.0036547194033032526,163.6559839816907,,diagram,1-1-2-1-0-1-1-1,0.45741192371591466,True,1,batch,True,pso,20,1,swarm
oe4-pilot-v2,oe4,swarm|batch|bc1|h1|pso|r1|N20|c1,syn-visual_dominant-conditional-r4,visual_dominant,conditional,0,2,7123775909059268369,2026-10-01T05:42:39.541+00:00,completed,epsilon,True,True,True,True,,30.663948,36.4003539980331,34.98969000065699,1,51,0.43905885028638547,0.009598091106895246,138.27018099404162,,diagram,1-1-2-0-1-0-1-1,0.4486569413932807,True,1,batch,True,pso,20,1,swarm
oe4-pilot-v2,oe4,swarm|batch|bc1|h1|pso|r1|N20|c1,syn-visual_dominant-repetitive-r0,visual_dominant,repetitive,0,2,3652346516165016234,2026-10-01T05:42:39.578+00:00,completed,epsilon,True,True,True,True,,39.212571,45.044356000289554,43.49700000238954,1,56,0.46998170127395994,0.02008255859137359,181.85701000053743,,diagram,1-1-2-1-1-1-0-1,0.49006425986533353,True,1,batch,True,pso,20,1,swarm
oe4-pilot-v2,oe4,swarm|batch|bc1|h1|pso|r1|N20|c1,syn-visual_dominant-repetitive-r1,visual_dominant,repetitive,0,2,9493985239135120539,2026-10-01T05:42:39.623+00:00,completed,epsilon,True,True,True,True,,47.191095,53.356439999333816,51.765333002549596,4,63,0.49141108956712465,0.0,129.04510500258937,,code,2-0-2-0-1-1-1-1,0.49141108956712465,True,1,batch,True,pso,20,1,swarm
oe4-pilot-v2,oe4,swarm|batch|bc1|h1|pso|r1|N20|c1,syn-visual_dominant-repetitive-r2,visual_dominant,repetitive,0,2,15577984090316381348,2026-10-01T05:42:39.676+00:00,completed,epsilon,True,True,True,True,,36.115574,41.976748001616215,40.29446200001985,1,59,0.497368651601852,0.02008255859137359,177.51541900033882,,code,2-1-2-1-1-1-0-1,0.5174512101932256,True,1,batch,True,pso,20,1,swarm
oe4-pilot-v2,oe4,swarm|batch|bc1|h1|pso|r1|N20|c1,syn-visual_dominant-repetitive-r3,visual_dominant,repetitive,0,2,13061490195280824700,2026-10-01T05:42:39.718+00:00,completed,epsilon,True,True,True,True,,38.3103,44.52689299796475,43.144540999492165,2,48,0.5053299123828249,1.9637715242826204e-07,101.09159698115666,,diagram,1-0-2-1-0-1-0-1,0.5053301087599773,True,1,batch,True,pso,20,1,swarm
oe4-pilot-v2,oe4,swarm|batch|bc1|h1|pso|r1|N20|c1,syn-visual_dominant-repetitive-r4,visual_dominant,repetitive,0,2,5153165576748431564,2026-10-01T05:42:39.763+00:00,completed,epsilon,True,True,True,True,,36.847452,43.336581002222374,41.705261002789484,1,56,0.43539326357179114,0.032214241800902654,177.7943959929442,,diagram,0-1-2-1-0-1-0-1,0.4676075053726938,True,1,batch,True,pso,20,1,swarm
oe4-pilot-v2,oe4,swarm|batch|bc1|h1|pso|r1|N20|c1,syn-visual_dominant-arrays_vectors-r0,visual_dominant,arrays_vectors,0,2,2484686855457110652,2026-10-01T05:42:39.806+00:00,completed,epsilon,True,True,True,True,,34.859022,40.86302100040484,39.40908599906834,1,52,0.46105976353153516,0.027875012652007147,139.5493300096785,,diagram,1-1-2-1-0-1-0-1,0.4889347761835423,True,1,batch,True,pso,20,1,swarm
oe4-pilot-v2,oe4,swarm|batch|bc1|h1|pso|r1|N20|c1,syn-visual_dominant-arrays_vectors-r1,visual_dominant,arrays_vectors,0,2,14387502913323118724,2026-10-01T05:42:39.847+00:00,completed,epsilon,True,True,True,True,,45.856021,51.464803000271786,49.76326700125355,2,61,0.4406569611974138,0.01253564549090147,163.7183249951752,,diagram,1-2-2-1-1-0-1-0,0.4531926066883153,True,1,batch,True,pso,20,1,swarm
oe4-pilot-v2,oe4,swarm|batch|bc1|h1|pso|r1|N20|c1,syn-visual_dominant-arrays_vectors-r2,visual_dominant,arrays_vectors,0,2,18083930375172244621,2026-10-01T05:42:39.898+00:00,completed,epsilon,True,True,True,True,,40.082793,46.1044990006485,44.552072999067605,1,58,0.4939594688494195,0.027875012652007147,161.0358340080183,,diagram,1-1-2-1-1-1-1-1,0.5218344815014266,True,1,batch,True,pso,20,1,swarm
oe4-pilot-v2,oe4,swarm|batch|bc1|h1|pso|r1|N20|c1,syn-visual_dominant-arrays_vectors-r3,visual_dominant,arrays_vectors,0,2,16074832408338533935,2026-10-01T05:42:39.945+00:00,completed,epsilon,True,True,True,True,,37.87449,43.60799900314305,42.15829699751339,1,52,0.5104383568030326,0.017498999281390648,149.15054301201164,,diagram,0-1-2-1-1-1-0-1,0.5279373560844233,True,1,batch,True,pso,20,1,swarm
oe4-pilot-v2,oe4,swarm|batch|bc1|h1|pso|r1|N20|c1,syn-visual_dominant-arrays_vectors-r4,visual_dominant,arrays_vectors,0,2,13236652181889018265,2026-10-01T05:42:39.988+00:00,completed,epsilon,True,True,True,True,,42.303341,48.336979998566676,46.724509997147834,2,60,0.49416530121267593,0.003415891924706871,145.1932009912363,,diagram,1-1-2-1-1-0-0-1,0.4975811931373828,True,1,batch,True,pso,20,1,swarm
oe4-pilot-v2,oe4,swarm|batch|bc1|h1|pso|r1|N20|c1,syn-visual_dominant-functions-r0,visual_dominant,functions,0,2,11375697626506085209,2026-10-01T05:42:40.037+00:00,completed,epsilon,True,True,True,True,,30.82408,36.49517099984223,35.075222000159556,1,50,0.47798454429270243,0.019803777820581292,131.85509699505693,,diagram,1-2-2-1-1-1-0-1,0.4977883221132837,True,1,batch,True,pso,20,1,swarm
oe4-pilot-v2,oe4,swarm|batch|bc1|h1|pso|r1|N20|c1,syn-visual_dominant-functions-r1,visual_dominant,functions,0,2,12724222799605840855,2026-10-01T05:42:40.073+00:00,completed,epsilon,True,True,True,True,,41.229324,47.02356800044072,45.324521997827105,2,65,0.4941057150421845,0.007792650437785986,152.211650013168,,code,2-0-2-1-1-1-0-1,0.5018983654799705,True,1,batch,True,pso,20,1,swarm
oe4-pilot-v2,oe4,swarm|batch|bc1|h1|pso|r1|N20|c1,syn-visual_dominant-functions-r2,visual_dominant,functions,0,2,2855966151648987497,2026-10-01T05:42:40.120+00:00,completed,epsilon,True,True,True,True,,41.667417,47.339035001641605,45.70186800265219,3,64,0.471376010746655,1.9637715242826204e-07,172.11773299557797,,diagram,1-0-2-1-1-0-1-1,0.47137620712380746,True,1,batch,True,pso,20,1,swarm
oe4-pilot-v2,oe4,swarm|batch|bc1|h1|pso|r1|N20|c1,syn-visual_dominant-functions-r3,visual_dominant,functions,0,2,15496158585802717903,2026-10-01T05:42:40.167+00:00,completed,epsilon,True,True,True,True,,36.425183,42.48696200011182,40.86078800173709,1,58,0.45256029277229026,0.027874816274854664,161.38218900511683,,diagram,1-1-2-0-0-1-1-1,0.4804351090471449,True,1,batch,True,pso,20,1,swarm
oe4-pilot-v2,oe4,swarm|batch|bc1|h1|pso|r1|N20|c1,syn-visual_dominant-functions-r4,visual_dominant,functions,0,2,10259835321663512086,2026-10-01T05:42:40.210+00:00,completed,epsilon,True,True,True,True,,45.897468,51.88903600355843,50.22886699953233,3,66,0.5026282462686158,1.9637715242826204e-07,149.5425609938177,,code,2-0-2-1-1-1-1-1,0.5026284426457682,True,1,batch,True,pso,20,1,swarm
oe4-pilot-v2,oe4,swarm|batch|bc1|h1|pso|r1|N20|c1,syn-logical_syntactic-sequential-r0,logical_syntactic,sequential,0,2,13362044807751343064,2026-10-01T05:42:40.262+00:00,completed,epsilon,True,True,True,True,,33.502992,39.3414220015984,37.90918300001067,1,54,0.4761350201294624,0.020082362214221106,152.0679340185316,,code,2-1-1-0-0-1-0-1,0.4962173823436835,True,1,batch,True,pso,20,1,swarm
oe4-pilot-v2,oe4,swarm|batch|bc1|h1|pso|r1|N20|c1,syn-logical_syntactic-sequential-r1,logical_syntactic,sequential,0,2,14311645315440717423,2026-10-01T05:42:40.301+00:00,completed,epsilon,True,True,True,True,,53.862375,59.801416002301266,58.06147400289774,3,67,0.4825463618186212,0.0,186.68957801071002,,code,2-0-1-0-1-1-0-1,0.4825463618186212,True,1,batch,True,pso,20,1,swarm
oe4-pilot-v2,oe4,swarm|batch|bc1|h1|pso|r1|N20|c1,syn-logical_syntactic-sequential-r2,logical_syntactic,sequential,0,2,15643440995604996842,2026-10-01T05:42:40.361+00:00,completed,epsilon,True,True,True,True,,28.745913,34.55963599844836,33.187091001309454,1,50,0.5052479809084092,0.0034158919247069264,128.84502098422712,,code,2-1-0-1-1-1-1-1,0.5086638728331161,True,1,batch,True,pso,20,1,swarm
oe4-pilot-v2,oe4,swarm|batch|bc1|h1|pso|r1|N20|c1,syn-logical_syntactic-sequential-r3,logical_syntactic,sequential,0,2,16960600487627624599,2026-10-01T05:42:40.396+00:00,completed,epsilon,True,True,True,True,,46.137601,51.81815700052539,50.17749999751686,3,64,0.47454039043400664,1.9637715242826204e-07,155.63285699420535,,code,2-0-1-1-1-1-0-1,0.47454058681115907,True,1,batch,True,pso,20,1,swarm
oe4-pilot-v2,oe4,swarm|batch|bc1|h1|pso|r1|N20|c1,syn-logical_syntactic-sequential-r4,logical_syntactic,sequential,0,2,17250185977012485747,2026-10-01T05:42:40.447+00:00,completed,epsilon,True,True,True,True,,49.741483,55.54418099927716,53.895437999017304,3,62,0.49533228036449595,0.0010555026473685336,153.9026639994016,,code,2-0-1-2-1-0-0-0,0.4963877830118645,True,1,batch,True,pso,20,1,swarm
oe4-pilot-v2,oe4,swarm|batch|bc1|h1|pso|r1|N20|c1,syn-logical_syntactic-conditional-r0,logical_syntactic,conditional,0,2,4732552759670585228,2026-10-01T05:42:40.503+00:00,completed,epsilon,True,True,True,True,,36.827685,42.67642200284172,41.11105599804432,1,59,0.4552124341978106,0.0036547194033032526,202.99053101300694,,code,2-1-1-1-0-1-0-1,0.45886715360111385,True,1,batch,True,pso,20,1,swarm
oe4-pilot-v2,oe4,swarm|batch|bc1|h1|pso|r1|N20|c1,syn-logical_syntactic-conditional-r1,logical_syntactic,conditional,0,2,16767561851559065070,2026-10-01T05:42:40.546+00:00,completed,epsilon,True,True,True,True,,41.530651,47.430080998310586,45.835216998966644,2,61,0.4440319075303329,0.007792650437786042,178.31224300139942,,code,2-1-1-1-0-1-0-1,0.45182455796811893,True,1,batch,True,pso,20,1,swarm
oe4-pilot-v2,oe4,swarm|batch|bc1|h1|pso|r1|N20|c1,syn-logical_syntactic-conditional-r2,logical_syntactic,conditional,0,2,6973891702751108736,2026-10-01T05:42:40.593+00:00,completed,epsilon,True,True,True,True,,36.348062,41.85931799656828,40.4525019985158,1,53,0.4631068467146388,0.0036547194033032526,158.01029900489405,,code,2-1-1-1-0-1-1-1,0.46676156611794206,True,1,batch,True,pso,20,1,swarm
oe4-pilot-v2,oe4,swarm|batch|bc1|h1|pso|r1|N20|c1,syn-logical_syntactic-conditional-r3,logical_syntactic,conditional,0,2,6626061848004110554,2026-10-01T05:42:40.635+00:00,completed,epsilon,True,True,True,True,,30.584134,36.25397699943278,34.752528998069465,1,51,0.4614734643861827,0.007792650437786042,130.4893169832352,,code,2-1-1-1-0-1-0-1,0.46926611482396874,True,1,batch,True,pso,20,1,swarm
oe4-pilot-v2,oe4,swarm|batch|bc1|h1|pso|r1|N20|c1,syn-logical_syntactic-conditional-r4,logical_syntactic,conditional,0,2,2581103798954869873,2026-10-01T05:42:40.671+00:00,completed,epsilon,True,True,True,True,,31.379449,37.271013999998104,35.932857001171215,1,51,0.4839345737065493,0.0036547194033032526,133.87195698428422,,code,2-1-1-1-1-1-1-1,0.48758929310985255,True,1,batch,True,pso,20,1,swarm
oe4-pilot-v2,oe4,swarm|batch|bc1|h1|pso|r1|N20|c1,syn-logical_syntactic-repetitive-r0,logical_syntactic,repetitive,0,2,2563900073831829840,2026-10-01T05:42:40.709+00:00,completed,epsilon,True,True,True,True,,35.298542,41.10801299975719,39.566622999700485,1,56,0.45068774937313677,0.02008255859137359,171.43506899701825,,code,2-1-2-1-0-1-1-1,0.47077030796451036,True,1,batch,True,pso,20,1,swarm
oe4-pilot-v2,oe4,swarm|batch|bc1|h1|pso|r1|N20|c1,syn-logical_syntactic-repetitive-r1,logical_syntactic,repetitive,0,2,1690962082425471307,2026-10-01T05:42:40.750+00:00,completed,epsilon,True,True,True,True,,37.072433,42.98057299820357,41.43913900043117,1,56,0.46854772531455674,0.02008255859137359,166.42296300218538,,code,2-1-1-1-0-1-0-1,0.48863028390593033,True,1,batch,True,pso,20,1,swarm
oe4-pilot-v2,oe4,swarm|batch|bc1|h1|pso|r1|N20|c1,syn-logical_syntactic-repetitive-r2,logical_syntactic,repetitive,0,2,12298035747105259136,2026-10-01T05:42:40.793+00:00,completed,epsilon,True,True,True,True,,41.089511,47.068968997336924,45.60520199811435,1,53,0.48860682289608054,0.02008255859137359,144.90132399279258,,code,2-1-1-1-1-1-1-1,0.5086893814874541,True,1,batch,True,pso,20,1,swarm
oe4-pilot-v2,oe4,swarm|batch|bc1|h1|pso|r1|N20|c1,syn-logical_syntactic-repetitive-r3,logical_syntactic,repetitive,0,2,6665076571321463288,2026-10-01T05:42:40.840+00:00,completed,epsilon,True,True,True,True,,48.352132,54.26308499954757,52.554493999195984,3,63,0.48216814861223045,0.0,137.1700369978675,,code,2-0-1-0-1-1-0-1,0.48216814861223045,True,1,batch,True,pso,20,1,swarm
oe4-pilot-v2,oe4,swarm|batch|bc1|h1|pso|r1|N20|c1,syn-logical_syntactic-repetitive-r4,logical_syntactic,repetitive,0,2,3613547958009930106,2026-10-01T05:42:40.894+00:00,completed,epsilon,True,True,True,True,,39.117718,45.21570699944277,43.71762300070259,2,61,0.4154283128506681,0.028970245585525245,151.97346998405698,,code,2-1-1-1-0-1-0-1,0.44439855843619336,True,1,batch,True,pso,20,1,swarm
oe4-pilot-v2,oe4,swarm|batch|bc1|h1|pso|r1|N20|c1,syn-logical_syntactic-arrays_vectors-r0,logical_syntactic,arrays_vectors,0,2,14948705039163960895,2026-10-01T05:42:40.939+00:00,completed,epsilon,True,True,True,True,,32.132351,38.0959799986158,36.518996999802766,1,51,0.4856184373133194,0.02008255859137359,133.391395993981,,code,2-1-1-1-0-0-1-1,0.505700995904693,True,1,batch,True,pso,20,1,swarm
oe4-pilot-v2,oe4,swarm|batch|bc1|h1|pso|r1|N20|c1,syn-logical_syntactic-arrays_vectors-r1,logical_syntactic,arrays_vectors,0,2,13327273701071249688,2026-10-01T05:42:40.977+00:00,completed,epsilon,True,True,True,True,,48.923722,54.96835799931432,53.29048299972783,2,65,0.47317793671230085,0.010866792799564984,166.40751698244986,,code,2-2-1-1-1-0-0-1,0.48404472951186583,True,1,batch,True,pso,20,1,swarm
oe4-pilot-v2,oe4,swarm|batch|bc1|h1|pso|r1|N20|c1,syn-logical_syntactic-arrays_vectors-r2,logical_syntactic,arrays_vectors,0,2,7678510444233138347,2026-10-01T05:42:41.032+00:00,completed,epsilon,True,True,True,True,,38.876642,44.98501500347629,43.266190001304494,1,59,0.49083089405366653,0.027874816274854664,194.2259749863058,,code,2-1-1-0-0-1-0-1,0.5187057103285212,True,1,batch,True,pso,20,1,swarm
oe4-pilot-v2,oe4,swarm|batch|bc1|h1|pso|r1|N20|c1,syn-logical_syntactic-arrays_vectors-r3,logical_syntactic,arrays_vectors,0,2,3475821061836782133,2026-10-01T05:42:41.077+00:00,completed,epsilon,True,True,True,True,,46.316546,52.36646000048495,50.58670400103438,2,62,0.5279095277556373,1.472828643489521e-07,158.3247059965907,,code,2-0-1-2-1-0-1-1,0.5279096750385016,True,1,batch,True,pso,20,1,swarm
oe4-pilot-v2,oe4,swarm|batch|bc1|h1|pso|r1|N20|c1,syn-logical_syntactic-arrays_vectors-r4,logical_syntactic,arrays_vectors,0,2,15069723113616053544,2026-10-01T05:42:41.130+00:00,completed,epsilon,True,True,True,True,,41.272276,47.00612099986756,45.3706879998208,2,60,0.4592948548206536,0.007792650437785986,151.6069280062543,,code,2-0-1-1-0-1-1-1,0.46708750525843956,True,1,batch,True,pso,20,1,swarm
oe4-pilot-v2,oe4,swarm|batch|bc1|h1|pso|r1|N20|c1,syn-logical_syntactic-functions-r0,logical_syntactic,functions,0,2,15105445333404857368,2026-10-01T05:42:41.177+00:00,completed,epsilon,True,True,True,True,,34.72809,41.05620799964527,39.652569001191296,1,53,0.4876998796280693,0.027875012652007147,147.51155799030215,,code,2-1-1-1-1-1-0-1,0.5155748922800765,True,1,batch,True,pso,20,1,swarm
oe4-pilot-v2,oe4,swarm|batch|bc1|h1|pso|r1|N20|c1,syn-logical_syntactic-functions-r1,logical_syntactic,functions,0,2,7545233351544256523,2026-10-01T05:42:41.218+00:00,completed,epsilon,True,True,True,True,,33.243672,39.18754500045907,37.55973599982099,1,58,0.4742120227778769,0.021023062154443717,147.53064800843774,,code,2-0-1-2-0-0-0-1,0.4952350849323206,True,1,batch,True,pso,20,1,swarm
oe4-pilot-v2,oe4,swarm|batch|bc1|h1|pso|r1|N20|c1,syn-logical_syntactic-functions-r2,logical_syntactic,functions,0,2,6130147880867857550,2026-10-01T05:42:41.257+00:00,completed,epsilon,True,True,True,True,,38.967542,44.47952500049723,42.962468000041554,1,59,0.4703323912858079,0.027875012652007147,171.71992400103136,,code,2-1-0-1-1-1-1-1,0.49820740393781504,True,1,batch,True,pso,20,1,swarm
oe4-pilot-v2,oe4,swarm|batch|bc1|h1|pso|r1|N20|c1,syn-logical_syntactic-functions-r3,logical_syntactic,functions,0,2,4820333934433401313,2026-10-01T05:42:41.301+00:00,completed,epsilon,True,True,True,True,,30.628044,36.263422000047285,34.81612399991718,1,56,0.46627757409622445,0.02008255859137359,159.89484698875378,,code,2-1-1-1-1-1-0-1,0.48636013268759803,True,1,batch,True,pso,20,1,swarm
oe4-pilot-v2,oe4,swarm|batch|bc1|h1|pso|r1|N20|c1,syn-logical_syntactic-functions-r4,logical_syntactic,functions,0,2,10275058418311301455,2026-10-01T05:42:41.338+00:00,completed,epsilon,True,True,True,True,,45.45744,51.33016900072107,49.593810999795096,3,66,0.44825847177744416,0.007792650437785986,148.85061099564098,,code,2-0-0-1-1-1-0-1,0.45605112221523014,True,1,batch,True,pso,20,1,swarm
oe4-pilot-v2,oe4,swarm|batch|bc1|h1|pso|r1|N20|c1,syn-explanatory_conceptual-sequential-r0,explanatory_conceptual,sequential,0,2,14947352377729861017,2026-10-01T05:42:41.389+00:00,completed,epsilon,True,True,True,True,,49.597971,55.34975999762537,53.57367900069221,4,71,0.467455645058524,0.0,164.58026100863125,,text,0-0-1-0-2-0-0-1,0.467455645058524,True,1,batch,True,pso,20,1,swarm
oe4-pilot-v2,oe4,swarm|batch|bc1|h1|pso|r1|N20|c1,syn-explanatory_conceptual-sequential-r1,explanatory_conceptual,sequential,0,2,3272787541859846898,2026-10-01T05:42:41.444+00:00,completed,epsilon,True,True,True,True,,32.65957,38.1436110001232,36.81266200146638,1,50,0.45267043074923324,0.006749225258040281,123.2670170075481,,text,0-1-0-1-2-1-0-1,0.4594196560072735,True,1,batch,True,pso,20,1,swarm
oe4-pilot-v2,oe4,swarm|batch|bc1|h1|pso|r1|N20|c1,syn-explanatory_conceptual-sequential-r2,explanatory_conceptual,sequential,0,2,7023970792698232399,2026-10-01T05:42:41.483+00:00,completed,epsilon,True,True,True,True,,57.231051,63.308034998044604,61.42138100040029,4,73,0.45488132858608143,0.007792797720650335,169.44725499516883,,text,1-0-1-2-2-1-1-1,0.46267412630673177,True,1,batch,True,pso,20,1,swarm
oe4-pilot-v2,oe4,swarm|batch|bc1|h1|pso|r1|N20|c1,syn-explanatory_conceptual-sequential-r3,explanatory_conceptual,sequential,0,2,15905282458092997945,2026-10-01T05:42:41.546+00:00,completed,epsilon,True,True,True,True,,42.601409,48.51084199981415,47.000407001178246,2,57,0.4489765705985682,1.9637715242826204e-07,142.06623699869115,,text,1-0-1-1-2-1-1-1,0.44897676697572064,True,1,batch,True,pso,20,1,swarm
oe4-pilot-v2,oe4,swarm|batch|bc1|h1|pso|r1|N20|c1,syn-explanatory_conceptual-sequential-r4,explanatory_conceptual,sequential,0,2,16212943396658008924,2026-10-01T05:42:41.594+00:00,completed,epsilon,True,True,True,True,,47.890159,54.01019900091342,52.366920997883426,3,66,0.45722945344337185,0.009273546497608254,164.26396899119672,,text,1-1-1-0-2-1-1-1,0.4665029999409801,True,1,batch,True,pso,20,1,swarm
oe4-pilot-v2,oe4,swarm|batch|bc1|h1|pso|r1|N20|c1,syn-explanatory_conceptual-conditional-r0,explanatory_conceptual,conditional,0,2,5916953307552671090,2026-10-01T05:42:41.648+00:00,completed,epsilon,True,True,True,True,,33.03738,38.532013000804,37.178779999521794,1,51,0.487737317609176,0.007792650437786042,142.78008800338444,,code,2-1-1-1-2-1-1-1,0.49552996804696203,True,1,batch,True,pso,20,1,swarm
oe4-pilot-v2,oe4,swarm|batch|bc1|h1|pso|r1|N20|c1,syn-explanatory_conceptual-conditional-r1,explanatory_conceptual,conditional,0,2,18124705353368190302,2026-10-01T05:42:41.687+00:00,completed,epsilon,True,True,True,True,,40.662124,46.49692800012417,45.1170970009116,2,51,0.47520911893219114,0.0036547194033032526,120.48610900066933,,text,1-1-1-1-2-1-1-1,0.4788638383354944,True,1,batch,True,pso,20,1,swarm
oe4-pilot-v2,oe4,swarm|batch|bc1|h1|pso|r1|N20|c1,syn-explanatory_conceptual-conditional-r2,explanatory_conceptual,conditional,0,2,1341896759769893857,2026-10-01T05:42:41.733+00:00,completed,epsilon,True,True,True,True,,33.043079,38.52123799879337,37.119864999112906,1,53,0.4825120796519577,0.007792650437786042,157.0412109977533,,diagram,1-1-2-1-2-1-1-1,0.49030473008974373,True,1,batch,True,pso,20,1,swarm
oe4-pilot-v2,oe4,swarm|batch|bc1|h1|pso|r1|N20|c1,syn-explanatory_conceptual-conditional-r3,explanatory_conceptual,conditional,0,2,11332394261640184133,2026-10-01T05:42:41.772+00:00,completed,epsilon,True,True,True,True,,41.723571,47.34877399823745,45.78474400113919,2,60,0.43096370532164535,0.0036547194033032526,139.83642799995485,,text,1-1-0-1-2-1-0-1,0.4346184247249486,True,1,batch,True,pso,20,1,swarm
oe4-pilot-v2,oe4,swarm|batch|bc1|h1|pso|r1|N20|c1,syn-explanatory_conceptual-conditional-r4,explanatory_conceptual,conditional,0,2,8670080275324173838,2026-10-01T05:42:41.819+00:00,completed,epsilon,True,True,True,True,,40.237569,45.73533799703,44.148903998575406,2,62,0.45734345073001487,0.007792650437786042,168.87969099297933,,text,1-1-1-1-2-1-0-1,0.4651361011678009,True,1,batch,True,pso,20,1,swarm
oe4-pilot-v2,oe4,swarm|batch|bc1|h1|pso|r1|N20|c1,syn-explanatory_conceptual-repetitive-r0,explanatory_conceptual,repetitive,0,2,3237454591878846868,2026-10-01T05:42:41.865+00:00,completed,epsilon,True,True,True,True,,32.009987,37.71434199734358,36.28086800017627,1,52,0.43547017695048224,0.030711075187125847,143.3658820088199,,text,0-1-1-1-2-1-0-1,0.4661812521376081,True,1,batch,True,pso,20,1,swarm
oe4-pilot-v2,oe4,swarm|batch|bc1|h1|pso|r1|N20|c1,syn-explanatory_conceptual-repetitive-r1,explanatory_conceptual,repetitive,0,2,10148232421566165977,2026-10-01T05:42:41.903+00:00,completed,epsilon,True,True,True,True,,46.895279,52.702933997352375,51.15056900103809,2,60,0.5255407002055713,1.9637715242826204e-07,151.17393700293877,,text,1-0-1-1-2-1-1-1,0.5255408965827237,True,1,batch,True,pso,20,1,swarm
oe4-pilot-v2,oe4,swarm|batch|bc1|h1|pso|r1|N20|c1,syn-explanatory_conceptual-repetitive-r2,explanatory_conceptual,repetitive,0,2,10189736659373836677,2026-10-01T05:42:41.956+00:00,completed,epsilon,True,True,True,True,,33.67741,39.460667001549155,38.00808099913411,1,52,0.49088145414572526,0.0017991482131319847,138.0407690008916,,text,1-0-1-1-2-1-1-1,0.49268060235885724,True,1,batch,True,pso,20,1,swarm
oe4-pilot-v2,oe4,swarm|batch|bc1|h1|pso|r1|N20|c1,syn-explanatory_conceptual-repetitive-r3,explanatory_conceptual,repetitive,0,2,5679236231213962541,2026-10-01T05:42:41.995+00:00,completed,epsilon,True,True,True,True,,39.80193,45.83937999996124,44.067348000680795,2,60,0.47773671108267024,0.009947252053144284,135.56282200278105,,text,1-0-1-0-2-1-1-1,0.4876839631358145,True,1,batch,True,pso,20,1,swarm
oe4-pilot-v2,oe4,swarm|batch|bc1|h1|pso|r1|N20|c1,syn-explanatory_conceptual-repetitive-r4,explanatory_conceptual,repetitive,0,2,615434091092212846,2026-10-01T05:42:42.041+00:00,completed,epsilon,True,True,True,True,,34.499463,40.608430997963296,39.14823499872,1,55,0.45405216601876935,0.02008255859137359,133.90402599547645,,text,1-1-0-1-2-1-1-1,0.47413472461014294,True,1,batch,True,pso,20,1,swarm
oe4-pilot-v2,oe4,swarm|batch|bc1|h1|pso|r1|N20|c1,syn-explanatory_conceptual-arrays_vectors-r0,explanatory_conceptual,arrays_vectors,0,2,8420274505294676143,2026-10-01T05:42:42.082+00:00,completed,epsilon,True,True,True,True,,34.550999,40.75541800193605,39.18542699830141,1,56,0.49778085910851905,0.027875012652007147,180.6653889900427,,text,1-1-1-1-2-1-0-1,0.5256558717605262,True,1,batch,True,pso,20,1,swarm
oe4-pilot-v2,oe4,swarm|batch|bc1|h1|pso|r1|N20|c1,syn-explanatory_conceptual-arrays_vectors-r1,explanatory_conceptual,arrays_vectors,0,2,11621185609108110648,2026-10-01T05:42:42.122+00:00,completed,epsilon,True,True,True,True,,33.906626,39.75623700171127,38.377391996618826,1,51,0.4615647597787113,0.028694684783154678,124.29082399125737,,text,0-1-0-1-2-1-1-1,0.490259444561866,True,1,batch,True,pso,20,1,swarm
oe4-pilot-v2,oe4,swarm|batch|bc1|h1|pso|r1|N20|c1,syn-explanatory_conceptual-arrays_vectors-r2,explanatory_conceptual,arrays_vectors,0,2,3616904053699891200,2026-10-01T05:42:42.162+00:00,completed,epsilon,True,True,True,True,,32.816153,38.76983399823075,37.20943499865825,1,53,0.5002467392530876,0.027875012652007203,152.71305399949654,,diagram,0-1-2-1-2-1-1-1,0.5281217519050948,True,1,batch,True,pso,20,1,swarm
oe4-pilot-v2,oe4,swarm|batch|bc1|h1|pso|r1|N20|c1,syn-explanatory_conceptual-arrays_vectors-r3,explanatory_conceptual,arrays_vectors,0,2,9640228565651749554,2026-10-01T05:42:42.201+00:00,completed,epsilon,True,True,True,True,,37.044836,42.764360001456225,41.33978300160379,1,51,0.4899428394838256,0.017498999281390593,137.88698401722243,,text,0-1-1-1-2-1-0-1,0.5074418387652162,True,1,batch,True,pso,20,1,swarm
oe4-pilot-v2,oe4,swarm|batch|bc1|h1|pso|r1|N20|c1,syn-explanatory_conceptual-arrays_vectors-r4,explanatory_conceptual,arrays_vectors,0,2,12383051168938743430,2026-10-01T05:42:42.244+00:00,completed,epsilon,True,True,True,True,,37.813474,43.612408997432794,42.13271999833523,2,53,0.5099955953246345,0.007792650437785986,117.96729599356496,,text,1-0-1-1-2-1-1-1,0.5177882457624204,True,1,batch,True,pso,20,1,swarm
oe4-pilot-v2,oe4,swarm|batch|bc1|h1|pso|r1|N20|c1,syn-explanatory_conceptual-functions-r0,explanatory_conceptual,functions,0,2,4847129841761666601,2026-10-01T05:42:42.287+00:00,completed,epsilon,True,True,True,True,,32.445436,38.12788499999442,36.70382799828076,1,51,0.4945698834876539,0.01617519995265254,122.14609999738325,,text,1-2-1-1-2-0-1-1,0.5107450834403064,True,1,batch,True,pso,20,1,swarm
oe4-pilot-v2,oe4,swarm|batch|bc1|h1|pso|r1|N20|c1,syn-explanatory_conceptual-functions-r1,explanatory_conceptual,functions,0,2,8968182148387190867,2026-10-01T05:42:42.325+00:00,completed,epsilon,True,True,True,True,,70.371269,77.0929319987772,74.820448000537,4,69,0.4985151422574555,0.014907373379307698,148.10440300112862,,code,2-2-1-2-2-0-0-1,0.5134225156367632,True,1,batch,True,pso,20,1,swarm
oe4-pilot-v2,oe4,swarm|batch|bc1|h1|pso|r1|N20|c1,syn-explanatory_conceptual-functions-r2,explanatory_conceptual,functions,0,2,15850266999198055000,2026-10-01T05:42:42.402+00:00,completed,epsilon,True,True,True,True,,52.558441,61.09828400076367,59.33549399924232,3,67,0.4811703400530759,0.005038735019827212,233.2770699944898,,text,1-0-1-1-2-1-0-1,0.4862090750729031,True,1,batch,True,pso,20,1,swarm
oe4-pilot-v2,oe4,swarm|batch|bc1|h1|pso|r1|N20|c1,syn-explanatory_conceptual-functions-r3,explanatory_conceptual,functions,0,2,15409255459732107106,2026-10-01T05:42:42.464+00:00,completed,epsilon,True,True,True,True,,33.162191,38.77098900193232,37.31956000046921,1,54,0.49777727535266225,0.007792650437785986,151.34716699485853,,text,1-0-1-1-2-1-1-1,0.5055699257904482,True,1,batch,True,pso,20,1,swarm
oe4-pilot-v2,oe4,swarm|batch|bc1|h1|pso|r1|N20|c1,syn-explanatory_conceptual-functions-r4,explanatory_conceptual,functions,0,2,13584105466744503536,2026-10-01T05:42:42.502+00:00,completed,epsilon,True,True,True,True,,39.997747,45.58816400094656,43.963329000689555,2,58,0.4919079769589474,0.007792454060633558,124.49588800232925,,text,1-0-1-0-2-1-1-1,0.49970043101958095,True,1,batch,True,pso,20,1,swarm
oe4-pilot-v2,oe4,swarm|batch|bc1|h1|pso|r1|N20|c1,syn-balanced_multimodal-sequential-r0,balanced_multimodal,sequential,0,2,12829628287881295465,2026-10-01T05:42:42.548+00:00,completed,epsilon,True,True,True,True,,45.880246,52.2868420011946,50.5771520001872,2,62,0.4948649211252828,1.9637715242826204e-07,172.23987898614445,,diagram,1-0-2-1-1-1-1-1,0.4948651175024352,True,1,batch,True,pso,20,1,swarm
oe4-pilot-v2,oe4,swarm|batch|bc1|h1|pso|r1|N20|c1,syn-balanced_multimodal-sequential-r1,balanced_multimodal,sequential,0,2,15851898587384579384,2026-10-01T05:42:42.600+00:00,completed,epsilon,True,True,True,True,,40.894366,46.802130000287434,45.17312999814749,1,59,0.46254329609296624,0.023319774530693393,198.19176799919012,,diagram,1-1-2-1-1-1-1-1,0.48586307062365963,True,1,batch,True,pso,20,1,swarm
oe4-pilot-v2,oe4,swarm|batch|bc1|h1|pso|r1|N20|c1,syn-balanced_multimodal-sequential-r2,balanced_multimodal,sequential,0,2,9812259528755781404,2026-10-01T05:42:42.647+00:00,completed,epsilon,True,True,True,True,,41.158594,47.02516799807199,45.39215800105012,2,60,0.5195512786534427,1.9637715242826204e-07,159.45751398672746,,code,2-0-1-1-1-1-1-1,0.5195514750305952,True,1,batch,True,pso,20,1,swarm
oe4-pilot-v2,oe4,swarm|batch|bc1|h1|pso|r1|N20|c1,syn-balanced_multimodal-sequential-r3,balanced_multimodal,sequential,0,2,17396203175820366605,2026-10-01T05:42:42.694+00:00,completed,epsilon,True,True,True,True,,51.953666,57.83109099866124,56.114090999471955,3,64,0.5055952816994697,0.0,177.6910710005812,,text,1-0-1-0-2-1-1-1,0.5055952816994697,True,1,batch,True,pso,20,1,swarm
oe4-pilot-v2,oe4,swarm|batch|bc1|h1|pso|r1|N20|c1,syn-balanced_multimodal-sequential-r4,balanced_multimodal,sequential,0,2,16072189927809315852,2026-10-01T05:42:42.752+00:00,completed,epsilon,True,True,True,True,,47.687667,54.20686400248087,52.41666299843928,3,66,0.4997105397388589,0.006721039910257187,166.2064570240008,,code,2-2-2-1-2-1-2-1,0.5064315796491161,True,1,batch,True,pso,20,1,swarm
oe4-pilot-v2,oe4,swarm|batch|bc1|h1|pso|r1|N20|c1,syn-balanced_multimodal-conditional-r0,balanced_multimodal,conditional,0,2,9492171042143771967,2026-10-01T05:42:42.806+00:00,completed,epsilon,True,True,True,True,,38.724879,44.2890209997131,42.83447700072429,1,54,0.48780502665661635,0.0036547194033032526,167.33660898794884,,code,2-1-1-1-1-1-1-1,0.4914597460599196,True,1,batch,True,pso,20,1,swarm
oe4-pilot-v2,oe4,swarm|batch|bc1|h1|pso|r1|N20|c1,syn-balanced_multimodal-conditional-r1,balanced_multimodal,conditional,0,2,12567349465944861023,2026-10-01T05:42:42.850+00:00,completed,epsilon,True,True,True,True,,34.12605,39.8283350004931,38.38393200203427,1,52,0.4988095313719645,0.0,150.82433299866352,,code,1-1-1-0-1-0-1-1,0.4988095313719645,True,1,batch,True,pso,20,1,swarm
oe4-pilot-v2,oe4,swarm|batch|bc1|h1|pso|r1|N20|c1,syn-balanced_multimodal-conditional-r2,balanced_multimodal,conditional,0,2,4742918314447581142,2026-10-01T05:42:42.890+00:00,completed,epsilon,True,True,True,True,,34.12638,40.22983399772784,38.76285500155063,1,52,0.4784409614577118,0.02094032221573877,129.34407099110447,,code,2-1-1-1-2-1-2-1,0.4993812836734506,True,1,batch,True,pso,20,1,swarm
oe4-pilot-v2,oe4,swarm|batch|bc1|h1|pso|r1|N20|c1,syn-balanced_multimodal-conditional-r3,balanced_multimodal,conditional,0,2,11394639668150330671,2026-10-01T05:42:42.931+00:00,completed,epsilon,True,True,True,True,,30.199388,35.976725001091836,34.56293899944285,1,51,0.4637423303052723,0.007792650437786042,141.36150502326458,,text,1-1-1-1-2-1-1-1,0.47153498074305833,True,1,batch,True,pso,20,1,swarm
oe4-pilot-v2,oe4,swarm|batch|bc1|h1|pso|r1|N20|c1,syn-balanced_multimodal-conditional-r4,balanced_multimodal,conditional,0,2,2277667993778051270,2026-10-01T05:42:42.967+00:00,completed,epsilon,True,True,True,True,,45.006471,50.63833099848125,49.05503899863106,3,62,0.4970117057765307,1.963771524837732e-07,138.62837699963777,,code,2-1-1-1-2-0-2-1,0.4970119021536832,True,1,batch,True,pso,20,1,swarm
oe4-pilot-v2,oe4,swarm|batch|bc1|h1|pso|r1|N20|c1,syn-balanced_multimodal-repetitive-r0,balanced_multimodal,repetitive,0,2,3839617547738254315,2026-10-01T05:42:43.017+00:00,completed,epsilon,True,True,True,True,,39.826235,45.26574599731248,43.850531001226045,1,55,0.5383161833171735,0.020082558591373534,137.13317498540417,,code,2-1-1-1-1-1-2-1,0.558398741908547,True,1,batch,True,pso,20,1,swarm
oe4-pilot-v2,oe4,swarm|batch|bc1|h1|pso|r1|N20|c1,syn-balanced_multimodal-repetitive-r1,balanced_multimodal,repetitive,0,2,2659073220867155690,2026-10-01T05:42:43.062+00:00,completed,epsilon,True,True,True,True,,42.210479,47.979839000618085,46.3387009986036,2,60,0.5300479510764751,1.9637715242826204e-07,154.98840599603204,,code,2-0-2-1-2-1-1-1,0.5300481474536275,True,1,batch,True,pso,20,1,swarm
oe4-pilot-v2,oe4,swarm|batch|bc1|h1|pso|r1|N20|c1,syn-balanced_multimodal-repetitive-r2,balanced_multimodal,repetitive,0,2,12027688066564710874,2026-10-01T05:42:43.110+00:00,completed,epsilon,True,True,True,True,,32.11593,37.38998899643775,36.01426699970034,1,51,0.48695008664679024,0.02008255859137359,133.81777600950997,,code,2-1-2-1-1-1-2-1,0.5070326452381638,True,1,batch,True,pso,20,1,swarm
oe4-pilot-v2,oe4,swarm|batch|bc1|h1|pso|r1|N20|c1,syn-balanced_multimodal-repetitive-r3,balanced_multimodal,repetitive,0,2,10665835498416014906,2026-10-01T05:42:43.148+00:00,completed,epsilon,True,True,True,True,,34.373181,40.00178200294613,38.54693699759082,1,51,0.4984038111225635,0.020082362214221106,126.57781501084311,,diagram,1-1-2-0-2-1-1-1,0.5184861733367846,True,1,batch,True,pso,20,1,swarm
oe4-pilot-v2,oe4,swarm|batch|bc1|h1|pso|r1|N20|c1,syn-balanced_multimodal-repetitive-r4,balanced_multimodal,repetitive,0,2,16842203000296662102,2026-10-01T05:42:43.188+00:00,completed,epsilon,True,True,True,True,,38.980658,45.14290200313553,43.723475999286165,1,50,0.5354470399519666,0.020082558591373645,144.9827230173828,,code,2-1-1-1-1-1-2-1,0.5555295985433403,True,1,batch,True,pso,20,1,swarm
oe4-pilot-v2,oe4,swarm|batch|bc1|h1|pso|r1|N20|c1,syn-balanced_multimodal-arrays_vectors-r0,balanced_multimodal,arrays_vectors,0,2,8202019099685287209,2026-10-01T05:42:43.233+00:00,completed,epsilon,True,True,True,True,,41.816253,47.820898002100876,46.15481099972385,2,62,0.5214552573504015,0.007792454060633558,135.04841298713086,,code,2-0-1-0-2-1-1-1,0.5292477114110351,True,1,batch,True,pso,20,1,swarm
oe4-pilot-v2,oe4,swarm|batch|bc1|h1|pso|r1|N20|c1,syn-balanced_multimodal-arrays_vectors-r1,balanced_multimodal,arrays_vectors,0,2,1557390382835702406,2026-10-01T05:42:43.281+00:00,completed,epsilon,True,True,True,True,,32.004165,37.642211998900166,36.04402500059223,1,56,0.5096115026932262,0.01001413080874669,159.3687429949695,,code,1-0-1-1-1-1-1-1,0.5196256335019729,True,1,batch,True,pso,20,1,swarm
oe4-pilot-v2,oe4,swarm|batch|bc1|h1|pso|r1|N20|c1,syn-balanced_multimodal-arrays_vectors-r2,balanced_multimodal,arrays_vectors,0,2,1551228789342824201,2026-10-01T05:42:43.319+00:00,completed,epsilon,True,True,True,True,,35.982427,41.729193999344716,40.29727799934335,1,53,0.5207081594293232,0.027875012652007092,157.22970399785416,,text,1-1-1-1-2-1-1-1,0.5485831720813303,True,1,batch,True,pso,20,1,swarm
oe4-pilot-v2,oe4,swarm|batch|bc1|h1|pso|r1|N20|c1,syn-balanced_multimodal-arrays_vectors-r3,balanced_multimodal,arrays_vectors,0,2,11908930478528390133,2026-10-01T05:42:43.360+00:00,completed,epsilon,True,True,True,True,,46.870378,52.58270500053186,50.896521999675315,2,62,0.5326887851156756,0.019041613531884827,176.83307999640664,,code,1-0-1-1-1-0-1-1,0.5517303986475605,True,1,batch,True,pso,20,1,swarm
oe4-pilot-v2,oe4,swarm|batch|bc1|h1|pso|r1|N20|c1,syn-balanced_multimodal-arrays_vectors-r4,balanced_multimodal,arrays_vectors,0,2,7080146454937735062,2026-10-01T05:42:43.413+00:00,completed,epsilon,True,True,True,True,,29.451706,34.630627000296954,33.28158400108805,1,53,0.5231764212501887,0.0034158919247068154,125.79566200341691,,code,2-1-1-1-1-0-1-1,0.5265923131748955,True,1,batch,True,pso,20,1,swarm
oe4-pilot-v2,oe4,swarm|batch|bc1|h1|pso|r1|N20|c1,syn-balanced_multimodal-functions-r0,balanced_multimodal,functions,0,2,2933908082685948832,2026-10-01T05:42:43.448+00:00,completed,epsilon,True,True,True,True,,44.427841,50.321255999733694,48.74583000128041,2,60,0.5082813071929754,0.022699680157076907,151.0003689926479,,code,2-2-2-1-1-1-1-1,0.5309809873500523,True,1,batch,True,pso,20,1,swarm
oe4-pilot-v2,oe4,swarm|batch|bc1|h1|pso|r1|N20|c1,syn-balanced_multimodal-functions-r1,balanced_multimodal,functions,0,2,368220290834284782,2026-10-01T05:42:43.498+00:00,completed,epsilon,True,True,True,True,,28.598775,34.30878300059703,32.826924998516915,1,53,0.4917724457549157,0.02008255859137359,139.2791309915138,,code,2-1-1-1-1-1-2-1,0.5118550043462893,True,1,batch,True,pso,20,1,swarm
oe4-pilot-v2,oe4,swarm|batch|bc1|h1|pso|r1|N20|c1,syn-balanced_multimodal-functions-r2,balanced_multimodal,functions,0,2,8673480799685267205,2026-10-01T05:42:43.532+00:00,completed,epsilon,True,True,True,True,,48.852226,54.57580399888684,52.898649002599996,3,67,0.5181875250450265,0.0,144.1929639995003,,code,2-0-1-0-1-0-1-1,0.5181875250450265,True,1,batch,True,pso,20,1,swarm
oe4-pilot-v2,oe4,swarm|batch|bc1|h1|pso|r1|N20|c1,syn-balanced_multimodal-functions-r3,balanced_multimodal,functions,0,2,18228905326412579013,2026-10-01T05:42:43.587+00:00,completed,epsilon,True,True,True,True,,33.534517,39.2372919995978,37.688747001084266,1,57,0.489537761565406,0.027875012652007147,166.37384500352724,,diagram,1-1-2-1-2-1-1-1,0.5174127742174132,True,1,batch,True,pso,20,1,swarm
oe4-pilot-v2,oe4,swarm|batch|bc1|h1|pso|r1|N20|c1,syn-balanced_multimodal-functions-r4,balanced_multimodal,functions,0,2,4683180797726806680,2026-10-01T05:42:43.626+00:00,completed,epsilon,True,True,True,True,,43.861318,50.037016000715084,48.472890000994084,2,57,0.4810101863870243,0.022699680157077018,161.98717799809498,,diagram,1-2-2-1-1-1-1-1,0.5037098665441013,True,1,batch,True,pso,20,1,swarm
oe4-pilot-v2,oe4,swarm|batch|bc1|h1|pso|r1|N20|c1,syn-visual_dominant-sequential-r0,visual_dominant,sequential,0,3,8580140326324496627,2026-10-01T05:42:43.677+00:00,completed,epsilon,True,True,True,True,,35.087801,41.18405999906827,39.72815200177138,1,56,0.45572350868757355,0.02008255859137359,175.84121701017133,,diagram,1-1-2-1-1-1-0-1,0.47580606727894714,True,1,batch,True,pso,20,1,swarm
oe4-pilot-v2,oe4,swarm|batch|bc1|h1|pso|r1|N20|c1,syn-visual_dominant-sequential-r1,visual_dominant,sequential,0,3,17048800117076641484,2026-10-01T05:42:43.718+00:00,completed,epsilon,True,True,True,True,,35.354031,41.70288200111827,40.16291700099828,1,53,0.44878503224528293,0.02008255859137359,145.23048098653277,,diagram,1-1-2-1-0-1-1-1,0.4688675908366565,True,1,batch,True,pso,20,1,swarm
oe4-pilot-v2,oe4,swarm|batch|bc1|h1|pso|r1|N20|c1,syn-visual_dominant-sequential-r2,visual_dominant,sequential,0,3,4355585619346073820,2026-10-01T05:42:43.759+00:00,completed,epsilon,True,True,True,True,,40.315675,46.337199997651624,44.79934799746843,2,58,0.4484135261977656,0.02008255859137359,148.87531697618488,,diagram,1-1-2-1-0-1-0-1,0.4684960847891392,True,1,batch,True,pso,20,1,swarm
oe4-pilot-v2,oe4,swarm|batch|bc1|h1|pso|r1|N20|c1,syn-visual_dominant-sequential-r3,visual_dominant,sequential,0,3,5551779150201999310,2026-10-01T05:42:43.806+00:00,completed,epsilon,True,True,True,True,,39.22127,45.151635000365786,43.66780599957565,2,56,0.49689284274488765,1.9637715242826204e-07,120.88538901162251,,diagram,1-0-2-1-0-1-1-1,0.4968930391220401,True,1,batch,True,pso,20,1,swarm
oe4-pilot-v2,oe4,swarm|batch|bc1|h1|pso|r1|N20|c1,syn-visual_dominant-sequential-r4,visual_dominant,sequential,0,3,13994061115368628468,2026-10-01T05:42:43.851+00:00,completed,epsilon,True,True,True,True,,45.508251,51.49282300044433,49.81166099969414,3,61,0.4539909514952264,0.0,156.09153900442638,,diagram,1-0-2-0-1-1-0-1,0.4539909514952264,True,1,batch,True,pso,20,1,swarm
oe4-pilot-v2,oe4,swarm|batch|bc1|h1|pso|r1|N20|c1,syn-visual_dominant-conditional-r0,visual_dominant,conditional,0,3,11471567894967710186,2026-10-01T05:42:43.902+00:00,completed,epsilon,True,True,True,True,,35.537892,41.52931299904594,39.92995500084362,1,55,0.4683786250362893,0.007792650437786042,162.6816179865998,,diagram,1-1-2-1-0-1-0-1,0.47617127547407534,True,1,batch,True,pso,20,1,swarm
oe4-pilot-v2,oe4,swarm|batch|bc1|h1|pso|r1|N20|c1,syn-visual_dominant-conditional-r1,visual_dominant,conditional,0,3,13928515270300365190,2026-10-01T05:42:43.944+00:00,completed,epsilon,True,True,True,True,,52.420104,58.77991700253915,57.08699999740929,3,67,0.43347702875536903,0.0036547194033032526,156.33369099066664,,diagram,1-1-2-1-0-1-0-1,0.4371317481586723,True,1,batch,True,pso,20,1,swarm
oe4-pilot-v2,oe4,swarm|batch|bc1|h1|pso|r1|N20|c1,syn-visual_dominant-conditional-r2,visual_dominant,conditional,0,3,7530803405880337628,2026-10-01T05:42:44.003+00:00,completed,epsilon,True,True,True,True,,40.136164,46.48888199881185,44.89681999984896,2,60,0.47576325269917313,1.963771524837732e-07,175.77372499746946,,code,2-1-2-1-1-0-1-1,0.4757634490763256,True,1,batch,True,pso,20,1,swarm
oe4-pilot-v2,oe4,swarm|batch|bc1|h1|pso|r1|N20|c1,syn-visual_dominant-conditional-r3,visual_dominant,conditional,0,3,12303691227522993195,2026-10-01T05:42:44.049+00:00,completed,epsilon,True,True,True,True,,43.936117,49.687349001033,48.1160870003805,2,60,0.4537572043126114,0.0036547194033032526,170.35941801043722,,diagram,1-1-2-1-0-1-1-1,0.45741192371591466,True,1,batch,True,pso,20,1,swarm
oe4-pilot-v2,oe4,swarm|batch|bc1|h1|pso|r1|N20|c1,syn-visual_dominant-conditional-r4,visual_dominant,conditional,0,3,7123775909059268369,2026-10-01T05:42:44.099+00:00,completed,epsilon,True,True,True,True,,30.910427,36.72951400221791,35.323767999216216,1,51,0.43905885028638547,0.009598091106895246,130.84857900449379,,diagram,1-1-2-0-1-0-1-1,0.4486569413932807,True,1,batch,True,pso,20,1,swarm
oe4-pilot-v2,oe4,swarm|batch|bc1|h1|pso|r1|N20|c1,syn-visual_dominant-repetitive-r0,visual_dominant,repetitive,0,3,3652346516165016234,2026-10-01T05:42:44.136+00:00,completed,epsilon,True,True,True,True,,38.330757,44.16941799718188,42.6969679974718,1,56,0.46998170127395994,0.02008255859137359,172.32163298822712,,diagram,1-1-2-1-1-1-0-1,0.49006425986533353,True,1,batch,True,pso,20,1,swarm
oe4-pilot-v2,oe4,swarm|batch|bc1|h1|pso|r1|N20|c1,syn-visual_dominant-repetitive-r1,visual_dominant,repetitive,0,3,9493985239135120539,2026-10-01T05:42:44.180+00:00,completed,epsilon,True,True,True,True,,48.478339,54.41506699935417,52.88795899832621,4,63,0.49141108956712465,0.0,148.53339601110437,,code,2-0-2-0-1-1-1-1,0.49141108956712465,True,1,batch,True,pso,20,1,swarm
oe4-pilot-v2,oe4,swarm|batch|bc1|h1|pso|r1|N20|c1,syn-visual_dominant-repetitive-r2,visual_dominant,repetitive,0,3,15577984090316381348,2026-10-01T05:42:44.234+00:00,completed,epsilon,True,True,True,True,,37.040953,42.86749299717485,40.90283500045189,1,59,0.497368651601852,0.02008255859137359,185.1564900068692,,code,2-1-2-1-1-1-0-1,0.5174512101932256,True,1,batch,True,pso,20,1,swarm
oe4-pilot-v2,oe4,swarm|batch|bc1|h1|pso|r1|N20|c1,syn-visual_dominant-repetitive-r3,visual_dominant,repetitive,0,3,13061490195280824700,2026-10-01T05:42:44.277+00:00,completed,epsilon,True,True,True,True,,37.844841,43.70210200067959,42.26670499701868,2,48,0.5053299123828249,1.9637715242826204e-07,96.14958399869536,,diagram,1-0-2-1-0-1-0-1,0.5053301087599773,True,1,batch,True,pso,20,1,swarm
oe4-pilot-v2,oe4,swarm|batch|bc1|h1|pso|r1|N20|c1,syn-visual_dominant-repetitive-r4,visual_dominant,repetitive,0,3,5153165576748431564,2026-10-01T05:42:44.321+00:00,completed,epsilon,True,True,True,True,,35.210825,41.00095900139422,39.46711000025971,1,56,0.43539326357179114,0.032214241800902654,158.47472798796906,,diagram,0-1-2-1-0-1-0-1,0.4676075053726938,True,1,batch,True,pso,20,1,swarm
oe4-pilot-v2,oe4,swarm|batch|bc1|h1|pso|r1|N20|c1,syn-visual_dominant-arrays_vectors-r0,visual_dominant,arrays_vectors,0,3,2484686855457110652,2026-10-01T05:42:44.362+00:00,completed,epsilon,True,True,True,True,,34.056588,40.03445100170211,38.54265799964196,1,52,0.46105976353153516,0.027875012652007147,118.98974400938947,,diagram,1-1-2-1-0-1-0-1,0.4889347761835423,True,1,batch,True,pso,20,1,swarm
oe4-pilot-v2,oe4,swarm|batch|bc1|h1|pso|r1|N20|c1,syn-visual_dominant-arrays_vectors-r1,visual_dominant,arrays_vectors,0,3,14387502913323118724,2026-10-01T05:42:44.402+00:00,completed,epsilon,True,True,True,True,,46.536292,52.25829600021825,50.485547002608655,2,61,0.4406569611974138,0.01253564549090147,184.46653500979036,,diagram,1-2-2-1-1-0-1-0,0.4531926066883153,True,1,batch,True,pso,20,1,swarm
oe4-pilot-v2,oe4,swarm|batch|bc1|h1|pso|r1|N20|c1,syn-visual_dominant-arrays_vectors-r2,visual_dominant,arrays_vectors,0,3,18083930375172244621,2026-10-01T05:42:44.454+00:00,completed,epsilon,True,True,True,True,,39.739594,46.004097999684745,44.398418998753186,1,58,0.4939594688494195,0.027875012652007147,165.83282198233783,,diagram,1-1-2-1-1-1-1-1,0.5218344815014266,True,1,batch,True,pso,20,1,swarm
oe4-pilot-v2,oe4,swarm|batch|bc1|h1|pso|r1|N20|c1,syn-visual_dominant-arrays_vectors-r3,visual_dominant,arrays_vectors,0,3,16074832408338533935,2026-10-01T05:42:44.500+00:00,completed,epsilon,True,True,True,True,,37.073727,42.76263900101185,41.40666500097723,1,52,0.5104383568030326,0.017498999281390648,147.8834870005684,,diagram,0-1-2-1-1-1-0-1,0.5279373560844233,True,1,batch,True,pso,20,1,swarm
oe4-pilot-v2,oe4,swarm|batch|bc1|h1|pso|r1|N20|c1,syn-visual_dominant-arrays_vectors-r4,visual_dominant,arrays_vectors,0,3,13236652181889018265,2026-10-01T05:42:44.543+00:00,completed,epsilon,True,True,True,True,,41.843886,47.83192000104464,46.26044099859428,2,60,0.49416530121267593,0.003415891924706871,157.65482200431455,,diagram,1-1-2-1-1-0-0-1,0.4975811931373828,True,1,batch,True,pso,20,1,swarm
oe4-pilot-v2,oe4,swarm|batch|bc1|h1|pso|r1|N20|c1,syn-visual_dominant-functions-r0,visual_dominant,functions,0,3,11375697626506085209,2026-10-01T05:42:44.591+00:00,completed,epsilon,True,True,True,True,,32.531684,37.91844800070976,36.59904599771835,1,50,0.47798454429270243,0.019803777820581292,134.87776201802254,,diagram,1-2-2-1-1-1-0-1,0.4977883221132837,True,1,batch,True,pso,20,1,swarm
oe4-pilot-v2,oe4,swarm|batch|bc1|h1|pso|r1|N20|c1,syn-visual_dominant-functions-r1,visual_dominant,functions,0,3,12724222799605840855,2026-10-01T05:42:44.629+00:00,completed,epsilon,True,True,True,True,,43.48283,49.326279000524664,47.66065099829575,2,65,0.4941057150421845,0.007792650437785986,175.36142098954494,,code,2-0-2-1-1-1-0-1,0.5018983654799705,True,1,batch,True,pso,20,1,swarm
oe4-pilot-v2,oe4,swarm|batch|bc1|h1|pso|r1|N20|c1,syn-visual_dominant-functions-r2,visual_dominant,functions,0,3,2855966151648987497,2026-10-01T05:42:44.678+00:00,completed,epsilon,True,True,True,True,,41.272318,47.24544000055175,45.545232998847496,3,64,0.471376010746655,1.9637715242826204e-07,177.44490900941233,,diagram,1-0-2-1-1-0-1-1,0.47137620712380746,True,1,batch,True,pso,20,1,swarm
oe4-pilot-v2,oe4,swarm|batch|bc1|h1|pso|r1|N20|c1,syn-visual_dominant-functions-r3,visual_dominant,functions,0,3,15496158585802717903,2026-10-01T05:42:44.725+00:00,completed,epsilon,True,True,True,True,,39.587004,46.07093200320378,44.32286099836347,1,58,0.45256029277229026,0.027874816274854664,181.70992098850692,,diagram,1-1-2-0-0-1-1-1,0.4804351090471449,True,1,batch,True,pso,20,1,swarm
oe4-pilot-v2,oe4,swarm|batch|bc1|h1|pso|r1|N20|c1,syn-visual_dominant-functions-r4,visual_dominant,functions,0,3,10259835321663512086,2026-10-01T05:42:44.772+00:00,completed,epsilon,True,True,True,True,,47.35691,53.9602980024938,52.2298639989458,3,66,0.5026282462686158,1.9637715242826204e-07,159.1571560099532,,code,2-0-2-1-1-1-1-1,0.5026284426457682,True,1,batch,True,pso,20,1,swarm
oe4-pilot-v2,oe4,swarm|batch|bc1|h1|pso|r1|N20|c1,syn-logical_syntactic-sequential-r0,logical_syntactic,sequential,0,3,13362044807751343064,2026-10-01T05:42:44.825+00:00,completed,epsilon,True,True,True,True,,34.246543,40.09254999982659,38.47258200039505,1,54,0.4761350201294624,0.020082362214221106,143.40132500965174,,code,2-1-1-0-0-1-0-1,0.4962173823436835,True,1,batch,True,pso,20,1,swarm
oe4-pilot-v2,oe4,swarm|batch|bc1|h1|pso|r1|N20|c1,syn-logical_syntactic-sequential-r1,logical_syntactic,sequential,0,3,14311645315440717423,2026-10-01T05:42:44.866+00:00,completed,epsilon,True,True,True,True,,53.724457,60.0983600015752,58.20483699790202,3,67,0.4825463618186212,0.0,188.71462597998234,,code,2-0-1-0-1-1-0-1,0.4825463618186212,True,1,batch,True,pso,20,1,swarm
oe4-pilot-v2,oe4,swarm|batch|bc1|h1|pso|r1|N20|c1,syn-logical_syntactic-sequential-r2,logical_syntactic,sequential,0,3,15643440995604996842,2026-10-01T05:42:44.926+00:00,completed,epsilon,True,True,True,True,,29.741503,35.78484099853085,34.41485800067312,1,50,0.5052479809084092,0.0034158919247069264,131.1644419963511,,code,2-1-0-1-1-1-1-1,0.5086638728331161,True,1,batch,True,pso,20,1,swarm
oe4-pilot-v2,oe4,swarm|batch|bc1|h1|pso|r1|N20|c1,syn-logical_syntactic-sequential-r3,logical_syntactic,sequential,0,3,16960600487627624599,2026-10-01T05:42:44.961+00:00,completed,epsilon,True,True,True,True,,49.047927,54.728731000068365,53.20752899933723,3,64,0.47454039043400664,1.9637715242826204e-07,176.14182200752296,,code,2-0-1-1-1-1-0-1,0.47454058681115907,True,1,batch,True,pso,20,1,swarm
oe4-pilot-v2,oe4,swarm|batch|bc1|h1|pso|r1|N20|c1,syn-logical_syntactic-sequential-r4,logical_syntactic,sequential,0,3,17250185977012485747,2026-10-01T05:42:45.016+00:00,completed,epsilon,True,True,True,True,,49.240677,54.896685000130674,53.39918300160207,3,62,0.49533228036449595,0.0010555026473685336,166.98417399239773,,code,2-0-1-2-1-0-0-0,0.4963877830118645,True,1,batch,True,pso,20,1,swarm
oe4-pilot-v2,oe4,swarm|batch|bc1|h1|pso|r1|N20|c1,syn-logical_syntactic-conditional-r0,logical_syntactic,conditional,0,3,4732552759670585228,2026-10-01T05:42:45.071+00:00,completed,epsilon,True,True,True,True,,37.102935,42.781164000189165,41.23348900247947,1,59,0.4552124341978106,0.0036547194033032526,193.92149098765066,,code,2-1-1-1-0-1-0-1,0.45886715360111385,True,1,batch,True,pso,20,1,swarm
oe4-pilot-v2,oe4,swarm|batch|bc1|h1|pso|r1|N20|c1,syn-logical_syntactic-conditional-r1,logical_syntactic,conditional,0,3,16767561851559065070,2026-10-01T05:42:45.114+00:00,completed,epsilon,True,True,True,True,,42.05312,48.29769700154429,46.67500099822064,2,61,0.4440319075303329,0.007792650437786042,175.25203199928475,,code,2-1-1-1-0-1-0-1,0.45182455796811893,True,1,batch,True,pso,20,1,swarm
oe4-pilot-v2,oe4,swarm|batch|bc1|h1|pso|r1|N20|c1,syn-logical_syntactic-conditional-r2,logical_syntactic,conditional,0,3,6973891702751108736,2026-10-01T05:42:45.162+00:00,completed,epsilon,True,True,True,True,,34.905249,40.405831998214126,39.010533000691794,1,53,0.4631068467146388,0.0036547194033032526,151.5647599943071,,code,2-1-1-1-0-1-1-1,0.46676156611794206,True,1,batch,True,pso,20,1,swarm
oe4-pilot-v2,oe4,swarm|batch|bc1|h1|pso|r1|N20|c1,syn-logical_syntactic-conditional-r3,logical_syntactic,conditional,0,3,6626061848004110554,2026-10-01T05:42:45.203+00:00,completed,epsilon,True,True,True,True,,30.263056,36.728951999975834,35.202461996959755,1,51,0.4614734643861827,0.007792650437786042,132.89131598205464,,code,2-1-1-1-0-1-0-1,0.46926611482396874,True,1,batch,True,pso,20,1,swarm
oe4-pilot-v2,oe4,swarm|batch|bc1|h1|pso|r1|N20|c1,syn-logical_syntactic-conditional-r4,logical_syntactic,conditional,0,3,2581103798954869873,2026-10-01T05:42:45.239+00:00,completed,epsilon,True,True,True,True,,31.158849,37.13467800116632,35.736036999878706,1,51,0.4839345737065493,0.0036547194033032526,136.03876998607166,,code,2-1-1-1-1-1-1-1,0.48758929310985255,True,1,batch,True,pso,20,1,swarm
oe4-pilot-v2,oe4,swarm|batch|bc1|h1|pso|r1|N20|c1,syn-logical_syntactic-repetitive-r0,logical_syntactic,repetitive,0,3,2563900073831829840,2026-10-01T05:42:45.277+00:00,completed,epsilon,True,True,True,True,,34.732896,40.260432000650326,38.77652599840076,1,56,0.45068774937313677,0.02008255859137359,163.53974001818463,,code,2-1-2-1-0-1-1-1,0.47077030796451036,True,1,batch,True,pso,20,1,swarm
oe4-pilot-v2,oe4,swarm|batch|bc1|h1|pso|r1|N20|c1,syn-logical_syntactic-repetitive-r1,logical_syntactic,repetitive,0,3,1690962082425471307,2026-10-01T05:42:45.317+00:00,completed,epsilon,True,True,True,True,,35.673186,41.412284001125954,39.89386399916839,1,56,0.46854772531455674,0.02008255859137359,155.92902200129413,,code,2-1-1-1-0-1-0-1,0.48863028390593033,True,1,batch,True,pso,20,1,swarm
oe4-pilot-v2,oe4,swarm|batch|bc1|h1|pso|r1|N20|c1,syn-logical_syntactic-repetitive-r2,logical_syntactic,repetitive,0,3,12298035747105259136,2026-10-01T05:42:45.358+00:00,completed,epsilon,True,True,True,True,,40.963373,46.851197999785654,45.42623800080037,1,53,0.48860682289608054,0.02008255859137359,150.25510499878774,,code,2-1-1-1-1-1-1-1,0.5086893814874541,True,1,batch,True,pso,20,1,swarm
oe4-pilot-v2,oe4,swarm|batch|bc1|h1|pso|r1|N20|c1,syn-logical_syntactic-repetitive-r3,logical_syntactic,repetitive,0,3,6665076571321463288,2026-10-01T05:42:45.405+00:00,completed,epsilon,True,True,True,True,,48.244714,54.34830499871168,52.71731899847509,3,63,0.48216814861223045,0.0,127.6496319926723,,code,2-0-1-0-1-1-0-1,0.48216814861223045,True,1,batch,True,pso,20,1,swarm
oe4-pilot-v2,oe4,swarm|batch|bc1|h1|pso|r1|N20|c1,syn-logical_syntactic-repetitive-r4,logical_syntactic,repetitive,0,3,3613547958009930106,2026-10-01T05:42:45.459+00:00,completed,epsilon,True,True,True,True,,38.44179,44.3883640000422,42.813054998987354,2,61,0.4154283128506681,0.028970245585525245,147.65079898474585,,code,2-1-1-1-0-1-0-1,0.44439855843619336,True,1,batch,True,pso,20,1,swarm
oe4-pilot-v2,oe4,swarm|batch|bc1|h1|pso|r1|N20|c1,syn-logical_syntactic-arrays_vectors-r0,logical_syntactic,arrays_vectors,0,3,14948705039163960895,2026-10-01T05:42:45.504+00:00,completed,epsilon,True,True,True,True,,31.456649,37.45504999824334,36.0376600001473,1,51,0.4856184373133194,0.02008255859137359,127.93645899514735,,code,2-1-1-1-0-0-1-1,0.505700995904693,True,1,batch,True,pso,20,1,swarm
oe4-pilot-v2,oe4,swarm|batch|bc1|h1|pso|r1|N20|c1,syn-logical_syntactic-arrays_vectors-r1,logical_syntactic,arrays_vectors,0,3,13327273701071249688,2026-10-01T05:42:45.541+00:00,completed,epsilon,True,True,True,True,,48.523004,54.682636000507046,52.98751699956483,2,65,0.47317793671230085,0.010866792799564984,159.49537900113035,,code,2-2-1-1-1-0-0-1,0.48404472951186583,True,1,batch,True,pso,20,1,swarm
oe4-pilot-v2,oe4,swarm|batch|bc1|h1|pso|r1|N20|c1,syn-logical_syntactic-arrays_vectors-r2,logical_syntactic,arrays_vectors,0,3,7678510444233138347,2026-10-01T05:42:45.596+00:00,completed,epsilon,True,True,True,True,,37.47063,43.14823299864656,41.58816600102,1,59,0.49083089405366653,0.027874816274854664,191.34503200282666,,code,2-1-1-0-0-1-0-1,0.5187057103285212,True,1,batch,True,pso,20,1,swarm
oe4-pilot-v2,oe4,swarm|batch|bc1|h1|pso|r1|N20|c1,syn-logical_syntactic-arrays_vectors-r3,logical_syntactic,arrays_vectors,0,3,3475821061836782133,2026-10-01T05:42:45.639+00:00,completed,epsilon,True,True,True,True,,45.388173,51.699440999072976,50.047946999256965,2,62,0.5279095277556373,1.472828643489521e-07,155.1698760043997,,code,2-0-1-2-1-0-1-1,0.5279096750385016,True,1,batch,True,pso,20,1,swarm
oe4-pilot-v2,oe4,swarm|batch|bc1|h1|pso|r1|N20|c1,syn-logical_syntactic-arrays_vectors-r4,logical_syntactic,arrays_vectors,0,3,15069723113616053544,2026-10-01T05:42:45.691+00:00,completed,epsilon,True,True,True,True,,42.205085,47.815795998758404,46.171526999387424,2,60,0.4592948548206536,0.007792650437785986,146.9214189806062,,code,2-0-1-1-0-1-1-1,0.46708750525843956,True,1,batch,True,pso,20,1,swarm
oe4-pilot-v2,oe4,swarm|batch|bc1|h1|pso|r1|N20|c1,syn-logical_syntactic-functions-r0,logical_syntactic,functions,0,3,15105445333404857368,2026-10-01T05:42:45.739+00:00,completed,epsilon,True,True,True,True,,33.687186,39.43558600076358,38.05436000038753,1,53,0.4876998796280693,0.027875012652007147,149.5583030139897,,code,2-1-1-1-1-1-0-1,0.5155748922800765,True,1,batch,True,pso,20,1,swarm
oe4-pilot-v2,oe4,swarm|batch|bc1|h1|pso|r1|N20|c1,syn-logical_syntactic-functions-r1,logical_syntactic,functions,0,3,7545233351544256523,2026-10-01T05:42:45.778+00:00,completed,epsilon,True,True,True,True,,34.991247,40.86295299930498,39.165628997579915,1,58,0.4742120227778769,0.021023062154443717,151.090405008366,,code,2-0-1-2-0-0-0-1,0.4952350849323206,True,1,batch,True,pso,20,1,swarm
oe4-pilot-v2,oe4,swarm|batch|bc1|h1|pso|r1|N20|c1,syn-logical_syntactic-functions-r2,logical_syntactic,functions,0,3,6130147880867857550,2026-10-01T05:42:45.819+00:00,completed,epsilon,True,True,True,True,,39.394291,45.282891998795094,43.64576499938266,1,59,0.4703323912858079,0.027875012652007147,186.7023609993755,,code,2-1-0-1-1-1-1-1,0.49820740393781504,True,1,batch,True,pso,20,1,swarm
oe4-pilot-v2,oe4,swarm|batch|bc1|h1|pso|r1|N20|c1,syn-logical_syntactic-functions-r3,logical_syntactic,functions,0,3,4820333934433401313,2026-10-01T05:42:45.864+00:00,completed,epsilon,True,True,True,True,,31.050421,36.88294299718109,35.44266599783441,1,56,0.46627757409622445,0.02008255859137359,168.64140098295545,,code,2-1-1-1-1-1-0-1,0.48636013268759803,True,1,batch,True,pso,20,1,swarm
oe4-pilot-v2,oe4,swarm|batch|bc1|h1|pso|r1|N20|c1,syn-logical_syntactic-functions-r4,logical_syntactic,functions,0,3,10275058418311301455,2026-10-01T05:42:45.901+00:00,completed,epsilon,True,True,True,True,,49.7465,55.901319999975385,54.1237010002078,3,66,0.44825847177744416,0.007792650437785986,167.76284600471215,,code,2-0-0-1-1-1-0-1,0.45605112221523014,True,1,batch,True,pso,20,1,swarm
oe4-pilot-v2,oe4,swarm|batch|bc1|h1|pso|r1|N20|c1,syn-explanatory_conceptual-sequential-r0,explanatory_conceptual,sequential,0,3,14947352377729861017,2026-10-01T05:42:45.957+00:00,completed,epsilon,True,True,True,True,,50.598145,57.00040599913336,55.22849800036056,4,71,0.467455645058524,0.0,168.2352500119132,,text,0-0-1-0-2-0-0-1,0.467455645058524,True,1,batch,True,pso,20,1,swarm
oe4-pilot-v2,oe4,swarm|batch|bc1|h1|pso|r1|N20|c1,syn-explanatory_conceptual-sequential-r1,explanatory_conceptual,sequential,0,3,3272787541859846898,2026-10-01T05:42:46.014+00:00,completed,epsilon,True,True,True,True,,33.042462,39.152812998509035,37.67170500213979,1,50,0.45267043074923324,0.006749225258040281,131.51701798471973,,text,0-1-0-1-2-1-0-1,0.4594196560072735,True,1,batch,True,pso,20,1,swarm
oe4-pilot-v2,oe4,swarm|batch|bc1|h1|pso|r1|N20|c1,syn-explanatory_conceptual-sequential-r2,explanatory_conceptual,sequential,0,3,7023970792698232399,2026-10-01T05:42:46.053+00:00,completed,epsilon,True,True,True,True,,57.759502,64.0089770022314,62.10263799948734,4,73,0.45488132858608143,0.007792797720650335,169.14886300864916,,text,1-0-1-2-2-1-1-1,0.46267412630673177,True,1,batch,True,pso,20,1,swarm
oe4-pilot-v2,oe4,swarm|batch|bc1|h1|pso|r1|N20|c1,syn-explanatory_conceptual-sequential-r3,explanatory_conceptual,sequential,0,3,15905282458092997945,2026-10-01T05:42:46.117+00:00,completed,epsilon,True,True,True,True,,42.197761,48.65355700167129,47.03274699932081,2,57,0.4489765705985682,1.9637715242826204e-07,136.64133499989217,,text,1-0-1-1-2-1-1-1,0.44897676697572064,True,1,batch,True,pso,20,1,swarm
oe4-pilot-v2,oe4,swarm|batch|bc1|h1|pso|r1|N20|c1,syn-explanatory_conceptual-sequential-r4,explanatory_conceptual,sequential,0,3,16212943396658008924,2026-10-01T05:42:46.166+00:00,completed,epsilon,True,True,True,True,,49.270192,55.05485100002261,53.3676609993563,3,66,0.45722945344337185,0.009273546497608254,175.57110499251107,,text,1-1-1-0-2-1-1-1,0.4665029999409801,True,1,batch,True,pso,20,1,swarm
oe4-pilot-v2,oe4,swarm|batch|bc1|h1|pso|r1|N20|c1,syn-explanatory_conceptual-conditional-r0,explanatory_conceptual,conditional,0,3,5916953307552671090,2026-10-01T05:42:46.221+00:00,completed,epsilon,True,True,True,True,,33.35408,39.16263000064646,37.77355199781596,1,51,0.487737317609176,0.007792650437786042,135.8825810056295,,code,2-1-1-1-2-1-1-1,0.49552996804696203,True,1,batch,True,pso,20,1,swarm
oe4-pilot-v2,oe4,swarm|batch|bc1|h1|pso|r1|N20|c1,syn-explanatory_conceptual-conditional-r1,explanatory_conceptual,conditional,0,3,18124705353368190302,2026-10-01T05:42:46.260+00:00,completed,epsilon,True,True,True,True,,38.79695,45.07961899798829,43.57787399931112,2,51,0.47520911893219114,0.0036547194033032526,108.87769900088966,,text,1-1-1-1-2-1-1-1,0.4788638383354944,True,1,batch,True,pso,20,1,swarm
oe4-pilot-v2,oe4,swarm|batch|bc1|h1|pso|r1|N20|c1,syn-explanatory_conceptual-conditional-r2,explanatory_conceptual,conditional,0,3,1341896759769893857,2026-10-01T05:42:46.305+00:00,completed,epsilon,True,True,True,True,,32.597343,38.778840000304626,37.29606599881663,1,53,0.4825120796519577,0.007792650437786042,149.2659920166329,,diagram,1-1-2-1-2-1-1-1,0.49030473008974373,True,1,batch,True,pso,20,1,swarm
oe4-pilot-v2,oe4,swarm|batch|bc1|h1|pso|r1|N20|c1,syn-explanatory_conceptual-conditional-r3,explanatory_conceptual,conditional,0,3,11332394261640184133,2026-10-01T05:42:46.344+00:00,completed,epsilon,True,True,True,True,,43.285015,49.290585000562714,47.67671499939752,2,60,0.43096370532164535,0.0036547194033032526,146.79421399302325,,text,1-1-0-1-2-1-0-1,0.4346184247249486,True,1,batch,True,pso,20,1,swarm
oe4-pilot-v2,oe4,swarm|batch|bc1|h1|pso|r1|N20|c1,syn-explanatory_conceptual-conditional-r4,explanatory_conceptual,conditional,0,3,8670080275324173838,2026-10-01T05:42:46.393+00:00,completed,epsilon,True,True,True,True,,40.115031,46.19957600152702,44.58833700118703,2,62,0.45734345073001487,0.007792650437786042,182.81889799708068,,text,1-1-1-1-2-1-0-1,0.4651361011678009,True,1,batch,True,pso,20,1,swarm
oe4-pilot-v2,oe4,swarm|batch|bc1|h1|pso|r1|N20|c1,syn-explanatory_conceptual-repetitive-r0,explanatory_conceptual,repetitive,0,3,3237454591878846868,2026-10-01T05:42:46.440+00:00,completed,epsilon,True,True,True,True,,32.816931,38.417394000134664,36.90293900217512,1,52,0.43547017695048224,0.030711075187125847,154.89126800703826,,text,0-1-1-1-2-1-0-1,0.4661812521376081,True,1,batch,True,pso,20,1,swarm
oe4-pilot-v2,oe4,swarm|batch|bc1|h1|pso|r1|N20|c1,syn-explanatory_conceptual-repetitive-r1,explanatory_conceptual,repetitive,0,3,10148232421566165977,2026-10-01T05:42:46.478+00:00,completed,epsilon,True,True,True,True,,48.986536,54.835108003317146,53.249272001266945,2,60,0.5255407002055713,1.9637715242826204e-07,167.10903502456904,,text,1-0-1-1-2-1-1-1,0.5255408965827237,True,1,batch,True,pso,20,1,swarm
oe4-pilot-v2,oe4,swarm|batch|bc1|h1|pso|r1|N20|c1,syn-explanatory_conceptual-repetitive-r2,explanatory_conceptual,repetitive,0,3,10189736659373836677,2026-10-01T05:42:46.533+00:00,completed,epsilon,True,True,True,True,,33.660931,39.46756000004825,37.895286001003115,1,52,0.49088145414572526,0.0017991482131319847,135.9725760062735,,text,1-0-1-1-2-1-1-1,0.49268060235885724,True,1,batch,True,pso,20,1,swarm
oe4-pilot-v2,oe4,swarm|batch|bc1|h1|pso|r1|N20|c1,syn-explanatory_conceptual-repetitive-r3,explanatory_conceptual,repetitive,0,3,5679236231213962541,2026-10-01T05:42:46.572+00:00,completed,epsilon,True,True,True,True,,41.927176,48.17397000078927,46.447848002571845,2,60,0.47773671108267024,0.009947252053144284,139.79397900396876,,text,1-0-1-0-2-1-1-1,0.4876839631358145,True,1,batch,True,pso,20,1,swarm
oe4-pilot-v2,oe4,swarm|batch|bc1|h1|pso|r1|N20|c1,syn-explanatory_conceptual-repetitive-r4,explanatory_conceptual,repetitive,0,3,615434091092212846,2026-10-01T05:42:46.621+00:00,completed,epsilon,True,True,True,True,,33.91407,40.29074200298055,38.76591700100107,1,55,0.45405216601876935,0.02008255859137359,125.0865349847523,,text,1-1-0-1-2-1-1-1,0.47413472461014294,True,1,batch,True,pso,20,1,swarm
oe4-pilot-v2,oe4,swarm|batch|bc1|h1|pso|r1|N20|c1,syn-explanatory_conceptual-arrays_vectors-r0,explanatory_conceptual,arrays_vectors,0,3,8420274505294676143,2026-10-01T05:42:46.661+00:00,completed,epsilon,True,True,True,True,,33.219742,38.701348999893526,37.19873799855122,1,56,0.49778085910851905,0.027875012652007147,163.88587899653442,,text,1-1-1-1-2-1-0-1,0.5256558717605262,True,1,batch,True,pso,20,1,swarm
oe4-pilot-v2,oe4,swarm|batch|bc1|h1|pso|r1|N20|c1,syn-explanatory_conceptual-arrays_vectors-r1,explanatory_conceptual,arrays_vectors,0,3,11621185609108110648,2026-10-01T05:42:46.700+00:00,completed,epsilon,True,True,True,True,,35.452182,41.46369400041294,39.451619999454124,1,51,0.4615647597787113,0.028694684783154678,131.75771298298486,,text,0-1-0-1-2-1-1-1,0.490259444561866,True,1,batch,True,pso,20,1,swarm
oe4-pilot-v2,oe4,swarm|batch|bc1|h1|pso|r1|N20|c1,syn-explanatory_conceptual-arrays_vectors-r2,explanatory_conceptual,arrays_vectors,0,3,3616904053699891200,2026-10-01T05:42:46.741+00:00,completed,epsilon,True,True,True,True,,31.716309,37.60685299857869,36.18267999991076,1,53,0.5002467392530876,0.027875012652007203,133.93244999350011,,diagram,0-1-2-1-2-1-1-1,0.5281217519050948,True,1,batch,True,pso,20,1,swarm
oe4-pilot-v2,oe4,swarm|batch|bc1|h1|pso|r1|N20|c1,syn-explanatory_conceptual-arrays_vectors-r3,explanatory_conceptual,arrays_vectors,0,3,9640228565651749554,2026-10-01T05:42:46.779+00:00,completed,epsilon,True,True,True,True,,36.387908,42.31371900095837,40.77586700077518,1,51,0.4899428394838256,0.017498999281390593,125.56117999137987,,text,0-1-1-1-2-1-0-1,0.5074418387652162,True,1,batch,True,pso,20,1,swarm
oe4-pilot-v2,oe4,swarm|batch|bc1|h1|pso|r1|N20|c1,syn-explanatory_conceptual-arrays_vectors-r4,explanatory_conceptual,arrays_vectors,0,3,12383051168938743430,2026-10-01T05:42:46.821+00:00,completed,epsilon,True,True,True,True,,40.598412,46.899212000425905,45.3099279984599,2,53,0.5099955953246345,0.007792650437785986,132.00044800279028,,text,1-0-1-1-2-1-1-1,0.5177882457624204,True,1,batch,True,pso,20,1,swarm
oe4-pilot-v2,oe4,swarm|batch|bc1|h1|pso|r1|N20|c1,syn-explanatory_conceptual-functions-r0,explanatory_conceptual,functions,0,3,4847129841761666601,2026-10-01T05:42:46.868+00:00,completed,epsilon,True,True,True,True,,32.471833,38.029692997952225,36.6310479985259,1,51,0.4945698834876539,0.01617519995265254,120.45803200102318,,text,1-2-1-1-2-0-1-1,0.5107450834403064,True,1,batch,True,pso,20,1,swarm
oe4-pilot-v2,oe4,swarm|batch|bc1|h1|pso|r1|N20|c1,syn-explanatory_conceptual-functions-r1,explanatory_conceptual,functions,0,3,8968182148387190867,2026-10-01T05:42:46.906+00:00,completed,epsilon,True,True,True,True,,58.379511,64.1100640023069,62.34259900156758,4,69,0.4985151422574555,0.014907373379307698,172.98274099938504,,code,2-2-1-2-2-0-0-1,0.5134225156367632,True,1,batch,True,pso,20,1,swarm
oe4-pilot-v2,oe4,swarm|batch|bc1|h1|pso|r1|N20|c1,syn-explanatory_conceptual-functions-r2,explanatory_conceptual,functions,0,3,15850266999198055000,2026-10-01T05:42:46.970+00:00,completed,epsilon,True,True,True,True,,44.968373,50.7196769976872,48.97146000075736,3,67,0.4811703400530759,0.005038735019827212,152.53381099945872,,text,1-0-1-1-2-1-0-1,0.4862090750729031,True,1,batch,True,pso,20,1,swarm
oe4-pilot-v2,oe4,swarm|batch|bc1|h1|pso|r1|N20|c1,syn-explanatory_conceptual-functions-r3,explanatory_conceptual,functions,0,3,15409255459732107106,2026-10-01T05:42:47.021+00:00,completed,epsilon,True,True,True,True,,32.858915,38.834311002574395,37.2528850020899,1,54,0.49777727535266225,0.007792650437785986,143.1152159875075,,text,1-0-1-1-2-1-1-1,0.5055699257904482,True,1,batch,True,pso,20,1,swarm
oe4-pilot-v2,oe4,swarm|batch|bc1|h1|pso|r1|N20|c1,syn-explanatory_conceptual-functions-r4,explanatory_conceptual,functions,0,3,13584105466744503536,2026-10-01T05:42:47.060+00:00,completed,epsilon,True,True,True,True,,43.316127,49.221068002225365,47.62127799767768,2,58,0.4919079769589474,0.007792454060633558,126.95964001219384,,text,1-0-1-0-2-1-1-1,0.49970043101958095,True,1,batch,True,pso,20,1,swarm
oe4-pilot-v2,oe4,swarm|batch|bc1|h1|pso|r1|N20|c1,syn-balanced_multimodal-sequential-r0,balanced_multimodal,sequential,0,3,12829628287881295465,2026-10-01T05:42:47.109+00:00,completed,epsilon,True,True,True,True,,43.776346,49.69545000130893,47.91557700082194,2,62,0.4948649211252828,1.9637715242826204e-07,165.95306998954993,,diagram,1-0-2-1-1-1-1-1,0.4948651175024352,True,1,batch,True,pso,20,1,swarm
oe4-pilot-v2,oe4,swarm|batch|bc1|h1|pso|r1|N20|c1,syn-balanced_multimodal-sequential-r1,balanced_multimodal,sequential,0,3,15851898587384579384,2026-10-01T05:42:47.159+00:00,completed,epsilon,True,True,True,True,,36.647151,42.682527000579285,41.044857000088086,1,59,0.46254329609296624,0.023319774530693393,179.95141300303814,,diagram,1-1-2-1-1-1-1-1,0.48586307062365963,True,1,batch,True,pso,20,1,swarm
oe4-pilot-v2,oe4,swarm|batch|bc1|h1|pso|r1|N20|c1,syn-balanced_multimodal-sequential-r2,balanced_multimodal,sequential,0,3,9812259528755781404,2026-10-01T05:42:47.201+00:00,completed,epsilon,True,True,True,True,,41.87394,47.91563499748008,46.29308800213039,2,60,0.5195512786534427,1.9637715242826204e-07,178.41137399550698,,code,2-0-1-1-1-1-1-1,0.5195514750305952,True,1,batch,True,pso,20,1,swarm
oe4-pilot-v2,oe4,swarm|batch|bc1|h1|pso|r1|N20|c1,syn-balanced_multimodal-sequential-r3,balanced_multimodal,sequential,0,3,17396203175820366605,2026-10-01T05:42:47.249+00:00,completed,epsilon,True,True,True,True,,51.401052,57.260089000919834,55.6617729998834,3,64,0.5055952816994697,0.0,164.1295719958935,,text,1-0-1-0-2-1-1-1,0.5055952816994697,True,1,batch,True,pso,20,1,swarm
oe4-pilot-v2,oe4,swarm|batch|bc1|h1|pso|r1|N20|c1,syn-balanced_multimodal-sequential-r4,balanced_multimodal,sequential,0,3,16072189927809315852,2026-10-01T05:42:47.306+00:00,completed,epsilon,True,True,True,True,,47.661585,53.680095999879995,51.98028599988902,3,66,0.4997105397388589,0.006721039910257187,164.3675040068638,,code,2-2-2-1-2-1-2-1,0.5064315796491161,True,1,batch,True,pso,20,1,swarm
oe4-pilot-v2,oe4,swarm|batch|bc1|h1|pso|r1|N20|c1,syn-balanced_multimodal-conditional-r0,balanced_multimodal,conditional,0,3,9492171042143771967,2026-10-01T05:42:47.360+00:00,completed,epsilon,True,True,True,True,,38.020285,43.90133400011109,42.40132499762694,1,54,0.48780502665661635,0.0036547194033032526,156.84555801067012,,code,2-1-1-1-1-1-1-1,0.4914597460599196,True,1,batch,True,pso,20,1,swarm
oe4-pilot-v2,oe4,swarm|batch|bc1|h1|pso|r1|N20|c1,syn-balanced_multimodal-conditional-r1,balanced_multimodal,conditional,0,3,12567349465944861023,2026-10-01T05:42:47.404+00:00,completed,epsilon,True,True,True,True,,31.816295,37.68378699896857,36.22357600033865,1,52,0.4988095313719645,0.0,134.78290098990254,,code,1-1-1-0-1-0-1-1,0.4988095313719645,True,1,batch,True,pso,20,1,swarm
oe4-pilot-v2,oe4,swarm|batch|bc1|h1|pso|r1|N20|c1,syn-balanced_multimodal-conditional-r2,balanced_multimodal,conditional,0,3,4742918314447581142,2026-10-01T05:42:47.442+00:00,completed,epsilon,True,True,True,True,,34.328095,40.03353900043294,38.660673999402206,1,52,0.4784409614577118,0.02094032221573877,145.7947789869113,,code,2-1-1-1-2-1-2-1,0.4993812836734506,True,1,batch,True,pso,20,1,swarm
oe4-pilot-v2,oe4,swarm|batch|bc1|h1|pso|r1|N20|c1,syn-balanced_multimodal-conditional-r3,balanced_multimodal,conditional,0,3,11394639668150330671,2026-10-01T05:42:47.482+00:00,completed,epsilon,True,True,True,True,,28.895926,34.84068999750889,33.4761369995249,1,51,0.4637423303052723,0.007792650437786042,136.0704860009664,,text,1-1-1-1-2-1-1-1,0.47153498074305833,True,1,batch,True,pso,20,1,swarm
oe4-pilot-v2,oe4,swarm|batch|bc1|h1|pso|r1|N20|c1,syn-balanced_multimodal-conditional-r4,balanced_multimodal,conditional,0,3,2277667993778051270,2026-10-01T05:42:47.517+00:00,completed,epsilon,True,True,True,True,,44.02212,50.22317900147755,48.515348997170804,3,62,0.4970117057765307,1.963771524837732e-07,127.24989401523233,,code,2-1-1-1-2-0-2-1,0.4970119021536832,True,1,batch,True,pso,20,1,swarm
oe4-pilot-v2,oe4,swarm|batch|bc1|h1|pso|r1|N20|c1,syn-balanced_multimodal-repetitive-r0,balanced_multimodal,repetitive,0,3,3839617547738254315,2026-10-01T05:42:47.567+00:00,completed,epsilon,True,True,True,True,,40.292348,45.924136000394356,44.46114899837994,1,55,0.5383161833171735,0.020082558591373534,130.7313789936067,,code,2-1-1-1-1-1-2-1,0.558398741908547,True,1,batch,True,pso,20,1,swarm
oe4-pilot-v2,oe4,swarm|batch|bc1|h1|pso|r1|N20|c1,syn-balanced_multimodal-repetitive-r1,balanced_multimodal,repetitive,0,3,2659073220867155690,2026-10-01T05:42:47.613+00:00,completed,epsilon,True,True,True,True,,43.161312,49.303854000754654,47.690035000414355,2,60,0.5300479510764751,1.9637715242826204e-07,155.89263198956206,,code,2-0-2-1-2-1-1-1,0.5300481474536275,True,1,batch,True,pso,20,1,swarm
oe4-pilot-v2,oe4,swarm|batch|bc1|h1|pso|r1|N20|c1,syn-balanced_multimodal-repetitive-r2,balanced_multimodal,repetitive,0,3,12027688066564710874,2026-10-01T05:42:47.662+00:00,completed,epsilon,True,True,True,True,,30.990626,36.76033000010648,35.34000600120635,1,51,0.48695008664679024,0.02008255859137359,123.72546500990809,,code,2-1-2-1-1-1-2-1,0.5070326452381638,True,1,batch,True,pso,20,1,swarm
oe4-pilot-v2,oe4,swarm|batch|bc1|h1|pso|r1|N20|c1,syn-balanced_multimodal-repetitive-r3,balanced_multimodal,repetitive,0,3,10665835498416014906,2026-10-01T05:42:47.699+00:00,completed,epsilon,True,True,True,True,,35.723159,41.47026300051948,39.96414499852108,1,51,0.4984038111225635,0.020082362214221106,130.8516420072218,,diagram,1-1-2-0-2-1-1-1,0.5184861733367846,True,1,batch,True,pso,20,1,swarm
oe4-pilot-v2,oe4,swarm|batch|bc1|h1|pso|r1|N20|c1,syn-balanced_multimodal-repetitive-r4,balanced_multimodal,repetitive,0,3,16842203000296662102,2026-10-01T05:42:47.740+00:00,completed,epsilon,True,True,True,True,,37.230905,43.04102999958559,41.73080300097354,1,50,0.5354470399519666,0.020082558591373645,119.13229799304439,,code,2-1-1-1-1-1-2-1,0.5555295985433403,True,1,batch,True,pso,20,1,swarm
oe4-pilot-v2,oe4,swarm|batch|bc1|h1|pso|r1|N20|c1,syn-balanced_multimodal-arrays_vectors-r0,balanced_multimodal,arrays_vectors,0,3,8202019099685287209,2026-10-01T05:42:47.783+00:00,completed,epsilon,True,True,True,True,,43.614858,49.80934200284537,48.146935001568636,2,62,0.5214552573504015,0.007792454060633558,130.74093800036226,,code,2-0-1-0-2-1-1-1,0.5292477114110351,True,1,batch,True,pso,20,1,swarm
oe4-pilot-v2,oe4,swarm|batch|bc1|h1|pso|r1|N20|c1,syn-balanced_multimodal-arrays_vectors-r1,balanced_multimodal,arrays_vectors,0,3,1557390382835702406,2026-10-01T05:42:47.833+00:00,completed,epsilon,True,True,True,True,,33.303558,39.10063099829131,37.41177999836509,1,56,0.5096115026932262,0.01001413080874669,157.566121001799,,code,1-0-1-1-1-1-1-1,0.5196256335019729,True,1,batch,True,pso,20,1,swarm
oe4-pilot-v2,oe4,swarm|batch|bc1|h1|pso|r1|N20|c1,syn-balanced_multimodal-arrays_vectors-r2,balanced_multimodal,arrays_vectors,0,3,1551228789342824201,2026-10-01T05:42:47.872+00:00,completed,epsilon,True,True,True,True,,35.875091,41.69714200179442,40.35682700123289,1,53,0.5207081594293232,0.027875012652007092,155.16070199038126,,text,1-1-1-1-2-1-1-1,0.5485831720813303,True,1,batch,True,pso,20,1,swarm
oe4-pilot-v2,oe4,swarm|batch|bc1|h1|pso|r1|N20|c1,syn-balanced_multimodal-arrays_vectors-r3,balanced_multimodal,arrays_vectors,0,3,11908930478528390133,2026-10-01T05:42:47.914+00:00,completed,epsilon,True,True,True,True,,47.193983,53.058230001624906,51.36555600256543,2,62,0.5326887851156756,0.019041613531884827,189.79984100775593,,code,1-0-1-1-1-0-1-1,0.5517303986475605,True,1,batch,True,pso,20,1,swarm
oe4-pilot-v2,oe4,swarm|batch|bc1|h1|pso|r1|N20|c1,syn-balanced_multimodal-arrays_vectors-r4,balanced_multimodal,arrays_vectors,0,3,7080146454937735062,2026-10-01T05:42:47.967+00:00,completed,epsilon,True,True,True,True,,30.56348,36.48394600168103,35.06308600117336,1,53,0.5231764212501887,0.0034158919247068154,139.77195499909539,,code,2-1-1-1-1-0-1-1,0.5265923131748955,True,1,batch,True,pso,20,1,swarm
oe4-pilot-v2,oe4,swarm|batch|bc1|h1|pso|r1|N20|c1,syn-balanced_multimodal-functions-r0,balanced_multimodal,functions,0,3,2933908082685948832,2026-10-01T05:42:48.004+00:00,completed,epsilon,True,True,True,True,,45.228345,51.08863300119992,49.473388000478735,2,60,0.5082813071929754,0.022699680157076907,148.5700380153212,,code,2-2-2-1-1-1-1-1,0.5309809873500523,True,1,batch,True,pso,20,1,swarm
oe4-pilot-v2,oe4,swarm|batch|bc1|h1|pso|r1|N20|c1,syn-balanced_multimodal-functions-r1,balanced_multimodal,functions,0,3,368220290834284782,2026-10-01T05:42:48.055+00:00,completed,epsilon,True,True,True,True,,30.896229,36.72735099826241,35.29479600183549,1,53,0.4917724457549157,0.02008255859137359,141.97802700078918,,code,2-1-1-1-1-1-2-1,0.5118550043462893,True,1,batch,True,pso,20,1,swarm
oe4-pilot-v2,oe4,swarm|batch|bc1|h1|pso|r1|N20|c1,syn-balanced_multimodal-functions-r2,balanced_multimodal,functions,0,3,8673480799685267205,2026-10-01T05:42:48.092+00:00,completed,epsilon,True,True,True,True,,52.173037,57.997207000880735,56.27438000010443,3,67,0.5181875250450265,0.0,160.37711699254828,,code,2-0-1-0-1-0-1-1,0.5181875250450265,True,1,batch,True,pso,20,1,swarm
oe4-pilot-v2,oe4,swarm|batch|bc1|h1|pso|r1|N20|c1,syn-balanced_multimodal-functions-r3,balanced_multimodal,functions,0,3,18228905326412579013,2026-10-01T05:42:48.150+00:00,completed,epsilon,True,True,True,True,,32.890395,38.803568997536786,37.27572500065435,1,57,0.489537761565406,0.027875012652007147,165.58435400564818,,diagram,1-1-2-1-2-1-1-1,0.5174127742174132,True,1,batch,True,pso,20,1,swarm
oe4-pilot-v2,oe4,swarm|batch|bc1|h1|pso|r1|N20|c1,syn-balanced_multimodal-functions-r4,balanced_multimodal,functions,0,3,4683180797726806680,2026-10-01T05:42:48.188+00:00,completed,epsilon,True,True,True,True,,43.016578,48.93215400079498,47.42330299995956,2,57,0.4810101863870243,0.022699680157077018,141.0547670126386,,diagram,1-2-2-1-1-1-1-1,0.5037098665441013,True,1,batch,True,pso,20,1,swarm
oe4-pilot-v2,oe4,swarm|batch|bc1|h1|pso|r1|N20|c10,syn-visual_dominant-sequential-r0,visual_dominant,sequential,0,0,8580140326324496627,2026-10-01T05:42:50.029+00:00,completed,epsilon,True,True,True,True,,226.278336,255.5195549975906,253.10212399926968,1,56,0.45572350868757355,0.02008255859137359,885.8655389863866,,diagram,1-1-2-1-1-1-0-1,0.47580606727894714,True,10,batch,True,pso,20,1,swarm
oe4-pilot-v2,oe4,swarm|batch|bc1|h1|pso|r1|N20|c10,syn-visual_dominant-sequential-r1,visual_dominant,sequential,0,0,17048800117076641484,2026-10-01T05:42:50.030+00:00,completed,epsilon,True,True,True,True,,227.273862,258.82882199948654,256.92560500101536,1,53,0.44878503224528293,0.02008255859137359,772.4529509938618,,diagram,1-1-2-1-0-1-1-1,0.4688675908366565,True,10,batch,True,pso,20,1,swarm
oe4-pilot-v2,oe4,swarm|batch|bc1|h1|pso|r1|N20|c10,syn-visual_dominant-conditional-r0,visual_dominant,conditional,0,0,11471567894967710186,2026-10-01T05:42:50.031+00:00,completed,epsilon,True,True,True,True,,258.147431,286.5216350000992,285.0385420024395,1,55,0.4683786250362893,0.007792650437786042,1365.900896008444,,diagram,1-1-2-1-0-1-0-1,0.47617127547407534,True,10,batch,True,pso,20,1,swarm
oe4-pilot-v2,oe4,swarm|batch|bc1|h1|pso|r1|N20|c10,syn-visual_dominant-sequential-r4,visual_dominant,sequential,0,0,13994061115368628468,2026-10-01T05:42:50.031+00:00,completed,epsilon,True,True,True,True,,364.625143,422.05188799925963,419.2366229981417,3,61,0.4539909514952264,0.0,274.6633290136653,,diagram,1-0-2-0-1-1-0-1,0.4539909514952264,True,10,batch,True,pso,20,1,swarm
oe4-pilot-v2,oe4,swarm|batch|bc1|h1|pso|r1|N20|c10,syn-visual_dominant-sequential-r3,visual_dominant,sequential,0,0,5551779150201999310,2026-10-01T05:42:50.031+00:00,completed,epsilon,True,True,True,True,,360.215712,427.8702150004392,423.3568500021647,2,56,0.49689284274488765,1.9637715242826204e-07,421.9589439932762,,diagram,1-0-2-1-0-1-1-1,0.4968930391220401,True,10,batch,True,pso,20,1,swarm
oe4-pilot-v2,oe4,swarm|batch|bc1|h1|pso|r1|N20|c10,syn-visual_dominant-conditional-r4,visual_dominant,conditional,0,0,7123775909059268369,2026-10-01T05:42:50.033+00:00,completed,epsilon,True,True,True,True,,409.08806,476.5225310002279,474.2644499965536,1,51,0.43905885028638547,0.009598091106895246,823.600380995539,,diagram,1-1-2-0-1-0-1-1,0.4486569413932807,True,10,batch,True,pso,20,1,swarm
oe4-pilot-v2,oe4,swarm|batch|bc1|h1|pso|r1|N20|c10,syn-visual_dominant-sequential-r2,visual_dominant,sequential,0,0,4355585619346073820,2026-10-01T05:42:50.030+00:00,completed,epsilon,True,True,True,True,,434.828456,484.8713979990862,482.36710499986657,2,58,0.4484135261977656,0.02008255859137359,819.9014900040305,,diagram,1-1-2-1-0-1-0-1,0.4684960847891392,True,10,batch,True,pso,20,1,swarm
oe4-pilot-v2,oe4,swarm|batch|bc1|h1|pso|r1|N20|c10,syn-visual_dominant-conditional-r3,visual_dominant,conditional,0,0,12303691227522993195,2026-10-01T05:42:50.033+00:00,completed,epsilon,True,True,True,True,,430.09495,491.58252399865887,489.341313001205,2,60,0.4537572043126114,0.0036547194033032526,1307.7770159912475,,diagram,1-1-2-1-0-1-1-1,0.45741192371591466,True,10,batch,True,pso,20,1,swarm
oe4-pilot-v2,oe4,swarm|batch|bc1|h1|pso|r1|N20|c10,syn-visual_dominant-conditional-r2,visual_dominant,conditional,0,0,7530803405880337628,2026-10-01T05:42:50.032+00:00,completed,epsilon,True,True,True,True,,442.638681,497.7322810009355,495.42374500015285,2,60,0.47576325269917313,1.963771524837732e-07,1187.9369139991477,,code,2-1-2-1-1-0-1-1,0.4757634490763256,True,10,batch,True,pso,20,1,swarm
oe4-pilot-v2,oe4,swarm|batch|bc1|h1|pso|r1|N20|c10,syn-visual_dominant-conditional-r1,visual_dominant,conditional,0,0,13928515270300365190,2026-10-01T05:42:50.032+00:00,completed,epsilon,True,True,True,True,,472.974244,513.9108519979345,512.0757860022422,3,67,0.43347702875536903,0.0036547194033032526,1366.3282699940214,,diagram,1-1-2-1-0-1-0-1,0.4371317481586723,True,10,batch,True,pso,20,1,swarm
oe4-pilot-v2,oe4,swarm|batch|bc1|h1|pso|r1|N20|c10,syn-visual_dominant-repetitive-r0,visual_dominant,repetitive,0,0,3652346516165016234,2026-10-01T05:42:50.284+00:00,completed,epsilon,True,True,True,True,,156.574675,269.8069480029517,268.2445890022791,1,56,0.46998170127395994,0.02008255859137359,393.7372279943497,,diagram,1-1-2-1-1-1-0-1,0.49006425986533353,True,10,batch,True,pso,20,1,swarm
oe4-pilot-v2,oe4,swarm|batch|bc1|h1|pso|r1|N20|c10,syn-visual_dominant-repetitive-r1,visual_dominant,repetitive,0,0,9493985239135120539,2026-10-01T05:42:50.288+00:00,completed,epsilon,True,True,True,True,,333.025113,452.0632370004023,450.1917420020618,4,63,0.49141108956712465,0.0,764.6205830026034,,code,2-0-2-0-1-1-1-1,0.49141108956712465,True,10,batch,True,pso,20,1,swarm
oe4-pilot-v2,oe4,swarm|batch|bc1|h1|pso|r1|N20|c10,syn-visual_dominant-repetitive-r4,visual_dominant,repetitive,0,0,5153165576748431564,2026-10-01T05:42:50.458+00:00,completed,epsilon,True,True,True,True,,168.814299,306.62054599815747,304.93951899916283,1,56,0.43539326357179114,0.032214241800902654,591.3441440032532,,diagram,0-1-2-1-0-1-0-1,0.4676075053726938,True,10,batch,True,pso,20,1,swarm
oe4-pilot-v2,oe4,swarm|batch|bc1|h1|pso|r1|N20|c10,syn-visual_dominant-repetitive-r3,visual_dominant,repetitive,0,0,13061490195280824700,2026-10-01T05:42:50.453+00:00,completed,epsilon,True,True,True,True,,193.998628,350.3687060001539,348.7482220007223,2,48,0.5053299123828249,1.9637715242826204e-07,385.07903699405864,,diagram,1-0-2-1-0-1-0-1,0.5053301087599773,True,10,batch,True,pso,20,1,swarm
oe4-pilot-v2,oe4,swarm|batch|bc1|h1|pso|r1|N20|c10,syn-visual_dominant-arrays_vectors-r1,visual_dominant,arrays_vectors,0,0,14387502913323118724,2026-10-01T05:42:50.515+00:00,completed,epsilon,True,True,True,True,,273.175015,358.2416269964597,356.03757899662014,2,61,0.4406569611974138,0.01253564549090147,1131.1827500065306,,diagram,1-2-2-1-1-0-1-0,0.4531926066883153,True,10,batch,True,pso,20,1,swarm
oe4-pilot-v2,oe4,swarm|batch|bc1|h1|pso|r1|N20|c10,syn-visual_dominant-arrays_vectors-r3,visual_dominant,arrays_vectors,0,0,16074832408338533935,2026-10-01T05:42:50.530+00:00,completed,epsilon,True,True,True,True,,316.499126,423.10929999803193,410.6750650025788,1,52,0.5104383568030326,0.017498999281390648,1146.4186250064095,,diagram,0-1-2-1-1-1-0-1,0.5279373560844233,True,10,batch,True,pso,20,1,swarm
oe4-pilot-v2,oe4,swarm|batch|bc1|h1|pso|r1|N20|c10,syn-visual_dominant-repetitive-r2,visual_dominant,repetitive,0,0,15577984090316381348,2026-10-01T05:42:50.318+00:00,completed,epsilon,True,True,True,True,,543.745948,678.2595439981378,674.9757329998829,1,59,0.497368651601852,0.02008255859137359,887.1652300063444,,code,2-1-2-1-1-1-0-1,0.5174512101932256,True,10,batch,True,pso,20,1,swarm
oe4-pilot-v2,oe4,swarm|batch|bc1|h1|pso|r1|N20|c10,syn-visual_dominant-arrays_vectors-r0,visual_dominant,arrays_vectors,0,0,2484686855457110652,2026-10-01T05:42:50.509+00:00,completed,epsilon,True,True,True,True,,378.299308,492.46948400104884,490.7965959973808,1,52,0.46105976353153516,0.027875012652007147,976.1384570025128,,diagram,1-1-2-1-0-1-0-1,0.4889347761835423,True,10,batch,True,pso,20,1,swarm
oe4-pilot-v2,oe4,swarm|batch|bc1|h1|pso|r1|N20|c10,syn-visual_dominant-arrays_vectors-r2,visual_dominant,arrays_vectors,0,0,18083930375172244621,2026-10-01T05:42:50.524+00:00,completed,epsilon,True,True,True,True,,389.355047,480.6968480006617,478.7821989993972,1,58,0.4939594688494195,0.027875012652007147,1025.2395929994163,,diagram,1-1-2-1-1-1-1-1,0.5218344815014266,True,10,batch,True,pso,20,1,swarm
oe4-pilot-v2,oe4,swarm|batch|bc1|h1|pso|r1|N20|c10,syn-visual_dominant-functions-r0,visual_dominant,functions,0,0,11375697626506085209,2026-10-01T05:42:50.554+00:00,completed,epsilon,True,True,True,True,,405.496248,474.0648249971855,472.24219700001413,1,50,0.47798454429270243,0.019803777820581292,1199.4246110000656,,diagram,1-2-2-1-1-1-0-1,0.4977883221132837,True,10,batch,True,pso,20,1,swarm
oe4-pilot-v2,oe4,swarm|batch|bc1|h1|pso|r1|N20|c10,syn-visual_dominant-arrays_vectors-r4,visual_dominant,arrays_vectors,0,0,13236652181889018265,2026-10-01T05:42:50.546+00:00,completed,epsilon,True,True,True,True,,494.159044,573.3710179993068,570.0718640000559,2,60,0.49416530121267593,0.003415891924706871,1459.0067339805444,,diagram,1-1-2-1-1-0-0-1,0.4975811931373828,True,10,batch,True,pso,20,1,swarm
oe4-pilot-v2,oe4,swarm|batch|bc1|h1|pso|r1|N20|c10,syn-visual_dominant-functions-r1,visual_dominant,functions,0,0,12724222799605840855,2026-10-01T05:42:50.740+00:00,completed,epsilon,True,True,True,True,,263.414315,464.98656399853644,462.7589049996459,2,65,0.4941057150421845,0.007792650437785986,324.18274699156524,,code,2-0-2-1-1-1-0-1,0.5018983654799705,True,10,batch,True,pso,20,1,swarm
oe4-pilot-v2,oe4,swarm|batch|bc1|h1|pso|r1|N20|c10,syn-visual_dominant-functions-r3,visual_dominant,functions,0,0,15496158585802717903,2026-10-01T05:42:50.803+00:00,completed,epsilon,True,True,True,True,,275.070657,408.52747700046166,405.311962000269,1,58,0.45256029277229026,0.027874816274854664,970.5673240082851,,diagram,1-1-2-0-0-1-1-1,0.4804351090471449,True,10,batch,True,pso,20,1,swarm
oe4-pilot-v2,oe4,swarm|batch|bc1|h1|pso|r1|N20|c10,syn-visual_dominant-functions-r2,visual_dominant,functions,0,0,2855966151648987497,2026-10-01T05:42:50.765+00:00,completed,epsilon,True,True,True,True,,297.574485,474.938645002112,471.2546379996638,3,64,0.471376010746655,1.9637715242826204e-07,989.1781769791132,,diagram,1-0-2-1-1-0-1-1,0.47137620712380746,True,10,batch,True,pso,20,1,swarm
oe4-pilot-v2,oe4,swarm|batch|bc1|h1|pso|r1|N20|c10,syn-logical_syntactic-sequential-r0,logical_syntactic,sequential,0,0,13362044807751343064,2026-10-01T05:42:50.953+00:00,completed,epsilon,True,True,True,True,,173.585255,340.34300399798667,338.6396000023524,1,54,0.4761350201294624,0.020082362214221106,474.5945559961539,,code,2-1-1-0-0-1-0-1,0.4962173823436835,True,10,batch,True,pso,20,1,swarm
oe4-pilot-v2,oe4,swarm|batch|bc1|h1|pso|r1|N20|c10,syn-logical_syntactic-sequential-r1,logical_syntactic,sequential,0,0,14311645315440717423,2026-10-01T05:42:50.996+00:00,completed,epsilon,True,True,True,True,,224.743264,367.1672100026626,363.05751300096745,3,67,0.4825463618186212,0.0,517.4929530049184,,code,2-0-1-0-1-1-0-1,0.4825463618186212,True,10,batch,True,pso,20,1,swarm
oe4-pilot-v2,oe4,swarm|batch|bc1|h1|pso|r1|N20|c10,syn-logical_syntactic-sequential-r2,logical_syntactic,sequential,0,0,15643440995604996842,2026-10-01T05:42:51.002+00:00,completed,epsilon,True,True,True,True,,267.840395,411.65764299876173,409.85224900214234,1,50,0.5052479809084092,0.0034158919247069264,1033.8715449984827,,code,2-1-0-1-1-1-1-1,0.5086638728331161,True,10,batch,True,pso,20,1,swarm
oe4-pilot-v2,oe4,swarm|batch|bc1|h1|pso|r1|N20|c10,syn-logical_syntactic-sequential-r3,logical_syntactic,sequential,0,0,16960600487627624599,2026-10-01T05:42:51.005+00:00,completed,epsilon,True,True,True,True,,376.609686,499.85711299814284,498.1236639978306,3,64,0.47454039043400664,1.9637715242826204e-07,1061.4312179859512,,code,2-0-1-1-1-1-0-1,0.47454058681115907,True,10,batch,True,pso,20,1,swarm
oe4-pilot-v2,oe4,swarm|batch|bc1|h1|pso|r1|N20|c10,syn-logical_syntactic-conditional-r0,logical_syntactic,conditional,0,0,4732552759670585228,2026-10-01T05:42:51.119+00:00,completed,epsilon,True,True,True,True,,278.181794,392.23990900063654,390.4895999985456,1,59,0.4552124341978106,0.0036547194033032526,721.9351340067799,,code,2-1-1-1-0-1-0-1,0.45886715360111385,True,10,batch,True,pso,20,1,swarm
oe4-pilot-v2,oe4,swarm|batch|bc1|h1|pso|r1|N20|c10,syn-logical_syntactic-sequential-r4,logical_syntactic,sequential,0,0,17250185977012485747,2026-10-01T05:42:51.028+00:00,completed,epsilon,True,True,True,True,,385.28699,500.1690229983069,498.1610360009654,3,62,0.49533228036449595,0.0010555026473685336,983.6138240005379,,code,2-0-1-2-1-0-0-0,0.4963877830118645,True,10,batch,True,pso,20,1,swarm
oe4-pilot-v2,oe4,swarm|batch|bc1|h1|pso|r1|N20|c10,syn-logical_syntactic-conditional-r2,logical_syntactic,conditional,0,0,6973891702751108736,2026-10-01T05:42:51.212+00:00,completed,epsilon,True,True,True,True,,227.095776,402.3218549991725,400.0721179982065,1,53,0.4631068467146388,0.0036547194033032526,399.11131999511997,,code,2-1-1-1-0-1-1-1,0.46676156611794206,True,10,batch,True,pso,20,1,swarm
oe4-pilot-v2,oe4,swarm|batch|bc1|h1|pso|r1|N20|c10,syn-visual_dominant-functions-r4,visual_dominant,functions,0,0,10259835321663512086,2026-10-01T05:42:50.873+00:00,completed,epsilon,True,True,True,True,,666.284298,744.111462001456,739.4142490011291,3,66,0.5026282462686158,1.9637715242826204e-07,552.4845119981728,,code,2-0-2-1-1-1-1-1,0.5026284426457682,True,10,batch,True,pso,20,1,swarm
oe4-pilot-v2,oe4,swarm|batch|bc1|h1|pso|r1|N20|c10,syn-logical_syntactic-conditional-r1,logical_syntactic,conditional,0,0,16767561851559065070,2026-10-01T05:42:51.205+00:00,completed,epsilon,True,True,True,True,,242.723785,420.3069659997709,418.33778499858454,2,61,0.4440319075303329,0.007792650437786042,409.5431269919776,,code,2-1-1-1-0-1-0-1,0.45182455796811893,True,10,batch,True,pso,20,1,swarm
oe4-pilot-v2,oe4,swarm|batch|bc1|h1|pso|r1|N20|c10,syn-logical_syntactic-conditional-r3,logical_syntactic,conditional,0,0,6626061848004110554,2026-10-01T05:42:51.240+00:00,completed,epsilon,True,True,True,True,,218.809161,404.710161001276,403.0581359984353,1,51,0.4614734643861827,0.007792650437786042,467.3230119957215,,code,2-1-1-1-0-1-0-1,0.46926611482396874,True,10,batch,True,pso,20,1,swarm
oe4-pilot-v2,oe4,swarm|batch|bc1|h1|pso|r1|N20|c10,syn-logical_syntactic-conditional-r4,logical_syntactic,conditional,0,0,2581103798954869873,2026-10-01T05:42:51.293+00:00,completed,epsilon,True,True,True,True,,258.305978,439.1168949987332,436.0882769979071,1,51,0.4839345737065493,0.0036547194033032526,310.1596559966296,,code,2-1-1-1-1-1-1-1,0.48758929310985255,True,10,batch,True,pso,20,1,swarm
oe4-pilot-v2,oe4,swarm|batch|bc1|h1|pso|r1|N20|c10,syn-logical_syntactic-repetitive-r0,logical_syntactic,repetitive,0,0,2563900073831829840,2026-10-01T05:42:51.363+00:00,completed,epsilon,True,True,True,True,,277.320599,391.1123809994024,387.5348629990185,1,56,0.45068774937313677,0.02008255859137359,367.4574019915597,,code,2-1-2-1-0-1-1-1,0.47077030796451036,True,10,batch,True,pso,20,1,swarm
oe4-pilot-v2,oe4,swarm|batch|bc1|h1|pso|r1|N20|c10,syn-logical_syntactic-repetitive-r1,logical_syntactic,repetitive,0,0,1690962082425471307,2026-10-01T05:42:51.414+00:00,completed,epsilon,True,True,True,True,,225.36751,376.44603599983384,374.9655690007785,1,56,0.46854772531455674,0.02008255859137359,499.3581790042598,,code,2-1-1-1-0-1-0-1,0.48863028390593033,True,10,batch,True,pso,20,1,swarm
oe4-pilot-v2,oe4,swarm|batch|bc1|h1|pso|r1|N20|c10,syn-logical_syntactic-repetitive-r2,logical_syntactic,repetitive,0,0,12298035747105259136,2026-10-01T05:42:51.505+00:00,completed,epsilon,True,True,True,True,,190.709756,359.7934500030533,358.0986759989173,1,53,0.48860682289608054,0.02008255859137359,308.19882900524124,,code,2-1-1-1-1-1-1-1,0.5086893814874541,True,10,batch,True,pso,20,1,swarm
oe4-pilot-v2,oe4,swarm|batch|bc1|h1|pso|r1|N20|c10,syn-logical_syntactic-arrays_vectors-r0,logical_syntactic,arrays_vectors,0,0,14948705039163960895,2026-10-01T05:42:51.614+00:00,completed,epsilon,True,True,True,True,,194.649136,319.8541439996916,318.1797249999363,1,51,0.4856184373133194,0.02008255859137359,248.84827699692778,,code,2-1-1-1-0-0-1-1,0.505700995904693,True,10,batch,True,pso,20,1,swarm
oe4-pilot-v2,oe4,swarm|batch|bc1|h1|pso|r1|N20|c10,syn-logical_syntactic-repetitive-r4,logical_syntactic,repetitive,0,0,3613547958009930106,2026-10-01T05:42:51.529+00:00,completed,epsilon,True,True,True,True,,356.919035,522.3506189977343,507.9148400000122,2,61,0.4154283128506681,0.028970245585525245,603.6471549959155,,code,2-1-1-1-0-1-0-1,0.44439855843619336,True,10,batch,True,pso,20,1,swarm
oe4-pilot-v2,oe4,swarm|batch|bc1|h1|pso|r1|N20|c10,syn-logical_syntactic-arrays_vectors-r2,logical_syntactic,arrays_vectors,0,0,7678510444233138347,2026-10-01T05:42:51.626+00:00,completed,epsilon,True,True,True,True,,299.947869,439.5826979998674,436.40046500149765,1,59,0.49083089405366653,0.027874816274854664,841.6559039749076,,code,2-1-1-0-0-1-0-1,0.5187057103285212,True,10,batch,True,pso,20,1,swarm
oe4-pilot-v2,oe4,swarm|batch|bc1|h1|pso|r1|N20|c10,syn-logical_syntactic-arrays_vectors-r1,logical_syntactic,arrays_vectors,0,0,13327273701071249688,2026-10-01T05:42:51.617+00:00,completed,epsilon,True,True,True,True,,354.460925,474.4628689986712,472.7558480008156,2,65,0.47317793671230085,0.010866792799564984,478.536863997636,,code,2-2-1-1-1-0-0-1,0.48404472951186583,True,10,batch,True,pso,20,1,swarm
oe4-pilot-v2,oe4,swarm|batch|bc1|h1|pso|r1|N20|c10,syn-logical_syntactic-functions-r0,logical_syntactic,functions,0,0,15105445333404857368,2026-10-01T05:42:51.754+00:00,completed,epsilon,True,True,True,True,,185.241831,427.59075299909455,423.93224500119686,1,53,0.4876998796280693,0.027875012652007147,471.25604698630497,,code,2-1-1-1-1-1-0-1,0.5155748922800765,True,10,batch,True,pso,20,1,swarm
oe4-pilot-v2,oe4,swarm|batch|bc1|h1|pso|r1|N20|c10,syn-logical_syntactic-arrays_vectors-r3,logical_syntactic,arrays_vectors,0,0,3475821061836782133,2026-10-01T05:42:51.645+00:00,completed,epsilon,True,True,True,True,,488.721671,606.9526219980617,601.6844900004799,2,62,0.5279095277556373,1.472828643489521e-07,748.0060719866713,,code,2-0-1-2-1-0-1-1,0.5279096750385016,True,10,batch,True,pso,20,1,swarm
oe4-pilot-v2,oe4,swarm|batch|bc1|h1|pso|r1|N20|c10,syn-logical_syntactic-functions-r2,logical_syntactic,functions,0,0,6130147880867857550,2026-10-01T05:42:51.864+00:00,completed,epsilon,True,True,True,True,,236.666078,389.08264900237555,381.8249879986979,1,59,0.4703323912858079,0.027875012652007147,741.6681289893572,,code,2-1-0-1-1-1-1-1,0.49820740393781504,True,10,batch,True,pso,20,1,swarm
oe4-pilot-v2,oe4,swarm|batch|bc1|h1|pso|r1|N20|c10,syn-logical_syntactic-repetitive-r3,logical_syntactic,repetitive,0,0,6665076571321463288,2026-10-01T05:42:51.511+00:00,completed,epsilon,True,True,True,True,,564.675572,750.830909000797,747.5574550007877,3,63,0.48216814861223045,0.0,322.3057010106526,,code,2-0-1-0-1-1-0-1,0.48216814861223045,True,10,batch,True,pso,20,1,swarm
oe4-pilot-v2,oe4,swarm|batch|bc1|h1|pso|r1|N20|c10,syn-logical_syntactic-functions-r1,logical_syntactic,functions,0,0,7545233351544256523,2026-10-01T05:42:51.790+00:00,completed,epsilon,True,True,True,True,,283.662107,505.26047499806737,494.1450469996198,1,58,0.4742120227778769,0.021023062154443717,348.53485198508787,,code,2-0-1-2-0-0-0-1,0.4952350849323206,True,10,batch,True,pso,20,1,swarm
oe4-pilot-v2,oe4,swarm|batch|bc1|h1|pso|r1|N20|c10,syn-logical_syntactic-functions-r3,logical_syntactic,functions,0,0,4820333934433401313,2026-10-01T05:42:51.934+00:00,completed,epsilon,True,True,True,True,,236.554967,385.90425700022024,383.18784199873335,1,56,0.46627757409622445,0.02008255859137359,172.47085798706627,,code,2-1-1-1-1-1-0-1,0.48636013268759803,True,10,batch,True,pso,20,1,swarm
oe4-pilot-v2,oe4,swarm|batch|bc1|h1|pso|r1|N20|c10,syn-logical_syntactic-arrays_vectors-r4,logical_syntactic,arrays_vectors,0,0,15069723113616053544,2026-10-01T05:42:51.732+00:00,completed,epsilon,True,True,True,True,,420.509798,590.9288720031327,588.4275530006562,2,60,0.4592948548206536,0.007792650437785986,196.42705498824938,,code,2-0-1-1-0-1-1-1,0.46708750525843956,True,10,batch,True,pso,20,1,swarm
oe4-pilot-v2,oe4,swarm|batch|bc1|h1|pso|r1|N20|c10,syn-explanatory_conceptual-sequential-r1,explanatory_conceptual,sequential,0,0,3272787541859846898,2026-10-01T05:42:52.092+00:00,completed,epsilon,True,True,True,True,,201.042309,364.4542789988918,361.0970729969267,1,50,0.45267043074923324,0.006749225258040281,645.4184289933846,,text,0-1-0-1-2-1-0-1,0.4594196560072735,True,10,batch,True,pso,20,1,swarm
oe4-pilot-v2,oe4,swarm|batch|bc1|h1|pso|r1|N20|c10,syn-logical_syntactic-functions-r4,logical_syntactic,functions,0,0,10275058418311301455,2026-10-01T05:42:52.051+00:00,completed,epsilon,True,True,True,True,,337.053219,458.023322000372,456.19494800121174,3,66,0.44825847177744416,0.007792650437785986,233.93851499130918,,code,2-0-0-1-1-1-0-1,0.45605112221523014,True,10,batch,True,pso,20,1,swarm
oe4-pilot-v2,oe4,swarm|batch|bc1|h1|pso|r1|N20|c10,syn-explanatory_conceptual-sequential-r0,explanatory_conceptual,sequential,0,0,14947352377729861017,2026-10-01T05:42:52.065+00:00,completed,epsilon,True,True,True,True,,311.067795,483.33131300023524,480.98882399790455,4,71,0.467455645058524,0.0,306.1640890019508,,text,0-0-1-0-2-0-0-1,0.467455645058524,True,10,batch,True,pso,20,1,swarm
oe4-pilot-v2,oe4,swarm|batch|bc1|h1|pso|r1|N20|c10,syn-explanatory_conceptual-conditional-r0,explanatory_conceptual,conditional,0,0,5916953307552671090,2026-10-01T05:42:52.262+00:00,completed,epsilon,True,True,True,True,,242.822281,362.8868690029776,355.92780799925094,1,51,0.487737317609176,0.007792650437786042,686.2012820075923,,code,2-1-1-1-2-1-1-1,0.49552996804696203,True,10,batch,True,pso,20,1,swarm
oe4-pilot-v2,oe4,swarm|batch|bc1|h1|pso|r1|N20|c10,syn-explanatory_conceptual-sequential-r4,explanatory_conceptual,sequential,0,0,16212943396658008924,2026-10-01T05:42:52.254+00:00,completed,epsilon,True,True,True,True,,269.6357,408.4048190015892,405.92533300150535,3,66,0.45722945344337185,0.009273546497608254,406.34324799713704,,text,1-1-1-0-2-1-1-1,0.4665029999409801,True,10,batch,True,pso,20,1,swarm
oe4-pilot-v2,oe4,swarm|batch|bc1|h1|pso|r1|N20|c10,syn-explanatory_conceptual-conditional-r1,explanatory_conceptual,conditional,0,0,18124705353368190302,2026-10-01T05:42:52.295+00:00,completed,epsilon,True,True,True,True,,294.345123,399.9472630021046,395.65175799725694,2,51,0.47520911893219114,0.0036547194033032526,562.8532739933651,,text,1-1-1-1-2-1-1-1,0.4788638383354944,True,10,batch,True,pso,20,1,swarm
oe4-pilot-v2,oe4,swarm|batch|bc1|h1|pso|r1|N20|c10,syn-explanatory_conceptual-conditional-r2,explanatory_conceptual,conditional,0,0,1341896759769893857,2026-10-01T05:42:52.320+00:00,completed,epsilon,True,True,True,True,,293.675877,440.0515669985907,437.7172280001105,1,53,0.4825120796519577,0.007792650437786042,292.4447610010335,,diagram,1-1-2-1-2-1-1-1,0.49030473008974373,True,10,batch,True,pso,20,1,swarm
oe4-pilot-v2,oe4,swarm|batch|bc1|h1|pso|r1|N20|c10,syn-explanatory_conceptual-sequential-r3,explanatory_conceptual,sequential,0,0,15905282458092997945,2026-10-01T05:42:52.252+00:00,completed,epsilon,True,True,True,True,,401.455723,542.8309220005758,540.8847629987577,2,57,0.4489765705985682,1.9637715242826204e-07,314.0184589988081,,text,1-0-1-1-2-1-1-1,0.44897676697572064,True,10,batch,True,pso,20,1,swarm
oe4-pilot-v2,oe4,swarm|batch|bc1|h1|pso|r1|N20|c10,syn-explanatory_conceptual-sequential-r2,explanatory_conceptual,sequential,0,0,7023970792698232399,2026-10-01T05:42:52.182+00:00,completed,epsilon,True,True,True,True,,503.387405,639.9279369979922,637.8486629982945,4,73,0.45488132858608143,0.007792797720650335,233.34969700638584,,text,1-0-1-2-2-1-1-1,0.46267412630673177,True,10,batch,True,pso,20,1,swarm
oe4-pilot-v2,oe4,swarm|batch|bc1|h1|pso|r1|N20|c10,syn-explanatory_conceptual-conditional-r4,explanatory_conceptual,conditional,0,0,8670080275324173838,2026-10-01T05:42:52.456+00:00,completed,epsilon,True,True,True,True,,150.869556,414.8654259988689,411.4162600017153,2,62,0.45734345073001487,0.007792650437786042,292.4710970099648,,text,1-1-1-1-2-1-0-1,0.4651361011678009,True,10,batch,True,pso,20,1,swarm
oe4-pilot-v2,oe4,swarm|batch|bc1|h1|pso|r1|N20|c10,syn-explanatory_conceptual-repetitive-r0,explanatory_conceptual,repetitive,0,0,3237454591878846868,2026-10-01T05:42:52.509+00:00,completed,epsilon,True,True,True,True,,222.663995,403.3265260004555,401.6410839976743,1,52,0.43547017695048224,0.030711075187125847,704.6394690083487,,text,0-1-1-1-2-1-0-1,0.4661812521376081,True,10,batch,True,pso,20,1,swarm
oe4-pilot-v2,oe4,swarm|batch|bc1|h1|pso|r1|N20|c10,syn-explanatory_conceptual-repetitive-r2,explanatory_conceptual,repetitive,0,0,10189736659373836677,2026-10-01T05:42:52.625+00:00,completed,epsilon,True,True,True,True,,248.481975,342.0069699968735,337.80721699804417,1,52,0.49088145414572526,0.0017991482131319847,577.0652690052773,,text,1-0-1-1-2-1-1-1,0.49268060235885724,True,10,batch,True,pso,20,1,swarm
oe4-pilot-v2,oe4,swarm|batch|bc1|h1|pso|r1|N20|c10,syn-explanatory_conceptual-conditional-r3,explanatory_conceptual,conditional,0,0,11332394261640184133,2026-10-01T05:42:52.323+00:00,completed,epsilon,True,True,True,True,,512.665915,678.9999400025408,671.9970020021719,2,60,0.43096370532164535,0.0036547194033032526,365.42506699925235,,text,1-1-0-1-2-1-0-1,0.4346184247249486,True,10,batch,True,pso,20,1,swarm
oe4-pilot-v2,oe4,swarm|batch|bc1|h1|pso|r1|N20|c10,syn-explanatory_conceptual-repetitive-r1,explanatory_conceptual,repetitive,0,0,10148232421566165977,2026-10-01T05:42:52.549+00:00,completed,epsilon,True,True,True,True,,336.933163,486.539999001252,484.73164700044435,2,60,0.5255407002055713,1.9637715242826204e-07,532.7412150004592,,text,1-0-1-1-2-1-1-1,0.5255408965827237,True,10,batch,True,pso,20,1,swarm
oe4-pilot-v2,oe4,swarm|batch|bc1|h1|pso|r1|N20|c10,syn-explanatory_conceptual-arrays_vectors-r0,explanatory_conceptual,arrays_vectors,0,0,8420274505294676143,2026-10-01T05:42:52.760+00:00,completed,epsilon,True,True,True,True,,126.282473,303.74800600111485,302.09741599901463,1,56,0.49778085910851905,0.027875012652007147,233.35920699381705,,text,1-1-1-1-2-1-0-1,0.5256558717605262,True,10,batch,True,pso,20,1,swarm
oe4-pilot-v2,oe4,swarm|batch|bc1|h1|pso|r1|N20|c10,syn-explanatory_conceptual-arrays_vectors-r1,explanatory_conceptual,arrays_vectors,0,0,11621185609108110648,2026-10-01T05:42:52.795+00:00,completed,epsilon,True,True,True,True,,196.169128,369.4377620013256,367.4397600007069,1,51,0.4615647597787113,0.028694684783154678,576.4824819923095,,text,0-1-0-1-2-1-1-1,0.490259444561866,True,10,batch,True,pso,20,1,swarm
oe4-pilot-v2,oe4,swarm|batch|bc1|h1|pso|r1|N20|c10,syn-explanatory_conceptual-arrays_vectors-r2,explanatory_conceptual,arrays_vectors,0,0,3616904053699891200,2026-10-01T05:42:52.822+00:00,completed,epsilon,True,True,True,True,,217.998722,348.013445000106,346.1457129997143,1,53,0.5002467392530876,0.027875012652007203,545.9055729994741,,diagram,0-1-2-1-2-1-1-1,0.5281217519050948,True,10,batch,True,pso,20,1,swarm
oe4-pilot-v2,oe4,swarm|batch|bc1|h1|pso|r1|N20|c10,syn-explanatory_conceptual-repetitive-r3,explanatory_conceptual,repetitive,0,0,5679236231213962541,2026-10-01T05:42:52.662+00:00,completed,epsilon,True,True,True,True,,411.964515,515.3602769969439,508.5262230022636,2,60,0.47773671108267024,0.009947252053144284,293.5178360084174,,text,1-0-1-0-2-1-1-1,0.4876839631358145,True,10,batch,True,pso,20,1,swarm
oe4-pilot-v2,oe4,swarm|batch|bc1|h1|pso|r1|N20|c10,syn-explanatory_conceptual-arrays_vectors-r3,explanatory_conceptual,arrays_vectors,0,0,9640228565651749554,2026-10-01T05:42:52.871+00:00,completed,epsilon,True,True,True,True,,196.14738,352.4914670015278,349.7213560003729,1,51,0.4899428394838256,0.017498999281390593,153.8572649844502,,text,0-1-1-1-2-1-0-1,0.5074418387652162,True,10,batch,True,pso,20,1,swarm
oe4-pilot-v2,oe4,swarm|batch|bc1|h1|pso|r1|N20|c10,syn-explanatory_conceptual-repetitive-r4,explanatory_conceptual,repetitive,0,0,615434091092212846,2026-10-01T05:42:52.695+00:00,completed,epsilon,True,True,True,True,,389.31431,556.8105399979686,554.685356997652,1,55,0.45405216601876935,0.02008255859137359,437.611987992365,,text,1-1-0-1-2-1-1-1,0.47413472461014294,True,10,batch,True,pso,20,1,swarm
oe4-pilot-v2,oe4,swarm|batch|bc1|h1|pso|r1|N20|c10,syn-explanatory_conceptual-arrays_vectors-r4,explanatory_conceptual,arrays_vectors,0,0,12383051168938743430,2026-10-01T05:42:52.912+00:00,completed,epsilon,True,True,True,True,,273.413252,380.19273900135886,376.16502700257115,2,53,0.5099955953246345,0.007792650437785986,278.6325950011572,,text,1-0-1-1-2-1-1-1,0.5177882457624204,True,10,batch,True,pso,20,1,swarm
oe4-pilot-v2,oe4,swarm|batch|bc1|h1|pso|r1|N20|c10,syn-explanatory_conceptual-functions-r0,explanatory_conceptual,functions,0,0,4847129841761666601,2026-10-01T05:42:52.967+00:00,completed,epsilon,True,True,True,True,,280.322025,428.6763849995623,427.00890400010394,1,51,0.4945698834876539,0.01617519995265254,185.8596449977883,,text,1-2-1-1-2-0-1-1,0.5107450834403064,True,10,batch,True,pso,20,1,swarm
oe4-pilot-v2,oe4,swarm|batch|bc1|h1|pso|r1|N20|c10,syn-explanatory_conceptual-functions-r3,explanatory_conceptual,functions,0,0,15409255459732107106,2026-10-01T05:42:53.064+00:00,completed,epsilon,True,True,True,True,,195.310441,349.58098100105417,347.98102700005984,1,54,0.49777727535266225,0.007792650437785986,308.95534098890056,,text,1-0-1-1-2-1-1-1,0.5055699257904482,True,10,batch,True,pso,20,1,swarm
oe4-pilot-v2,oe4,swarm|batch|bc1|h1|pso|r1|N20|c10,syn-balanced_multimodal-sequential-r0,balanced_multimodal,sequential,0,0,12829628287881295465,2026-10-01T05:42:53.170+00:00,completed,epsilon,True,True,True,True,,218.181572,343.3290040011343,341.11964000112494,2,62,0.4948649211252828,1.9637715242826204e-07,409.1051239991171,,diagram,1-0-2-1-1-1-1-1,0.4948651175024352,True,10,batch,True,pso,20,1,swarm
oe4-pilot-v2,oe4,swarm|batch|bc1|h1|pso|r1|N20|c10,syn-balanced_multimodal-sequential-r1,balanced_multimodal,sequential,0,0,15851898587384579384,2026-10-01T05:42:53.177+00:00,completed,epsilon,True,True,True,True,,225.502124,355.7245680021879,353.804617003334,1,59,0.46254329609296624,0.023319774530693393,678.7064589973392,,diagram,1-1-2-1-1-1-1-1,0.48586307062365963,True,10,batch,True,pso,20,1,swarm
oe4-pilot-v2,oe4,swarm|batch|bc1|h1|pso|r1|N20|c10,syn-explanatory_conceptual-functions-r1,explanatory_conceptual,functions,0,0,8968182148387190867,2026-10-01T05:42:53.002+00:00,completed,epsilon,True,True,True,True,,421.14683,574.3627510018996,571.2387849998777,4,69,0.4985151422574555,0.014907373379307698,310.1578700087248,,code,2-2-1-2-2-0-0-1,0.5134225156367632,True,10,batch,True,pso,20,1,swarm
oe4-pilot-v2,oe4,swarm|batch|bc1|h1|pso|r1|N20|c10,syn-balanced_multimodal-sequential-r2,balanced_multimodal,sequential,0,0,9812259528755781404,2026-10-01T05:42:53.224+00:00,completed,epsilon,True,True,True,True,,283.145846,444.12887999715167,441.20479399862234,2,60,0.5195512786534427,1.9637715242826204e-07,248.80257000513043,,code,2-0-1-1-1-1-1-1,0.5195514750305952,True,10,batch,True,pso,20,1,swarm
oe4-pilot-v2,oe4,swarm|batch|bc1|h1|pso|r1|N20|c10,syn-explanatory_conceptual-functions-r4,explanatory_conceptual,functions,0,0,13584105466744503536,2026-10-01T05:42:53.164+00:00,completed,epsilon,True,True,True,True,,364.152225,514.4600860003266,511.68519900238607,2,58,0.4919079769589474,0.007792454060633558,252.18022801059203,,text,1-0-1-0-2-1-1-1,0.49970043101958095,True,10,batch,True,pso,20,1,swarm
oe4-pilot-v2,oe4,swarm|batch|bc1|h1|pso|r1|N20|c10,syn-balanced_multimodal-sequential-r3,balanced_multimodal,sequential,0,0,17396203175820366605,2026-10-01T05:42:53.252+00:00,completed,epsilon,True,True,True,True,,344.740534,478.2377789997554,475.821261999954,3,64,0.5055952816994697,0.0,376.76464299203036,,text,1-0-1-0-2-1-1-1,0.5055952816994697,True,10,batch,True,pso,20,1,swarm
oe4-pilot-v2,oe4,swarm|batch|bc1|h1|pso|r1|N20|c10,syn-balanced_multimodal-conditional-r0,balanced_multimodal,conditional,0,0,9492171042143771967,2026-10-01T05:42:53.396+00:00,completed,epsilon,True,True,True,True,,205.733226,389.80146900212276,388.0770960022346,1,54,0.48780502665661635,0.0036547194033032526,309.74929799575045,,code,2-1-1-1-1-1-1-1,0.4914597460599196,True,10,batch,True,pso,20,1,swarm
oe4-pilot-v2,oe4,swarm|batch|bc1|h1|pso|r1|N20|c10,syn-balanced_multimodal-conditional-r1,balanced_multimodal,conditional,0,0,12567349465944861023,2026-10-01T05:42:53.413+00:00,completed,epsilon,True,True,True,True,,206.985734,375.10929299969575,373.4780730010243,1,52,0.4988095313719645,0.0,263.71704499565465,,code,1-1-1-0-1-0-1-1,0.4988095313719645,True,10,batch,True,pso,20,1,swarm
oe4-pilot-v2,oe4,swarm|batch|bc1|h1|pso|r1|N20|c10,syn-explanatory_conceptual-functions-r2,explanatory_conceptual,functions,0,0,15850266999198055000,2026-10-01T05:42:53.035+00:00,completed,epsilon,True,True,True,True,,580.175826,755.7903989982151,754.1063219978241,3,67,0.4811703400530759,0.005038735019827212,310.6790949960714,,text,1-0-1-1-2-1-0-1,0.4862090750729031,True,10,batch,True,pso,20,1,swarm
oe4-pilot-v2,oe4,swarm|batch|bc1|h1|pso|r1|N20|c10,syn-balanced_multimodal-conditional-r2,balanced_multimodal,conditional,0,0,4742918314447581142,2026-10-01T05:42:53.513+00:00,completed,epsilon,True,True,True,True,,238.271842,401.6736849989684,397.846476000268,1,52,0.4784409614577118,0.02094032221573877,243.12580000551387,,code,2-1-1-1-2-1-2-1,0.4993812836734506,True,10,batch,True,pso,20,1,swarm
oe4-pilot-v2,oe4,swarm|batch|bc1|h1|pso|r1|N20|c10,syn-balanced_multimodal-conditional-r3,balanced_multimodal,conditional,0,0,11394639668150330671,2026-10-01T05:42:53.533+00:00,completed,epsilon,True,True,True,True,,237.004161,391.964063001069,385.7133720011916,1,51,0.4637423303052723,0.007792650437786042,316.01187101657456,,text,1-1-1-1-2-1-1-1,0.47153498074305833,True,10,batch,True,pso,20,1,swarm
oe4-pilot-v2,oe4,swarm|batch|bc1|h1|pso|r1|N20|c10,syn-balanced_multimodal-sequential-r4,balanced_multimodal,sequential,0,0,16072189927809315852,2026-10-01T05:42:53.292+00:00,completed,epsilon,True,True,True,True,,451.607863,645.2710340017802,639.8565769995912,3,66,0.4997105397388589,0.006721039910257187,316.44146897868313,,code,2-2-2-1-2-1-2-1,0.5064315796491161,True,10,batch,True,pso,20,1,swarm
oe4-pilot-v2,oe4,swarm|batch|bc1|h1|pso|r1|N20|c10,syn-balanced_multimodal-repetitive-r2,balanced_multimodal,repetitive,0,0,12027688066564710874,2026-10-01T05:42:53.730+00:00,completed,epsilon,True,True,True,True,,135.63549,288.0064169985417,286.62788899964653,1,51,0.48695008664679024,0.02008255859137359,340.90077400343415,,code,2-1-2-1-1-1-2-1,0.5070326452381638,True,10,batch,True,pso,20,1,swarm
oe4-pilot-v2,oe4,swarm|batch|bc1|h1|pso|r1|N20|c10,syn-balanced_multimodal-repetitive-r4,balanced_multimodal,repetitive,0,0,16842203000296662102,2026-10-01T05:42:53.789+00:00,completed,epsilon,True,True,True,True,,250.245174,370.8299919999263,368.61211100040236,1,50,0.5354470399519666,0.020082558591373645,713.6878049907587,,code,2-1-1-1-1-1-2-1,0.5555295985433403,True,10,batch,True,pso,20,1,swarm
oe4-pilot-v2,oe4,swarm|batch|bc1|h1|pso|r1|N20|c10,syn-balanced_multimodal-repetitive-r0,balanced_multimodal,repetitive,0,0,3839617547738254315,2026-10-01T05:42:53.668+00:00,completed,epsilon,True,True,True,True,,316.111583,495.6488210009411,493.43372699877364,1,55,0.5383161833171735,0.020082558591373534,249.2514480052959,,code,2-1-1-1-1-1-2-1,0.558398741908547,True,10,batch,True,pso,20,1,swarm
oe4-pilot-v2,oe4,swarm|batch|bc1|h1|pso|r1|N20|c10,syn-balanced_multimodal-repetitive-r1,balanced_multimodal,repetitive,0,0,2659073220867155690,2026-10-01T05:42:53.678+00:00,completed,epsilon,True,True,True,True,,320.040009,488.3040249987971,486.2933009972039,2,60,0.5300479510764751,1.9637715242826204e-07,247.0249049966741,,code,2-0-2-1-2-1-1-1,0.5300481474536275,True,10,batch,True,pso,20,1,swarm
oe4-pilot-v2,oe4,swarm|batch|bc1|h1|pso|r1|N20|c10,syn-balanced_multimodal-repetitive-r3,balanced_multimodal,repetitive,0,0,10665835498416014906,2026-10-01T05:42:53.786+00:00,completed,epsilon,True,True,True,True,,267.413826,384.74346400107606,382.8231589977804,1,51,0.4984038111225635,0.020082362214221106,693.765957006487,,diagram,1-1-2-0-2-1-1-1,0.5184861733367846,True,10,batch,True,pso,20,1,swarm
oe4-pilot-v2,oe4,swarm|batch|bc1|h1|pso|r1|N20|c10,syn-balanced_multimodal-conditional-r4,balanced_multimodal,conditional,0,0,2277667993778051270,2026-10-01T05:42:53.577+00:00,completed,epsilon,True,True,True,True,,466.706737,604.7053570000571,602.974842000549,3,62,0.4970117057765307,1.963771524837732e-07,455.97300600366435,,code,2-1-1-1-2-0-2-1,0.4970119021536832,True,10,batch,True,pso,20,1,swarm
oe4-pilot-v2,oe4,swarm|batch|bc1|h1|pso|r1|N20|c10,syn-balanced_multimodal-arrays_vectors-r1,balanced_multimodal,arrays_vectors,0,0,1557390382835702406,2026-10-01T05:42:53.915+00:00,completed,epsilon,True,True,True,True,,169.486734,338.1684710002446,336.3012770023488,1,56,0.5096115026932262,0.01001413080874669,614.8258540136688,,code,1-0-1-1-1-1-1-1,0.5196256335019729,True,10,batch,True,pso,20,1,swarm
oe4-pilot-v2,oe4,swarm|batch|bc1|h1|pso|r1|N20|c10,syn-balanced_multimodal-arrays_vectors-r2,balanced_multimodal,arrays_vectors,0,0,1551228789342824201,2026-10-01T05:42:53.925+00:00,completed,epsilon,True,True,True,True,,171.415918,335.29624400034663,333.72004500051844,1,53,0.5207081594293232,0.027875012652007092,471.5117800000594,,text,1-1-1-1-2-1-1-1,0.5485831720813303,True,10,batch,True,pso,20,1,swarm
oe4-pilot-v2,oe4,swarm|batch|bc1|h1|pso|r1|N20|c10,syn-balanced_multimodal-arrays_vectors-r3,balanced_multimodal,arrays_vectors,0,0,11908930478528390133,2026-10-01T05:42:53.938+00:00,completed,epsilon,True,True,True,True,,262.27129,411.81114000210073,410.2339380006015,2,62,0.5326887851156756,0.019041613531884827,865.2284799987265,,code,1-0-1-1-1-0-1-1,0.5517303986475605,True,10,batch,True,pso,20,1,swarm
oe4-pilot-v2,oe4,swarm|batch|bc1|h1|pso|r1|N20|c10,syn-balanced_multimodal-functions-r1,balanced_multimodal,functions,0,0,368220290834284782,2026-10-01T05:42:54.163+00:00,completed,epsilon,True,True,True,True,,120.567602,246.6741619973618,243.9871629976551,1,53,0.4917724457549157,0.02008255859137359,462.4778629943775,,code,2-1-1-1-1-1-2-1,0.5118550043462893,True,10,batch,True,pso,20,1,swarm
oe4-pilot-v2,oe4,swarm|batch|bc1|h1|pso|r1|N20|c10,syn-balanced_multimodal-arrays_vectors-r0,balanced_multimodal,arrays_vectors,0,0,8202019099685287209,2026-10-01T05:42:53.791+00:00,completed,epsilon,True,True,True,True,,546.696087,659.740936000162,657.6098360019387,2,62,0.5214552573504015,0.007792454060633558,698.5969560098087,,code,2-0-1-0-2-1-1-1,0.5292477114110351,True,10,batch,True,pso,20,1,swarm
oe4-pilot-v2,oe4,swarm|batch|bc1|h1|pso|r1|N20|c10,syn-balanced_multimodal-arrays_vectors-r4,balanced_multimodal,arrays_vectors,0,0,7080146454937735062,2026-10-01T05:42:54.018+00:00,completed,epsilon,True,True,True,True,,376.855123,492.3803659985424,490.3252629992494,1,53,0.5231764212501887,0.0034158919247068154,396.3561430052569,,code,2-1-1-1-1-0-1-1,0.5265923131748955,True,10,batch,True,pso,20,1,swarm
oe4-pilot-v2,oe4,swarm|batch|bc1|h1|pso|r1|N20|c10,syn-balanced_multimodal-functions-r3,balanced_multimodal,functions,0,0,18228905326412579013,2026-10-01T05:42:54.170+00:00,completed,epsilon,True,True,True,True,,210.322145,343.59558600044693,341.1596749974706,1,57,0.489537761565406,0.027875012652007147,951.2649279965045,,diagram,1-1-2-1-2-1-1-1,0.5174127742174132,True,10,batch,True,pso,20,1,swarm
oe4-pilot-v2,oe4,swarm|batch|bc1|h1|pso|r1|N20|c10,syn-balanced_multimodal-functions-r0,balanced_multimodal,functions,0,0,2933908082685948832,2026-10-01T05:42:54.159+00:00,completed,epsilon,True,True,True,True,,238.239306,371.8496969995613,369.8850870023307,2,60,0.5082813071929754,0.022699680157076907,427.7875380005689,,code,2-2-2-1-1-1-1-1,0.5309809873500523,True,10,batch,True,pso,20,1,swarm
oe4-pilot-v2,oe4,swarm|batch|bc1|h1|pso|r1|N20|c10,syn-balanced_multimodal-functions-r4,balanced_multimodal,functions,0,0,4683180797726806680,2026-10-01T05:42:54.182+00:00,completed,epsilon,True,True,True,True,,254.263889,361.8572570012475,359.91543999989517,2,57,0.4810101863870243,0.022699680157077018,863.453285982516,,diagram,1-2-2-1-1-1-1-1,0.5037098665441013,True,10,batch,True,pso,20,1,swarm
oe4-pilot-v2,oe4,swarm|batch|bc1|h1|pso|r1|N20|c10,syn-balanced_multimodal-functions-r2,balanced_multimodal,functions,0,0,8673480799685267205,2026-10-01T05:42:54.167+00:00,completed,epsilon,True,True,True,True,,258.896951,378.7250999994285,376.91496800107416,3,67,0.5181875250450265,0.0,900.3114640210932,,code,2-0-1-0-1-0-1-1,0.5181875250450265,True,10,batch,True,pso,20,1,swarm
oe4-pilot-v2,oe4,swarm|batch|bc1|h1|pso|r1|N20|c10,syn-visual_dominant-conditional-r0,visual_dominant,conditional,0,1,11471567894967710186,2026-10-01T05:42:54.548+00:00,completed,epsilon,True,True,True,True,,142.47041,159.7879099972488,158.11292400030652,1,55,0.4683786250362893,0.007792650437786042,428.15121801204555,,diagram,1-1-2-1-0-1-0-1,0.47617127547407534,True,10,batch,True,pso,20,1,swarm
oe4-pilot-v2,oe4,swarm|batch|bc1|h1|pso|r1|N20|c10,syn-visual_dominant-sequential-r0,visual_dominant,sequential,0,1,8580140326324496627,2026-10-01T05:42:54.546+00:00,completed,epsilon,True,True,True,True,,150.74677,174.7753570016357,173.32007400182192,1,56,0.45572350868757355,0.02008255859137359,562.6747080017636,,diagram,1-1-2-1-1-1-0-1,0.47580606727894714,True,10,batch,True,pso,20,1,swarm
oe4-pilot-v2,oe4,swarm|batch|bc1|h1|pso|r1|N20|c10,syn-visual_dominant-sequential-r1,visual_dominant,sequential,0,1,17048800117076641484,2026-10-01T05:42:54.547+00:00,completed,epsilon,True,True,True,True,,235.965074,266.712335000193,264.1071079997346,1,53,0.44878503224528293,0.02008255859137359,940.5508250102116,,diagram,1-1-2-1-0-1-1-1,0.4688675908366565,True,10,batch,True,pso,20,1,swarm
oe4-pilot-v2,oe4,swarm|batch|bc1|h1|pso|r1|N20|c10,syn-visual_dominant-sequential-r4,visual_dominant,sequential,0,1,13994061115368628468,2026-10-01T05:42:54.548+00:00,completed,epsilon,True,True,True,True,,366.518185,424.51281000103336,422.0772910011874,3,61,0.4539909514952264,0.0,859.9286400120066,,diagram,1-0-2-0-1-1-0-1,0.4539909514952264,True,10,batch,True,pso,20,1,swarm
oe4-pilot-v2,oe4,swarm|batch|bc1|h1|pso|r1|N20|c10,syn-visual_dominant-conditional-r4,visual_dominant,conditional,0,1,7123775909059268369,2026-10-01T05:42:54.550+00:00,completed,epsilon,True,True,True,True,,390.892153,440.0358620005136,437.35136699979194,1,51,0.43905885028638547,0.009598091106895246,882.1395460101055,,diagram,1-1-2-0-1-0-1-1,0.4486569413932807,True,10,batch,True,pso,20,1,swarm
oe4-pilot-v2,oe4,swarm|batch|bc1|h1|pso|r1|N20|c10,syn-visual_dominant-sequential-r2,visual_dominant,sequential,0,1,4355585619346073820,2026-10-01T05:42:54.547+00:00,completed,epsilon,True,True,True,True,,410.287863,448.19151900082943,445.1623799977824,2,58,0.4484135261977656,0.02008255859137359,938.5839820007913,,diagram,1-1-2-1-0-1-0-1,0.4684960847891392,True,10,batch,True,pso,20,1,swarm
oe4-pilot-v2,oe4,swarm|batch|bc1|h1|pso|r1|N20|c10,syn-visual_dominant-conditional-r3,visual_dominant,conditional,0,1,12303691227522993195,2026-10-01T05:42:54.550+00:00,completed,epsilon,True,True,True,True,,411.39124,452.5052640019567,450.11122099822387,2,60,0.4537572043126114,0.0036547194033032526,1267.1723959796832,,diagram,1-1-2-1-0-1-1-1,0.45741192371591466,True,10,batch,True,pso,20,1,swarm
oe4-pilot-v2,oe4,swarm|batch|bc1|h1|pso|r1|N20|c10,syn-visual_dominant-conditional-r2,visual_dominant,conditional,0,1,7530803405880337628,2026-10-01T05:42:54.549+00:00,completed,epsilon,True,True,True,True,,409.466185,455.24069200109807,450.9019030010677,2,60,0.47576325269917313,1.963771524837732e-07,1039.3638900153946,,code,2-1-2-1-1-0-1-1,0.4757634490763256,True,10,batch,True,pso,20,1,swarm
oe4-pilot-v2,oe4,swarm|batch|bc1|h1|pso|r1|N20|c10,syn-visual_dominant-conditional-r1,visual_dominant,conditional,0,1,13928515270300365190,2026-10-01T05:42:54.549+00:00,completed,epsilon,True,True,True,True,,434.536341,489.47970000153873,487.1374670001387,3,67,0.43347702875536903,0.0036547194033032526,1057.1822410073084,,diagram,1-1-2-1-0-1-0-1,0.4371317481586723,True,10,batch,True,pso,20,1,swarm
oe4-pilot-v2,oe4,swarm|batch|bc1|h1|pso|r1|N20|c10,syn-visual_dominant-sequential-r3,visual_dominant,sequential,0,1,5551779150201999310,2026-10-01T05:42:54.547+00:00,completed,epsilon,True,True,True,True,,485.890467,534.7335500009649,531.9252840017725,2,56,0.49689284274488765,1.9637715242826204e-07,1125.5893270039237,,diagram,1-0-2-1-0-1-1-1,0.4968930391220401,True,10,batch,True,pso,20,1,swarm
oe4-pilot-v2,oe4,swarm|batch|bc1|h1|pso|r1|N20|c10,syn-visual_dominant-repetitive-r0,visual_dominant,repetitive,0,1,3652346516165016234,2026-10-01T05:42:54.708+00:00,completed,epsilon,True,True,True,True,,179.44052,380.52052599960007,378.20605899833026,1,56,0.46998170127395994,0.02008255859137359,580.092004991903,,diagram,1-1-2-1-1-1-0-1,0.49006425986533353,True,10,batch,True,pso,20,1,swarm
oe4-pilot-v2,oe4,swarm|batch|bc1|h1|pso|r1|N20|c10,syn-visual_dominant-repetitive-r1,visual_dominant,repetitive,0,1,9493985239135120539,2026-10-01T05:42:54.721+00:00,completed,epsilon,True,True,True,True,,290.654237,483.25758400096674,481.43567700026324,4,63,0.49141108956712465,0.0,484.81347000910773,,code,2-0-2-0-1-1-1-1,0.49141108956712465,True,10,batch,True,pso,20,1,swarm
oe4-pilot-v2,oe4,swarm|batch|bc1|h1|pso|r1|N20|c10,syn-visual_dominant-repetitive-r4,visual_dominant,repetitive,0,1,5153165576748431564,2026-10-01T05:42:54.990+00:00,completed,epsilon,True,True,True,True,,143.538528,249.3793529974937,246.91317999895546,1,56,0.43539326357179114,0.032214241800902654,409.82289598473244,,diagram,0-1-2-1-0-1-0-1,0.4676075053726938,True,10,batch,True,pso,20,1,swarm
oe4-pilot-v2,oe4,swarm|batch|bc1|h1|pso|r1|N20|c10,syn-visual_dominant-repetitive-r3,visual_dominant,repetitive,0,1,13061490195280824700,2026-10-01T05:42:54.972+00:00,completed,epsilon,True,True,True,True,,168.997907,280.78827500212356,279.57183200123836,2,48,0.5053299123828249,1.9637715242826204e-07,336.86205501207667,,diagram,1-0-2-1-0-1-0-1,0.5053301087599773,True,10,batch,True,pso,20,1,swarm
oe4-pilot-v2,oe4,swarm|batch|bc1|h1|pso|r1|N20|c10,syn-visual_dominant-repetitive-r2,visual_dominant,repetitive,0,1,15577984090316381348,2026-10-01T05:42:54.813+00:00,completed,epsilon,True,True,True,True,,452.437737,543.7325769999006,541.7209939987515,1,59,0.497368651601852,0.02008255859137359,725.5280500133283,,code,2-1-2-1-1-1-0-1,0.5174512101932256,True,10,batch,True,pso,20,1,swarm
oe4-pilot-v2,oe4,swarm|batch|bc1|h1|pso|r1|N20|c10,syn-visual_dominant-arrays_vectors-r1,visual_dominant,arrays_vectors,0,1,14387502913323118724,2026-10-01T05:42:55.002+00:00,completed,epsilon,True,True,True,True,,268.025865,372.5475569990522,370.3003369992075,2,61,0.4406569611974138,0.01253564549090147,894.917130003629,,diagram,1-2-2-1-1-0-1-0,0.4531926066883153,True,10,batch,True,pso,20,1,swarm
oe4-pilot-v2,oe4,swarm|batch|bc1|h1|pso|r1|N20|c10,syn-visual_dominant-arrays_vectors-r3,visual_dominant,arrays_vectors,0,1,16074832408338533935,2026-10-01T05:42:55.038+00:00,completed,epsilon,True,True,True,True,,276.908942,349.1255289991386,346.9875089976995,1,52,0.5104383568030326,0.017498999281390648,775.6483690058373,,diagram,0-1-2-1-1-1-0-1,0.5279373560844233,True,10,batch,True,pso,20,1,swarm
oe4-pilot-v2,oe4,swarm|batch|bc1|h1|pso|r1|N20|c10,syn-visual_dominant-arrays_vectors-r0,visual_dominant,arrays_vectors,0,1,2484686855457110652,2026-10-01T05:42:54.995+00:00,completed,epsilon,True,True,True,True,,357.301049,465.51042500141193,463.3828829973936,1,52,0.46105976353153516,0.027875012652007147,770.5241529934507,,diagram,1-1-2-1-0-1-0-1,0.4889347761835423,True,10,batch,True,pso,20,1,swarm
oe4-pilot-v2,oe4,swarm|batch|bc1|h1|pso|r1|N20|c10,syn-visual_dominant-arrays_vectors-r2,visual_dominant,arrays_vectors,0,1,18083930375172244621,2026-10-01T05:42:55.004+00:00,completed,epsilon,True,True,True,True,,362.846606,471.67681099745096,458.14410599996336,1,58,0.4939594688494195,0.027875012652007147,779.1875849998398,,diagram,1-1-2-1-1-1-1-1,0.5218344815014266,True,10,batch,True,pso,20,1,swarm
oe4-pilot-v2,oe4,swarm|batch|bc1|h1|pso|r1|N20|c10,syn-visual_dominant-functions-r0,visual_dominant,functions,0,1,11375697626506085209,2026-10-01T05:42:55.089+00:00,completed,epsilon,True,True,True,True,,253.226667,414.1462560000946,410.3658109997923,1,50,0.47798454429270243,0.019803777820581292,296.4686270080293,,diagram,1-2-2-1-1-1-0-1,0.4977883221132837,True,10,batch,True,pso,20,1,swarm
oe4-pilot-v2,oe4,swarm|batch|bc1|h1|pso|r1|N20|c10,syn-visual_dominant-arrays_vectors-r4,visual_dominant,arrays_vectors,0,1,13236652181889018265,2026-10-01T05:42:55.082+00:00,completed,epsilon,True,True,True,True,,369.630281,460.18599499802804,458.3152310005971,2,60,0.49416530121267593,0.003415891924706871,160.41642499198616,,diagram,1-1-2-1-1-0-0-1,0.4975811931373828,True,10,batch,True,pso,20,1,swarm
oe4-pilot-v2,oe4,swarm|batch|bc1|h1|pso|r1|N20|c10,syn-visual_dominant-functions-r2,visual_dominant,functions,0,1,2855966151648987497,2026-10-01T05:42:55.239+00:00,completed,epsilon,True,True,True,True,,198.907914,390.39488500202424,388.54150699989987,3,64,0.471376010746655,1.9637715242826204e-07,262.0441259912196,,diagram,1-0-2-1-1-0-1-1,0.47137620712380746,True,10,batch,True,pso,20,1,swarm
oe4-pilot-v2,oe4,swarm|batch|bc1|h1|pso|r1|N20|c10,syn-logical_syntactic-sequential-r0,logical_syntactic,sequential,0,1,13362044807751343064,2026-10-01T05:42:55.375+00:00,completed,epsilon,True,True,True,True,,210.869793,318.76477300102124,312.8767389971472,1,54,0.4761350201294624,0.020082362214221106,454.1732659942886,,code,2-1-1-0-0-1-0-1,0.4962173823436835,True,10,batch,True,pso,20,1,swarm
oe4-pilot-v2,oe4,swarm|batch|bc1|h1|pso|r1|N20|c10,syn-visual_dominant-functions-r1,visual_dominant,functions,0,1,12724222799605840855,2026-10-01T05:42:55.204+00:00,completed,epsilon,True,True,True,True,,332.038876,527.8105289980886,516.6317840012198,2,65,0.4941057150421845,0.007792650437785986,193.367259008452,,code,2-0-2-1-1-1-0-1,0.5018983654799705,True,10,batch,True,pso,20,1,swarm
oe4-pilot-v2,oe4,swarm|batch|bc1|h1|pso|r1|N20|c10,syn-visual_dominant-functions-r3,visual_dominant,functions,0,1,15496158585802717903,2026-10-01T05:42:55.253+00:00,completed,epsilon,True,True,True,True,,296.844003,482.1996010032308,480.0753359995724,1,58,0.45256029277229026,0.027874816274854664,362.4728050036431,,diagram,1-1-2-0-0-1-1-1,0.4804351090471449,True,10,batch,True,pso,20,1,swarm
oe4-pilot-v2,oe4,swarm|batch|bc1|h1|pso|r1|N20|c10,syn-logical_syntactic-sequential-r2,logical_syntactic,sequential,0,1,15643440995604996842,2026-10-01T05:42:55.461+00:00,completed,epsilon,True,True,True,True,,185.187466,330.48333099941374,328.5180450002372,1,50,0.5052479809084092,0.0034158919247069264,214.65187401518605,,code,2-1-0-1-1-1-1-1,0.5086638728331161,True,10,batch,True,pso,20,1,swarm
oe4-pilot-v2,oe4,swarm|batch|bc1|h1|pso|r1|N20|c10,syn-logical_syntactic-sequential-r1,logical_syntactic,sequential,0,1,14311645315440717423,2026-10-01T05:42:55.387+00:00,completed,epsilon,True,True,True,True,,298.049763,430.39905600016937,428.1456969983992,3,67,0.4825463618186212,0.0,321.31934000538934,,code,2-0-1-0-1-1-0-1,0.4825463618186212,True,10,batch,True,pso,20,1,swarm
oe4-pilot-v2,oe4,swarm|batch|bc1|h1|pso|r1|N20|c10,syn-logical_syntactic-sequential-r3,logical_syntactic,sequential,0,1,16960600487627624599,2026-10-01T05:42:55.476+00:00,completed,epsilon,True,True,True,True,,267.480763,446.0027439999976,443.57640700036427,3,64,0.47454039043400664,1.9637715242826204e-07,169.18765901250032,,code,2-0-1-1-1-1-0-1,0.47454058681115907,True,10,batch,True,pso,20,1,swarm
oe4-pilot-v2,oe4,swarm|batch|bc1|h1|pso|r1|N20|c10,syn-logical_syntactic-conditional-r0,logical_syntactic,conditional,0,1,4732552759670585228,2026-10-01T05:42:55.542+00:00,completed,epsilon,True,True,True,True,,260.713806,414.68539599736687,410.48977600075887,1,59,0.4552124341978106,0.0036547194033032526,603.7585219883731,,code,2-1-1-1-0-1-0-1,0.45886715360111385,True,10,batch,True,pso,20,1,swarm
oe4-pilot-v2,oe4,swarm|batch|bc1|h1|pso|r1|N20|c10,syn-visual_dominant-functions-r4,visual_dominant,functions,0,1,10259835321663512086,2026-10-01T05:42:55.357+00:00,completed,epsilon,True,True,True,True,,514.133205,610.146936000092,605.6619619994308,3,66,0.5026282462686158,1.9637715242826204e-07,296.6067859965692,,code,2-0-2-1-1-1-1-1,0.5026284426457682,True,10,batch,True,pso,20,1,swarm
oe4-pilot-v2,oe4,swarm|batch|bc1|h1|pso|r1|N20|c10,syn-logical_syntactic-sequential-r4,logical_syntactic,sequential,0,1,17250185977012485747,2026-10-01T05:42:55.503+00:00,completed,epsilon,True,True,True,True,,278.950605,481.118856001558,478.9875559981738,3,62,0.49533228036449595,0.0010555026473685336,235.96319000253726,,code,2-0-1-2-1-0-0-0,0.4963877830118645,True,10,batch,True,pso,20,1,swarm
oe4-pilot-v2,oe4,swarm|batch|bc1|h1|pso|r1|N20|c10,syn-logical_syntactic-conditional-r1,logical_syntactic,conditional,0,1,16767561851559065070,2026-10-01T05:42:55.630+00:00,completed,epsilon,True,True,True,True,,239.848664,393.8309000004665,391.9191179993504,2,61,0.4440319075303329,0.007792650437786042,280.8391779815206,,code,2-1-1-1-0-1-0-1,0.45182455796811893,True,10,batch,True,pso,20,1,swarm
oe4-pilot-v2,oe4,swarm|batch|bc1|h1|pso|r1|N20|c10,syn-logical_syntactic-conditional-r2,logical_syntactic,conditional,0,1,6973891702751108736,2026-10-01T05:42:55.693+00:00,completed,epsilon,True,True,True,True,,179.546927,368.22315600147704,365.26207299903035,1,53,0.4631068467146388,0.0036547194033032526,291.86432499538466,,code,2-1-1-1-0-1-1-1,0.46676156611794206,True,10,batch,True,pso,20,1,swarm
oe4-pilot-v2,oe4,swarm|batch|bc1|h1|pso|r1|N20|c10,syn-logical_syntactic-conditional-r3,logical_syntactic,conditional,0,1,6626061848004110554,2026-10-01T05:42:55.732+00:00,completed,epsilon,True,True,True,True,,221.663512,357.77190000226256,356.30956400200375,1,51,0.4614734643861827,0.007792650437786042,629.6673630001636,,code,2-1-1-1-0-1-0-1,0.46926611482396874,True,10,batch,True,pso,20,1,swarm
oe4-pilot-v2,oe4,swarm|batch|bc1|h1|pso|r1|N20|c10,syn-logical_syntactic-conditional-r4,logical_syntactic,conditional,0,1,2581103798954869873,2026-10-01T05:42:55.735+00:00,completed,epsilon,True,True,True,True,,222.661024,357.50031099814805,355.6123239977751,1,51,0.4839345737065493,0.0036547194033032526,615.9480050047017,,code,2-1-1-1-1-1-1-1,0.48758929310985255,True,10,batch,True,pso,20,1,swarm
oe4-pilot-v2,oe4,swarm|batch|bc1|h1|pso|r1|N20|c10,syn-logical_syntactic-repetitive-r0,logical_syntactic,repetitive,0,1,2563900073831829840,2026-10-01T05:42:55.791+00:00,completed,epsilon,True,True,True,True,,232.857725,414.300420001382,412.17597400100203,1,56,0.45068774937313677,0.02008255859137359,334.98065600270127,,code,2-1-2-1-0-1-1-1,0.47077030796451036,True,10,batch,True,pso,20,1,swarm
oe4-pilot-v2,oe4,swarm|batch|bc1|h1|pso|r1|N20|c10,syn-logical_syntactic-repetitive-r1,logical_syntactic,repetitive,0,1,1690962082425471307,2026-10-01T05:42:55.818+00:00,completed,epsilon,True,True,True,True,,266.105879,413.65646999838646,409.5585769973695,1,56,0.46854772531455674,0.02008255859137359,532.0288529939118,,code,2-1-1-1-0-1-0-1,0.48863028390593033,True,10,batch,True,pso,20,1,swarm
oe4-pilot-v2,oe4,swarm|batch|bc1|h1|pso|r1|N20|c10,syn-logical_syntactic-repetitive-r2,logical_syntactic,repetitive,0,1,12298035747105259136,2026-10-01T05:42:55.922+00:00,completed,epsilon,True,True,True,True,,199.514689,337.01010499862605,335.6003570006578,1,53,0.48860682289608054,0.02008255859137359,244.56810300091803,,code,2-1-1-1-1-1-1-1,0.5086893814874541,True,10,batch,True,pso,20,1,swarm
oe4-pilot-v2,oe4,swarm|batch|bc1|h1|pso|r1|N20|c10,syn-logical_syntactic-arrays_vectors-r0,logical_syntactic,arrays_vectors,0,1,14948705039163960895,2026-10-01T05:42:55.984+00:00,completed,epsilon,True,True,True,True,,214.247712,376.1848310023197,374.6975720023329,1,51,0.4856184373133194,0.02008255859137359,540.5291340042716,,code,2-1-1-1-0-0-1-1,0.505700995904693,True,10,batch,True,pso,20,1,swarm
oe4-pilot-v2,oe4,swarm|batch|bc1|h1|pso|r1|N20|c10,syn-logical_syntactic-arrays_vectors-r2,logical_syntactic,arrays_vectors,0,1,7678510444233138347,2026-10-01T05:42:56.062+00:00,completed,epsilon,True,True,True,True,,199.498339,368.9349209998909,366.56443500032765,1,59,0.49083089405366653,0.027874816274854664,303.8416289997814,,code,2-1-1-0-0-1-0-1,0.5187057103285212,True,10,batch,True,pso,20,1,swarm
oe4-pilot-v2,oe4,swarm|batch|bc1|h1|pso|r1|N20|c10,syn-logical_syntactic-repetitive-r4,logical_syntactic,repetitive,0,1,3613547958009930106,2026-10-01T05:42:55.967+00:00,completed,epsilon,True,True,True,True,,367.689944,558.6932190017251,554.3688110010407,2,61,0.4154283128506681,0.028970245585525245,618.1176509855094,,code,2-1-1-1-0-1-0-1,0.44439855843619336,True,10,batch,True,pso,20,1,swarm
oe4-pilot-v2,oe4,swarm|batch|bc1|h1|pso|r1|N20|c10,syn-logical_syntactic-arrays_vectors-r1,logical_syntactic,arrays_vectors,0,1,13327273701071249688,2026-10-01T05:42:56.024+00:00,completed,epsilon,True,True,True,True,,373.221984,507.45710900082486,504.96283100073924,2,65,0.47317793671230085,0.010866792799564984,608.7546460048858,,code,2-2-1-1-1-0-0-1,0.48404472951186583,True,10,batch,True,pso,20,1,swarm
oe4-pilot-v2,oe4,swarm|batch|bc1|h1|pso|r1|N20|c10,syn-logical_syntactic-functions-r0,logical_syntactic,functions,0,1,15105445333404857368,2026-10-01T05:42:56.206+00:00,completed,epsilon,True,True,True,True,,202.629923,341.22578000096837,338.9121639993391,1,53,0.4876998796280693,0.027875012652007147,194.50528898719568,,code,2-1-1-1-1-1-0-1,0.5155748922800765,True,10,batch,True,pso,20,1,swarm
oe4-pilot-v2,oe4,swarm|batch|bc1|h1|pso|r1|N20|c10,syn-logical_syntactic-arrays_vectors-r3,logical_syntactic,arrays_vectors,0,1,3475821061836782133,2026-10-01T05:42:56.090+00:00,completed,epsilon,True,True,True,True,,331.251584,465.7087080013298,463.66162300182623,2,62,0.5279095277556373,1.472828643489521e-07,401.1997019910606,,code,2-0-1-2-1-0-1-1,0.5279096750385016,True,10,batch,True,pso,20,1,swarm
oe4-pilot-v2,oe4,swarm|batch|bc1|h1|pso|r1|N20|c10,syn-logical_syntactic-functions-r2,logical_syntactic,functions,0,1,6130147880867857550,2026-10-01T05:42:56.259+00:00,completed,epsilon,True,True,True,True,,199.625974,392.39770299900556,389.00617599938414,1,59,0.4703323912858079,0.027875012652007147,266.55715401889665,,code,2-1-0-1-1-1-1-1,0.49820740393781504,True,10,batch,True,pso,20,1,swarm
oe4-pilot-v2,oe4,swarm|batch|bc1|h1|pso|r1|N20|c10,syn-logical_syntactic-arrays_vectors-r4,logical_syntactic,arrays_vectors,0,1,15069723113616053544,2026-10-01T05:42:56.093+00:00,completed,epsilon,True,True,True,True,,422.945921,561.9120829978783,559.18367400227,2,60,0.4592948548206536,0.007792650437785986,683.3678380128798,,code,2-0-1-1-0-1-1-1,0.46708750525843956,True,10,batch,True,pso,20,1,swarm
oe4-pilot-v2,oe4,swarm|batch|bc1|h1|pso|r1|N20|c10,syn-logical_syntactic-repetitive-r3,logical_syntactic,repetitive,0,1,6665076571321463288,2026-10-01T05:42:55.957+00:00,completed,epsilon,True,True,True,True,,503.963294,704.8796229973959,700.3812629991444,3,63,0.48216814861223045,0.0,485.2797739848541,,code,2-0-1-0-1-1-0-1,0.48216814861223045,True,10,batch,True,pso,20,1,swarm
oe4-pilot-v2,oe4,swarm|batch|bc1|h1|pso|r1|N20|c10,syn-logical_syntactic-functions-r3,logical_syntactic,functions,0,1,4820333934433401313,2026-10-01T05:42:56.360+00:00,completed,epsilon,True,True,True,True,,196.037765,352.4186249997001,349.27143700042507,1,56,0.46627757409622445,0.02008255859137359,183.40561699439104,,code,2-1-1-1-1-1-0-1,0.48636013268759803,True,10,batch,True,pso,20,1,swarm
oe4-pilot-v2,oe4,swarm|batch|bc1|h1|pso|r1|N20|c10,syn-logical_syntactic-functions-r1,logical_syntactic,functions,0,1,7545233351544256523,2026-10-01T05:42:56.231+00:00,completed,epsilon,True,True,True,True,,285.849518,496.6559580025205,494.98924699946656,1,58,0.4742120227778769,0.021023062154443717,288.75510399432414,,code,2-0-1-2-0-0-0-1,0.4952350849323206,True,10,batch,True,pso,20,1,swarm
oe4-pilot-v2,oe4,swarm|batch|bc1|h1|pso|r1|N20|c10,syn-explanatory_conceptual-sequential-r1,explanatory_conceptual,sequential,0,1,3272787541859846898,2026-10-01T05:42:56.531+00:00,completed,epsilon,True,True,True,True,,178.719978,289.6433839996462,288.1069489994843,1,50,0.45267043074923324,0.006749225258040281,411.49256200604214,,text,0-1-0-1-2-1-0-1,0.4594196560072735,True,10,batch,True,pso,20,1,swarm
oe4-pilot-v2,oe4,swarm|batch|bc1|h1|pso|r1|N20|c10,syn-logical_syntactic-functions-r4,logical_syntactic,functions,0,1,10275058418311301455,2026-10-01T05:42:56.431+00:00,completed,epsilon,True,True,True,True,,378.704883,491.06573200333514,488.3330080010637,3,66,0.44825847177744416,0.007792650437785986,292.9194380024638,,code,2-0-0-1-1-1-0-1,0.45605112221523014,True,10,batch,True,pso,20,1,swarm
oe4-pilot-v2,oe4,swarm|batch|bc1|h1|pso|r1|N20|c10,syn-explanatory_conceptual-sequential-r0,explanatory_conceptual,sequential,0,1,14947352377729861017,2026-10-01T05:42:56.526+00:00,completed,epsilon,True,True,True,True,,323.803466,462.9003529989859,456.7809110012604,4,71,0.467455645058524,0.0,213.7465730112955,,text,0-0-1-0-2-0-0-1,0.467455645058524,True,10,batch,True,pso,20,1,swarm
oe4-pilot-v2,oe4,swarm|batch|bc1|h1|pso|r1|N20|c10,syn-explanatory_conceptual-conditional-r0,explanatory_conceptual,conditional,0,1,5916953307552671090,2026-10-01T05:42:56.655+00:00,completed,epsilon,True,True,True,True,,264.520516,392.46921599988127,385.67142600004445,1,51,0.487737317609176,0.007792650437786042,524.4301110142202,,code,2-1-1-1-2-1-1-1,0.49552996804696203,True,10,batch,True,pso,20,1,swarm
oe4-pilot-v2,oe4,swarm|batch|bc1|h1|pso|r1|N20|c10,syn-explanatory_conceptual-sequential-r4,explanatory_conceptual,sequential,0,1,16212943396658008924,2026-10-01T05:42:56.652+00:00,completed,epsilon,True,True,True,True,,285.759457,429.29269300293527,426.682590998098,3,66,0.45722945344337185,0.009273546497608254,300.9982520104128,,text,1-1-1-0-2-1-1-1,0.4665029999409801,True,10,batch,True,pso,20,1,swarm
oe4-pilot-v2,oe4,swarm|batch|bc1|h1|pso|r1|N20|c10,syn-explanatory_conceptual-conditional-r1,explanatory_conceptual,conditional,0,1,18124705353368190302,2026-10-01T05:42:56.662+00:00,completed,epsilon,True,True,True,True,,314.852041,443.43370999922627,438.7274719993002,2,51,0.47520911893219114,0.0036547194033032526,444.22332099943617,,text,1-1-1-1-2-1-1-1,0.4788638383354944,True,10,batch,True,pso,20,1,swarm
oe4-pilot-v2,oe4,swarm|batch|bc1|h1|pso|r1|N20|c10,syn-explanatory_conceptual-conditional-r2,explanatory_conceptual,conditional,0,1,1341896759769893857,2026-10-01T05:42:56.713+00:00,completed,epsilon,True,True,True,True,,239.933523,406.56664600101067,404.0311130011105,1,53,0.4825120796519577,0.007792650437786042,197.08314201232122,,diagram,1-1-2-1-2-1-1-1,0.49030473008974373,True,10,batch,True,pso,20,1,swarm
oe4-pilot-v2,oe4,swarm|batch|bc1|h1|pso|r1|N20|c10,syn-explanatory_conceptual-sequential-r2,explanatory_conceptual,sequential,0,1,7023970792698232399,2026-10-01T05:42:56.547+00:00,completed,epsilon,True,True,True,True,,431.804941,600.6001970017678,597.6533170032781,4,73,0.45488132858608143,0.007792797720650335,316.87113200143887,,text,1-0-1-2-2-1-1-1,0.46267412630673177,True,10,batch,True,pso,20,1,swarm
oe4-pilot-v2,oe4,swarm|batch|bc1|h1|pso|r1|N20|c10,syn-explanatory_conceptual-sequential-r3,explanatory_conceptual,sequential,0,1,15905282458092997945,2026-10-01T05:42:56.555+00:00,completed,epsilon,True,True,True,True,,431.858389,596.1075699997309,593.4232860017801,2,57,0.4489765705985682,1.9637715242826204e-07,439.29531800357233,,text,1-0-1-1-2-1-1-1,0.44897676697572064,True,10,batch,True,pso,20,1,swarm
oe4-pilot-v2,oe4,swarm|batch|bc1|h1|pso|r1|N20|c10,syn-explanatory_conceptual-conditional-r4,explanatory_conceptual,conditional,0,1,8670080275324173838,2026-10-01T05:42:56.821+00:00,completed,epsilon,True,True,True,True,,271.168139,423.0819739968865,421.4649220011779,2,62,0.45734345073001487,0.007792650437786042,334.31292400254125,,text,1-1-1-1-2-1-0-1,0.4651361011678009,True,10,batch,True,pso,20,1,swarm
oe4-pilot-v2,oe4,swarm|batch|bc1|h1|pso|r1|N20|c10,syn-explanatory_conceptual-repetitive-r0,explanatory_conceptual,repetitive,0,1,3237454591878846868,2026-10-01T05:42:56.922+00:00,completed,epsilon,True,True,True,True,,156.996995,347.3745970004529,344.7468279991881,1,52,0.43547017695048224,0.030711075187125847,312.4922159832409,,text,0-1-1-1-2-1-0-1,0.4661812521376081,True,10,batch,True,pso,20,1,swarm
oe4-pilot-v2,oe4,swarm|batch|bc1|h1|pso|r1|N20|c10,syn-explanatory_conceptual-conditional-r3,explanatory_conceptual,conditional,0,1,11332394261640184133,2026-10-01T05:42:56.728+00:00,completed,epsilon,True,True,True,True,,431.181988,579.5435899999575,577.5372919997608,2,60,0.43096370532164535,0.0036547194033032526,440.84533699604856,,text,1-1-0-1-2-1-0-1,0.4346184247249486,True,10,batch,True,pso,20,1,swarm
oe4-pilot-v2,oe4,swarm|batch|bc1|h1|pso|r1|N20|c10,syn-explanatory_conceptual-repetitive-r2,explanatory_conceptual,repetitive,0,1,10189736659373836677,2026-10-01T05:42:57.047+00:00,completed,epsilon,True,True,True,True,,197.358082,301.66186100177583,300.1280749995203,1,52,0.49088145414572526,0.0017991482131319847,395.86327402011295,,text,1-0-1-1-2-1-1-1,0.49268060235885724,True,10,batch,True,pso,20,1,swarm
oe4-pilot-v2,oe4,swarm|batch|bc1|h1|pso|r1|N20|c10,syn-explanatory_conceptual-arrays_vectors-r0,explanatory_conceptual,arrays_vectors,0,1,8420274505294676143,2026-10-01T05:42:57.119+00:00,completed,epsilon,True,True,True,True,,227.23395,328.7124840026081,326.67664700056775,1,56,0.49778085910851905,0.027875012652007147,340.76956100900594,,text,1-1-1-1-2-1-0-1,0.5256558717605262,True,10,batch,True,pso,20,1,swarm
oe4-pilot-v2,oe4,swarm|batch|bc1|h1|pso|r1|N20|c10,syn-explanatory_conceptual-repetitive-r1,explanatory_conceptual,repetitive,0,1,10148232421566165977,2026-10-01T05:42:56.989+00:00,completed,epsilon,True,True,True,True,,302.644367,478.3300529998087,465.7433479987958,2,60,0.5255407002055713,1.9637715242826204e-07,320.4557890096774,,text,1-0-1-1-2-1-1-1,0.5255408965827237,True,10,batch,True,pso,20,1,swarm
oe4-pilot-v2,oe4,swarm|batch|bc1|h1|pso|r1|N20|c10,syn-explanatory_conceptual-arrays_vectors-r1,explanatory_conceptual,arrays_vectors,0,1,11621185609108110648,2026-10-01T05:42:57.147+00:00,completed,epsilon,True,True,True,True,,212.570222,349.4508730000234,343.96344299966586,1,51,0.4615647597787113,0.028694684783154678,174.69834500729257,,text,0-1-0-1-2-1-1-1,0.490259444561866,True,10,batch,True,pso,20,1,swarm
oe4-pilot-v2,oe4,swarm|batch|bc1|h1|pso|r1|N20|c10,syn-explanatory_conceptual-arrays_vectors-r2,explanatory_conceptual,arrays_vectors,0,1,3616904053699891200,2026-10-01T05:42:57.151+00:00,completed,epsilon,True,True,True,True,,209.624199,385.80010599980596,384.124927000812,1,53,0.5002467392530876,0.027875012652007203,246.4026169995837,,diagram,0-1-2-1-2-1-1-1,0.5281217519050948,True,10,batch,True,pso,20,1,swarm
oe4-pilot-v2,oe4,swarm|batch|bc1|h1|pso|r1|N20|c10,syn-explanatory_conceptual-repetitive-r3,explanatory_conceptual,repetitive,0,1,5679236231213962541,2026-10-01T05:42:57.081+00:00,completed,epsilon,True,True,True,True,,383.929254,465.60480300104246,463.3566489974328,2,60,0.47773671108267024,0.009947252053144284,552.5013880123973,,text,1-0-1-0-2-1-1-1,0.4876839631358145,True,10,batch,True,pso,20,1,swarm
oe4-pilot-v2,oe4,swarm|batch|bc1|h1|pso|r1|N20|c10,syn-explanatory_conceptual-repetitive-r4,explanatory_conceptual,repetitive,0,1,615434091092212846,2026-10-01T05:42:57.105+00:00,completed,epsilon,True,True,True,True,,355.835697,463.26597499864874,461.70252400042955,1,55,0.45405216601876935,0.02008255859137359,304.66723098529644,,text,1-1-0-1-2-1-1-1,0.47413472461014294,True,10,batch,True,pso,20,1,swarm
oe4-pilot-v2,oe4,swarm|batch|bc1|h1|pso|r1|N20|c10,syn-explanatory_conceptual-arrays_vectors-r3,explanatory_conceptual,arrays_vectors,0,1,9640228565651749554,2026-10-01T05:42:57.244+00:00,completed,epsilon,True,True,True,True,,184.566876,334.23221499833744,328.14010999936727,1,51,0.4899428394838256,0.017498999281390593,135.34778900079627,,text,0-1-1-1-2-1-0-1,0.5074418387652162,True,10,batch,True,pso,20,1,swarm
oe4-pilot-v2,oe4,swarm|batch|bc1|h1|pso|r1|N20|c10,syn-explanatory_conceptual-arrays_vectors-r4,explanatory_conceptual,arrays_vectors,0,1,12383051168938743430,2026-10-01T05:42:57.269+00:00,completed,epsilon,True,True,True,True,,248.277378,388.5056449980766,383.64331200136803,2,53,0.5099955953246345,0.007792650437785986,432.52575799907765,,text,1-0-1-1-2-1-1-1,0.5177882457624204,True,10,batch,True,pso,20,1,swarm
oe4-pilot-v2,oe4,swarm|batch|bc1|h1|pso|r1|N20|c10,syn-explanatory_conceptual-functions-r0,explanatory_conceptual,functions,0,1,4847129841761666601,2026-10-01T05:42:57.308+00:00,completed,epsilon,True,True,True,True,,316.509273,447.79501800076105,446.0722639996675,1,51,0.4945698834876539,0.01617519995265254,127.34769598666306,,text,1-2-1-1-2-0-1-1,0.5107450834403064,True,10,batch,True,pso,20,1,swarm
oe4-pilot-v2,oe4,swarm|batch|bc1|h1|pso|r1|N20|c10,syn-explanatory_conceptual-functions-r3,explanatory_conceptual,functions,0,1,15409255459732107106,2026-10-01T05:42:57.467+00:00,completed,epsilon,True,True,True,True,,161.6555,296.5765900007682,295.09739100103616,1,54,0.49777727535266225,0.007792650437785986,288.74891199559465,,text,1-0-1-1-2-1-1-1,0.5055699257904482,True,10,batch,True,pso,20,1,swarm
oe4-pilot-v2,oe4,swarm|batch|bc1|h1|pso|r1|N20|c10,syn-balanced_multimodal-sequential-r0,balanced_multimodal,sequential,0,1,12829628287881295465,2026-10-01T05:42:57.537+00:00,completed,epsilon,True,True,True,True,,194.301931,324.9231529989629,322.894554999948,2,62,0.4948649211252828,1.9637715242826204e-07,512.1189079856198,,diagram,1-0-2-1-1-1-1-1,0.4948651175024352,True,10,batch,True,pso,20,1,swarm
oe4-pilot-v2,oe4,swarm|batch|bc1|h1|pso|r1|N20|c10,syn-balanced_multimodal-sequential-r1,balanced_multimodal,sequential,0,1,15851898587384579384,2026-10-01T05:42:57.546+00:00,completed,epsilon,True,True,True,True,,262.650138,397.4628709984245,389.78732299801777,1,59,0.46254329609296624,0.023319774530693393,1031.918748003831,,diagram,1-1-2-1-1-1-1-1,0.48586307062365963,True,10,batch,True,pso,20,1,swarm
oe4-pilot-v2,oe4,swarm|batch|bc1|h1|pso|r1|N20|c10,syn-balanced_multimodal-sequential-r2,balanced_multimodal,sequential,0,1,9812259528755781404,2026-10-01T05:42:57.569+00:00,completed,epsilon,True,True,True,True,,334.984737,434.06556399713736,429.7247790018446,2,60,0.5195512786534427,1.9637715242826204e-07,783.2828679969581,,code,2-0-1-1-1-1-1-1,0.5195514750305952,True,10,batch,True,pso,20,1,swarm
oe4-pilot-v2,oe4,swarm|batch|bc1|h1|pso|r1|N20|c10,syn-explanatory_conceptual-functions-r4,explanatory_conceptual,functions,0,1,13584105466744503536,2026-10-01T05:42:57.497+00:00,completed,epsilon,True,True,True,True,,348.643209,519.4988949988328,512.8915230015991,2,58,0.4919079769589474,0.007792454060633558,389.5122979923237,,text,1-0-1-0-2-1-1-1,0.49970043101958095,True,10,batch,True,pso,20,1,swarm
oe4-pilot-v2,oe4,swarm|batch|bc1|h1|pso|r1|N20|c10,syn-explanatory_conceptual-functions-r1,explanatory_conceptual,functions,0,1,8968182148387190867,2026-10-01T05:42:57.349+00:00,completed,epsilon,True,True,True,True,,538.217888,686.060472002282,683.7985410020337,4,69,0.4985151422574555,0.014907373379307698,219.23632799629684,,code,2-2-1-2-2-0-0-1,0.5134225156367632,True,10,batch,True,pso,20,1,swarm
oe4-pilot-v2,oe4,swarm|batch|bc1|h1|pso|r1|N20|c10,syn-balanced_multimodal-sequential-r3,balanced_multimodal,sequential,0,1,17396203175820366605,2026-10-01T05:42:57.578+00:00,completed,epsilon,True,True,True,True,,407.091083,494.1936560026079,481.62402199886856,3,64,0.5055952816994697,0.0,837.5437739912827,,text,1-0-1-0-2-1-1-1,0.5055952816994697,True,10,batch,True,pso,20,1,swarm
oe4-pilot-v2,oe4,swarm|batch|bc1|h1|pso|r1|N20|c10,syn-balanced_multimodal-conditional-r0,balanced_multimodal,conditional,0,1,9492171042143771967,2026-10-01T05:42:57.755+00:00,completed,epsilon,True,True,True,True,,198.216095,375.75294799898984,370.4542029990989,1,54,0.48780502665661635,0.0036547194033032526,230.75171700540878,,code,2-1-1-1-1-1-1-1,0.4914597460599196,True,10,batch,True,pso,20,1,swarm
oe4-pilot-v2,oe4,swarm|batch|bc1|h1|pso|r1|N20|c10,syn-balanced_multimodal-conditional-r1,balanced_multimodal,conditional,0,1,12567349465944861023,2026-10-01T05:42:57.764+00:00,completed,epsilon,True,True,True,True,,227.8953,412.89052499996615,406.19608699853416,1,52,0.4988095313719645,0.0,645.358500000243,,code,1-1-1-0-1-0-1-1,0.4988095313719645,True,10,batch,True,pso,20,1,swarm
oe4-pilot-v2,oe4,swarm|batch|bc1|h1|pso|r1|N20|c10,syn-explanatory_conceptual-functions-r2,explanatory_conceptual,functions,0,1,15850266999198055000,2026-10-01T05:42:57.448+00:00,completed,epsilon,True,True,True,True,,545.350784,735.9963560011238,732.2986309991393,3,67,0.4811703400530759,0.005038735019827212,242.63336401042818,,text,1-0-1-1-2-1-0-1,0.4862090750729031,True,10,batch,True,pso,20,1,swarm
oe4-pilot-v2,oe4,swarm|batch|bc1|h1|pso|r1|N20|c10,syn-balanced_multimodal-conditional-r2,balanced_multimodal,conditional,0,1,4742918314447581142,2026-10-01T05:42:57.862+00:00,completed,epsilon,True,True,True,True,,226.391304,360.5385760019999,357.94499500116217,1,52,0.4784409614577118,0.02094032221573877,237.30028900764344,,code,2-1-1-1-2-1-2-1,0.4993812836734506,True,10,batch,True,pso,20,1,swarm
oe4-pilot-v2,oe4,swarm|batch|bc1|h1|pso|r1|N20|c10,syn-balanced_multimodal-sequential-r4,balanced_multimodal,sequential,0,1,16072189927809315852,2026-10-01T05:42:57.658+00:00,completed,epsilon,True,True,True,True,,400.861572,570.8218409999972,568.6491010019381,3,66,0.4997105397388589,0.006721039910257187,719.0296289972116,,code,2-2-2-1-2-1-2-1,0.5064315796491161,True,10,batch,True,pso,20,1,swarm
oe4-pilot-v2,oe4,swarm|batch|bc1|h1|pso|r1|N20|c10,syn-balanced_multimodal-conditional-r3,balanced_multimodal,conditional,0,1,11394639668150330671,2026-10-01T05:42:57.944+00:00,completed,epsilon,True,True,True,True,,156.611777,314.671833999455,313.1397030010703,1,51,0.4637423303052723,0.007792650437786042,143.05733601139403,,text,1-1-1-1-2-1-1-1,0.47153498074305833,True,10,batch,True,pso,20,1,swarm
oe4-pilot-v2,oe4,swarm|batch|bc1|h1|pso|r1|N20|c10,syn-balanced_multimodal-repetitive-r2,balanced_multimodal,repetitive,0,1,12027688066564710874,2026-10-01T05:42:58.072+00:00,completed,epsilon,True,True,True,True,,243.101372,342.23580400066567,336.7421660004766,1,51,0.48695008664679024,0.02008255859137359,499.2209059955857,,code,2-1-2-1-1-1-2-1,0.5070326452381638,True,10,batch,True,pso,20,1,swarm
oe4-pilot-v2,oe4,swarm|batch|bc1|h1|pso|r1|N20|c10,syn-balanced_multimodal-repetitive-r0,balanced_multimodal,repetitive,0,1,3839617547738254315,2026-10-01T05:42:58.016+00:00,completed,epsilon,True,True,True,True,,283.54759,415.5212580008083,413.634918997559,1,55,0.5383161833171735,0.020082558591373534,390.10105301024004,,code,2-1-1-1-1-1-2-1,0.558398741908547,True,10,batch,True,pso,20,1,swarm
oe4-pilot-v2,oe4,swarm|batch|bc1|h1|pso|r1|N20|c10,syn-balanced_multimodal-repetitive-r3,balanced_multimodal,repetitive,0,1,10665835498416014906,2026-10-01T05:42:58.131+00:00,completed,epsilon,True,True,True,True,,217.32177,310.4205559975526,308.97882399949594,1,51,0.4984038111225635,0.020082362214221106,310.76805500675476,,diagram,1-1-2-0-2-1-1-1,0.5184861733367846,True,10,batch,True,pso,20,1,swarm
oe4-pilot-v2,oe4,swarm|batch|bc1|h1|pso|r1|N20|c10,syn-balanced_multimodal-conditional-r4,balanced_multimodal,conditional,0,1,2277667993778051270,2026-10-01T05:42:58.003+00:00,completed,epsilon,True,True,True,True,,304.77813,459.43811599863693,457.42265000080806,3,62,0.4970117057765307,1.963771524837732e-07,286.64994300571055,,code,2-1-1-1-2-0-2-1,0.4970119021536832,True,10,batch,True,pso,20,1,swarm
oe4-pilot-v2,oe4,swarm|batch|bc1|h1|pso|r1|N20|c10,syn-balanced_multimodal-repetitive-r4,balanced_multimodal,repetitive,0,1,16842203000296662102,2026-10-01T05:42:58.177+00:00,completed,epsilon,True,True,True,True,,187.736422,337.4185740030953,335.55119299853686,1,50,0.5354470399519666,0.020082558591373645,285.3932799924175,,code,2-1-1-1-1-1-2-1,0.5555295985433403,True,10,batch,True,pso,20,1,swarm
oe4-pilot-v2,oe4,swarm|batch|bc1|h1|pso|r1|N20|c10,syn-balanced_multimodal-repetitive-r1,balanced_multimodal,repetitive,0,1,2659073220867155690,2026-10-01T05:42:58.035+00:00,completed,epsilon,True,True,True,True,,378.03225,491.2058170011733,489.32534299819963,2,60,0.5300479510764751,1.9637715242826204e-07,755.4688159871221,,code,2-0-2-1-2-1-1-1,0.5300481474536275,True,10,batch,True,pso,20,1,swarm
oe4-pilot-v2,oe4,swarm|batch|bc1|h1|pso|r1|N20|c10,syn-balanced_multimodal-arrays_vectors-r1,balanced_multimodal,arrays_vectors,0,1,1557390382835702406,2026-10-01T05:42:58.223+00:00,completed,epsilon,True,True,True,True,,183.881112,310.8957760014164,309.42167499961215,1,56,0.5096115026932262,0.01001413080874669,761.0474300045175,,code,1-0-1-1-1-1-1-1,0.5196256335019729,True,10,batch,True,pso,20,1,swarm
oe4-pilot-v2,oe4,swarm|batch|bc1|h1|pso|r1|N20|c10,syn-balanced_multimodal-arrays_vectors-r2,balanced_multimodal,arrays_vectors,0,1,1551228789342824201,2026-10-01T05:42:58.228+00:00,completed,epsilon,True,True,True,True,,257.1163,423.0866990001232,421.5469779992418,1,53,0.5207081594293232,0.027875012652007092,362.8470359991884,,text,1-1-1-1-2-1-1-1,0.5485831720813303,True,10,batch,True,pso,20,1,swarm
oe4-pilot-v2,oe4,swarm|batch|bc1|h1|pso|r1|N20|c10,syn-balanced_multimodal-functions-r1,balanced_multimodal,functions,0,1,368220290834284782,2026-10-01T05:42:58.442+00:00,completed,epsilon,True,True,True,True,,161.531672,295.40531800012104,294.0096260026621,1,53,0.4917724457549157,0.02008255859137359,753.529145985082,,code,2-1-1-1-1-1-2-1,0.5118550043462893,True,10,batch,True,pso,20,1,swarm
oe4-pilot-v2,oe4,swarm|batch|bc1|h1|pso|r1|N20|c10,syn-balanced_multimodal-arrays_vectors-r0,balanced_multimodal,arrays_vectors,0,1,8202019099685287209,2026-10-01T05:42:58.184+00:00,completed,epsilon,True,True,True,True,,476.360525,631.1752479996358,628.3411760014133,2,62,0.5214552573504015,0.007792454060633558,325.4237480246683,,code,2-0-1-0-2-1-1-1,0.5292477114110351,True,10,batch,True,pso,20,1,swarm
oe4-pilot-v2,oe4,swarm|batch|bc1|h1|pso|r1|N20|c10,syn-balanced_multimodal-arrays_vectors-r3,balanced_multimodal,arrays_vectors,0,1,11908930478528390133,2026-10-01T05:42:58.259+00:00,completed,epsilon,True,True,True,True,,417.184898,558.4996849975141,554.33889899723,2,62,0.5326887851156756,0.019041613531884827,339.1941199914534,,code,1-0-1-1-1-0-1-1,0.5517303986475605,True,10,batch,True,pso,20,1,swarm
oe4-pilot-v2,oe4,swarm|batch|bc1|h1|pso|r1|N20|c10,syn-balanced_multimodal-arrays_vectors-r4,balanced_multimodal,arrays_vectors,0,1,7080146454937735062,2026-10-01T05:42:58.415+00:00,completed,epsilon,True,True,True,True,,233.411874,405.2906229990185,403.4596159981447,1,53,0.5231764212501887,0.0034158919247068154,754.5292960157909,,code,2-1-1-1-1-0-1-1,0.5265923131748955,True,10,batch,True,pso,20,1,swarm
oe4-pilot-v2,oe4,swarm|batch|bc1|h1|pso|r1|N20|c10,syn-balanced_multimodal-functions-r3,balanced_multimodal,functions,0,1,18228905326412579013,2026-10-01T05:42:58.514+00:00,completed,epsilon,True,True,True,True,,234.590617,316.08772500112536,313.7973719967704,1,57,0.489537761565406,0.027875012652007147,1118.450613008051,,diagram,1-1-2-1-2-1-1-1,0.5174127742174132,True,10,batch,True,pso,20,1,swarm
oe4-pilot-v2,oe4,swarm|batch|bc1|h1|pso|r1|N20|c10,syn-balanced_multimodal-functions-r0,balanced_multimodal,functions,0,1,2933908082685948832,2026-10-01T05:42:58.432+00:00,completed,epsilon,True,True,True,True,,258.380353,408.6919809997198,406.5459949997603,2,60,0.5082813071929754,0.022699680157076907,742.1019570082979,,code,2-2-2-1-1-1-1-1,0.5309809873500523,True,10,batch,True,pso,20,1,swarm
oe4-pilot-v2,oe4,swarm|batch|bc1|h1|pso|r1|N20|c10,syn-balanced_multimodal-functions-r2,balanced_multimodal,functions,0,1,8673480799685267205,2026-10-01T05:42:58.462+00:00,completed,epsilon,True,True,True,True,,266.25138,382.0865009984118,380.0379130007059,3,67,0.5181875250450265,0.0,795.7264590021616,,code,2-0-1-0-1-0-1-1,0.5181875250450265,True,10,batch,True,pso,20,1,swarm
oe4-pilot-v2,oe4,swarm|batch|bc1|h1|pso|r1|N20|c10,syn-balanced_multimodal-functions-r4,balanced_multimodal,functions,0,1,4683180797726806680,2026-10-01T05:42:58.526+00:00,completed,epsilon,True,True,True,True,,259.823644,319.76609699995606,318.29064300109167,2,57,0.4810101863870243,0.022699680157077018,1060.7653399802477,,diagram,1-2-2-1-1-1-1-1,0.5037098665441013,True,10,batch,True,pso,20,1,swarm
oe4-pilot-v2,oe4,swarm|batch|bc1|h1|pso|r1|N20|c10,syn-visual_dominant-sequential-r0,visual_dominant,sequential,0,2,8580140326324496627,2026-10-01T05:42:58.847+00:00,completed,epsilon,True,True,True,True,,144.196165,169.12476000288734,167.60039000291727,1,56,0.45572350868757355,0.02008255859137359,562.8579399962648,,diagram,1-1-2-1-1-1-0-1,0.47580606727894714,True,10,batch,True,pso,20,1,swarm
oe4-pilot-v2,oe4,swarm|batch|bc1|h1|pso|r1|N20|c10,syn-visual_dominant-sequential-r1,visual_dominant,sequential,0,2,17048800117076641484,2026-10-01T05:42:58.847+00:00,completed,epsilon,True,True,True,True,,229.554828,262.95167400166974,261.1079259986582,1,53,0.44878503224528293,0.02008255859137359,854.5720689947779,,diagram,1-1-2-1-0-1-1-1,0.4688675908366565,True,10,batch,True,pso,20,1,swarm
oe4-pilot-v2,oe4,swarm|batch|bc1|h1|pso|r1|N20|c10,syn-visual_dominant-conditional-r0,visual_dominant,conditional,0,2,11471567894967710186,2026-10-01T05:42:58.849+00:00,completed,epsilon,True,True,True,True,,241.137347,271.37441400191165,269.8528910004825,1,55,0.4683786250362893,0.007792650437786042,1035.06431900248,,diagram,1-1-2-1-0-1-0-1,0.47617127547407534,True,10,batch,True,pso,20,1,swarm
oe4-pilot-v2,oe4,swarm|batch|bc1|h1|pso|r1|N20|c10,syn-visual_dominant-sequential-r4,visual_dominant,sequential,0,2,13994061115368628468,2026-10-01T05:42:58.849+00:00,completed,epsilon,True,True,True,True,,364.682361,426.8606629993883,423.21884699777,3,61,0.4539909514952264,0.0,871.5501020065767,,diagram,1-0-2-0-1-1-0-1,0.4539909514952264,True,10,batch,True,pso,20,1,swarm
oe4-pilot-v2,oe4,swarm|batch|bc1|h1|pso|r1|N20|c10,syn-visual_dominant-conditional-r4,visual_dominant,conditional,0,2,7123775909059268369,2026-10-01T05:42:58.851+00:00,completed,epsilon,True,True,True,True,,379.775005,432.07576400163816,430.1986829996167,1,51,0.43905885028638547,0.009598091106895246,909.7977269761006,,diagram,1-1-2-0-1-0-1-1,0.4486569413932807,True,10,batch,True,pso,20,1,swarm
oe4-pilot-v2,oe4,swarm|batch|bc1|h1|pso|r1|N20|c10,syn-visual_dominant-sequential-r2,visual_dominant,sequential,0,2,4355585619346073820,2026-10-01T05:42:58.848+00:00,completed,epsilon,True,True,True,True,,413.062589,471.3559230003739,468.4810069993546,2,58,0.4484135261977656,0.02008255859137359,696.0740309972462,,diagram,1-1-2-1-0-1-0-1,0.4684960847891392,True,10,batch,True,pso,20,1,swarm
oe4-pilot-v2,oe4,swarm|batch|bc1|h1|pso|r1|N20|c10,syn-visual_dominant-conditional-r3,visual_dominant,conditional,0,2,12303691227522993195,2026-10-01T05:42:58.850+00:00,completed,epsilon,True,True,True,True,,431.392246,474.97199500139686,472.597276999295,2,60,0.4537572043126114,0.0036547194033032526,1238.010564992096,,diagram,1-1-2-1-0-1-1-1,0.45741192371591466,True,10,batch,True,pso,20,1,swarm
oe4-pilot-v2,oe4,swarm|batch|bc1|h1|pso|r1|N20|c10,syn-visual_dominant-conditional-r2,visual_dominant,conditional,0,2,7530803405880337628,2026-10-01T05:42:58.850+00:00,completed,epsilon,True,True,True,True,,433.244472,489.17750799955684,487.12804699971457,2,60,0.47576325269917313,1.963771524837732e-07,979.1069329899447,,code,2-1-2-1-1-0-1-1,0.4757634490763256,True,10,batch,True,pso,20,1,swarm
oe4-pilot-v2,oe4,swarm|batch|bc1|h1|pso|r1|N20|c10,syn-visual_dominant-conditional-r1,visual_dominant,conditional,0,2,13928515270300365190,2026-10-01T05:42:58.849+00:00,completed,epsilon,True,True,True,True,,465.526012,492.87080399881233,490.3285809996305,3,67,0.43347702875536903,0.0036547194033032526,427.56981499780323,,diagram,1-1-2-1-0-1-0-1,0.4371317481586723,True,10,batch,True,pso,20,1,swarm
oe4-pilot-v2,oe4,swarm|batch|bc1|h1|pso|r1|N20|c10,syn-visual_dominant-sequential-r3,visual_dominant,sequential,0,2,5551779150201999310,2026-10-01T05:42:58.848+00:00,completed,epsilon,True,True,True,True,,451.481867,497.25187399963033,495.1952759984124,2,56,0.49689284274488765,1.9637715242826204e-07,967.3404649974203,,diagram,1-0-2-1-0-1-1-1,0.4968930391220401,True,10,batch,True,pso,20,1,swarm
oe4-pilot-v2,oe4,swarm|batch|bc1|h1|pso|r1|N20|c10,syn-visual_dominant-repetitive-r0,visual_dominant,repetitive,0,2,3652346516165016234,2026-10-01T05:42:59.016+00:00,completed,epsilon,True,True,True,True,,158.593178,351.96860799987917,337.7655050026078,1,56,0.46998170127395994,0.02008255859137359,246.0388470103485,,diagram,1-1-2-1-1-1-0-1,0.49006425986533353,True,10,batch,True,pso,20,1,swarm
oe4-pilot-v2,oe4,swarm|batch|bc1|h1|pso|r1|N20|c10,syn-visual_dominant-repetitive-r1,visual_dominant,repetitive,0,2,9493985239135120539,2026-10-01T05:42:59.110+00:00,completed,epsilon,True,True,True,True,,321.261033,420.22118699969724,418.5228919996007,4,63,0.49141108956712465,0.0,549.3443509906854,,code,2-0-2-0-1-1-1-1,0.49141108956712465,True,10,batch,True,pso,20,1,swarm
oe4-pilot-v2,oe4,swarm|batch|bc1|h1|pso|r1|N20|c10,syn-visual_dominant-repetitive-r3,visual_dominant,repetitive,0,2,13061490195280824700,2026-10-01T05:42:59.275+00:00,completed,epsilon,True,True,True,True,,145.236511,294.6597609989112,282.3189399969124,2,48,0.5053299123828249,1.9637715242826204e-07,360.29306100736704,,diagram,1-0-2-1-0-1-0-1,0.5053301087599773,True,10,batch,True,pso,20,1,swarm
oe4-pilot-v2,oe4,swarm|batch|bc1|h1|pso|r1|N20|c10,syn-visual_dominant-repetitive-r4,visual_dominant,repetitive,0,2,5153165576748431564,2026-10-01T05:42:59.283+00:00,completed,epsilon,True,True,True,True,,216.834978,347.48880400002236,345.63930299918866,1,56,0.43539326357179114,0.032214241800902654,905.1444470038023,,diagram,0-1-2-1-0-1-0-1,0.4676075053726938,True,10,batch,True,pso,20,1,swarm
oe4-pilot-v2,oe4,swarm|batch|bc1|h1|pso|r1|N20|c10,syn-visual_dominant-arrays_vectors-r1,visual_dominant,arrays_vectors,0,2,14387502913323118724,2026-10-01T05:42:59.325+00:00,completed,epsilon,True,True,True,True,,242.988124,322.1763209985511,320.4824770000414,2,61,0.4406569611974138,0.01253564549090147,860.6690199700323,,diagram,1-2-2-1-1-0-1-0,0.4531926066883153,True,10,batch,True,pso,20,1,swarm
oe4-pilot-v2,oe4,swarm|batch|bc1|h1|pso|r1|N20|c10,syn-visual_dominant-repetitive-r2,visual_dominant,repetitive,0,2,15577984090316381348,2026-10-01T05:42:59.120+00:00,completed,epsilon,True,True,True,True,,503.880117,622.365051000088,616.3257910011453,1,59,0.497368651601852,0.02008255859137359,656.702692014672,,code,2-1-2-1-1-1-0-1,0.5174512101932256,True,10,batch,True,pso,20,1,swarm
oe4-pilot-v2,oe4,swarm|batch|bc1|h1|pso|r1|N20|c10,syn-visual_dominant-arrays_vectors-r0,visual_dominant,arrays_vectors,0,2,2484686855457110652,2026-10-01T05:42:59.319+00:00,completed,epsilon,True,True,True,True,,342.93829,457.54808200217667,455.1902839994,1,52,0.46105976353153516,0.027875012652007147,743.4248870029033,,diagram,1-1-2-1-0-1-0-1,0.4889347761835423,True,10,batch,True,pso,20,1,swarm
oe4-pilot-v2,oe4,swarm|batch|bc1|h1|pso|r1|N20|c10,syn-visual_dominant-arrays_vectors-r3,visual_dominant,arrays_vectors,0,2,16074832408338533935,2026-10-01T05:42:59.342+00:00,completed,epsilon,True,True,True,True,,336.284068,436.90314999912516,431.6423169984773,1,52,0.5104383568030326,0.017498999281390648,1163.1451390169523,,diagram,0-1-2-1-1-1-0-1,0.5279373560844233,True,10,batch,True,pso,20,1,swarm
oe4-pilot-v2,oe4,swarm|batch|bc1|h1|pso|r1|N20|c10,syn-visual_dominant-arrays_vectors-r2,visual_dominant,arrays_vectors,0,2,18083930375172244621,2026-10-01T05:42:59.339+00:00,completed,epsilon,True,True,True,True,,346.506578,443.29783199646045,441.47726699884515,1,58,0.4939594688494195,0.027875012652007147,770.5282199807446,,diagram,1-1-2-1-1-1-1-1,0.5218344815014266,True,10,batch,True,pso,20,1,swarm
oe4-pilot-v2,oe4,swarm|batch|bc1|h1|pso|r1|N20|c10,syn-visual_dominant-functions-r0,visual_dominant,functions,0,2,11375697626506085209,2026-10-01T05:42:59.368+00:00,completed,epsilon,True,True,True,True,,364.884046,434.20190699907835,432.3446710004646,1,50,0.47798454429270243,0.019803777820581292,771.3152629924349,,diagram,1-2-2-1-1-1-0-1,0.4977883221132837,True,10,batch,True,pso,20,1,swarm
oe4-pilot-v2,oe4,swarm|batch|bc1|h1|pso|r1|N20|c10,syn-visual_dominant-arrays_vectors-r4,visual_dominant,arrays_vectors,0,2,13236652181889018265,2026-10-01T05:42:59.345+00:00,completed,epsilon,True,True,True,True,,421.836162,491.6675749991555,490.01059199872543,2,60,0.49416530121267593,0.003415891924706871,1273.98555100748,,diagram,1-1-2-1-1-0-0-1,0.4975811931373828,True,10,batch,True,pso,20,1,swarm
oe4-pilot-v2,oe4,swarm|batch|bc1|h1|pso|r1|N20|c10,syn-visual_dominant-functions-r1,visual_dominant,functions,0,2,12724222799605840855,2026-10-01T05:42:59.530+00:00,completed,epsilon,True,True,True,True,,242.507424,439.2284620007558,437.26841600073385,2,65,0.4941057150421845,0.007792650437785986,299.79999498732747,,code,2-0-2-1-1-1-0-1,0.5018983654799705,True,10,batch,True,pso,20,1,swarm
oe4-pilot-v2,oe4,swarm|batch|bc1|h1|pso|r1|N20|c10,syn-visual_dominant-functions-r2,visual_dominant,functions,0,2,2855966151648987497,2026-10-01T05:42:59.570+00:00,completed,epsilon,True,True,True,True,,277.848844,420.42394099917146,418.64426599931903,3,64,0.471376010746655,1.9637715242826204e-07,831.1637869896371,,diagram,1-0-2-1-1-0-1-1,0.47137620712380746,True,10,batch,True,pso,20,1,swarm
oe4-pilot-v2,oe4,swarm|batch|bc1|h1|pso|r1|N20|c10,syn-visual_dominant-functions-r3,visual_dominant,functions,0,2,15496158585802717903,2026-10-01T05:42:59.630+00:00,completed,epsilon,True,True,True,True,,272.877283,363.19900400121696,361.42230900077266,1,58,0.45256029277229026,0.027874816274854664,602.1560470086761,,diagram,1-1-2-0-0-1-1-1,0.4804351090471449,True,10,batch,True,pso,20,1,swarm
oe4-pilot-v2,oe4,swarm|batch|bc1|h1|pso|r1|N20|c10,syn-logical_syntactic-sequential-r0,logical_syntactic,sequential,0,2,13362044807751343064,2026-10-01T05:42:59.743+00:00,completed,epsilon,True,True,True,True,,153.187936,305.00380100056645,303.3145480003441,1,54,0.4761350201294624,0.020082362214221106,441.16975698983885,,code,2-1-1-0-0-1-0-1,0.4962173823436835,True,10,batch,True,pso,20,1,swarm
oe4-pilot-v2,oe4,swarm|batch|bc1|h1|pso|r1|N20|c10,syn-logical_syntactic-sequential-r2,logical_syntactic,sequential,0,2,15643440995604996842,2026-10-01T05:42:59.779+00:00,completed,epsilon,True,True,True,True,,159.027136,274.2892669994035,272.5136029985151,1,50,0.5052479809084092,0.0034158919247069264,370.31803699025613,,code,2-1-0-1-1-1-1-1,0.5086638728331161,True,10,batch,True,pso,20,1,swarm
oe4-pilot-v2,oe4,swarm|batch|bc1|h1|pso|r1|N20|c10,syn-logical_syntactic-conditional-r0,logical_syntactic,conditional,0,2,4732552759670585228,2026-10-01T05:42:59.837+00:00,completed,epsilon,True,True,True,True,,337.493558,418.664438999258,413.3116919983877,1,59,0.4552124341978106,0.0036547194033032526,680.0999600061053,,code,2-1-1-1-0-1-0-1,0.45886715360111385,True,10,batch,True,pso,20,1,swarm
oe4-pilot-v2,oe4,swarm|batch|bc1|h1|pso|r1|N20|c10,syn-visual_dominant-functions-r4,visual_dominant,functions,0,2,10259835321663512086,2026-10-01T05:42:59.647+00:00,completed,epsilon,True,True,True,True,,528.666114,614.350933003152,611.9110049985466,3,66,0.5026282462686158,1.9637715242826204e-07,551.1827109886797,,code,2-0-2-1-1-1-1-1,0.5026284426457682,True,10,batch,True,pso,20,1,swarm
oe4-pilot-v2,oe4,swarm|batch|bc1|h1|pso|r1|N20|c10,syn-logical_syntactic-sequential-r3,logical_syntactic,sequential,0,2,16960600487627624599,2026-10-01T05:42:59.782+00:00,completed,epsilon,True,True,True,True,,357.410616,484.1426790007972,481.09248200125876,3,64,0.47454039043400664,1.9637715242826204e-07,1022.5499869978782,,code,2-0-1-1-1-1-0-1,0.47454058681115907,True,10,batch,True,pso,20,1,swarm
oe4-pilot-v2,oe4,swarm|batch|bc1|h1|pso|r1|N20|c10,syn-logical_syntactic-sequential-r1,logical_syntactic,sequential,0,2,14311645315440717423,2026-10-01T05:42:59.777+00:00,completed,epsilon,True,True,True,True,,373.51918,507.95420999929775,506.1111159993743,3,67,0.4825463618186212,0.0,1126.4881249998184,,code,2-0-1-0-1-1-0-1,0.4825463618186212,True,10,batch,True,pso,20,1,swarm
oe4-pilot-v2,oe4,swarm|batch|bc1|h1|pso|r1|N20|c10,syn-logical_syntactic-sequential-r4,logical_syntactic,sequential,0,2,17250185977012485747,2026-10-01T05:42:59.802+00:00,completed,epsilon,True,True,True,True,,378.78764,489.54351100110216,487.6756550002028,3,62,0.49533228036449595,0.0010555026473685336,1039.0450749960019,,code,2-0-1-2-1-0-0-0,0.4963877830118645,True,10,batch,True,pso,20,1,swarm
oe4-pilot-v2,oe4,swarm|batch|bc1|h1|pso|r1|N20|c10,syn-logical_syntactic-conditional-r1,logical_syntactic,conditional,0,2,16767561851559065070,2026-10-01T05:42:59.970+00:00,completed,epsilon,True,True,True,True,,198.90693,391.5255059982883,389.35325800048304,2,61,0.4440319075303329,0.007792650437786042,454.2007790028849,,code,2-1-1-1-0-1-0-1,0.45182455796811893,True,10,batch,True,pso,20,1,swarm
oe4-pilot-v2,oe4,swarm|batch|bc1|h1|pso|r1|N20|c10,syn-logical_syntactic-conditional-r2,logical_syntactic,conditional,0,2,6973891702751108736,2026-10-01T05:42:59.991+00:00,completed,epsilon,True,True,True,True,,226.507203,422.71739799980423,417.85126800095895,1,53,0.4631068467146388,0.0036547194033032526,701.9395649978143,,code,2-1-1-1-0-1-1-1,0.46676156611794206,True,10,batch,True,pso,20,1,swarm
oe4-pilot-v2,oe4,swarm|batch|bc1|h1|pso|r1|N20|c10,syn-logical_syntactic-conditional-r3,logical_syntactic,conditional,0,2,6626061848004110554,2026-10-01T05:42:59.993+00:00,completed,epsilon,True,True,True,True,,252.783651,435.1560850009264,430.6615169989527,1,51,0.4614734643861827,0.007792650437786042,642.4624940053092,,code,2-1-1-1-0-1-0-1,0.46926611482396874,True,10,batch,True,pso,20,1,swarm
oe4-pilot-v2,oe4,swarm|batch|bc1|h1|pso|r1|N20|c10,syn-logical_syntactic-conditional-r4,logical_syntactic,conditional,0,2,2581103798954869873,2026-10-01T05:43:00.048+00:00,completed,epsilon,True,True,True,True,,267.85884,421.55207399991923,416.93167699850164,1,51,0.4839345737065493,0.0036547194033032526,567.1442340004268,,code,2-1-1-1-1-1-1-1,0.48758929310985255,True,10,batch,True,pso,20,1,swarm
oe4-pilot-v2,oe4,swarm|batch|bc1|h1|pso|r1|N20|c10,syn-logical_syntactic-repetitive-r0,logical_syntactic,repetitive,0,2,2563900073831829840,2026-10-01T05:43:00.053+00:00,completed,epsilon,True,True,True,True,,341.038045,448.0407959999866,446.2909199974092,1,56,0.45068774937313677,0.02008255859137359,1091.1597490009692,,code,2-1-2-1-0-1-1-1,0.47077030796451036,True,10,batch,True,pso,20,1,swarm
oe4-pilot-v2,oe4,swarm|batch|bc1|h1|pso|r1|N20|c10,syn-logical_syntactic-repetitive-r1,logical_syntactic,repetitive,0,2,1690962082425471307,2026-10-01T05:43:00.256+00:00,completed,epsilon,True,True,True,True,,166.614822,328.0240040003264,326.3452109968057,1,56,0.46854772531455674,0.02008255859137359,588.5425090025328,,code,2-1-1-1-0-1-0-1,0.48863028390593033,True,10,batch,True,pso,20,1,swarm
oe4-pilot-v2,oe4,swarm|batch|bc1|h1|pso|r1|N20|c10,syn-logical_syntactic-repetitive-r2,logical_syntactic,repetitive,0,2,12298035747105259136,2026-10-01T05:43:00.262+00:00,completed,epsilon,True,True,True,True,,167.630115,324.4590510003036,322.8524300029676,1,53,0.48860682289608054,0.02008255859137359,585.8846129921953,,code,2-1-1-1-1-1-1-1,0.5086893814874541,True,10,batch,True,pso,20,1,swarm
oe4-pilot-v2,oe4,swarm|batch|bc1|h1|pso|r1|N20|c10,syn-logical_syntactic-arrays_vectors-r0,logical_syntactic,arrays_vectors,0,2,14948705039163960895,2026-10-01T05:43:00.292+00:00,completed,epsilon,True,True,True,True,,264.800631,412.9474039982597,408.67351799897733,1,51,0.4856184373133194,0.02008255859137359,970.19433599049,,code,2-1-1-1-0-0-1-1,0.505700995904693,True,10,batch,True,pso,20,1,swarm
oe4-pilot-v2,oe4,swarm|batch|bc1|h1|pso|r1|N20|c10,syn-logical_syntactic-arrays_vectors-r2,logical_syntactic,arrays_vectors,0,2,7678510444233138347,2026-10-01T05:43:00.413+00:00,completed,epsilon,True,True,True,True,,255.727709,364.7607290004089,361.56382099943585,1,59,0.49083089405366653,0.027874816274854664,250.08936798188358,,code,2-1-1-0-0-1-0-1,0.5187057103285212,True,10,batch,True,pso,20,1,swarm
oe4-pilot-v2,oe4,swarm|batch|bc1|h1|pso|r1|N20|c10,syn-logical_syntactic-repetitive-r4,logical_syntactic,repetitive,0,2,3613547958009930106,2026-10-01T05:43:00.285+00:00,completed,epsilon,True,True,True,True,,390.432753,530.5476449975686,527.8173580009025,2,61,0.4154283128506681,0.028970245585525245,971.4522620007111,,code,2-1-1-1-0-1-0-1,0.44439855843619336,True,10,batch,True,pso,20,1,swarm
oe4-pilot-v2,oe4,swarm|batch|bc1|h1|pso|r1|N20|c10,syn-logical_syntactic-arrays_vectors-r1,logical_syntactic,arrays_vectors,0,2,13327273701071249688,2026-10-01T05:43:00.361+00:00,completed,epsilon,True,True,True,True,,433.363487,502.6626690014382,500.35762499828706,2,65,0.47317793671230085,0.010866792799564984,1001.1627880082731,,code,2-2-1-1-1-0-0-1,0.48404472951186583,True,10,batch,True,pso,20,1,swarm
oe4-pilot-v2,oe4,swarm|batch|bc1|h1|pso|r1|N20|c10,syn-logical_syntactic-functions-r0,logical_syntactic,functions,0,2,15105445333404857368,2026-10-01T05:43:00.502+00:00,completed,epsilon,True,True,True,True,,167.40484,371.82248099998105,369.5603950000077,1,53,0.4876998796280693,0.027875012652007147,263.4028510154575,,code,2-1-1-1-1-1-0-1,0.5155748922800765,True,10,batch,True,pso,20,1,swarm
oe4-pilot-v2,oe4,swarm|batch|bc1|h1|pso|r1|N20|c10,syn-logical_syntactic-arrays_vectors-r3,logical_syntactic,arrays_vectors,0,2,3475821061836782133,2026-10-01T05:43:00.429+00:00,completed,epsilon,True,True,True,True,,415.698758,578.0755619998672,573.3447940001497,2,62,0.5279095277556373,1.472828643489521e-07,255.37754098809512,,code,2-0-1-2-1-0-1-1,0.5279096750385016,True,10,batch,True,pso,20,1,swarm
oe4-pilot-v2,oe4,swarm|batch|bc1|h1|pso|r1|N20|c10,syn-logical_syntactic-functions-r2,logical_syntactic,functions,0,2,6130147880867857550,2026-10-01T05:43:00.586+00:00,completed,epsilon,True,True,True,True,,225.892177,422.4645579997741,415.84797999894363,1,59,0.4703323912858079,0.027875012652007147,292.7191809952262,,code,2-1-0-1-1-1-1-1,0.49820740393781504,True,10,batch,True,pso,20,1,swarm
oe4-pilot-v2,oe4,swarm|batch|bc1|h1|pso|r1|N20|c10,syn-logical_syntactic-repetitive-r3,logical_syntactic,repetitive,0,2,6665076571321463288,2026-10-01T05:43:00.266+00:00,completed,epsilon,True,True,True,True,,562.723843,749.1443479993904,738.3059649982897,3,63,0.48216814861223045,0.0,829.8669880081729,,code,2-0-1-0-1-1-0-1,0.48216814861223045,True,10,batch,True,pso,20,1,swarm
oe4-pilot-v2,oe4,swarm|batch|bc1|h1|pso|r1|N20|c10,syn-logical_syntactic-arrays_vectors-r4,logical_syntactic,arrays_vectors,0,2,15069723113616053544,2026-10-01T05:43:00.469+00:00,completed,epsilon,True,True,True,True,,330.191207,553.5813829992549,549.035467000067,2,60,0.4592948548206536,0.007792650437785986,264.78320200760044,,code,2-0-1-1-0-1-1-1,0.46708750525843956,True,10,batch,True,pso,20,1,swarm
oe4-pilot-v2,oe4,swarm|batch|bc1|h1|pso|r1|N20|c10,syn-logical_syntactic-functions-r1,logical_syntactic,functions,0,2,7545233351544256523,2026-10-01T05:43:00.584+00:00,completed,epsilon,True,True,True,True,,283.570267,469.0604710012849,466.4176000005682,1,58,0.4742120227778769,0.021023062154443717,308.02021999963677,,code,2-0-1-2-0-0-0-1,0.4952350849323206,True,10,batch,True,pso,20,1,swarm
oe4-pilot-v2,oe4,swarm|batch|bc1|h1|pso|r1|N20|c10,syn-logical_syntactic-functions-r3,logical_syntactic,functions,0,2,4820333934433401313,2026-10-01T05:43:00.704+00:00,completed,epsilon,True,True,True,True,,244.243573,356.8933839997044,355.1378910015046,1,56,0.46627757409622445,0.02008255859137359,763.3010470050599,,code,2-1-1-1-1-1-0-1,0.48636013268759803,True,10,batch,True,pso,20,1,swarm
oe4-pilot-v2,oe4,swarm|batch|bc1|h1|pso|r1|N20|c10,syn-explanatory_conceptual-sequential-r1,explanatory_conceptual,sequential,0,2,3272787541859846898,2026-10-01T05:43:00.864+00:00,completed,epsilon,True,True,True,True,,213.00126,344.53841600043233,342.55732699966757,1,50,0.45267043074923324,0.006749225258040281,488.90827099049756,,text,0-1-0-1-2-1-0-1,0.4594196560072735,True,10,batch,True,pso,20,1,swarm
oe4-pilot-v2,oe4,swarm|batch|bc1|h1|pso|r1|N20|c10,syn-logical_syntactic-functions-r4,logical_syntactic,functions,0,2,10275058418311301455,2026-10-01T05:43:00.778+00:00,completed,epsilon,True,True,True,True,,315.12879,467.6562060012657,465.67020200018305,3,66,0.44825847177744416,0.007792650437785986,375.61926699988015,,code,2-0-0-1-1-1-0-1,0.45605112221523014,True,10,batch,True,pso,20,1,swarm
oe4-pilot-v2,oe4,swarm|batch|bc1|h1|pso|r1|N20|c10,syn-explanatory_conceptual-sequential-r0,explanatory_conceptual,sequential,0,2,14947352377729861017,2026-10-01T05:43:00.815+00:00,completed,epsilon,True,True,True,True,,272.273421,440.7219879976765,438.9168090019666,4,71,0.467455645058524,0.0,337.67454999765266,,text,0-0-1-0-2-0-0-1,0.467455645058524,True,10,batch,True,pso,20,1,swarm
oe4-pilot-v2,oe4,swarm|batch|bc1|h1|pso|r1|N20|c10,syn-explanatory_conceptual-conditional-r0,explanatory_conceptual,conditional,0,2,5916953307552671090,2026-10-01T05:43:01.016+00:00,completed,epsilon,True,True,True,True,,214.765303,368.54247600058443,366.0737060017709,1,51,0.487737317609176,0.007792650437786042,655.7467570027006,,code,2-1-1-1-2-1-1-1,0.49552996804696203,True,10,batch,True,pso,20,1,swarm
oe4-pilot-v2,oe4,swarm|batch|bc1|h1|pso|r1|N20|c10,syn-explanatory_conceptual-conditional-r2,explanatory_conceptual,conditional,0,2,1341896759769893857,2026-10-01T05:43:01.053+00:00,completed,epsilon,True,True,True,True,,295.300212,401.91399800096406,399.4475670006068,1,53,0.4825120796519577,0.007792650437786042,843.0770710001259,,diagram,1-1-2-1-2-1-1-1,0.49030473008974373,True,10,batch,True,pso,20,1,swarm
oe4-pilot-v2,oe4,swarm|batch|bc1|h1|pso|r1|N20|c10,syn-explanatory_conceptual-conditional-r1,explanatory_conceptual,conditional,0,2,18124705353368190302,2026-10-01T05:43:01.023+00:00,completed,epsilon,True,True,True,True,,307.613058,435.7033899977978,433.4683579982084,2,51,0.47520911893219114,0.0036547194033032526,500.10926399560833,,text,1-1-1-1-2-1-1-1,0.4788638383354944,True,10,batch,True,pso,20,1,swarm
oe4-pilot-v2,oe4,swarm|batch|bc1|h1|pso|r1|N20|c10,syn-explanatory_conceptual-sequential-r4,explanatory_conceptual,sequential,0,2,16212943396658008924,2026-10-01T05:43:01.009+00:00,completed,epsilon,True,True,True,True,,325.254704,458.38456799901905,455.65352400080883,3,66,0.45722945344337185,0.009273546497608254,827.9758980019724,,text,1-1-1-0-2-1-1-1,0.4665029999409801,True,10,batch,True,pso,20,1,swarm
oe4-pilot-v2,oe4,swarm|batch|bc1|h1|pso|r1|N20|c10,syn-explanatory_conceptual-sequential-r3,explanatory_conceptual,sequential,0,2,15905282458092997945,2026-10-01T05:43:01.007+00:00,completed,epsilon,True,True,True,True,,344.482185,473.5236199994688,470.27377799895476,2,57,0.4489765705985682,1.9637715242826204e-07,305.5849320073694,,text,1-0-1-1-2-1-1-1,0.44897676697572064,True,10,batch,True,pso,20,1,swarm
oe4-pilot-v2,oe4,swarm|batch|bc1|h1|pso|r1|N20|c10,syn-explanatory_conceptual-sequential-r2,explanatory_conceptual,sequential,0,2,7023970792698232399,2026-10-01T05:43:00.873+00:00,completed,epsilon,True,True,True,True,,526.501581,656.3074750010855,654.0207870020822,4,73,0.45488132858608143,0.007792797720650335,578.2800579916211,,text,1-0-1-2-2-1-1-1,0.46267412630673177,True,10,batch,True,pso,20,1,swarm
oe4-pilot-v2,oe4,swarm|batch|bc1|h1|pso|r1|N20|c10,syn-explanatory_conceptual-repetitive-r0,explanatory_conceptual,repetitive,0,2,3237454591878846868,2026-10-01T05:43:01.246+00:00,completed,epsilon,True,True,True,True,,199.063403,374.85717500021565,372.20062500273343,1,52,0.43547017695048224,0.030711075187125847,502.40389899089183,,text,0-1-1-1-2-1-0-1,0.4661812521376081,True,10,batch,True,pso,20,1,swarm
oe4-pilot-v2,oe4,swarm|batch|bc1|h1|pso|r1|N20|c10,syn-explanatory_conceptual-conditional-r3,explanatory_conceptual,conditional,0,2,11332394261640184133,2026-10-01T05:43:01.061+00:00,completed,epsilon,True,True,True,True,,453.894039,564.9530449991289,561.4179780022823,2,60,0.43096370532164535,0.0036547194033032526,816.3788220110662,,text,1-1-0-1-2-1-0-1,0.4346184247249486,True,10,batch,True,pso,20,1,swarm
oe4-pilot-v2,oe4,swarm|batch|bc1|h1|pso|r1|N20|c10,syn-explanatory_conceptual-conditional-r4,explanatory_conceptual,conditional,0,2,8670080275324173838,2026-10-01T05:43:01.208+00:00,completed,epsilon,True,True,True,True,,239.724768,442.23523199980264,438.86574099815334,2,62,0.45734345073001487,0.007792650437786042,584.4354840036999,,text,1-1-1-1-2-1-0-1,0.4651361011678009,True,10,batch,True,pso,20,1,swarm
oe4-pilot-v2,oe4,swarm|batch|bc1|h1|pso|r1|N20|c10,syn-explanatory_conceptual-repetitive-r2,explanatory_conceptual,repetitive,0,2,10189736659373836677,2026-10-01T05:43:01.384+00:00,completed,epsilon,True,True,True,True,,224.132772,307.40033899928676,305.4783020015748,1,52,0.49088145414572526,0.0017991482131319847,305.19124999906506,,text,1-0-1-1-2-1-1-1,0.49268060235885724,True,10,batch,True,pso,20,1,swarm
oe4-pilot-v2,oe4,swarm|batch|bc1|h1|pso|r1|N20|c10,syn-explanatory_conceptual-arrays_vectors-r0,explanatory_conceptual,arrays_vectors,0,2,8420274505294676143,2026-10-01T05:43:01.467+00:00,completed,epsilon,True,True,True,True,,143.773337,299.5600859976548,297.71174100096687,1,56,0.49778085910851905,0.027875012652007147,254.6937950054811,,text,1-1-1-1-2-1-0-1,0.5256558717605262,True,10,batch,True,pso,20,1,swarm
oe4-pilot-v2,oe4,swarm|batch|bc1|h1|pso|r1|N20|c10,syn-explanatory_conceptual-repetitive-r1,explanatory_conceptual,repetitive,0,2,10148232421566165977,2026-10-01T05:43:01.256+00:00,completed,epsilon,True,True,True,True,,433.756799,592.3607719996653,590.1958710019244,2,60,0.5255407002055713,1.9637715242826204e-07,633.8566739963813,,text,1-0-1-1-2-1-1-1,0.5255408965827237,True,10,batch,True,pso,20,1,swarm
oe4-pilot-v2,oe4,swarm|batch|bc1|h1|pso|r1|N20|c10,syn-explanatory_conceptual-arrays_vectors-r1,explanatory_conceptual,arrays_vectors,0,2,11621185609108110648,2026-10-01T05:43:01.480+00:00,completed,epsilon,True,True,True,True,,194.276716,370.81127499914146,366.41996300022583,1,51,0.4615647597787113,0.028694684783154678,268.76843299081384,,text,0-1-0-1-2-1-1-1,0.490259444561866,True,10,batch,True,pso,20,1,swarm
oe4-pilot-v2,oe4,swarm|batch|bc1|h1|pso|r1|N20|c10,syn-explanatory_conceptual-repetitive-r4,explanatory_conceptual,repetitive,0,2,615434091092212846,2026-10-01T05:43:01.459+00:00,completed,epsilon,True,True,True,True,,272.66437,414.4073679999565,410.40367700043134,1,55,0.45405216601876935,0.02008255859137359,317.2664729848684,,text,1-1-0-1-2-1-1-1,0.47413472461014294,True,10,batch,True,pso,20,1,swarm
oe4-pilot-v2,oe4,swarm|batch|bc1|h1|pso|r1|N20|c10,syn-explanatory_conceptual-arrays_vectors-r2,explanatory_conceptual,arrays_vectors,0,2,3616904053699891200,2026-10-01T05:43:01.530+00:00,completed,epsilon,True,True,True,True,,237.612677,358.3581509992655,355.10262600291753,1,53,0.5002467392530876,0.027875012652007203,358.7987160095844,,diagram,0-1-2-1-2-1-1-1,0.5281217519050948,True,10,batch,True,pso,20,1,swarm
oe4-pilot-v2,oe4,swarm|batch|bc1|h1|pso|r1|N20|c10,syn-explanatory_conceptual-repetitive-r3,explanatory_conceptual,repetitive,0,2,5679236231213962541,2026-10-01T05:43:01.455+00:00,completed,epsilon,True,True,True,True,,313.961808,442.825141002686,440.3952120010217,2,60,0.47773671108267024,0.009947252053144284,171.64688400412513,,text,1-0-1-0-2-1-1-1,0.4876839631358145,True,10,batch,True,pso,20,1,swarm
oe4-pilot-v2,oe4,swarm|batch|bc1|h1|pso|r1|N20|c10,syn-explanatory_conceptual-arrays_vectors-r3,explanatory_conceptual,arrays_vectors,0,2,9640228565651749554,2026-10-01T05:43:01.621+00:00,completed,epsilon,True,True,True,True,,197.494843,311.1926179990405,309.563036000327,1,51,0.4899428394838256,0.017498999281390593,132.94996200197443,,text,0-1-1-1-2-1-0-1,0.5074418387652162,True,10,batch,True,pso,20,1,swarm
oe4-pilot-v2,oe4,swarm|batch|bc1|h1|pso|r1|N20|c10,syn-explanatory_conceptual-arrays_vectors-r4,explanatory_conceptual,arrays_vectors,0,2,12383051168938743430,2026-10-01T05:43:01.626+00:00,completed,epsilon,True,True,True,True,,201.029378,356.03632100173854,352.9175990006479,2,53,0.5099955953246345,0.007792650437785986,446.06684700665306,,text,1-0-1-1-2-1-1-1,0.5177882457624204,True,10,batch,True,pso,20,1,swarm
oe4-pilot-v2,oe4,swarm|batch|bc1|h1|pso|r1|N20|c10,syn-explanatory_conceptual-functions-r0,explanatory_conceptual,functions,0,2,4847129841761666601,2026-10-01T05:43:01.651+00:00,completed,epsilon,True,True,True,True,,301.614787,471.21745999902487,469.0908010015846,1,51,0.4945698834876539,0.01617519995265254,416.40506098362164,,text,1-2-1-1-2-0-1-1,0.5107450834403064,True,10,batch,True,pso,20,1,swarm
oe4-pilot-v2,oe4,swarm|batch|bc1|h1|pso|r1|N20|c10,syn-explanatory_conceptual-functions-r3,explanatory_conceptual,functions,0,2,15409255459732107106,2026-10-01T05:43:01.848+00:00,completed,epsilon,True,True,True,True,,168.11614,299.8772490027477,298.0199679986981,1,54,0.49777727535266225,0.007792650437785986,301.82433399680605,,text,1-0-1-1-2-1-1-1,0.5055699257904482,True,10,batch,True,pso,20,1,swarm
oe4-pilot-v2,oe4,swarm|batch|bc1|h1|pso|r1|N20|c10,syn-balanced_multimodal-sequential-r0,balanced_multimodal,sequential,0,2,12829628287881295465,2026-10-01T05:43:01.873+00:00,completed,epsilon,True,True,True,True,,163.670248,320.2346159996523,318.2329249975737,2,62,0.4948649211252828,1.9637715242826204e-07,232.03425498751477,,diagram,1-0-2-1-1-1-1-1,0.4948651175024352,True,10,batch,True,pso,20,1,swarm
oe4-pilot-v2,oe4,swarm|batch|bc1|h1|pso|r1|N20|c10,syn-balanced_multimodal-sequential-r1,balanced_multimodal,sequential,0,2,15851898587384579384,2026-10-01T05:43:01.888+00:00,completed,epsilon,True,True,True,True,,224.5866,373.419653999008,370.958655999857,1,59,0.46254329609296624,0.023319774530693393,407.46991400112694,,diagram,1-1-2-1-1-1-1-1,0.48586307062365963,True,10,batch,True,pso,20,1,swarm
oe4-pilot-v2,oe4,swarm|batch|bc1|h1|pso|r1|N20|c10,syn-explanatory_conceptual-functions-r1,explanatory_conceptual,functions,0,2,8968182148387190867,2026-10-01T05:43:01.692+00:00,completed,epsilon,True,True,True,True,,468.22456,614.6518560017284,606.967337000242,4,69,0.4985151422574555,0.014907373379307698,475.8910689918902,,code,2-2-1-2-2-0-0-1,0.5134225156367632,True,10,batch,True,pso,20,1,swarm
oe4-pilot-v2,oe4,swarm|batch|bc1|h1|pso|r1|N20|c10,syn-balanced_multimodal-sequential-r2,balanced_multimodal,sequential,0,2,9812259528755781404,2026-10-01T05:43:01.898+00:00,completed,epsilon,True,True,True,True,,267.533709,424.9083460017573,420.0185049994616,2,60,0.5195512786534427,1.9637715242826204e-07,334.7937820148598,,code,2-0-1-1-1-1-1-1,0.5195514750305952,True,10,batch,True,pso,20,1,swarm
oe4-pilot-v2,oe4,swarm|batch|bc1|h1|pso|r1|N20|c10,syn-explanatory_conceptual-functions-r4,explanatory_conceptual,functions,0,2,13584105466744503536,2026-10-01T05:43:01.851+00:00,completed,epsilon,True,True,True,True,,414.280776,545.7282500028668,544.0744320003432,2,58,0.4919079769589474,0.007792454060633558,280.6054059950574,,text,1-0-1-0-2-1-1-1,0.49970043101958095,True,10,batch,True,pso,20,1,swarm
oe4-pilot-v2,oe4,swarm|batch|bc1|h1|pso|r1|N20|c10,syn-explanatory_conceptual-functions-r2,explanatory_conceptual,functions,0,2,15850266999198055000,2026-10-01T05:43:01.767+00:00,completed,epsilon,True,True,True,True,,516.126035,634.1463690005185,631.9294869972509,3,67,0.4811703400530759,0.005038735019827212,238.13081001016835,,text,1-0-1-1-2-1-0-1,0.4862090750729031,True,10,batch,True,pso,20,1,swarm
oe4-pilot-v2,oe4,swarm|batch|bc1|h1|pso|r1|N20|c10,syn-balanced_multimodal-sequential-r3,balanced_multimodal,sequential,0,2,17396203175820366605,2026-10-01T05:43:01.932+00:00,completed,epsilon,True,True,True,True,,365.432528,471.7665299976943,469.93106200170587,3,64,0.5055952816994697,0.0,556.4573890009342,,text,1-0-1-0-2-1-1-1,0.5055952816994697,True,10,batch,True,pso,20,1,swarm
oe4-pilot-v2,oe4,swarm|batch|bc1|h1|pso|r1|N20|c10,syn-balanced_multimodal-conditional-r0,balanced_multimodal,conditional,0,2,9492171042143771967,2026-10-01T05:43:02.122+00:00,completed,epsilon,True,True,True,True,,167.655148,362.01716199866496,360.16786899926956,1,54,0.48780502665661635,0.0036547194033032526,395.102602001484,,code,2-1-1-1-1-1-1-1,0.4914597460599196,True,10,batch,True,pso,20,1,swarm
oe4-pilot-v2,oe4,swarm|batch|bc1|h1|pso|r1|N20|c10,syn-balanced_multimodal-conditional-r1,balanced_multimodal,conditional,0,2,12567349465944861023,2026-10-01T05:43:02.148+00:00,completed,epsilon,True,True,True,True,,197.710978,378.6084799976379,374.9561539989372,1,52,0.4988095313719645,0.0,512.3768489969826,,code,1-1-1-0-1-0-1-1,0.4988095313719645,True,10,batch,True,pso,20,1,swarm
oe4-pilot-v2,oe4,swarm|batch|bc1|h1|pso|r1|N20|c10,syn-balanced_multimodal-conditional-r2,balanced_multimodal,conditional,0,2,4742918314447581142,2026-10-01T05:43:02.193+00:00,completed,epsilon,True,True,True,True,,206.102832,361.11185399931855,352.2586079998291,1,52,0.4784409614577118,0.02094032221573877,404.35477698341447,,code,2-1-1-1-2-1-2-1,0.4993812836734506,True,10,batch,True,pso,20,1,swarm
oe4-pilot-v2,oe4,swarm|batch|bc1|h1|pso|r1|N20|c10,syn-balanced_multimodal-conditional-r3,balanced_multimodal,conditional,0,2,11394639668150330671,2026-10-01T05:43:02.261+00:00,completed,epsilon,True,True,True,True,,268.286363,335.92740400126786,333.8083649978216,1,51,0.4637423303052723,0.007792650437786042,548.3417860180695,,text,1-1-1-1-2-1-1-1,0.47153498074305833,True,10,batch,True,pso,20,1,swarm
oe4-pilot-v2,oe4,swarm|batch|bc1|h1|pso|r1|N20|c10,syn-balanced_multimodal-sequential-r4,balanced_multimodal,sequential,0,2,16072189927809315852,2026-10-01T05:43:01.982+00:00,completed,epsilon,True,True,True,True,,492.714231,619.8557900024753,616.5057110010821,3,66,0.4997105397388589,0.006721039910257187,224.8591970058069,,code,2-2-2-1-2-1-2-1,0.5064315796491161,True,10,batch,True,pso,20,1,swarm
oe4-pilot-v2,oe4,swarm|batch|bc1|h1|pso|r1|N20|c10,syn-balanced_multimodal-repetitive-r2,balanced_multimodal,repetitive,0,2,12027688066564710874,2026-10-01T05:43:02.401+00:00,completed,epsilon,True,True,True,True,,230.720834,374.0788210016035,367.85856099959346,1,51,0.48695008664679024,0.02008255859137359,492.1438429932505,,code,2-1-2-1-1-1-2-1,0.5070326452381638,True,10,batch,True,pso,20,1,swarm
oe4-pilot-v2,oe4,swarm|batch|bc1|h1|pso|r1|N20|c10,syn-balanced_multimodal-repetitive-r3,balanced_multimodal,repetitive,0,2,10665835498416014906,2026-10-01T05:43:02.404+00:00,completed,epsilon,True,True,True,True,,248.544791,391.4104530012992,389.26650999928825,1,51,0.4984038111225635,0.020082362214221106,400.1009830042917,,diagram,1-1-2-0-2-1-1-1,0.5184861733367846,True,10,batch,True,pso,20,1,swarm
oe4-pilot-v2,oe4,swarm|batch|bc1|h1|pso|r1|N20|c10,syn-balanced_multimodal-repetitive-r0,balanced_multimodal,repetitive,0,2,3839617547738254315,2026-10-01T05:43:02.323+00:00,completed,epsilon,True,True,True,True,,283.155605,483.2366449991241,481.37226500330144,1,55,0.5383161833171735,0.020082558591373534,248.59397699689032,,code,2-1-1-1-1-1-2-1,0.558398741908547,True,10,batch,True,pso,20,1,swarm
oe4-pilot-v2,oe4,swarm|batch|bc1|h1|pso|r1|N20|c10,syn-balanced_multimodal-repetitive-r4,balanced_multimodal,repetitive,0,2,16842203000296662102,2026-10-01T05:43:02.484+00:00,completed,epsilon,True,True,True,True,,217.625481,329.970852999395,328.5600939998403,1,50,0.5354470399519666,0.020082558591373645,277.1954970014519,,code,2-1-1-1-1-1-2-1,0.5555295985433403,True,10,batch,True,pso,20,1,swarm
oe4-pilot-v2,oe4,swarm|batch|bc1|h1|pso|r1|N20|c10,syn-balanced_multimodal-conditional-r4,balanced_multimodal,conditional,0,2,2277667993778051270,2026-10-01T05:43:02.306+00:00,completed,epsilon,True,True,True,True,,402.405394,522.4850419981522,520.1830849982798,3,62,0.4970117057765307,1.963771524837732e-07,580.7653089907856,,code,2-1-1-1-2-0-2-1,0.4970119021536832,True,10,batch,True,pso,20,1,swarm
oe4-pilot-v2,oe4,swarm|batch|bc1|h1|pso|r1|N20|c10,syn-balanced_multimodal-repetitive-r1,balanced_multimodal,repetitive,0,2,2659073220867155690,2026-10-01T05:43:02.397+00:00,completed,epsilon,True,True,True,True,,346.522493,469.65027599799214,467.8002229993581,2,60,0.5300479510764751,1.9637715242826204e-07,549.8130189980104,,code,2-0-2-1-2-1-1-1,0.5300481474536275,True,10,batch,True,pso,20,1,swarm
oe4-pilot-v2,oe4,swarm|batch|bc1|h1|pso|r1|N20|c10,syn-balanced_multimodal-arrays_vectors-r1,balanced_multimodal,arrays_vectors,0,2,1557390382835702406,2026-10-01T05:43:02.554+00:00,completed,epsilon,True,True,True,True,,176.541711,320.2578850032296,318.7078580012894,1,56,0.5096115026932262,0.01001413080874669,233.3721459961821,,code,1-0-1-1-1-1-1-1,0.5196256335019729,True,10,batch,True,pso,20,1,swarm
oe4-pilot-v2,oe4,swarm|batch|bc1|h1|pso|r1|N20|c10,syn-balanced_multimodal-arrays_vectors-r2,balanced_multimodal,arrays_vectors,0,2,1551228789342824201,2026-10-01T05:43:02.597+00:00,completed,epsilon,True,True,True,True,,236.926292,402.23664400036796,400.76490600040415,1,53,0.5207081594293232,0.027875012652007092,305.94971301087867,,text,1-1-1-1-2-1-1-1,0.5485831720813303,True,10,batch,True,pso,20,1,swarm
oe4-pilot-v2,oe4,swarm|batch|bc1|h1|pso|r1|N20|c10,syn-balanced_multimodal-functions-r1,balanced_multimodal,functions,0,2,368220290834284782,2026-10-01T05:43:02.806+00:00,completed,epsilon,True,True,True,True,,209.572124,336.8683599983342,334.49200999893947,1,53,0.4917724457549157,0.02008255859137359,910.9603520024453,,code,2-1-1-1-1-1-2-1,0.5118550043462893,True,10,batch,True,pso,20,1,swarm
oe4-pilot-v2,oe4,swarm|batch|bc1|h1|pso|r1|N20|c10,syn-balanced_multimodal-arrays_vectors-r3,balanced_multimodal,arrays_vectors,0,2,11908930478528390133,2026-10-01T05:43:02.602+00:00,completed,epsilon,True,True,True,True,,383.52186,557.0032739997259,554.7600019999663,2,62,0.5326887851156756,0.019041613531884827,296.95594800229105,,code,1-0-1-1-1-0-1-1,0.5517303986475605,True,10,batch,True,pso,20,1,swarm
oe4-pilot-v2,oe4,swarm|batch|bc1|h1|pso|r1|N20|c10,syn-balanced_multimodal-arrays_vectors-r0,balanced_multimodal,arrays_vectors,0,2,8202019099685287209,2026-10-01T05:43:02.527+00:00,completed,epsilon,True,True,True,True,,443.897798,633.9583620028861,630.3722990014649,2,62,0.5214552573504015,0.007792454060633558,290.4112710057213,,code,2-0-1-0-2-1-1-1,0.5292477114110351,True,10,batch,True,pso,20,1,swarm
oe4-pilot-v2,oe4,swarm|batch|bc1|h1|pso|r1|N20|c10,syn-balanced_multimodal-arrays_vectors-r4,balanced_multimodal,arrays_vectors,0,2,7080146454937735062,2026-10-01T05:43:02.775+00:00,completed,epsilon,True,True,True,True,,231.010938,387.83837300070445,385.98733900289517,1,53,0.5231764212501887,0.0034158919247068154,484.7310850069552,,code,2-1-1-1-1-0-1-1,0.5265923131748955,True,10,batch,True,pso,20,1,swarm
oe4-pilot-v2,oe4,swarm|batch|bc1|h1|pso|r1|N20|c10,syn-balanced_multimodal-functions-r3,balanced_multimodal,functions,0,2,18228905326412579013,2026-10-01T05:43:02.829+00:00,completed,epsilon,True,True,True,True,,238.900103,344.6986579983786,338.4197920022416,1,57,0.489537761565406,0.027875012652007147,1013.0725679974978,,diagram,1-1-2-1-2-1-1-1,0.5174127742174132,True,10,batch,True,pso,20,1,swarm
oe4-pilot-v2,oe4,swarm|batch|bc1|h1|pso|r1|N20|c10,syn-balanced_multimodal-functions-r0,balanced_multimodal,functions,0,2,2933908082685948832,2026-10-01T05:43:02.795+00:00,completed,epsilon,True,True,True,True,,263.959614,389.04914500017185,384.48593099747086,2,60,0.5082813071929754,0.022699680157076907,409.03355499548104,,code,2-2-2-1-1-1-1-1,0.5309809873500523,True,10,batch,True,pso,20,1,swarm
oe4-pilot-v2,oe4,swarm|batch|bc1|h1|pso|r1|N20|c10,syn-balanced_multimodal-functions-r4,balanced_multimodal,functions,0,2,4683180797726806680,2026-10-01T05:43:02.866+00:00,completed,epsilon,True,True,True,True,,258.271767,323.1717869966815,321.6680820005422,2,57,0.4810101863870243,0.022699680157077018,793.1092860092756,,diagram,1-2-2-1-1-1-1-1,0.5037098665441013,True,10,batch,True,pso,20,1,swarm
oe4-pilot-v2,oe4,swarm|batch|bc1|h1|pso|r1|N20|c10,syn-balanced_multimodal-functions-r2,balanced_multimodal,functions,0,2,8673480799685267205,2026-10-01T05:43:02.814+00:00,completed,epsilon,True,True,True,True,,275.22111,378.91509600012796,377.12154499968165,3,67,0.5181875250450265,0.0,875.3620899721765,,code,2-0-1-0-1-0-1-1,0.5181875250450265,True,10,batch,True,pso,20,1,swarm
oe4-pilot-v2,oe4,swarm|batch|bc1|h1|pso|r1|N20|c10,syn-visual_dominant-conditional-r2,visual_dominant,conditional,0,3,7530803405880337628,2026-10-01T05:43:03.196+00:00,completed,epsilon,True,True,True,True,,158.374295,198.6772070013103,185.7918569985486,2,60,0.47576325269917313,1.963771524837732e-07,495.37058700599744,,code,2-1-2-1-1-0-1-1,0.4757634490763256,True,10,batch,True,pso,20,1,swarm
oe4-pilot-v2,oe4,swarm|batch|bc1|h1|pso|r1|N20|c10,syn-visual_dominant-sequential-r0,visual_dominant,sequential,0,3,8580140326324496627,2026-10-01T05:43:03.193+00:00,completed,epsilon,True,True,True,True,,196.583378,222.90313099802006,221.36654699716019,1,56,0.45572350868757355,0.02008255859137359,660.5950510121502,,diagram,1-1-2-1-1-1-0-1,0.47580606727894714,True,10,batch,True,pso,20,1,swarm
oe4-pilot-v2,oe4,swarm|batch|bc1|h1|pso|r1|N20|c10,syn-visual_dominant-conditional-r0,visual_dominant,conditional,0,3,11471567894967710186,2026-10-01T05:43:03.196+00:00,completed,epsilon,True,True,True,True,,277.442747,307.62219299867866,306.01136599943857,1,55,0.4683786250362893,0.007792650437786042,1160.7442970063917,,diagram,1-1-2-1-0-1-0-1,0.47617127547407534,True,10,batch,True,pso,20,1,swarm
oe4-pilot-v2,oe4,swarm|batch|bc1|h1|pso|r1|N20|c10,syn-visual_dominant-sequential-r1,visual_dominant,sequential,0,3,17048800117076641484,2026-10-01T05:43:03.194+00:00,completed,epsilon,True,True,True,True,,286.458949,342.7639880028437,327.9999090009369,1,53,0.44878503224528293,0.02008255859137359,905.6932480110888,,diagram,1-1-2-1-0-1-1-1,0.4688675908366565,True,10,batch,True,pso,20,1,swarm
oe4-pilot-v2,oe4,swarm|batch|bc1|h1|pso|r1|N20|c10,syn-visual_dominant-sequential-r3,visual_dominant,sequential,0,3,5551779150201999310,2026-10-01T05:43:03.195+00:00,completed,epsilon,True,True,True,True,,356.433945,420.61074699813616,417.1987949994218,2,56,0.49689284274488765,1.9637715242826204e-07,347.4069429981631,,diagram,1-0-2-1-0-1-1-1,0.4968930391220401,True,10,batch,True,pso,20,1,swarm
oe4-pilot-v2,oe4,swarm|batch|bc1|h1|pso|r1|N20|c10,syn-visual_dominant-conditional-r4,visual_dominant,conditional,0,3,7123775909059268369,2026-10-01T05:43:03.197+00:00,completed,epsilon,True,True,True,True,,384.064796,435.8151900014491,433.9922740000475,1,51,0.43905885028638547,0.009598091106895246,1099.1281739957171,,diagram,1-1-2-0-1-0-1-1,0.4486569413932807,True,10,batch,True,pso,20,1,swarm
oe4-pilot-v2,oe4,swarm|batch|bc1|h1|pso|r1|N20|c10,syn-visual_dominant-sequential-r4,visual_dominant,sequential,0,3,13994061115368628468,2026-10-01T05:43:03.195+00:00,completed,epsilon,True,True,True,True,,401.130586,441.7267759999959,439.4822490030492,3,61,0.4539909514952264,0.0,795.9362740179902,,diagram,1-0-2-0-1-1-0-1,0.4539909514952264,True,10,batch,True,pso,20,1,swarm
oe4-pilot-v2,oe4,swarm|batch|bc1|h1|pso|r1|N20|c10,syn-visual_dominant-sequential-r2,visual_dominant,sequential,0,3,4355585619346073820,2026-10-01T05:43:03.194+00:00,completed,epsilon,True,True,True,True,,417.983901,467.3168019980949,464.7873809990415,2,58,0.4484135261977656,0.02008255859137359,536.0726790087288,,diagram,1-1-2-1-0-1-0-1,0.4684960847891392,True,10,batch,True,pso,20,1,swarm
oe4-pilot-v2,oe4,swarm|batch|bc1|h1|pso|r1|N20|c10,syn-visual_dominant-conditional-r1,visual_dominant,conditional,0,3,13928515270300365190,2026-10-01T05:43:03.196+00:00,completed,epsilon,True,True,True,True,,447.187627,481.71254499902716,479.74579200308654,3,67,0.43347702875536903,0.0036547194033032526,1061.1765110038,,diagram,1-1-2-1-0-1-0-1,0.4371317481586723,True,10,batch,True,pso,20,1,swarm
oe4-pilot-v2,oe4,swarm|batch|bc1|h1|pso|r1|N20|c10,syn-visual_dominant-repetitive-r0,visual_dominant,repetitive,0,3,3652346516165016234,2026-10-01T05:43:03.395+00:00,completed,epsilon,True,True,True,True,,133.363228,305.7428110005276,292.98651999852154,1,56,0.46998170127395994,0.02008255859137359,412.816763002604,,diagram,1-1-2-1-1-1-0-1,0.49006425986533353,True,10,batch,True,pso,20,1,swarm
oe4-pilot-v2,oe4,swarm|batch|bc1|h1|pso|r1|N20|c10,syn-visual_dominant-conditional-r3,visual_dominant,conditional,0,3,12303691227522993195,2026-10-01T05:43:03.197+00:00,completed,epsilon,True,True,True,True,,511.002755,568.2910499999707,564.1475849988637,2,60,0.4537572043126114,0.0036547194033032526,1226.334058993895,,diagram,1-1-2-1-0-1-1-1,0.45741192371591466,True,10,batch,True,pso,20,1,swarm
oe4-pilot-v2,oe4,swarm|batch|bc1|h1|pso|r1|N20|c10,syn-visual_dominant-repetitive-r2,visual_dominant,repetitive,0,3,15577984090316381348,2026-10-01T05:43:03.503+00:00,completed,epsilon,True,True,True,True,,267.647856,342.04796099948,339.91004199924646,1,59,0.497368651601852,0.02008255859137359,523.6795959921056,,code,2-1-2-1-1-1-0-1,0.5174512101932256,True,10,batch,True,pso,20,1,swarm
oe4-pilot-v2,oe4,swarm|batch|bc1|h1|pso|r1|N20|c10,syn-visual_dominant-repetitive-r3,visual_dominant,repetitive,0,3,13061490195280824700,2026-10-01T05:43:03.537+00:00,completed,epsilon,True,True,True,True,,274.410354,329.48833699992974,327.87747899783426,2,48,0.5053299123828249,1.9637715242826204e-07,377.8163730057104,,diagram,1-0-2-1-0-1-0-1,0.5053301087599773,True,10,batch,True,pso,20,1,swarm
oe4-pilot-v2,oe4,swarm|batch|bc1|h1|pso|r1|N20|c10,syn-visual_dominant-repetitive-r1,visual_dominant,repetitive,0,3,9493985239135120539,2026-10-01T05:43:03.416+00:00,completed,epsilon,True,True,True,True,,312.915095,454.69024699923466,452.8988849997404,4,63,0.49141108956712465,0.0,528.3885790096114,,code,2-0-2-0-1-1-1-1,0.49141108956712465,True,10,batch,True,pso,20,1,swarm
oe4-pilot-v2,oe4,swarm|batch|bc1|h1|pso|r1|N20|c10,syn-visual_dominant-repetitive-r4,visual_dominant,repetitive,0,3,5153165576748431564,2026-10-01T05:43:03.615+00:00,completed,epsilon,True,True,True,True,,192.361541,343.54216900101164,337.58442099860986,1,56,0.43539326357179114,0.032214241800902654,543.3566389998844,,diagram,0-1-2-1-0-1-0-1,0.4676075053726938,True,10,batch,True,pso,20,1,swarm
oe4-pilot-v2,oe4,swarm|batch|bc1|h1|pso|r1|N20|c10,syn-visual_dominant-arrays_vectors-r1,visual_dominant,arrays_vectors,0,3,14387502913323118724,2026-10-01T05:43:03.637+00:00,completed,epsilon,True,True,True,True,,225.097705,364.5264449987735,362.52120299832313,2,61,0.4406569611974138,0.01253564549090147,582.6836969962017,,diagram,1-2-2-1-1-0-1-0,0.4531926066883153,True,10,batch,True,pso,20,1,swarm
oe4-pilot-v2,oe4,swarm|batch|bc1|h1|pso|r1|N20|c10,syn-visual_dominant-arrays_vectors-r0,visual_dominant,arrays_vectors,0,3,2484686855457110652,2026-10-01T05:43:03.633+00:00,completed,epsilon,True,True,True,True,,300.981537,452.31232999867643,446.6256859996065,1,52,0.46105976353153516,0.027875012652007147,518.5087300142637,,diagram,1-1-2-1-0-1-0-1,0.4889347761835423,True,10,batch,True,pso,20,1,swarm
oe4-pilot-v2,oe4,swarm|batch|bc1|h1|pso|r1|N20|c10,syn-visual_dominant-arrays_vectors-r3,visual_dominant,arrays_vectors,0,3,16074832408338533935,2026-10-01T05:43:03.678+00:00,completed,epsilon,True,True,True,True,,307.623155,414.60110200205236,412.06163999959244,1,52,0.5104383568030326,0.017498999281390648,1079.3299390022278,,diagram,0-1-2-1-1-1-0-1,0.5279373560844233,True,10,batch,True,pso,20,1,swarm
oe4-pilot-v2,oe4,swarm|batch|bc1|h1|pso|r1|N20|c10,syn-visual_dominant-arrays_vectors-r2,visual_dominant,arrays_vectors,0,3,18083930375172244621,2026-10-01T05:43:03.662+00:00,completed,epsilon,True,True,True,True,,352.626921,466.5841219975846,464.7074149979744,1,58,0.4939594688494195,0.027875012652007147,1045.2959569896254,,diagram,1-1-2-1-1-1-1-1,0.5218344815014266,True,10,batch,True,pso,20,1,swarm
oe4-pilot-v2,oe4,swarm|batch|bc1|h1|pso|r1|N20|c10,syn-visual_dominant-functions-r0,visual_dominant,functions,0,3,11375697626506085209,2026-10-01T05:43:03.765+00:00,completed,epsilon,True,True,True,True,,203.810968,370.4167750001943,369.04778800089844,1,50,0.47798454429270243,0.019803777820581292,318.72267100437034,,diagram,1-2-2-1-1-1-0-1,0.4977883221132837,True,10,batch,True,pso,20,1,swarm
oe4-pilot-v2,oe4,swarm|batch|bc1|h1|pso|r1|N20|c10,syn-visual_dominant-arrays_vectors-r4,visual_dominant,arrays_vectors,0,3,13236652181889018265,2026-10-01T05:43:03.701+00:00,completed,epsilon,True,True,True,True,,478.467278,555.0161829996796,552.1263909977279,2,60,0.49416530121267593,0.003415891924706871,983.7825450015877,,diagram,1-1-2-1-1-0-0-1,0.4975811931373828,True,10,batch,True,pso,20,1,swarm
oe4-pilot-v2,oe4,swarm|batch|bc1|h1|pso|r1|N20|c10,syn-visual_dominant-functions-r2,visual_dominant,functions,0,3,2855966151648987497,2026-10-01T05:43:03.866+00:00,completed,epsilon,True,True,True,True,,231.690138,416.50267799923313,412.79309099991224,3,64,0.471376010746655,1.9637715242826204e-07,337.5714119990569,,diagram,1-0-2-1-1-0-1-1,0.47137620712380746,True,10,batch,True,pso,20,1,swarm
oe4-pilot-v2,oe4,swarm|batch|bc1|h1|pso|r1|N20|c10,syn-visual_dominant-functions-r1,visual_dominant,functions,0,3,12724222799605840855,2026-10-01T05:43:03.845+00:00,completed,epsilon,True,True,True,True,,298.767863,489.0909860005195,487.13660499925027,2,65,0.4941057150421845,0.007792650437785986,443.22756799512103,,code,2-0-2-1-1-1-0-1,0.5018983654799705,True,10,batch,True,pso,20,1,swarm
oe4-pilot-v2,oe4,swarm|batch|bc1|h1|pso|r1|N20|c10,syn-visual_dominant-functions-r3,visual_dominant,functions,0,3,15496158585802717903,2026-10-01T05:43:03.871+00:00,completed,epsilon,True,True,True,True,,298.510907,465.40260599795147,461.6587329983304,1,58,0.45256029277229026,0.027874816274854664,660.3065820087218,,diagram,1-1-2-0-0-1-1-1,0.4804351090471449,True,10,batch,True,pso,20,1,swarm
oe4-pilot-v2,oe4,swarm|batch|bc1|h1|pso|r1|N20|c10,syn-logical_syntactic-sequential-r0,logical_syntactic,sequential,0,3,13362044807751343064,2026-10-01T05:43:04.001+00:00,completed,epsilon,True,True,True,True,,258.166214,360.9788319990912,356.98937899724115,1,54,0.4761350201294624,0.020082362214221106,352.4044599840555,,code,2-1-1-0-0-1-0-1,0.4962173823436835,True,10,batch,True,pso,20,1,swarm
oe4-pilot-v2,oe4,swarm|batch|bc1|h1|pso|r1|N20|c10,syn-logical_syntactic-sequential-r2,logical_syntactic,sequential,0,3,15643440995604996842,2026-10-01T05:43:04.092+00:00,completed,epsilon,True,True,True,True,,194.025708,361.27468300037435,359.19364000073983,1,50,0.5052479809084092,0.0034158919247069264,422.4672779956566,,code,2-1-0-1-1-1-1-1,0.5086638728331161,True,10,batch,True,pso,20,1,swarm
oe4-pilot-v2,oe4,swarm|batch|bc1|h1|pso|r1|N20|c10,syn-logical_syntactic-sequential-r1,logical_syntactic,sequential,0,3,14311645315440717423,2026-10-01T05:43:04.085+00:00,completed,epsilon,True,True,True,True,,239.773809,393.09819899790455,389.58934999755,3,67,0.4825463618186212,0.0,298.500054989789,,code,2-0-1-0-1-1-0-1,0.4825463618186212,True,10,batch,True,pso,20,1,swarm
oe4-pilot-v2,oe4,swarm|batch|bc1|h1|pso|r1|N20|c10,syn-logical_syntactic-sequential-r3,logical_syntactic,sequential,0,3,16960600487627624599,2026-10-01T05:43:04.128+00:00,completed,epsilon,True,True,True,True,,270.708431,457.48636400094256,446.0264580011426,3,64,0.47454039043400664,1.9637715242826204e-07,251.5648109970911,,code,2-0-1-1-1-1-0-1,0.47454058681115907,True,10,batch,True,pso,20,1,swarm
oe4-pilot-v2,oe4,swarm|batch|bc1|h1|pso|r1|N20|c10,syn-logical_syntactic-conditional-r0,logical_syntactic,conditional,0,3,4732552759670585228,2026-10-01T05:43:04.256+00:00,completed,epsilon,True,True,True,True,,228.406064,362.77398300080677,357.93588099841145,1,59,0.4552124341978106,0.0036547194033032526,225.16954398927305,,code,2-1-1-1-0-1-0-1,0.45886715360111385,True,10,batch,True,pso,20,1,swarm
oe4-pilot-v2,oe4,swarm|batch|bc1|h1|pso|r1|N20|c10,syn-visual_dominant-functions-r4,visual_dominant,functions,0,3,10259835321663512086,2026-10-01T05:43:03.959+00:00,completed,epsilon,True,True,True,True,,507.651114,661.9632450019708,654.9503550013469,3,66,0.5026282462686158,1.9637715242826204e-07,232.31150100190249,,code,2-0-2-1-1-1-1-1,0.5026284426457682,True,10,batch,True,pso,20,1,swarm
oe4-pilot-v2,oe4,swarm|batch|bc1|h1|pso|r1|N20|c10,syn-logical_syntactic-sequential-r4,logical_syntactic,sequential,0,3,17250185977012485747,2026-10-01T05:43:04.136+00:00,completed,epsilon,True,True,True,True,,307.49491,500.5756399987149,498.45171999913873,3,62,0.49533228036449595,0.0010555026473685336,522.9573059809517,,code,2-0-1-2-1-0-0-0,0.4963877830118645,True,10,batch,True,pso,20,1,swarm
oe4-pilot-v2,oe4,swarm|batch|bc1|h1|pso|r1|N20|c10,syn-logical_syntactic-conditional-r1,logical_syntactic,conditional,0,3,16767561851559065070,2026-10-01T05:43:04.283+00:00,completed,epsilon,True,True,True,True,,252.537082,372.48235500010196,370.8793460027664,2,61,0.4440319075303329,0.007792650437786042,320.6181930081775,,code,2-1-1-1-0-1-0-1,0.45182455796811893,True,10,batch,True,pso,20,1,swarm
oe4-pilot-v2,oe4,swarm|batch|bc1|h1|pso|r1|N20|c10,syn-logical_syntactic-conditional-r2,logical_syntactic,conditional,0,3,6973891702751108736,2026-10-01T05:43:04.334+00:00,completed,epsilon,True,True,True,True,,247.198064,399.4364050013246,397.9722909971315,1,53,0.4631068467146388,0.0036547194033032526,384.58650399445594,,code,2-1-1-1-0-1-1-1,0.46676156611794206,True,10,batch,True,pso,20,1,swarm
oe4-pilot-v2,oe4,swarm|batch|bc1|h1|pso|r1|N20|c10,syn-logical_syntactic-conditional-r3,logical_syntactic,conditional,0,3,6626061848004110554,2026-10-01T05:43:04.336+00:00,completed,epsilon,True,True,True,True,,248.269536,412.8531070018653,399.39505200163694,1,51,0.4614734643861827,0.007792650437786042,381.21769199451154,,code,2-1-1-1-0-1-0-1,0.46926611482396874,True,10,batch,True,pso,20,1,swarm
oe4-pilot-v2,oe4,swarm|batch|bc1|h1|pso|r1|N20|c10,syn-logical_syntactic-conditional-r4,logical_syntactic,conditional,0,3,2581103798954869873,2026-10-01T05:43:04.362+00:00,completed,epsilon,True,True,True,True,,248.148093,390.03447700088145,387.70213299721945,1,51,0.4839345737065493,0.0036547194033032526,376.1819370099629,,code,2-1-1-1-1-1-1-1,0.48758929310985255,True,10,batch,True,pso,20,1,swarm
oe4-pilot-v2,oe4,swarm|batch|bc1|h1|pso|r1|N20|c10,syn-logical_syntactic-repetitive-r0,logical_syntactic,repetitive,0,3,2563900073831829840,2026-10-01T05:43:04.454+00:00,completed,epsilon,True,True,True,True,,234.488551,404.21174299990525,401.2746199987305,1,56,0.45068774937313677,0.02008255859137359,302.5708729974045,,code,2-1-2-1-0-1-1-1,0.47077030796451036,True,10,batch,True,pso,20,1,swarm
oe4-pilot-v2,oe4,swarm|batch|bc1|h1|pso|r1|N20|c10,syn-logical_syntactic-repetitive-r1,logical_syntactic,repetitive,0,3,1690962082425471307,2026-10-01T05:43:04.478+00:00,completed,epsilon,True,True,True,True,,259.568618,405.99287200166145,401.86320100110606,1,56,0.46854772531455674,0.02008255859137359,438.37436698055666,,code,2-1-1-1-0-1-0-1,0.48863028390593033,True,10,batch,True,pso,20,1,swarm
oe4-pilot-v2,oe4,swarm|batch|bc1|h1|pso|r1|N20|c10,syn-logical_syntactic-repetitive-r2,logical_syntactic,repetitive,0,3,12298035747105259136,2026-10-01T05:43:04.586+00:00,completed,epsilon,True,True,True,True,,204.819694,321.5058070018131,319.868854003289,1,53,0.48860682289608054,0.02008255859137359,244.48470199425168,,code,2-1-1-1-1-1-1-1,0.5086893814874541,True,10,batch,True,pso,20,1,swarm
oe4-pilot-v2,oe4,swarm|batch|bc1|h1|pso|r1|N20|c10,syn-logical_syntactic-arrays_vectors-r0,logical_syntactic,arrays_vectors,0,3,14948705039163960895,2026-10-01T05:43:04.636+00:00,completed,epsilon,True,True,True,True,,215.677144,365.6980849991669,364.27216100128135,1,51,0.4856184373133194,0.02008255859137359,665.3772680109611,,code,2-1-1-1-0-0-1-1,0.505700995904693,True,10,batch,True,pso,20,1,swarm
oe4-pilot-v2,oe4,swarm|batch|bc1|h1|pso|r1|N20|c10,syn-logical_syntactic-arrays_vectors-r2,logical_syntactic,arrays_vectors,0,3,7678510444233138347,2026-10-01T05:43:04.734+00:00,completed,epsilon,True,True,True,True,,237.190361,398.0479790006939,394.18360099807614,1,59,0.49083089405366653,0.027874816274854664,334.49356901150907,,code,2-1-1-0-0-1-0-1,0.5187057103285212,True,10,batch,True,pso,20,1,swarm
oe4-pilot-v2,oe4,swarm|batch|bc1|h1|pso|r1|N20|c10,syn-logical_syntactic-repetitive-r4,logical_syntactic,repetitive,0,3,3613547958009930106,2026-10-01T05:43:04.621+00:00,completed,epsilon,True,True,True,True,,346.662856,524.5027410019247,522.492570002214,2,61,0.4154283128506681,0.028970245585525245,356.316778996821,,code,2-1-1-1-0-1-0-1,0.44439855843619336,True,10,batch,True,pso,20,1,swarm
oe4-pilot-v2,oe4,swarm|batch|bc1|h1|pso|r1|N20|c10,syn-logical_syntactic-arrays_vectors-r1,logical_syntactic,arrays_vectors,0,3,13327273701071249688,2026-10-01T05:43:04.655+00:00,completed,epsilon,True,True,True,True,,354.233685,505.2257620009186,492.0005639978626,2,65,0.47317793671230085,0.010866792799564984,690.9704160160959,,code,2-2-1-1-1-0-0-1,0.48404472951186583,True,10,batch,True,pso,20,1,swarm
oe4-pilot-v2,oe4,swarm|batch|bc1|h1|pso|r1|N20|c10,syn-logical_syntactic-functions-r0,logical_syntactic,functions,0,3,15105445333404857368,2026-10-01T05:43:04.858+00:00,completed,epsilon,True,True,True,True,,172.050345,323.1049770001846,321.5986469986092,1,53,0.4876998796280693,0.027875012652007147,134.9286490148318,,code,2-1-1-1-1-1-0-1,0.5155748922800765,True,10,batch,True,pso,20,1,swarm
oe4-pilot-v2,oe4,swarm|batch|bc1|h1|pso|r1|N20|c10,syn-logical_syntactic-arrays_vectors-r3,logical_syntactic,arrays_vectors,0,3,3475821061836782133,2026-10-01T05:43:04.749+00:00,completed,epsilon,True,True,True,True,,373.070578,492.7057290005905,490.75182899832726,2,62,0.5279095277556373,1.472828643489521e-07,488.3182930046261,,code,2-0-1-2-1-0-1-1,0.5279096750385016,True,10,batch,True,pso,20,1,swarm
oe4-pilot-v2,oe4,swarm|batch|bc1|h1|pso|r1|N20|c10,syn-logical_syntactic-functions-r2,logical_syntactic,functions,0,3,6130147880867857550,2026-10-01T05:43:04.907+00:00,completed,epsilon,True,True,True,True,,182.482877,382.29449600112275,376.67307000083383,1,59,0.4703323912858079,0.027875012652007147,383.9257980014629,,code,2-1-0-1-1-1-1-1,0.49820740393781504,True,10,batch,True,pso,20,1,swarm
oe4-pilot-v2,oe4,swarm|batch|bc1|h1|pso|r1|N20|c10,syn-logical_syntactic-functions-r1,logical_syntactic,functions,0,3,7545233351544256523,2026-10-01T05:43:04.884+00:00,completed,epsilon,True,True,True,True,,315.609979,534.7238989998004,532.225004000793,1,58,0.4742120227778769,0.021023062154443717,390.60315401175325,,code,2-0-1-2-0-0-0-1,0.4952350849323206,True,10,batch,True,pso,20,1,swarm
oe4-pilot-v2,oe4,swarm|batch|bc1|h1|pso|r1|N20|c10,syn-logical_syntactic-functions-r3,logical_syntactic,functions,0,3,4820333934433401313,2026-10-01T05:43:05.002+00:00,completed,epsilon,True,True,True,True,,315.468157,424.2118110014417,422.34210000242456,1,56,0.46627757409622445,0.02008255859137359,275.9761939880224,,code,2-1-1-1-1-1-0-1,0.48636013268759803,True,10,batch,True,pso,20,1,swarm
oe4-pilot-v2,oe4,swarm|batch|bc1|h1|pso|r1|N20|c10,syn-logical_syntactic-arrays_vectors-r4,logical_syntactic,arrays_vectors,0,3,15069723113616053544,2026-10-01T05:43:04.752+00:00,completed,epsilon,True,True,True,True,,557.050956,675.8011429992621,672.1485660018516,2,60,0.4592948548206536,0.007792650437785986,462.3796889979201,,code,2-0-1-1-0-1-1-1,0.46708750525843956,True,10,batch,True,pso,20,1,swarm
oe4-pilot-v2,oe4,swarm|batch|bc1|h1|pso|r1|N20|c10,syn-logical_syntactic-repetitive-r3,logical_syntactic,repetitive,0,3,6665076571321463288,2026-10-01T05:43:04.619+00:00,completed,epsilon,True,True,True,True,,642.496592,812.9744979996758,811.1521920000087,3,63,0.48216814861223045,0.0,325.8881560060849,,code,2-0-1-0-1-1-0-1,0.48216814861223045,True,10,batch,True,pso,20,1,swarm
oe4-pilot-v2,oe4,swarm|batch|bc1|h1|pso|r1|N20|c10,syn-explanatory_conceptual-sequential-r1,explanatory_conceptual,sequential,0,3,3272787541859846898,2026-10-01T05:43:05.160+00:00,completed,epsilon,True,True,True,True,,223.633472,370.5770089982252,354.8701500003517,1,50,0.45267043074923324,0.006749225258040281,1303.4795990086259,,text,0-1-0-1-2-1-0-1,0.4594196560072735,True,10,batch,True,pso,20,1,swarm
oe4-pilot-v2,oe4,swarm|batch|bc1|h1|pso|r1|N20|c10,syn-logical_syntactic-functions-r4,logical_syntactic,functions,0,3,10275058418311301455,2026-10-01T05:43:05.132+00:00,completed,epsilon,True,True,True,True,,397.87522,542.993431998184,541.0375700012082,3,66,0.44825847177744416,0.007792650437785986,478.3273489951917,,code,2-0-0-1-1-1-0-1,0.45605112221523014,True,10,batch,True,pso,20,1,swarm
oe4-pilot-v2,oe4,swarm|batch|bc1|h1|pso|r1|N20|c10,syn-explanatory_conceptual-sequential-r0,explanatory_conceptual,sequential,0,3,14947352377729861017,2026-10-01T05:43:05.145+00:00,completed,epsilon,True,True,True,True,,436.363323,584.8652039967419,578.5951639991254,4,71,0.467455645058524,0.0,1185.8192470110978,,text,0-0-1-0-2-0-0-1,0.467455645058524,True,10,batch,True,pso,20,1,swarm
oe4-pilot-v2,oe4,swarm|batch|bc1|h1|pso|r1|N20|c10,syn-explanatory_conceptual-sequential-r4,explanatory_conceptual,sequential,0,3,16212943396658008924,2026-10-01T05:43:05.290+00:00,completed,epsilon,True,True,True,True,,254.056533,468.34930700060795,466.3173179978912,3,66,0.45722945344337185,0.009273546497608254,498.9433759889623,,text,1-1-1-0-2-1-1-1,0.4665029999409801,True,10,batch,True,pso,20,1,swarm
oe4-pilot-v2,oe4,swarm|batch|bc1|h1|pso|r1|N20|c10,syn-explanatory_conceptual-conditional-r0,explanatory_conceptual,conditional,0,3,5916953307552671090,2026-10-01T05:43:05.419+00:00,completed,epsilon,True,True,True,True,,204.029475,341.0608489975857,339.2618739999307,1,51,0.487737317609176,0.007792650437786042,349.58751699862336,,code,2-1-1-1-2-1-1-1,0.49552996804696203,True,10,batch,True,pso,20,1,swarm
oe4-pilot-v2,oe4,swarm|batch|bc1|h1|pso|r1|N20|c10,syn-explanatory_conceptual-sequential-r2,explanatory_conceptual,sequential,0,3,7023970792698232399,2026-10-01T05:43:05.181+00:00,completed,epsilon,True,True,True,True,,511.333162,630.8942870018655,627.7608229975158,4,73,0.45488132858608143,0.007792797720650335,3016.1352480126766,,text,1-0-1-2-2-1-1-1,0.46267412630673177,True,10,batch,True,pso,20,1,swarm
oe4-pilot-v2,oe4,swarm|batch|bc1|h1|pso|r1|N20|c10,syn-explanatory_conceptual-conditional-r1,explanatory_conceptual,conditional,0,3,18124705353368190302,2026-10-01T05:43:05.426+00:00,completed,epsilon,True,True,True,True,,254.481571,393.51554500171915,391.79694799895515,2,51,0.47520911893219114,0.0036547194033032526,313.324463999999,,text,1-1-1-1-2-1-1-1,0.4788638383354944,True,10,batch,True,pso,20,1,swarm
oe4-pilot-v2,oe4,swarm|batch|bc1|h1|pso|r1|N20|c10,syn-explanatory_conceptual-conditional-r2,explanatory_conceptual,conditional,0,3,1341896759769893857,2026-10-01T05:43:05.428+00:00,completed,epsilon,True,True,True,True,,284.18597,435.0803419984004,431.7392960001598,1,53,0.4825120796519577,0.007792650437786042,727.3099399947134,,diagram,1-1-2-1-2-1-1-1,0.49030473008974373,True,10,batch,True,pso,20,1,swarm
oe4-pilot-v2,oe4,swarm|batch|bc1|h1|pso|r1|N20|c10,syn-explanatory_conceptual-sequential-r3,explanatory_conceptual,sequential,0,3,15905282458092997945,2026-10-01T05:43:05.242+00:00,completed,epsilon,True,True,True,True,,561.528039,646.0166700016998,639.3406309980492,2,57,0.4489765705985682,1.9637715242826204e-07,382.04147699513015,,text,1-0-1-1-2-1-1-1,0.44897676697572064,True,10,batch,True,pso,20,1,swarm
oe4-pilot-v2,oe4,swarm|batch|bc1|h1|pso|r1|N20|c10,syn-explanatory_conceptual-conditional-r3,explanatory_conceptual,conditional,0,3,11332394261640184133,2026-10-01T05:43:05.432+00:00,completed,epsilon,True,True,True,True,,390.839908,532.1571200001927,529.9427760000981,2,60,0.43096370532164535,0.0036547194033032526,683.964144984507,,text,1-1-0-1-2-1-0-1,0.4346184247249486,True,10,batch,True,pso,20,1,swarm
oe4-pilot-v2,oe4,swarm|batch|bc1|h1|pso|r1|N20|c10,syn-explanatory_conceptual-conditional-r4,explanatory_conceptual,conditional,0,3,8670080275324173838,2026-10-01T05:43:05.531+00:00,completed,epsilon,True,True,True,True,,319.025489,437.85763300184044,435.9833960006654,2,62,0.45734345073001487,0.007792650437786042,267.2559750007457,,text,1-1-1-1-2-1-0-1,0.4651361011678009,True,10,batch,True,pso,20,1,swarm
oe4-pilot-v2,oe4,swarm|batch|bc1|h1|pso|r1|N20|c10,syn-explanatory_conceptual-repetitive-r0,explanatory_conceptual,repetitive,0,3,3237454591878846868,2026-10-01T05:43:05.675+00:00,completed,epsilon,True,True,True,True,,123.489496,310.877708998305,309.2384840019804,1,52,0.43547017695048224,0.030711075187125847,414.5690809899043,,text,0-1-1-1-2-1-0-1,0.4661812521376081,True,10,batch,True,pso,20,1,swarm
oe4-pilot-v2,oe4,swarm|batch|bc1|h1|pso|r1|N20|c10,syn-explanatory_conceptual-repetitive-r2,explanatory_conceptual,repetitive,0,3,10189736659373836677,2026-10-01T05:43:05.758+00:00,completed,epsilon,True,True,True,True,,214.038057,337.5892770018254,335.64188400123385,1,52,0.49088145414572526,0.0017991482131319847,805.9584600135512,,text,1-0-1-1-2-1-1-1,0.49268060235885724,True,10,batch,True,pso,20,1,swarm
oe4-pilot-v2,oe4,swarm|batch|bc1|h1|pso|r1|N20|c10,syn-explanatory_conceptual-arrays_vectors-r0,explanatory_conceptual,arrays_vectors,0,3,8420274505294676143,2026-10-01T05:43:05.820+00:00,completed,epsilon,True,True,True,True,,292.571936,359.72564600160695,356.97447400161764,1,56,0.49778085910851905,0.027875012652007147,1040.6995159964974,,text,1-1-1-1-2-1-0-1,0.5256558717605262,True,10,batch,True,pso,20,1,swarm
oe4-pilot-v2,oe4,swarm|batch|bc1|h1|pso|r1|N20|c10,syn-explanatory_conceptual-repetitive-r1,explanatory_conceptual,repetitive,0,3,10148232421566165977,2026-10-01T05:43:05.730+00:00,completed,epsilon,True,True,True,True,,325.923724,475.8647380003822,463.9622930008045,2,60,0.5255407002055713,1.9637715242826204e-07,935.3523429925079,,text,1-0-1-1-2-1-1-1,0.5255408965827237,True,10,batch,True,pso,20,1,swarm
oe4-pilot-v2,oe4,swarm|batch|bc1|h1|pso|r1|N20|c10,syn-explanatory_conceptual-repetitive-r4,explanatory_conceptual,repetitive,0,3,615434091092212846,2026-10-01T05:43:05.812+00:00,completed,epsilon,True,True,True,True,,326.139566,399.60978499948396,396.92826199825504,1,55,0.45405216601876935,0.02008255859137359,751.7303169827142,,text,1-1-0-1-2-1-1-1,0.47413472461014294,True,10,batch,True,pso,20,1,swarm
oe4-pilot-v2,oe4,swarm|batch|bc1|h1|pso|r1|N20|c10,syn-explanatory_conceptual-arrays_vectors-r1,explanatory_conceptual,arrays_vectors,0,3,11621185609108110648,2026-10-01T05:43:05.863+00:00,completed,epsilon,True,True,True,True,,230.612458,357.0218290005869,355.5048470007023,1,51,0.4615647597787113,0.028694684783154678,195.99075700933292,,text,0-1-0-1-2-1-1-1,0.490259444561866,True,10,batch,True,pso,20,1,swarm
oe4-pilot-v2,oe4,swarm|batch|bc1|h1|pso|r1|N20|c10,syn-explanatory_conceptual-repetitive-r3,explanatory_conceptual,repetitive,0,3,5679236231213962541,2026-10-01T05:43:05.760+00:00,completed,epsilon,True,True,True,True,,355.905953,464.15883699955884,462.54754999972647,2,60,0.47773671108267024,0.009947252053144284,813.7688090060172,,text,1-0-1-0-2-1-1-1,0.4876839631358145,True,10,batch,True,pso,20,1,swarm
oe4-pilot-v2,oe4,swarm|batch|bc1|h1|pso|r1|N20|c10,syn-explanatory_conceptual-arrays_vectors-r2,explanatory_conceptual,arrays_vectors,0,3,3616904053699891200,2026-10-01T05:43:05.888+00:00,completed,epsilon,True,True,True,True,,168.07619,384.7232670013909,373.6742820001382,1,53,0.5002467392530876,0.027875012652007203,343.1322849995608,,diagram,0-1-2-1-2-1-1-1,0.5281217519050948,True,10,batch,True,pso,20,1,swarm
oe4-pilot-v2,oe4,swarm|batch|bc1|h1|pso|r1|N20|c10,syn-explanatory_conceptual-arrays_vectors-r3,explanatory_conceptual,arrays_vectors,0,3,9640228565651749554,2026-10-01T05:43:05.964+00:00,completed,epsilon,True,True,True,True,,216.127156,366.9618210005865,357.89044400007697,1,51,0.4899428394838256,0.017498999281390593,424.33404699975415,,text,0-1-1-1-2-1-0-1,0.5074418387652162,True,10,batch,True,pso,20,1,swarm
oe4-pilot-v2,oe4,swarm|batch|bc1|h1|pso|r1|N20|c10,syn-explanatory_conceptual-arrays_vectors-r4,explanatory_conceptual,arrays_vectors,0,3,12383051168938743430,2026-10-01T05:43:05.969+00:00,completed,epsilon,True,True,True,True,,281.93199,432.02422199829016,429.6872300001269,2,53,0.5099955953246345,0.007792650437785986,418.45239200347913,,text,1-0-1-1-2-1-1-1,0.5177882457624204,True,10,batch,True,pso,20,1,swarm
oe4-pilot-v2,oe4,swarm|batch|bc1|h1|pso|r1|N20|c10,syn-explanatory_conceptual-functions-r3,explanatory_conceptual,functions,0,3,15409255459732107106,2026-10-01T05:43:06.206+00:00,completed,epsilon,True,True,True,True,,180.03388,290.30035600226256,288.62281500187237,1,54,0.49777727535266225,0.007792650437785986,605.9573579996373,,text,1-0-1-1-2-1-1-1,0.5055699257904482,True,10,batch,True,pso,20,1,swarm
oe4-pilot-v2,oe4,swarm|batch|bc1|h1|pso|r1|N20|c10,syn-explanatory_conceptual-functions-r0,explanatory_conceptual,functions,0,3,4847129841761666601,2026-10-01T05:43:05.986+00:00,completed,epsilon,True,True,True,True,,400.541612,589.5020470015879,586.307449000742,1,51,0.4945698834876539,0.01617519995265254,162.8018789829606,,text,1-2-1-1-2-0-1-1,0.5107450834403064,True,10,batch,True,pso,20,1,swarm
oe4-pilot-v2,oe4,swarm|batch|bc1|h1|pso|r1|N20|c10,syn-balanced_multimodal-sequential-r1,balanced_multimodal,sequential,0,3,15851898587384579384,2026-10-01T05:43:06.224+00:00,completed,epsilon,True,True,True,True,,292.143286,404.93767500083777,400.8268149991636,1,59,0.46254329609296624,0.023319774530693393,755.4702869945085,,diagram,1-1-2-1-1-1-1-1,0.48586307062365963,True,10,batch,True,pso,20,1,swarm
oe4-pilot-v2,oe4,swarm|batch|bc1|h1|pso|r1|N20|c10,syn-balanced_multimodal-sequential-r0,balanced_multimodal,sequential,0,3,12829628287881295465,2026-10-01T05:43:06.220+00:00,completed,epsilon,True,True,True,True,,311.947304,438.18727399775526,435.6672380017699,2,62,0.4948649211252828,1.9637715242826204e-07,949.8145089867788,,diagram,1-0-2-1-1-1-1-1,0.4948651175024352,True,10,batch,True,pso,20,1,swarm
oe4-pilot-v2,oe4,swarm|batch|bc1|h1|pso|r1|N20|c10,syn-explanatory_conceptual-functions-r4,explanatory_conceptual,functions,0,3,13584105466744503536,2026-10-01T05:43:06.211+00:00,completed,epsilon,True,True,True,True,,375.17869,490.29827200138243,485.40588400283013,2,58,0.4919079769589474,0.007792454060633558,514.4328269995905,,text,1-0-1-0-2-1-1-1,0.49970043101958095,True,10,batch,True,pso,20,1,swarm
oe4-pilot-v2,oe4,swarm|batch|bc1|h1|pso|r1|N20|c10,syn-balanced_multimodal-sequential-r2,balanced_multimodal,sequential,0,3,9812259528755781404,2026-10-01T05:43:06.273+00:00,completed,epsilon,True,True,True,True,,303.21158,448.6005139988265,446.09286999912,2,60,0.5195512786534427,1.9637715242826204e-07,270.71862500777365,,code,2-0-1-1-1-1-1-1,0.5195514750305952,True,10,batch,True,pso,20,1,swarm
oe4-pilot-v2,oe4,swarm|batch|bc1|h1|pso|r1|N20|c10,syn-explanatory_conceptual-functions-r1,explanatory_conceptual,functions,0,3,8968182148387190867,2026-10-01T05:43:06.096+00:00,completed,epsilon,True,True,True,True,,473.392457,630.1307159992575,627.7111740018881,4,69,0.4985151422574555,0.014907373379307698,192.13941000017735,,code,2-2-1-2-2-0-0-1,0.5134225156367632,True,10,batch,True,pso,20,1,swarm
oe4-pilot-v2,oe4,swarm|batch|bc1|h1|pso|r1|N20|c10,syn-balanced_multimodal-sequential-r3,balanced_multimodal,sequential,0,3,17396203175820366605,2026-10-01T05:43:06.331+00:00,completed,epsilon,True,True,True,True,,324.354422,535.2084380028828,532.5618979986757,3,64,0.5055952816994697,0.0,576.74869001004,,text,1-0-1-0-2-1-1-1,0.5055952816994697,True,10,batch,True,pso,20,1,swarm
oe4-pilot-v2,oe4,swarm|batch|bc1|h1|pso|r1|N20|c10,syn-balanced_multimodal-conditional-r0,balanced_multimodal,conditional,0,3,9492171042143771967,2026-10-01T05:43:06.497+00:00,completed,epsilon,True,True,True,True,,249.24618,387.6651140017202,385.19720200201846,1,54,0.48780502665661635,0.0036547194033032526,351.0219720005496,,code,2-1-1-1-1-1-1-1,0.4914597460599196,True,10,batch,True,pso,20,1,swarm
oe4-pilot-v2,oe4,swarm|batch|bc1|h1|pso|r1|N20|c10,syn-explanatory_conceptual-functions-r2,explanatory_conceptual,functions,0,3,15850266999198055000,2026-10-01T05:43:06.179+00:00,completed,epsilon,True,True,True,True,,561.255582,713.1247370016354,710.5068290002237,3,67,0.4811703400530759,0.005038735019827212,459.6531440054705,,text,1-0-1-1-2-1-0-1,0.4862090750729031,True,10,batch,True,pso,20,1,swarm
oe4-pilot-v2,oe4,swarm|batch|bc1|h1|pso|r1|N20|c10,syn-balanced_multimodal-conditional-r1,balanced_multimodal,conditional,0,3,12567349465944861023,2026-10-01T05:43:06.575+00:00,completed,epsilon,True,True,True,True,,188.960935,346.5038469985302,344.6000900003128,1,52,0.4988095313719645,0.0,271.1584440005819,,code,1-1-1-0-1-0-1-1,0.4988095313719645,True,10,batch,True,pso,20,1,swarm
oe4-pilot-v2,oe4,swarm|batch|bc1|h1|pso|r1|N20|c10,syn-balanced_multimodal-conditional-r2,balanced_multimodal,conditional,0,3,4742918314447581142,2026-10-01T05:43:06.629+00:00,completed,epsilon,True,True,True,True,,154.678453,339.91697800229304,337.95187500072643,1,52,0.4784409614577118,0.02094032221573877,238.53809000919847,,code,2-1-1-1-2-1-2-1,0.4993812836734506,True,10,batch,True,pso,20,1,swarm
oe4-pilot-v2,oe4,swarm|batch|bc1|h1|pso|r1|N20|c10,syn-balanced_multimodal-sequential-r4,balanced_multimodal,sequential,0,3,16072189927809315852,2026-10-01T05:43:06.401+00:00,completed,epsilon,True,True,True,True,,398.471909,574.0905310012749,571.815979998064,3,66,0.4997105397388589,0.006721039910257187,324.67274598501683,,code,2-2-2-1-2-1-2-1,0.5064315796491161,True,10,batch,True,pso,20,1,swarm
oe4-pilot-v2,oe4,swarm|batch|bc1|h1|pso|r1|N20|c10,syn-balanced_multimodal-conditional-r3,balanced_multimodal,conditional,0,3,11394639668150330671,2026-10-01T05:43:06.659+00:00,completed,epsilon,True,True,True,True,,214.382365,353.2943960017292,351.3645050006744,1,51,0.4637423303052723,0.007792650437786042,560.6516080039885,,text,1-1-1-1-2-1-1-1,0.47153498074305833,True,10,batch,True,pso,20,1,swarm
oe4-pilot-v2,oe4,swarm|batch|bc1|h1|pso|r1|N20|c10,syn-balanced_multimodal-conditional-r4,balanced_multimodal,conditional,0,3,2277667993778051270,2026-10-01T05:43:06.702+00:00,completed,epsilon,True,True,True,True,,349.300751,447.4979440019524,445.7485220009403,3,62,0.4970117057765307,1.963771524837732e-07,565.4136309950043,,code,2-1-1-1-2-0-2-1,0.4970119021536832,True,10,batch,True,pso,20,1,swarm
oe4-pilot-v2,oe4,swarm|batch|bc1|h1|pso|r1|N20|c10,syn-balanced_multimodal-repetitive-r0,balanced_multimodal,repetitive,0,3,3839617547738254315,2026-10-01T05:43:06.721+00:00,completed,epsilon,True,True,True,True,,324.954372,432.2248650023539,430.46614800186944,1,55,0.5383161833171735,0.020082558591373534,465.8462820011132,,code,2-1-1-1-1-1-2-1,0.558398741908547,True,10,batch,True,pso,20,1,swarm
oe4-pilot-v2,oe4,swarm|batch|bc1|h1|pso|r1|N20|c10,syn-balanced_multimodal-repetitive-r2,balanced_multimodal,repetitive,0,3,12027688066564710874,2026-10-01T05:43:06.866+00:00,completed,epsilon,True,True,True,True,,147.774106,296.72259500148357,295.35204300191253,1,51,0.48695008664679024,0.02008255859137359,418.84277999536107,,code,2-1-2-1-1-1-2-1,0.5070326452381638,True,10,batch,True,pso,20,1,swarm
oe4-pilot-v2,oe4,swarm|batch|bc1|h1|pso|r1|N20|c10,syn-balanced_multimodal-repetitive-r3,balanced_multimodal,repetitive,0,3,10665835498416014906,2026-10-01T05:43:06.884+00:00,completed,epsilon,True,True,True,True,,173.997753,348.48900199722266,346.84528800062253,1,51,0.4984038111225635,0.020082362214221106,352.0920220153832,,diagram,1-1-2-0-2-1-1-1,0.5184861733367846,True,10,batch,True,pso,20,1,swarm
oe4-pilot-v2,oe4,swarm|batch|bc1|h1|pso|r1|N20|c10,syn-balanced_multimodal-repetitive-r4,balanced_multimodal,repetitive,0,3,16842203000296662102,2026-10-01T05:43:06.892+00:00,completed,epsilon,True,True,True,True,,174.245051,343.5423820010328,341.79426099944976,1,50,0.5354470399519666,0.020082558591373645,387.4004909950359,,code,2-1-1-1-1-1-2-1,0.5555295985433403,True,10,batch,True,pso,20,1,swarm
oe4-pilot-v2,oe4,swarm|batch|bc1|h1|pso|r1|N20|c10,syn-balanced_multimodal-arrays_vectors-r1,balanced_multimodal,arrays_vectors,0,3,1557390382835702406,2026-10-01T05:43:06.969+00:00,completed,epsilon,True,True,True,True,,235.044519,340.64678700087825,338.3977449993836,1,56,0.5096115026932262,0.01001413080874669,812.3411669964668,,code,1-0-1-1-1-1-1-1,0.5196256335019729,True,10,batch,True,pso,20,1,swarm
oe4-pilot-v2,oe4,swarm|batch|bc1|h1|pso|r1|N20|c10,syn-balanced_multimodal-arrays_vectors-r2,balanced_multimodal,arrays_vectors,0,3,1551228789342824201,2026-10-01T05:43:06.975+00:00,completed,epsilon,True,True,True,True,,264.175732,378.8889389979886,372.0969090027211,1,53,0.5207081594293232,0.027875012652007092,846.2771940090997,,text,1-1-1-1-2-1-1-1,0.5485831720813303,True,10,batch,True,pso,20,1,swarm
oe4-pilot-v2,oe4,swarm|batch|bc1|h1|pso|r1|N20|c10,syn-balanced_multimodal-repetitive-r1,balanced_multimodal,repetitive,0,3,2659073220867155690,2026-10-01T05:43:06.726+00:00,completed,epsilon,True,True,True,True,,469.604108,659.5999259989185,656.6138739981398,2,60,0.5300479510764751,1.9637715242826204e-07,195.26629699893863,,code,2-0-2-1-2-1-1-1,0.5300481474536275,True,10,batch,True,pso,20,1,swarm
oe4-pilot-v2,oe4,swarm|batch|bc1|h1|pso|r1|N20|c10,syn-balanced_multimodal-functions-r1,balanced_multimodal,functions,0,3,368220290834284782,2026-10-01T05:43:07.163+00:00,completed,epsilon,True,True,True,True,,171.092178,339.6890549993259,337.7213009989646,1,53,0.4917724457549157,0.02008255859137359,664.6895880087737,,code,2-1-1-1-1-1-2-1,0.5118550043462893,True,10,batch,True,pso,20,1,swarm
oe4-pilot-v2,oe4,swarm|batch|bc1|h1|pso|r1|N20|c10,syn-balanced_multimodal-arrays_vectors-r0,balanced_multimodal,arrays_vectors,0,3,8202019099685287209,2026-10-01T05:43:06.922+00:00,completed,epsilon,True,True,True,True,,459.817106,590.8579440001631,588.961550998647,2,62,0.5214552573504015,0.007792454060633558,719.9559169992228,,code,2-0-1-0-2-1-1-1,0.5292477114110351,True,10,batch,True,pso,20,1,swarm
oe4-pilot-v2,oe4,swarm|batch|bc1|h1|pso|r1|N20|c10,syn-balanced_multimodal-functions-r3,balanced_multimodal,functions,0,3,18228905326412579013,2026-10-01T05:43:07.236+00:00,completed,epsilon,True,True,True,True,,215.805736,315.97329799842555,313.60743299956084,1,57,0.489537761565406,0.027875012652007147,1163.5594529947793,,diagram,1-1-2-1-2-1-1-1,0.5174127742174132,True,10,batch,True,pso,20,1,swarm
oe4-pilot-v2,oe4,swarm|batch|bc1|h1|pso|r1|N20|c10,syn-balanced_multimodal-arrays_vectors-r3,balanced_multimodal,arrays_vectors,0,3,11908930478528390133,2026-10-01T05:43:07.012+00:00,completed,epsilon,True,True,True,True,,484.618148,554.1409569996176,552.1435959999508,2,62,0.5326887851156756,0.019041613531884827,614.8377909938597,,code,1-0-1-1-1-0-1-1,0.5517303986475605,True,10,batch,True,pso,20,1,swarm
oe4-pilot-v2,oe4,swarm|batch|bc1|h1|pso|r1|N20|c10,syn-balanced_multimodal-arrays_vectors-r4,balanced_multimodal,arrays_vectors,0,3,7080146454937735062,2026-10-01T05:43:07.149+00:00,completed,epsilon,True,True,True,True,,239.17208,418.68992500167224,415.2340649998223,1,53,0.5231764212501887,0.0034158919247068154,414.3371189976277,,code,2-1-1-1-1-0-1-1,0.5265923131748955,True,10,batch,True,pso,20,1,swarm
oe4-pilot-v2,oe4,swarm|batch|bc1|h1|pso|r1|N20|c10,syn-balanced_multimodal-functions-r0,balanced_multimodal,functions,0,3,2933908082685948832,2026-10-01T05:43:07.153+00:00,completed,epsilon,True,True,True,True,,259.210602,433.15067399817053,431.22403099914663,2,60,0.5082813071929754,0.022699680157076907,660.4458619943724,,code,2-2-2-1-1-1-1-1,0.5309809873500523,True,10,batch,True,pso,20,1,swarm
oe4-pilot-v2,oe4,swarm|batch|bc1|h1|pso|r1|N20|c10,syn-balanced_multimodal-functions-r2,balanced_multimodal,functions,0,3,8673480799685267205,2026-10-01T05:43:07.233+00:00,completed,epsilon,True,True,True,True,,264.688296,357.454567001696,355.4084759998659,3,67,0.5181875250450265,0.0,621.6728559950662,,code,2-0-1-0-1-0-1-1,0.5181875250450265,True,10,batch,True,pso,20,1,swarm
oe4-pilot-v2,oe4,swarm|batch|bc1|h1|pso|r1|N20|c10,syn-balanced_multimodal-functions-r4,balanced_multimodal,functions,0,3,4683180797726806680,2026-10-01T05:43:07.310+00:00,completed,epsilon,True,True,True,True,,202.527794,282.505952000065,281.0583009995753,2,57,0.4810101863870243,0.022699680157077018,179.49704700061665,,diagram,1-2-2-1-1-1-1-1,0.5037098665441013,True,10,batch,True,pso,20,1,swarm
oe4-pilot-v2,oe4,swarm|batch|bc1|h1|pso|r1|N20|c50,syn-visual_dominant-repetitive-r4,visual_dominant,repetitive,0,0,5153165576748431564,2026-10-01T05:43:09.337+00:00,completed,epsilon,True,True,True,True,,660.588256,746.9622989992786,743.0822559981607,1,56,0.43539326357179114,0.032214241800902654,997.7798780224743,,diagram,0-1-2-1-0-1-0-1,0.4676075053726938,True,50,batch,True,pso,20,1,swarm
oe4-pilot-v2,oe4,swarm|batch|bc1|h1|pso|r1|N20|c50,syn-visual_dominant-repetitive-r0,visual_dominant,repetitive,0,0,3652346516165016234,2026-10-01T05:43:09.336+00:00,completed,epsilon,True,True,True,True,,668.127636,762.0099759988079,759.6356319991173,1,56,0.46998170127395994,0.02008255859137359,926.5552069979569,,diagram,1-1-2-1-1-1-0-1,0.49006425986533353,True,50,batch,True,pso,20,1,swarm
oe4-pilot-v2,oe4,swarm|batch|bc1|h1|pso|r1|N20|c50,syn-visual_dominant-functions-r0,visual_dominant,functions,0,0,11375697626506085209,2026-10-01T05:43:09.340+00:00,completed,epsilon,True,True,True,True,,674.859001,764.7165989983478,763.1742630001099,1,50,0.47798454429270243,0.019803777820581292,699.9568230139946,,diagram,1-2-2-1-1-1-0-1,0.4977883221132837,True,50,batch,True,pso,20,1,swarm
oe4-pilot-v2,oe4,swarm|batch|bc1|h1|pso|r1|N20|c50,syn-logical_syntactic-sequential-r2,logical_syntactic,sequential,0,0,15643440995604996842,2026-10-01T05:43:09.345+00:00,completed,epsilon,True,True,True,True,,684.558538,765.4089989991917,763.8540349980758,1,50,0.5052479809084092,0.0034158919247069264,967.5646449881018,,code,2-1-0-1-1-1-1-1,0.5086638728331161,True,50,batch,True,pso,20,1,swarm
oe4-pilot-v2,oe4,swarm|batch|bc1|h1|pso|r1|N20|c50,syn-logical_syntactic-repetitive-r2,logical_syntactic,repetitive,0,0,12298035747105259136,2026-10-01T05:43:09.349+00:00,completed,epsilon,True,True,True,True,,777.615664,862.8339679999044,861.00232699755,1,53,0.48860682289608054,0.02008255859137359,1954.0782629948656,,code,2-1-1-1-1-1-1-1,0.5086893814874541,True,50,batch,True,pso,20,1,swarm
oe4-pilot-v2,oe4,swarm|batch|bc1|h1|pso|r1|N20|c50,syn-visual_dominant-sequential-r0,visual_dominant,sequential,0,0,8580140326324496627,2026-10-01T05:43:09.330+00:00,completed,epsilon,True,True,True,True,,862.408942,969.2937969994091,967.5616669992451,1,56,0.45572350868757355,0.02008255859137359,2545.55134200831,,diagram,1-1-2-1-1-1-0-1,0.47580606727894714,True,50,batch,True,pso,20,1,swarm
oe4-pilot-v2,oe4,swarm|batch|bc1|h1|pso|r1|N20|c50,syn-visual_dominant-sequential-r1,visual_dominant,sequential,0,0,17048800117076641484,2026-10-01T05:43:09.331+00:00,completed,epsilon,True,True,True,True,,864.821297,978.2162049996259,975.3577279989258,1,53,0.44878503224528293,0.02008255859137359,3127.045893993496,,diagram,1-1-2-1-0-1-1-1,0.4688675908366565,True,50,batch,True,pso,20,1,swarm
oe4-pilot-v2,oe4,swarm|batch|bc1|h1|pso|r1|N20|c50,syn-visual_dominant-conditional-r0,visual_dominant,conditional,0,0,11471567894967710186,2026-10-01T05:43:09.333+00:00,completed,epsilon,True,True,True,True,,863.241764,983.9440739997372,982.5305260019377,1,55,0.4683786250362893,0.007792650437786042,3454.5034280125064,,diagram,1-1-2-1-0-1-0-1,0.47617127547407534,True,50,batch,True,pso,20,1,swarm
oe4-pilot-v2,oe4,swarm|batch|bc1|h1|pso|r1|N20|c50,syn-visual_dominant-conditional-r4,visual_dominant,conditional,0,0,7123775909059268369,2026-10-01T05:43:09.335+00:00,completed,epsilon,True,True,True,True,,965.388438,1094.201140000223,1092.6040730009845,1,51,0.43905885028638547,0.009598091106895246,3299.154798996406,,diagram,1-1-2-0-1-0-1-1,0.4486569413932807,True,50,batch,True,pso,20,1,swarm
oe4-pilot-v2,oe4,swarm|batch|bc1|h1|pso|r1|N20|c50,syn-visual_dominant-repetitive-r3,visual_dominant,repetitive,0,0,13061490195280824700,2026-10-01T05:43:09.337+00:00,completed,epsilon,True,True,True,True,,980.019084,1122.1396949986229,1120.6071760025225,2,48,0.5053299123828249,1.9637715242826204e-07,2782.878506990084,,diagram,1-0-2-1-0-1-0-1,0.5053301087599773,True,50,batch,True,pso,20,1,swarm
oe4-pilot-v2,oe4,swarm|batch|bc1|h1|pso|r1|N20|c50,syn-visual_dominant-repetitive-r1,visual_dominant,repetitive,0,0,9493985239135120539,2026-10-01T05:43:09.336+00:00,completed,epsilon,True,True,True,True,,1009.3963,1138.101385000482,1136.522466000315,4,63,0.49141108956712465,0.0,3324.1667539854247,,code,2-0-2-0-1-1-1-1,0.49141108956712465,True,50,batch,True,pso,20,1,swarm
oe4-pilot-v2,oe4,swarm|batch|bc1|h1|pso|r1|N20|c50,syn-visual_dominant-conditional-r2,visual_dominant,conditional,0,0,7530803405880337628,2026-10-01T05:43:09.333+00:00,completed,epsilon,True,True,True,True,,1064.689369,1224.9670359997253,1222.2499640010938,2,60,0.47576325269917313,1.963771524837732e-07,4590.31008500425,,code,2-1-2-1-1-0-1-1,0.4757634490763256,True,50,batch,True,pso,20,1,swarm
oe4-pilot-v2,oe4,swarm|batch|bc1|h1|pso|r1|N20|c50,syn-visual_dominant-arrays_vectors-r3,visual_dominant,arrays_vectors,0,0,16074832408338533935,2026-10-01T05:43:09.339+00:00,completed,epsilon,True,True,True,True,,1132.659452,1337.4772210008814,1335.7649040008255,1,52,0.5104383568030326,0.017498999281390648,5173.631413004879,,diagram,0-1-2-1-1-1-0-1,0.5279373560844233,True,50,batch,True,pso,20,1,swarm
oe4-pilot-v2,oe4,swarm|batch|bc1|h1|pso|r1|N20|c50,syn-visual_dominant-arrays_vectors-r1,visual_dominant,arrays_vectors,0,0,14387502913323118724,2026-10-01T05:43:09.338+00:00,completed,epsilon,True,True,True,True,,1151.23033,1347.9774660008843,1345.837198998197,2,61,0.4406569611974138,0.01253564549090147,5663.567096013426,,diagram,1-2-2-1-1-0-1-0,0.4531926066883153,True,50,batch,True,pso,20,1,swarm
oe4-pilot-v2,oe4,swarm|batch|bc1|h1|pso|r1|N20|c50,syn-visual_dominant-functions-r2,visual_dominant,functions,0,0,2855966151648987497,2026-10-01T05:43:09.341+00:00,completed,epsilon,True,True,True,True,,1171.774903,1379.399942998134,1374.5338120024826,3,64,0.471376010746655,1.9637715242826204e-07,4571.632169978842,,diagram,1-0-2-1-1-0-1-1,0.47137620712380746,True,50,batch,True,pso,20,1,swarm
oe4-pilot-v2,oe4,swarm|batch|bc1|h1|pso|r1|N20|c50,syn-logical_syntactic-sequential-r1,logical_syntactic,sequential,0,0,14311645315440717423,2026-10-01T05:43:09.345+00:00,completed,epsilon,True,True,True,True,,1170.810398,1380.835241998284,1378.81402900166,3,67,0.4825463618186212,0.0,4633.755633992663,,code,2-0-1-0-1-1-0-1,0.4825463618186212,True,50,batch,True,pso,20,1,swarm
oe4-pilot-v2,oe4,swarm|batch|bc1|h1|pso|r1|N20|c50,syn-logical_syntactic-sequential-r0,logical_syntactic,sequential,0,0,13362044807751343064,2026-10-01T05:43:09.344+00:00,completed,epsilon,True,True,True,True,,1244.157682,1479.6873279992724,1478.09159100143,1,54,0.4761350201294624,0.020082362214221106,4891.905570006482,,code,2-1-1-0-0-1-0-1,0.4962173823436835,True,50,batch,True,pso,20,1,swarm
oe4-pilot-v2,oe4,swarm|batch|bc1|h1|pso|r1|N20|c50,syn-logical_syntactic-sequential-r3,logical_syntactic,sequential,0,0,16960600487627624599,2026-10-01T05:43:09.345+00:00,completed,epsilon,True,True,True,True,,1257.156684,1515.6220810022205,1512.7954429990496,3,64,0.47454039043400664,1.9637715242826204e-07,4827.520133002131,,code,2-0-1-1-1-1-0-1,0.47454058681115907,True,50,batch,True,pso,20,1,swarm
oe4-pilot-v2,oe4,swarm|batch|bc1|h1|pso|r1|N20|c50,syn-logical_syntactic-conditional-r0,logical_syntactic,conditional,0,0,4732552759670585228,2026-10-01T05:43:09.346+00:00,completed,epsilon,True,True,True,True,,1331.042076,1585.105117999774,1583.1660670010024,1,59,0.4552124341978106,0.0036547194033032526,6115.6559080075895,,code,2-1-1-1-0-1-0-1,0.45886715360111385,True,50,batch,True,pso,20,1,swarm
oe4-pilot-v2,oe4,swarm|batch|bc1|h1|pso|r1|N20|c50,syn-logical_syntactic-conditional-r3,logical_syntactic,conditional,0,0,6626061848004110554,2026-10-01T05:43:09.348+00:00,completed,epsilon,True,True,True,True,,1299.156801,1597.7511199998844,1595.797253998171,1,51,0.4614734643861827,0.007792650437786042,3999.686302012537,,code,2-1-1-1-0-1-0-1,0.46926611482396874,True,50,batch,True,pso,20,1,swarm
oe4-pilot-v2,oe4,swarm|batch|bc1|h1|pso|r1|N20|c50,syn-logical_syntactic-conditional-r1,logical_syntactic,conditional,0,0,16767561851559065070,2026-10-01T05:43:09.347+00:00,completed,epsilon,True,True,True,True,,1340.763904,1604.325954001979,1602.4014100003114,2,61,0.4440319075303329,0.007792650437786042,5667.00134500601,,code,2-1-1-1-0-1-0-1,0.45182455796811893,True,50,batch,True,pso,20,1,swarm
oe4-pilot-v2,oe4,swarm|batch|bc1|h1|pso|r1|N20|c50,syn-logical_syntactic-repetitive-r0,logical_syntactic,repetitive,0,0,2563900073831829840,2026-10-01T05:43:09.349+00:00,completed,epsilon,True,True,True,True,,1401.165866,1709.1829689998121,1706.846876997588,1,56,0.45068774937313677,0.02008255859137359,4990.180970004568,,code,2-1-2-1-0-1-1-1,0.47077030796451036,True,50,batch,True,pso,20,1,swarm
oe4-pilot-v2,oe4,swarm|batch|bc1|h1|pso|r1|N20|c50,syn-logical_syntactic-conditional-r2,logical_syntactic,conditional,0,0,6973891702751108736,2026-10-01T05:43:09.347+00:00,completed,epsilon,True,True,True,True,,1401.835737,1722.539117999986,1720.4861030004395,1,53,0.4631068467146388,0.0036547194033032526,4564.84438301014,,code,2-1-1-1-0-1-1-1,0.46676156611794206,True,50,batch,True,pso,20,1,swarm
oe4-pilot-v2,oe4,swarm|batch|bc1|h1|pso|r1|N20|c50,syn-logical_syntactic-repetitive-r1,logical_syntactic,repetitive,0,0,1690962082425471307,2026-10-01T05:43:09.349+00:00,completed,epsilon,True,True,True,True,,1393.562134,1739.857287000632,1737.7890309981012,1,56,0.46854772531455674,0.02008255859137359,4539.338004991515,,code,2-1-1-1-0-1-0-1,0.48863028390593033,True,50,batch,True,pso,20,1,swarm
oe4-pilot-v2,oe4,swarm|batch|bc1|h1|pso|r1|N20|c50,syn-logical_syntactic-sequential-r4,logical_syntactic,sequential,0,0,17250185977012485747,2026-10-01T05:43:09.346+00:00,completed,epsilon,True,True,True,True,,1462.460875,1785.415569000179,1782.9420549969655,3,62,0.49533228036449595,0.0010555026473685336,4751.503826995635,,code,2-0-1-2-1-0-0-0,0.4963877830118645,True,50,batch,True,pso,20,1,swarm
oe4-pilot-v2,oe4,swarm|batch|bc1|h1|pso|r1|N20|c50,syn-logical_syntactic-conditional-r4,logical_syntactic,conditional,0,0,2581103798954869873,2026-10-01T05:43:09.348+00:00,completed,epsilon,True,True,True,True,,1486.3114,1822.445167999831,1820.5205820013362,1,51,0.4839345737065493,0.0036547194033032526,4182.684874007033,,code,2-1-1-1-1-1-1-1,0.48758929310985255,True,50,batch,True,pso,20,1,swarm
oe4-pilot-v2,oe4,swarm|batch|bc1|h1|pso|r1|N20|c50,syn-logical_syntactic-arrays_vectors-r0,logical_syntactic,arrays_vectors,0,0,14948705039163960895,2026-10-01T05:43:09.351+00:00,completed,epsilon,True,True,True,True,,1545.678481,1915.943325002445,1910.9839299999294,1,51,0.4856184373133194,0.02008255859137359,4005.7507460032366,,code,2-1-1-1-0-0-1-1,0.505700995904693,True,50,batch,True,pso,20,1,swarm
oe4-pilot-v2,oe4,swarm|batch|bc1|h1|pso|r1|N20|c50,syn-logical_syntactic-functions-r0,logical_syntactic,functions,0,0,15105445333404857368,2026-10-01T05:43:09.353+00:00,completed,epsilon,True,True,True,True,,1545.77693,1944.7158990005846,1933.5631700014346,1,53,0.4876998796280693,0.027875012652007147,4020.4820499888215,,code,2-1-1-1-1-1-0-1,0.5155748922800765,True,50,batch,True,pso,20,1,swarm
oe4-pilot-v2,oe4,swarm|batch|bc1|h1|pso|r1|N20|c50,syn-logical_syntactic-functions-r2,logical_syntactic,functions,0,0,6130147880867857550,2026-10-01T05:43:09.354+00:00,completed,epsilon,True,True,True,True,,1628.514249,2081.2121689996275,2072.0119529978547,1,59,0.4703323912858079,0.027875012652007147,4501.836923995843,,code,2-1-0-1-1-1-1-1,0.49820740393781504,True,50,batch,True,pso,20,1,swarm
oe4-pilot-v2,oe4,swarm|batch|bc1|h1|pso|r1|N20|c50,syn-visual_dominant-sequential-r4,visual_dominant,sequential,0,0,13994061115368628468,2026-10-01T05:43:09.332+00:00,completed,epsilon,True,True,True,True,,2013.685843,2178.773174997332,2166.6387069999473,3,61,0.4539909514952264,0.0,429.55167299914604,,diagram,1-0-2-0-1-1-0-1,0.4539909514952264,True,50,batch,True,pso,20,1,swarm
oe4-pilot-v2,oe4,swarm|batch|bc1|h1|pso|r1|N20|c50,syn-logical_syntactic-functions-r3,logical_syntactic,functions,0,0,4820333934433401313,2026-10-01T05:43:09.354+00:00,completed,epsilon,True,True,True,True,,1684.587805,2167.6675929993507,2151.1229119969357,1,56,0.46627757409622445,0.02008255859137359,4335.750479010041,,code,2-1-1-1-1-1-0-1,0.48636013268759803,True,50,batch,True,pso,20,1,swarm
oe4-pilot-v2,oe4,swarm|batch|bc1|h1|pso|r1|N20|c50,syn-logical_syntactic-functions-r1,logical_syntactic,functions,0,0,7545233351544256523,2026-10-01T05:43:09.354+00:00,completed,epsilon,True,True,True,True,,2027.577543,2212.218838001718,2197.202356001071,1,58,0.4742120227778769,0.021023062154443717,2199.041830001796,,code,2-0-1-2-0-0-0-1,0.4952350849323206,True,50,batch,True,pso,20,1,swarm
oe4-pilot-v2,oe4,swarm|batch|bc1|h1|pso|r1|N20|c50,syn-visual_dominant-sequential-r3,visual_dominant,sequential,0,0,5551779150201999310,2026-10-01T05:43:09.332+00:00,completed,epsilon,True,True,True,True,,2053.433993,2272.929660997761,2264.3373199971393,2,56,0.49689284274488765,1.9637715242826204e-07,1888.3854659983342,,diagram,1-0-2-1-0-1-1-1,0.4968930391220401,True,50,batch,True,pso,20,1,swarm
oe4-pilot-v2,oe4,swarm|batch|bc1|h1|pso|r1|N20|c50,syn-logical_syntactic-arrays_vectors-r2,logical_syntactic,arrays_vectors,0,0,7678510444233138347,2026-10-01T05:43:09.352+00:00,completed,epsilon,True,True,True,True,,1763.622275,2275.8595129998866,2263.125380999554,1,59,0.49083089405366653,0.027874816274854664,4576.896475997935,,code,2-1-1-0-0-1-0-1,0.5187057103285212,True,50,batch,True,pso,20,1,swarm
oe4-pilot-v2,oe4,swarm|batch|bc1|h1|pso|r1|N20|c50,syn-visual_dominant-repetitive-r2,visual_dominant,repetitive,0,0,15577984090316381348,2026-10-01T05:43:09.336+00:00,completed,epsilon,True,True,True,True,,2062.371737,2333.0706050001027,2324.6436940025887,1,59,0.497368651601852,0.02008255859137359,3886.4715850089806,,code,2-1-2-1-1-1-0-1,0.5174512101932256,True,50,batch,True,pso,20,1,swarm
oe4-pilot-v2,oe4,swarm|batch|bc1|h1|pso|r1|N20|c50,syn-visual_dominant-arrays_vectors-r0,visual_dominant,arrays_vectors,0,0,2484686855457110652,2026-10-01T05:43:09.338+00:00,completed,epsilon,True,True,True,True,,2086.133223,2366.8992219973006,2358.9163500000723,1,52,0.46105976353153516,0.027875012652007147,3961.430094006652,,diagram,1-1-2-1-0-1-0-1,0.4889347761835423,True,50,batch,True,pso,20,1,swarm
oe4-pilot-v2,oe4,swarm|batch|bc1|h1|pso|r1|N20|c50,syn-visual_dominant-arrays_vectors-r2,visual_dominant,arrays_vectors,0,0,18083930375172244621,2026-10-01T05:43:09.339+00:00,completed,epsilon,True,True,True,True,,2101.129464,2403.6650030029705,2381.4147660013987,1,58,0.4939594688494195,0.027875012652007147,4262.749215025689,,diagram,1-1-2-1-1-1-1-1,0.5218344815014266,True,50,batch,True,pso,20,1,swarm
oe4-pilot-v2,oe4,swarm|batch|bc1|h1|pso|r1|N20|c50,syn-visual_dominant-functions-r3,visual_dominant,functions,0,0,15496158585802717903,2026-10-01T05:43:09.341+00:00,completed,epsilon,True,True,True,True,,2124.827974,2450.9007860033307,2442.7315320026537,1,58,0.45256029277229026,0.027874816274854664,4998.318721009296,,diagram,1-1-2-0-0-1-1-1,0.4804351090471449,True,50,batch,True,pso,20,1,swarm
oe4-pilot-v2,oe4,swarm|batch|bc1|h1|pso|r1|N20|c50,syn-visual_dominant-sequential-r2,visual_dominant,sequential,0,0,4355585619346073820,2026-10-01T05:43:09.331+00:00,completed,epsilon,True,True,True,True,,2258.486083,2467.735238999012,2455.3478400011954,2,58,0.4484135261977656,0.02008255859137359,2018.559305012752,,diagram,1-1-2-1-0-1-0-1,0.4684960847891392,True,50,batch,True,pso,20,1,swarm
oe4-pilot-v2,oe4,swarm|batch|bc1|h1|pso|r1|N20|c50,syn-visual_dominant-functions-r1,visual_dominant,functions,0,0,12724222799605840855,2026-10-01T05:43:09.340+00:00,completed,epsilon,True,True,True,True,,2166.312939,2489.6568529984506,2478.9599449977686,2,65,0.4941057150421845,0.007792650437785986,5939.825214022615,,code,2-0-2-1-1-1-0-1,0.5018983654799705,True,50,batch,True,pso,20,1,swarm
oe4-pilot-v2,oe4,swarm|batch|bc1|h1|pso|r1|N20|c50,syn-visual_dominant-conditional-r3,visual_dominant,conditional,0,0,12303691227522993195,2026-10-01T05:43:09.335+00:00,completed,epsilon,True,True,True,True,,2295.670197,2510.3741439997975,2504.7363199992105,2,60,0.4537572043126114,0.0036547194033032526,3206.546735001396,,diagram,1-1-2-1-0-1-1-1,0.45741192371591466,True,50,batch,True,pso,20,1,swarm
oe4-pilot-v2,oe4,swarm|batch|bc1|h1|pso|r1|N20|c50,syn-visual_dominant-arrays_vectors-r4,visual_dominant,arrays_vectors,0,0,13236652181889018265,2026-10-01T05:43:09.340+00:00,completed,epsilon,True,True,True,True,,2309.346294,2557.1567629995116,2553.3594359985727,2,60,0.49416530121267593,0.003415891924706871,4482.129067004469,,diagram,1-1-2-1-1-0-0-1,0.4975811931373828,True,50,batch,True,pso,20,1,swarm
oe4-pilot-v2,oe4,swarm|batch|bc1|h1|pso|r1|N20|c50,syn-logical_syntactic-repetitive-r4,logical_syntactic,repetitive,0,0,3613547958009930106,2026-10-01T05:43:09.350+00:00,completed,epsilon,True,True,True,True,,2155.715076,2549.444919997768,2544.2426480003633,2,61,0.4154283128506681,0.028970245585525245,4708.99334099301,,code,2-1-1-1-0-1-0-1,0.44439855843619336,True,50,batch,True,pso,20,1,swarm
oe4-pilot-v2,oe4,swarm|batch|bc1|h1|pso|r1|N20|c50,syn-logical_syntactic-arrays_vectors-r1,logical_syntactic,arrays_vectors,0,0,13327273701071249688,2026-10-01T05:43:09.351+00:00,completed,epsilon,True,True,True,True,,2174.709091,2560.1608630022383,2556.0016259987606,2,65,0.47317793671230085,0.010866792799564984,4748.132950984433,,code,2-2-1-1-1-0-0-1,0.48404472951186583,True,50,batch,True,pso,20,1,swarm
oe4-pilot-v2,oe4,swarm|batch|bc1|h1|pso|r1|N20|c50,syn-visual_dominant-conditional-r1,visual_dominant,conditional,0,0,13928515270300365190,2026-10-01T05:43:09.333+00:00,completed,epsilon,True,True,True,True,,2440.341962,2589.5122189976973,2582.472874000814,3,67,0.43347702875536903,0.0036547194033032526,3656.659313996039,,diagram,1-1-2-1-0-1-0-1,0.4371317481586723,True,50,batch,True,pso,20,1,swarm
oe4-pilot-v2,oe4,swarm|batch|bc1|h1|pso|r1|N20|c50,syn-logical_syntactic-arrays_vectors-r3,logical_syntactic,arrays_vectors,0,0,3475821061836782133,2026-10-01T05:43:09.352+00:00,completed,epsilon,True,True,True,True,,2230.943221,2581.768767999165,2579.686282999319,2,62,0.5279095277556373,1.472828643489521e-07,4639.264328991867,,code,2-0-1-2-1-0-1-1,0.5279096750385016,True,50,batch,True,pso,20,1,swarm
oe4-pilot-v2,oe4,swarm|batch|bc1|h1|pso|r1|N20|c50,syn-logical_syntactic-arrays_vectors-r4,logical_syntactic,arrays_vectors,0,0,15069723113616053544,2026-10-01T05:43:09.352+00:00,completed,epsilon,True,True,True,True,,2233.223401,2587.2352449987375,2584.8824659988168,2,60,0.4592948548206536,0.007792650437785986,4569.745718001531,,code,2-0-1-1-0-1-1-1,0.46708750525843956,True,50,batch,True,pso,20,1,swarm
oe4-pilot-v2,oe4,swarm|batch|bc1|h1|pso|r1|N20|c50,syn-explanatory_conceptual-sequential-r1,explanatory_conceptual,sequential,0,0,3272787541859846898,2026-10-01T05:43:10.098+00:00,completed,epsilon,True,True,True,True,,650.901299,1923.6725150003622,1910.7218540011672,1,50,0.45267043074923324,0.006749225258040281,651.3009689882166,,text,0-1-0-1-2-1-0-1,0.4594196560072735,True,50,batch,True,pso,20,1,swarm
oe4-pilot-v2,oe4,swarm|batch|bc1|h1|pso|r1|N20|c50,syn-logical_syntactic-functions-r4,logical_syntactic,functions,0,0,10275058418311301455,2026-10-01T05:43:09.355+00:00,completed,epsilon,True,True,True,True,,2378.464132,2784.633051000128,2782.1040029994037,3,66,0.44825847177744416,0.007792650437785986,4206.1729700070855,,code,2-0-0-1-1-1-0-1,0.45605112221523014,True,50,batch,True,pso,20,1,swarm
oe4-pilot-v2,oe4,swarm|batch|bc1|h1|pso|r1|N20|c50,syn-explanatory_conceptual-sequential-r4,explanatory_conceptual,sequential,0,0,16212943396658008924,2026-10-01T05:43:10.212+00:00,completed,epsilon,True,True,True,True,,752.866974,1936.974222000572,1934.9089070019545,3,66,0.45722945344337185,0.009273546497608254,1201.232305010149,,text,1-1-1-0-2-1-1-1,0.4665029999409801,True,50,batch,True,pso,20,1,swarm
oe4-pilot-v2,oe4,swarm|batch|bc1|h1|pso|r1|N20|c50,syn-explanatory_conceptual-conditional-r0,explanatory_conceptual,conditional,0,0,5916953307552671090,2026-10-01T05:43:10.300+00:00,completed,epsilon,True,True,True,True,,729.81647,1852.8817030019127,1850.7498520011723,1,51,0.487737317609176,0.007792650437786042,967.2155950172322,,code,2-1-1-1-2-1-1-1,0.49552996804696203,True,50,batch,True,pso,20,1,swarm
oe4-pilot-v2,oe4,swarm|batch|bc1|h1|pso|r1|N20|c50,syn-explanatory_conceptual-conditional-r1,explanatory_conceptual,conditional,0,0,18124705353368190302,2026-10-01T05:43:10.309+00:00,completed,epsilon,True,True,True,True,,741.635206,1853.1179040001007,1851.5959940014,2,51,0.47520911893219114,0.0036547194033032526,636.8444200041661,,text,1-1-1-1-2-1-1-1,0.4788638383354944,True,50,batch,True,pso,20,1,swarm
oe4-pilot-v2,oe4,swarm|batch|bc1|h1|pso|r1|N20|c50,syn-explanatory_conceptual-conditional-r2,explanatory_conceptual,conditional,0,0,1341896759769893857,2026-10-01T05:43:10.317+00:00,completed,epsilon,True,True,True,True,,823.82203,1940.6750699999975,1938.6786920003942,1,53,0.4825120796519577,0.007792650437786042,1485.57170600538,,diagram,1-1-2-1-2-1-1-1,0.49030473008974373,True,50,batch,True,pso,20,1,swarm
oe4-pilot-v2,oe4,swarm|batch|bc1|h1|pso|r1|N20|c50,syn-explanatory_conceptual-repetitive-r0,explanatory_conceptual,repetitive,0,0,3237454591878846868,2026-10-01T05:43:10.474+00:00,completed,epsilon,True,True,True,True,,795.876365,1810.9268350017373,1807.914486998925,1,52,0.43547017695048224,0.030711075187125847,1138.2147020001562,,text,0-1-1-1-2-1-0-1,0.4661812521376081,True,50,batch,True,pso,20,1,swarm
oe4-pilot-v2,oe4,swarm|batch|bc1|h1|pso|r1|N20|c50,syn-explanatory_conceptual-conditional-r4,explanatory_conceptual,conditional,0,0,8670080275324173838,2026-10-01T05:43:10.459+00:00,completed,epsilon,True,True,True,True,,824.278205,1838.6305420026474,1836.969736003084,2,62,0.45734345073001487,0.007792650437786042,1584.3093130096554,,text,1-1-1-1-2-1-0-1,0.4651361011678009,True,50,batch,True,pso,20,1,swarm
oe4-pilot-v2,oe4,swarm|batch|bc1|h1|pso|r1|N20|c50,syn-explanatory_conceptual-repetitive-r2,explanatory_conceptual,repetitive,0,0,10189736659373836677,2026-10-01T05:43:10.677+00:00,completed,epsilon,True,True,True,True,,861.62312,1732.9522810032358,1730.5427249993954,1,52,0.49088145414572526,0.0017991482131319847,1376.8953079934686,,text,1-0-1-1-2-1-1-1,0.49268060235885724,True,50,batch,True,pso,20,1,swarm
oe4-pilot-v2,oe4,swarm|batch|bc1|h1|pso|r1|N20|c50,syn-explanatory_conceptual-arrays_vectors-r0,explanatory_conceptual,arrays_vectors,0,0,8420274505294676143,2026-10-01T05:43:10.725+00:00,completed,epsilon,True,True,True,True,,952.943618,1800.371991997963,1798.2121109998843,1,56,0.49778085910851905,0.027875012652007147,2532.0274329867234,,text,1-1-1-1-2-1-0-1,0.5256558717605262,True,50,batch,True,pso,20,1,swarm
oe4-pilot-v2,oe4,swarm|batch|bc1|h1|pso|r1|N20|c50,syn-explanatory_conceptual-arrays_vectors-r1,explanatory_conceptual,arrays_vectors,0,0,11621185609108110648,2026-10-01T05:43:10.824+00:00,completed,epsilon,True,True,True,True,,902.206208,1712.93458099899,1711.0721149983874,1,51,0.4615647597787113,0.028694684783154678,1628.4199070047248,,text,0-1-0-1-2-1-1-1,0.490259444561866,True,50,batch,True,pso,20,1,swarm
oe4-pilot-v2,oe4,swarm|batch|bc1|h1|pso|r1|N20|c50,syn-explanatory_conceptual-arrays_vectors-r2,explanatory_conceptual,arrays_vectors,0,0,3616904053699891200,2026-10-01T05:43:10.861+00:00,completed,epsilon,True,True,True,True,,918.580426,1686.490315998526,1684.8792050004704,1,53,0.5002467392530876,0.027875012652007203,1524.1923869983705,,diagram,0-1-2-1-2-1-1-1,0.5281217519050948,True,50,batch,True,pso,20,1,swarm
oe4-pilot-v2,oe4,swarm|batch|bc1|h1|pso|r1|N20|c50,syn-explanatory_conceptual-arrays_vectors-r3,explanatory_conceptual,arrays_vectors,0,0,9640228565651749554,2026-10-01T05:43:10.931+00:00,completed,epsilon,True,True,True,True,,899.76828,1617.4491439996928,1614.6964899999148,1,51,0.4899428394838256,0.017498999281390593,1197.9228280032678,,text,0-1-1-1-2-1-0-1,0.5074418387652162,True,50,batch,True,pso,20,1,swarm
oe4-pilot-v2,oe4,swarm|batch|bc1|h1|pso|r1|N20|c50,syn-explanatory_conceptual-arrays_vectors-r4,explanatory_conceptual,arrays_vectors,0,0,12383051168938743430,2026-10-01T05:43:10.946+00:00,completed,epsilon,True,True,True,True,,1014.070659,1738.1683650019113,1736.482325999532,2,53,0.5099955953246345,0.007792650437785986,2072.6688119814453,,text,1-0-1-1-2-1-1-1,0.5177882457624204,True,50,batch,True,pso,20,1,swarm
oe4-pilot-v2,oe4,swarm|batch|bc1|h1|pso|r1|N20|c50,syn-visual_dominant-functions-r4,visual_dominant,functions,0,0,10259835321663512086,2026-10-01T05:43:09.342+00:00,completed,epsilon,True,True,True,True,,3145.717054,3361.7499119973218,3359.6518929989543,3,66,0.5026282462686158,1.9637715242826204e-07,6089.091397000825,,code,2-0-2-1-1-1-1-1,0.5026284426457682,True,50,batch,True,pso,20,1,swarm
oe4-pilot-v2,oe4,swarm|batch|bc1|h1|pso|r1|N20|c50,syn-explanatory_conceptual-functions-r3,explanatory_conceptual,functions,0,0,15409255459732107106,2026-10-01T05:43:11.089+00:00,completed,epsilon,True,True,True,True,,1053.74534,1666.7553480001516,1664.8869790005847,1,54,0.49777727535266225,0.007792650437785986,2186.564063009406,,text,1-0-1-1-2-1-1-1,0.5055699257904482,True,50,batch,True,pso,20,1,swarm
oe4-pilot-v2,oe4,swarm|batch|bc1|h1|pso|r1|N20|c50,syn-balanced_multimodal-sequential-r0,balanced_multimodal,sequential,0,0,12829628287881295465,2026-10-01T05:43:11.171+00:00,completed,epsilon,True,True,True,True,,1059.554557,1691.3845599992783,1680.4506000007677,2,62,0.4948649211252828,1.9637715242826204e-07,1974.5772019946296,,diagram,1-0-2-1-1-1-1-1,0.4948651175024352,True,50,batch,True,pso,20,1,swarm
oe4-pilot-v2,oe4,swarm|batch|bc1|h1|pso|r1|N20|c50,syn-balanced_multimodal-sequential-r1,balanced_multimodal,sequential,0,0,15851898587384579384,2026-10-01T05:43:11.267+00:00,completed,epsilon,True,True,True,True,,1166.883653,1738.006449999375,1735.299842999666,1,59,0.46254329609296624,0.023319774530693393,1344.0723080175096,,diagram,1-1-2-1-1-1-1-1,0.48586307062365963,True,50,batch,True,pso,20,1,swarm
oe4-pilot-v2,oe4,swarm|batch|bc1|h1|pso|r1|N20|c50,syn-logical_syntactic-repetitive-r3,logical_syntactic,repetitive,0,0,6665076571321463288,2026-10-01T05:43:09.350+00:00,completed,epsilon,True,True,True,True,,3292.619014,3689.12593999994,3683.256143998733,3,63,0.48216814861223045,0.0,4024.6124520034627,,code,2-0-1-0-1-1-0-1,0.48216814861223045,True,50,batch,True,pso,20,1,swarm
oe4-pilot-v2,oe4,swarm|batch|bc1|h1|pso|r1|N20|c50,syn-explanatory_conceptual-sequential-r3,explanatory_conceptual,sequential,0,0,15905282458092997945,2026-10-01T05:43:10.110+00:00,completed,epsilon,True,True,True,True,,1675.452004,2948.724122998101,2943.599580998125,2,57,0.4489765705985682,1.9637715242826204e-07,849.2862129855541,,text,1-0-1-1-2-1-1-1,0.44897676697572064,True,50,batch,True,pso,20,1,swarm
oe4-pilot-v2,oe4,swarm|batch|bc1|h1|pso|r1|N20|c50,syn-balanced_multimodal-sequential-r2,balanced_multimodal,sequential,0,0,9812259528755781404,2026-10-01T05:43:11.298+00:00,completed,epsilon,True,True,True,True,,1242.869885,1768.8343660011014,1766.5419670011033,2,60,0.5195512786534427,1.9637715242826204e-07,1502.8194700078698,,code,2-0-1-1-1-1-1-1,0.5195514750305952,True,50,batch,True,pso,20,1,swarm
oe4-pilot-v2,oe4,swarm|batch|bc1|h1|pso|r1|N20|c50,syn-explanatory_conceptual-conditional-r3,explanatory_conceptual,conditional,0,0,11332394261640184133,2026-10-01T05:43:10.429+00:00,completed,epsilon,True,True,True,True,,1600.956384,2639.0469090001716,2635.5225629995402,2,60,0.43096370532164535,0.0036547194033032526,1738.2593299976077,,text,1-1-0-1-2-1-0-1,0.4346184247249486,True,50,batch,True,pso,20,1,swarm
oe4-pilot-v2,oe4,swarm|batch|bc1|h1|pso|r1|N20|c50,syn-explanatory_conceptual-sequential-r0,explanatory_conceptual,sequential,0,0,14947352377729861017,2026-10-01T05:43:10.084+00:00,completed,epsilon,True,True,True,True,,1747.166169,3041.8491960008396,3039.4480809991364,4,71,0.467455645058524,0.0,833.4053370142947,,text,0-0-1-0-2-0-0-1,0.467455645058524,True,50,batch,True,pso,20,1,swarm
oe4-pilot-v2,oe4,swarm|batch|bc1|h1|pso|r1|N20|c50,syn-explanatory_conceptual-sequential-r2,explanatory_conceptual,sequential,0,0,7023970792698232399,2026-10-01T05:43:10.105+00:00,completed,epsilon,True,True,True,True,,1741.924063,3028.005017000396,3019.547160998627,4,73,0.45488132858608143,0.007792797720650335,1171.224195997188,,text,1-0-1-2-2-1-1-1,0.46267412630673177,True,50,batch,True,pso,20,1,swarm
oe4-pilot-v2,oe4,swarm|batch|bc1|h1|pso|r1|N20|c50,syn-explanatory_conceptual-repetitive-r1,explanatory_conceptual,repetitive,0,0,10148232421566165977,2026-10-01T05:43:10.558+00:00,completed,epsilon,True,True,True,True,,1643.298283,2637.438765999832,2623.7161670032947,2,60,0.5255407002055713,1.9637715242826204e-07,1823.2975049860831,,text,1-0-1-1-2-1-1-1,0.5255408965827237,True,50,batch,True,pso,20,1,swarm
oe4-pilot-v2,oe4,swarm|batch|bc1|h1|pso|r1|N20|c50,syn-balanced_multimodal-sequential-r3,balanced_multimodal,sequential,0,0,17396203175820366605,2026-10-01T05:43:11.435+00:00,completed,epsilon,True,True,True,True,,1006.483963,1763.055854000413,1747.7355240007455,3,64,0.5055952816994697,0.0,365.96945900750063,,text,1-0-1-0-2-1-1-1,0.5055952816994697,True,50,batch,True,pso,20,1,swarm
oe4-pilot-v2,oe4,swarm|batch|bc1|h1|pso|r1|N20|c50,syn-explanatory_conceptual-repetitive-r4,explanatory_conceptual,repetitive,0,0,615434091092212846,2026-10-01T05:43:10.720+00:00,completed,epsilon,True,True,True,True,,1661.358158,2488.6378159972082,2486.7786559989327,1,55,0.45405216601876935,0.02008255859137359,1039.8489919827102,,text,1-1-0-1-2-1-1-1,0.47413472461014294,True,50,batch,True,pso,20,1,swarm
oe4-pilot-v2,oe4,swarm|batch|bc1|h1|pso|r1|N20|c50,syn-balanced_multimodal-conditional-r0,balanced_multimodal,conditional,0,0,9492171042143771967,2026-10-01T05:43:11.522+00:00,completed,epsilon,True,True,True,True,,932.639259,1688.3115560012811,1685.1173930008372,1,54,0.48780502665661635,0.0036547194033032526,329.001466006192,,code,2-1-1-1-1-1-1-1,0.4914597460599196,True,50,batch,True,pso,20,1,swarm
oe4-pilot-v2,oe4,swarm|batch|bc1|h1|pso|r1|N20|c50,syn-explanatory_conceptual-repetitive-r3,explanatory_conceptual,repetitive,0,0,5679236231213962541,2026-10-01T05:43:10.686+00:00,completed,epsilon,True,True,True,True,,1675.003277,2528.8525670002855,2524.6805930000846,2,60,0.47773671108267024,0.009947252053144284,1140.907386000633,,text,1-0-1-0-2-1-1-1,0.4876839631358145,True,50,batch,True,pso,20,1,swarm
oe4-pilot-v2,oe4,swarm|batch|bc1|h1|pso|r1|N20|c50,syn-balanced_multimodal-conditional-r1,balanced_multimodal,conditional,0,0,12567349465944861023,2026-10-01T05:43:11.566+00:00,completed,epsilon,True,True,True,True,,854.479054,1672.0915070000046,1670.5793789988093,1,52,0.4988095313719645,0.0,385.80359499367825,,code,1-1-1-0-1-0-1-1,0.4988095313719645,True,50,batch,True,pso,20,1,swarm
oe4-pilot-v2,oe4,swarm|batch|bc1|h1|pso|r1|N20|c50,syn-balanced_multimodal-conditional-r2,balanced_multimodal,conditional,0,0,4742918314447581142,2026-10-01T05:43:11.605+00:00,completed,epsilon,True,True,True,True,,791.84863,1656.9470859976718,1655.2348949990119,1,52,0.4784409614577118,0.02094032221573877,653.3462070099886,,code,2-1-1-1-2-1-2-1,0.4993812836734506,True,50,batch,True,pso,20,1,swarm
oe4-pilot-v2,oe4,swarm|batch|bc1|h1|pso|r1|N20|c50,syn-balanced_multimodal-conditional-r3,balanced_multimodal,conditional,0,0,11394639668150330671,2026-10-01T05:43:11.628+00:00,completed,epsilon,True,True,True,True,,808.718968,1670.2618460003578,1668.3390759972099,1,51,0.4637423303052723,0.007792650437786042,508.78920499228616,,text,1-1-1-1-2-1-1-1,0.47153498074305833,True,50,batch,True,pso,20,1,swarm
oe4-pilot-v2,oe4,swarm|batch|bc1|h1|pso|r1|N20|c50,syn-explanatory_conceptual-functions-r0,explanatory_conceptual,functions,0,0,4847129841761666601,2026-10-01T05:43:10.951+00:00,completed,epsilon,True,True,True,True,,1628.890473,2353.3512559988594,2351.376598002389,1,51,0.4945698834876539,0.01617519995265254,2011.0801740020506,,text,1-2-1-1-2-0-1-1,0.5107450834403064,True,50,batch,True,pso,20,1,swarm
oe4-pilot-v2,oe4,swarm|batch|bc1|h1|pso|r1|N20|c50,syn-explanatory_conceptual-functions-r4,explanatory_conceptual,functions,0,0,13584105466744503536,2026-10-01T05:43:11.131+00:00,completed,epsilon,True,True,True,True,,1686.664971,2272.7783730006195,2270.8425499986333,2,58,0.4919079769589474,0.007792454060633558,1936.0663219987725,,text,1-0-1-0-2-1-1-1,0.49970043101958095,True,50,batch,True,pso,20,1,swarm
oe4-pilot-v2,oe4,swarm|batch|bc1|h1|pso|r1|N20|c50,syn-explanatory_conceptual-functions-r1,explanatory_conceptual,functions,0,0,8968182148387190867,2026-10-01T05:43:11.058+00:00,completed,epsilon,True,True,True,True,,1746.57563,2376.721347998682,2374.7095600010653,4,69,0.4985151422574555,0.014907373379307698,2177.882048005693,,code,2-2-1-2-2-0-0-1,0.5134225156367632,True,50,batch,True,pso,20,1,swarm
oe4-pilot-v2,oe4,swarm|batch|bc1|h1|pso|r1|N20|c50,syn-balanced_multimodal-repetitive-r2,balanced_multimodal,repetitive,0,0,12027688066564710874,2026-10-01T05:43:11.792+00:00,completed,epsilon,True,True,True,True,,692.647111,1660.7889699989755,1659.3686420019367,1,51,0.48695008664679024,0.02008255859137359,371.8256519996032,,code,2-1-2-1-1-1-2-1,0.5070326452381638,True,50,batch,True,pso,20,1,swarm
oe4-pilot-v2,oe4,swarm|batch|bc1|h1|pso|r1|N20|c50,syn-balanced_multimodal-repetitive-r3,balanced_multimodal,repetitive,0,0,10665835498416014906,2026-10-01T05:43:11.799+00:00,completed,epsilon,True,True,True,True,,694.527537,1657.2585920002894,1655.800212000031,1,51,0.4984038111225635,0.020082362214221106,407.90254099710853,,diagram,1-1-2-0-2-1-1-1,0.5184861733367846,True,50,batch,True,pso,20,1,swarm
oe4-pilot-v2,oe4,swarm|batch|bc1|h1|pso|r1|N20|c50,syn-balanced_multimodal-repetitive-r4,balanced_multimodal,repetitive,0,0,16842203000296662102,2026-10-01T05:43:11.830+00:00,completed,epsilon,True,True,True,True,,717.30449,1674.0716050007904,1672.5922650002758,1,50,0.5354470399519666,0.020082558591373645,632.4134620086443,,code,2-1-1-1-1-1-2-1,0.5555295985433403,True,50,batch,True,pso,20,1,swarm
oe4-pilot-v2,oe4,swarm|batch|bc1|h1|pso|r1|N20|c50,syn-balanced_multimodal-arrays_vectors-r1,balanced_multimodal,arrays_vectors,0,0,1557390382835702406,2026-10-01T05:43:11.897+00:00,completed,epsilon,True,True,True,True,,707.454003,1660.1068119998672,1658.4243360011897,1,56,0.5096115026932262,0.01001413080874669,709.8767590261692,,code,1-0-1-1-1-1-1-1,0.5196256335019729,True,50,batch,True,pso,20,1,swarm
oe4-pilot-v2,oe4,swarm|batch|bc1|h1|pso|r1|N20|c50,syn-balanced_multimodal-arrays_vectors-r2,balanced_multimodal,arrays_vectors,0,0,1551228789342824201,2026-10-01T05:43:11.900+00:00,completed,epsilon,True,True,True,True,,708.462786,1658.7009049981134,1657.3167189999367,1,53,0.5207081594293232,0.027875012652007092,517.3025790058363,,text,1-1-1-1-2-1-1-1,0.5485831720813303,True,50,batch,True,pso,20,1,swarm
oe4-pilot-v2,oe4,swarm|batch|bc1|h1|pso|r1|N20|c50,syn-balanced_multimodal-functions-r1,balanced_multimodal,functions,0,0,368220290834284782,2026-10-01T05:43:11.940+00:00,completed,epsilon,True,True,True,True,,774.426635,1700.8124819985824,1699.3783789985173,1,53,0.4917724457549157,0.02008255859137359,1115.8780250043014,,code,2-1-1-1-1-1-2-1,0.5118550043462893,True,50,batch,True,pso,20,1,swarm
oe4-pilot-v2,oe4,swarm|batch|bc1|h1|pso|r1|N20|c50,syn-balanced_multimodal-repetitive-r0,balanced_multimodal,repetitive,0,0,3839617547738254315,2026-10-01T05:43:11.705+00:00,completed,epsilon,True,True,True,True,,1112.250835,2086.439437996887,2083.846272998926,1,55,0.5383161833171735,0.020082558591373534,371.0985980100877,,code,2-1-1-1-1-1-2-1,0.558398741908547,True,50,batch,True,pso,20,1,swarm
oe4-pilot-v2,oe4,swarm|batch|bc1|h1|pso|r1|N20|c50,syn-balanced_multimodal-repetitive-r1,balanced_multimodal,repetitive,0,0,2659073220867155690,2026-10-01T05:43:11.742+00:00,completed,epsilon,True,True,True,True,,1114.294088,2056.8587880006817,2053.3905839984072,2,60,0.5300479510764751,1.9637715242826204e-07,395.80754701150676,,code,2-0-2-1-2-1-1-1,0.5300481474536275,True,50,batch,True,pso,20,1,swarm
oe4-pilot-v2,oe4,swarm|batch|bc1|h1|pso|r1|N20|c50,syn-balanced_multimodal-arrays_vectors-r4,balanced_multimodal,arrays_vectors,0,0,7080146454937735062,2026-10-01T05:43:11.923+00:00,completed,epsilon,True,True,True,True,,916.357813,1885.8464309996634,1883.0804909994185,1,53,0.5231764212501887,0.0034158919247068154,998.5872040020987,,code,2-1-1-1-1-0-1-1,0.5265923131748955,True,50,batch,True,pso,20,1,swarm
oe4-pilot-v2,oe4,swarm|batch|bc1|h1|pso|r1|N20|c50,syn-balanced_multimodal-functions-r3,balanced_multimodal,functions,0,0,18228905326412579013,2026-10-01T05:43:12.140+00:00,completed,epsilon,True,True,True,True,,873.108161,1670.7019860004948,1666.8297059986799,1,57,0.489537761565406,0.027875012652007147,1033.6316410102195,,diagram,1-1-2-1-2-1-1-1,0.5174127742174132,True,50,batch,True,pso,20,1,swarm
oe4-pilot-v2,oe4,swarm|batch|bc1|h1|pso|r1|N20|c50,syn-balanced_multimodal-arrays_vectors-r3,balanced_multimodal,arrays_vectors,0,0,11908930478528390133,2026-10-01T05:43:11.911+00:00,completed,epsilon,True,True,True,True,,922.075364,1900.8863599992765,1895.5602629976056,2,62,0.5326887851156756,0.019041613531884827,1208.61907800207,,code,1-0-1-1-1-0-1-1,0.5517303986475605,True,50,batch,True,pso,20,1,swarm
oe4-pilot-v2,oe4,swarm|batch|bc1|h1|pso|r1|N20|c50,syn-balanced_multimodal-sequential-r4,balanced_multimodal,sequential,0,0,16072189927809315852,2026-10-01T05:43:11.511+00:00,completed,epsilon,True,True,True,True,,1531.771422,2321.049892998417,2318.7267320026876,3,66,0.4997105397388589,0.006721039910257187,276.62344700139045,,code,2-2-2-1-2-1-2-1,0.5064315796491161,True,50,batch,True,pso,20,1,swarm
oe4-pilot-v2,oe4,swarm|batch|bc1|h1|pso|r1|N20|c50,syn-explanatory_conceptual-functions-r2,explanatory_conceptual,functions,0,0,15850266999198055000,2026-10-01T05:43:11.070+00:00,completed,epsilon,True,True,True,True,,2121.566056,2765.921594000247,2763.2463250010915,3,67,0.4811703400530759,0.005038735019827212,1753.526004992891,,text,1-0-1-1-2-1-0-1,0.4862090750729031,True,50,batch,True,pso,20,1,swarm
oe4-pilot-v2,oe4,swarm|batch|bc1|h1|pso|r1|N20|c50,syn-balanced_multimodal-conditional-r4,balanced_multimodal,conditional,0,0,2277667993778051270,2026-10-01T05:43:11.669+00:00,completed,epsilon,True,True,True,True,,1259.144862,2173.2759379992785,2170.959904000483,3,62,0.4970117057765307,1.963771524837732e-07,324.16961699516656,,code,2-1-1-1-2-0-2-1,0.4970119021536832,True,50,batch,True,pso,20,1,swarm
oe4-pilot-v2,oe4,swarm|batch|bc1|h1|pso|r1|N20|c50,syn-balanced_multimodal-functions-r0,balanced_multimodal,functions,0,0,2933908082685948832,2026-10-01T05:43:11.934+00:00,completed,epsilon,True,True,True,True,,976.218093,1919.9148299994704,1918.078056001832,2,60,0.5082813071929754,0.022699680157076907,1176.9192809934148,,code,2-2-2-1-1-1-1-1,0.5309809873500523,True,50,batch,True,pso,20,1,swarm
oe4-pilot-v2,oe4,swarm|batch|bc1|h1|pso|r1|N20|c50,syn-balanced_multimodal-arrays_vectors-r0,balanced_multimodal,arrays_vectors,0,0,8202019099685287209,2026-10-01T05:43:11.845+00:00,completed,epsilon,True,True,True,True,,1062.492269,2011.6944410001452,2009.8964259996137,2,62,0.5214552573504015,0.007792454060633558,596.2601650143743,,code,2-0-1-0-2-1-1-1,0.5292477114110351,True,50,batch,True,pso,20,1,swarm
oe4-pilot-v2,oe4,swarm|batch|bc1|h1|pso|r1|N20|c50,syn-balanced_multimodal-functions-r4,balanced_multimodal,functions,0,0,4683180797726806680,2026-10-01T05:43:12.149+00:00,completed,epsilon,True,True,True,True,,948.053225,1709.1162619981333,1707.476781000878,2,57,0.4810101863870243,0.022699680157077018,1027.6787720087034,,diagram,1-2-2-1-1-1-1-1,0.5037098665441013,True,50,batch,True,pso,20,1,swarm
oe4-pilot-v2,oe4,swarm|batch|bc1|h1|pso|r1|N20|c50,syn-balanced_multimodal-functions-r2,balanced_multimodal,functions,0,0,8673480799685267205,2026-10-01T05:43:12.021+00:00,completed,epsilon,True,True,True,True,,971.272036,1844.5441730000312,1842.6926850006566,3,67,0.5181875250450265,0.0,1243.430381994021,,code,2-0-1-0-1-0-1-1,0.5181875250450265,True,50,batch,True,pso,20,1,swarm
oe4-pilot-v2,oe4,swarm|batch|bc1|h1|pso|r1|N20|c50,syn-visual_dominant-sequential-r0,visual_dominant,sequential,0,1,8580140326324496627,2026-10-01T05:43:13.866+00:00,completed,epsilon,True,True,True,True,,556.926908,638.482615002431,636.93405000231,1,56,0.45572350868757355,0.02008255859137359,465.95040899339097,,diagram,1-1-2-1-1-1-0-1,0.47580606727894714,True,50,batch,True,pso,20,1,swarm
oe4-pilot-v2,oe4,swarm|batch|bc1|h1|pso|r1|N20|c50,syn-visual_dominant-repetitive-r1,visual_dominant,repetitive,0,1,9493985239135120539,2026-10-01T05:43:13.872+00:00,completed,epsilon,True,True,True,True,,588.300287,662.7093639981467,660.7990299999074,4,63,0.49141108956712465,0.0,605.0522360105643,,code,2-0-2-0-1-1-1-1,0.49141108956712465,True,50,batch,True,pso,20,1,swarm
oe4-pilot-v2,oe4,swarm|batch|bc1|h1|pso|r1|N20|c50,syn-visual_dominant-conditional-r0,visual_dominant,conditional,0,1,11471567894967710186,2026-10-01T05:43:13.869+00:00,completed,epsilon,True,True,True,True,,650.286114,736.2662099985755,734.6976150001865,1,55,0.4683786250362893,0.007792650437786042,1223.4491589897627,,diagram,1-1-2-1-0-1-0-1,0.47617127547407534,True,50,batch,True,pso,20,1,swarm
oe4-pilot-v2,oe4,swarm|batch|bc1|h1|pso|r1|N20|c50,syn-visual_dominant-repetitive-r0,visual_dominant,repetitive,0,1,3652346516165016234,2026-10-01T05:43:13.872+00:00,completed,epsilon,True,True,True,True,,733.219152,829.1116110012808,826.8461599982402,1,56,0.46998170127395994,0.02008255859137359,2047.1786009783827,,diagram,1-1-2-1-1-1-0-1,0.49006425986533353,True,50,batch,True,pso,20,1,swarm
oe4-pilot-v2,oe4,swarm|batch|bc1|h1|pso|r1|N20|c50,syn-visual_dominant-conditional-r4,visual_dominant,conditional,0,1,7123775909059268369,2026-10-01T05:43:13.871+00:00,completed,epsilon,True,True,True,True,,739.661178,847.1621739990951,845.4303220023576,1,51,0.43905885028638547,0.009598091106895246,1644.0118459846935,,diagram,1-1-2-0-1-0-1-1,0.4486569413932807,True,50,batch,True,pso,20,1,swarm
oe4-pilot-v2,oe4,swarm|batch|bc1|h1|pso|r1|N20|c50,syn-visual_dominant-conditional-r2,visual_dominant,conditional,0,1,7530803405880337628,2026-10-01T05:43:13.870+00:00,completed,epsilon,True,True,True,True,,757.683644,863.0638479990012,861.4806599980511,2,60,0.47576325269917313,1.963771524837732e-07,1840.6925389913415,,code,2-1-2-1-1-0-1-1,0.4757634490763256,True,50,batch,True,pso,20,1,swarm
oe4-pilot-v2,oe4,swarm|batch|bc1|h1|pso|r1|N20|c50,syn-visual_dominant-functions-r0,visual_dominant,functions,0,1,11375697626506085209,2026-10-01T05:43:13.876+00:00,completed,epsilon,True,True,True,True,,825.03154,939.8096600016288,937.6168419985333,1,50,0.47798454429270243,0.019803777820581292,1977.4293720020205,,diagram,1-2-2-1-1-1-0-1,0.4977883221132837,True,50,batch,True,pso,20,1,swarm
oe4-pilot-v2,oe4,swarm|batch|bc1|h1|pso|r1|N20|c50,syn-visual_dominant-functions-r2,visual_dominant,functions,0,1,2855966151648987497,2026-10-01T05:43:13.877+00:00,completed,epsilon,True,True,True,True,,851.090352,962.8113200014923,961.0172690008767,3,64,0.471376010746655,1.9637715242826204e-07,2773.2653380053107,,diagram,1-0-2-1-1-0-1-1,0.47137620712380746,True,50,batch,True,pso,20,1,swarm
oe4-pilot-v2,oe4,swarm|batch|bc1|h1|pso|r1|N20|c50,syn-logical_syntactic-sequential-r0,logical_syntactic,sequential,0,1,13362044807751343064,2026-10-01T05:43:13.878+00:00,completed,epsilon,True,True,True,True,,908.262701,1049.0325870014203,1047.155312000541,1,54,0.4761350201294624,0.020082362214221106,3117.5663729990692,,code,2-1-1-0-0-1-0-1,0.4962173823436835,True,50,batch,True,pso,20,1,swarm
oe4-pilot-v2,oe4,swarm|batch|bc1|h1|pso|r1|N20|c50,syn-logical_syntactic-sequential-r2,logical_syntactic,sequential,0,1,15643440995604996842,2026-10-01T05:43:13.879+00:00,completed,epsilon,True,True,True,True,,918.654567,1065.5518410021614,1063.796505000937,1,50,0.5052479809084092,0.0034158919247069264,2811.887393008331,,code,2-1-0-1-1-1-1-1,0.5086638728331161,True,50,batch,True,pso,20,1,swarm
oe4-pilot-v2,oe4,swarm|batch|bc1|h1|pso|r1|N20|c50,syn-logical_syntactic-sequential-r1,logical_syntactic,sequential,0,1,14311645315440717423,2026-10-01T05:43:13.878+00:00,completed,epsilon,True,True,True,True,,946.67794,1081.9401509979798,1078.960343998915,3,67,0.4825463618186212,0.0,3511.6266389933603,,code,2-0-1-0-1-1-0-1,0.4825463618186212,True,50,batch,True,pso,20,1,swarm
oe4-pilot-v2,oe4,swarm|batch|bc1|h1|pso|r1|N20|c50,syn-logical_syntactic-conditional-r0,logical_syntactic,conditional,0,1,4732552759670585228,2026-10-01T05:43:13.880+00:00,completed,epsilon,True,True,True,True,,1016.990044,1199.9192509974819,1197.6549540013366,1,59,0.4552124341978106,0.0036547194033032526,4433.6896160024,,code,2-1-1-1-0-1-0-1,0.45886715360111385,True,50,batch,True,pso,20,1,swarm
oe4-pilot-v2,oe4,swarm|batch|bc1|h1|pso|r1|N20|c50,syn-logical_syntactic-sequential-r3,logical_syntactic,sequential,0,1,16960600487627624599,2026-10-01T05:43:13.879+00:00,completed,epsilon,True,True,True,True,,1066.77616,1221.5282659999502,1219.832242000848,3,64,0.47454039043400664,1.9637715242826204e-07,3516.0186660101053,,code,2-0-1-1-1-1-0-1,0.47454058681115907,True,50,batch,True,pso,20,1,swarm
oe4-pilot-v2,oe4,swarm|batch|bc1|h1|pso|r1|N20|c50,syn-logical_syntactic-conditional-r1,logical_syntactic,conditional,0,1,16767561851559065070,2026-10-01T05:43:13.881+00:00,completed,epsilon,True,True,True,True,,1045.838203,1225.9595150026144,1224.2417880006542,2,61,0.4440319075303329,0.007792650437786042,4282.269839992118,,code,2-1-1-1-0-1-0-1,0.45182455796811893,True,50,batch,True,pso,20,1,swarm
oe4-pilot-v2,oe4,swarm|batch|bc1|h1|pso|r1|N20|c50,syn-logical_syntactic-sequential-r4,logical_syntactic,sequential,0,1,17250185977012485747,2026-10-01T05:43:13.880+00:00,completed,epsilon,True,True,True,True,,1067.634975,1229.315463002422,1225.1250349982001,3,62,0.49533228036449595,0.0010555026473685336,4020.5442810162535,,code,2-0-1-2-1-0-0-0,0.4963877830118645,True,50,batch,True,pso,20,1,swarm
oe4-pilot-v2,oe4,swarm|batch|bc1|h1|pso|r1|N20|c50,syn-logical_syntactic-conditional-r2,logical_syntactic,conditional,0,1,6973891702751108736,2026-10-01T05:43:13.881+00:00,completed,epsilon,True,True,True,True,,1128.216692,1323.6977499982459,1322.16266800242,1,53,0.4631068467146388,0.0036547194033032526,3814.46738000216,,code,2-1-1-1-0-1-1-1,0.46676156611794206,True,50,batch,True,pso,20,1,swarm
oe4-pilot-v2,oe4,swarm|batch|bc1|h1|pso|r1|N20|c50,syn-visual_dominant-arrays_vectors-r1,visual_dominant,arrays_vectors,0,1,14387502913323118724,2026-10-01T05:43:13.874+00:00,completed,epsilon,True,True,True,True,,1135.858162,1334.1100190009456,1332.3282240016852,2,61,0.4406569611974138,0.01253564549090147,4577.037132013483,,diagram,1-2-2-1-1-0-1-0,0.4531926066883153,True,50,batch,True,pso,20,1,swarm
oe4-pilot-v2,oe4,swarm|batch|bc1|h1|pso|r1|N20|c50,syn-logical_syntactic-conditional-r3,logical_syntactic,conditional,0,1,6626061848004110554,2026-10-01T05:43:13.881+00:00,completed,epsilon,True,True,True,True,,1205.203051,1417.0344550002483,1412.081902999489,1,51,0.4614734643861827,0.007792650437786042,4006.9246530027285,,code,2-1-1-1-0-1-0-1,0.46926611482396874,True,50,batch,True,pso,20,1,swarm
oe4-pilot-v2,oe4,swarm|batch|bc1|h1|pso|r1|N20|c50,syn-visual_dominant-arrays_vectors-r3,visual_dominant,arrays_vectors,0,1,16074832408338533935,2026-10-01T05:43:13.875+00:00,completed,epsilon,True,True,True,True,,1199.929907,1431.3647229973867,1429.4028930016793,1,52,0.5104383568030326,0.017498999281390648,4373.761465989638,,diagram,0-1-2-1-1-1-0-1,0.5279373560844233,True,50,batch,True,pso,20,1,swarm
oe4-pilot-v2,oe4,swarm|batch|bc1|h1|pso|r1|N20|c50,syn-logical_syntactic-conditional-r4,logical_syntactic,conditional,0,1,2581103798954869873,2026-10-01T05:43:13.882+00:00,completed,epsilon,True,True,True,True,,1202.286947,1429.9646190011117,1428.3551509979588,1,51,0.4839345737065493,0.0036547194033032526,4096.438041998172,,code,2-1-1-1-1-1-1-1,0.48758929310985255,True,50,batch,True,pso,20,1,swarm
oe4-pilot-v2,oe4,swarm|batch|bc1|h1|pso|r1|N20|c50,syn-logical_syntactic-repetitive-r0,logical_syntactic,repetitive,0,1,2563900073831829840,2026-10-01T05:43:13.882+00:00,completed,epsilon,True,True,True,True,,1193.099587,1434.025714002928,1432.3914749984397,1,56,0.45068774937313677,0.02008255859137359,4198.890995987267,,code,2-1-2-1-0-1-1-1,0.47077030796451036,True,50,batch,True,pso,20,1,swarm
oe4-pilot-v2,oe4,swarm|batch|bc1|h1|pso|r1|N20|c50,syn-logical_syntactic-repetitive-r1,logical_syntactic,repetitive,0,1,1690962082425471307,2026-10-01T05:43:13.883+00:00,completed,epsilon,True,True,True,True,,1299.942,1546.5565199992852,1544.575956002518,1,56,0.46854772531455674,0.02008255859137359,4385.067060010751,,code,2-1-1-1-0-1-0-1,0.48863028390593033,True,50,batch,True,pso,20,1,swarm
oe4-pilot-v2,oe4,swarm|batch|bc1|h1|pso|r1|N20|c50,syn-logical_syntactic-repetitive-r2,logical_syntactic,repetitive,0,1,12298035747105259136,2026-10-01T05:43:13.883+00:00,completed,epsilon,True,True,True,True,,1303.079636,1556.394946997898,1554.161006002687,1,53,0.48860682289608054,0.02008255859137359,3962.606381010121,,code,2-1-1-1-1-1-1-1,0.5086893814874541,True,50,batch,True,pso,20,1,swarm
oe4-pilot-v2,oe4,swarm|batch|bc1|h1|pso|r1|N20|c50,syn-logical_syntactic-arrays_vectors-r0,logical_syntactic,arrays_vectors,0,1,14948705039163960895,2026-10-01T05:43:13.885+00:00,completed,epsilon,True,True,True,True,,1300.501428,1564.6613069984596,1562.709621997783,1,51,0.4856184373133194,0.02008255859137359,3888.1263719978,,code,2-1-1-1-0-0-1-1,0.505700995904693,True,50,batch,True,pso,20,1,swarm
oe4-pilot-v2,oe4,swarm|batch|bc1|h1|pso|r1|N20|c50,syn-logical_syntactic-arrays_vectors-r2,logical_syntactic,arrays_vectors,0,1,7678510444233138347,2026-10-01T05:43:13.885+00:00,completed,epsilon,True,True,True,True,,1353.28958,1635.651513999619,1634.0566630024114,1,59,0.49083089405366653,0.027874816274854664,4612.8646619768715,,code,2-1-1-0-0-1-0-1,0.5187057103285212,True,50,batch,True,pso,20,1,swarm
oe4-pilot-v2,oe4,swarm|batch|bc1|h1|pso|r1|N20|c50,syn-logical_syntactic-functions-r0,logical_syntactic,functions,0,1,15105445333404857368,2026-10-01T05:43:13.887+00:00,completed,epsilon,True,True,True,True,,1418.280583,1737.7131850007572,1735.4178969981149,1,53,0.4876998796280693,0.027875012652007147,3954.6677389973447,,code,2-1-1-1-1-1-0-1,0.5155748922800765,True,50,batch,True,pso,20,1,swarm
oe4-pilot-v2,oe4,swarm|batch|bc1|h1|pso|r1|N20|c50,syn-logical_syntactic-functions-r2,logical_syntactic,functions,0,1,6130147880867857550,2026-10-01T05:43:13.888+00:00,completed,epsilon,True,True,True,True,,1426.523045,1747.5714669999434,1745.6348170017009,1,59,0.4703323912858079,0.027875012652007147,4417.658894990201,,code,2-1-0-1-1-1-1-1,0.49820740393781504,True,50,batch,True,pso,20,1,swarm
oe4-pilot-v2,oe4,swarm|batch|bc1|h1|pso|r1|N20|c50,syn-logical_syntactic-functions-r3,logical_syntactic,functions,0,1,4820333934433401313,2026-10-01T05:43:13.888+00:00,completed,epsilon,True,True,True,True,,1426.242413,1760.8708059997298,1759.0379670000402,1,56,0.46627757409622445,0.02008255859137359,3890.2600300086915,,code,2-1-1-1-1-1-0-1,0.48636013268759803,True,50,batch,True,pso,20,1,swarm
oe4-pilot-v2,oe4,swarm|batch|bc1|h1|pso|r1|N20|c50,syn-visual_dominant-repetitive-r3,visual_dominant,repetitive,0,1,13061490195280824700,2026-10-01T05:43:13.873+00:00,completed,epsilon,True,True,True,True,,1529.741446,1916.456795999693,1913.8422640025965,2,48,0.5053299123828249,1.9637715242826204e-07,3154.77443601483,,diagram,1-0-2-1-0-1-0-1,0.5053301087599773,True,50,batch,True,pso,20,1,swarm
oe4-pilot-v2,oe4,swarm|batch|bc1|h1|pso|r1|N20|c50,syn-visual_dominant-sequential-r1,visual_dominant,sequential,0,1,17048800117076641484,2026-10-01T05:43:13.867+00:00,completed,epsilon,True,True,True,True,,1586.5619,2068.196126998373,2055.7237770008214,1,53,0.44878503224528293,0.02008255859137359,3219.8723100034085,,diagram,1-1-2-1-0-1-1-1,0.4688675908366565,True,50,batch,True,pso,20,1,swarm
oe4-pilot-v2,oe4,swarm|batch|bc1|h1|pso|r1|N20|c50,syn-visual_dominant-sequential-r3,visual_dominant,sequential,0,1,5551779150201999310,2026-10-01T05:43:13.868+00:00,completed,epsilon,True,True,True,True,,1900.606314,2085.7381369969517,2074.4471850011905,2,56,0.49689284274488765,1.9637715242826204e-07,1183.953808013636,,diagram,1-0-2-1-0-1-1-1,0.4968930391220401,True,50,batch,True,pso,20,1,swarm
oe4-pilot-v2,oe4,swarm|batch|bc1|h1|pso|r1|N20|c50,syn-visual_dominant-sequential-r4,visual_dominant,sequential,0,1,13994061115368628468,2026-10-01T05:43:13.868+00:00,completed,epsilon,True,True,True,True,,1918.617578,2122.020637998503,2115.1924199984933,3,61,0.4539909514952264,0.0,2029.8753700058348,,diagram,1-0-2-0-1-1-0-1,0.4539909514952264,True,50,batch,True,pso,20,1,swarm
oe4-pilot-v2,oe4,swarm|batch|bc1|h1|pso|r1|N20|c50,syn-visual_dominant-functions-r3,visual_dominant,functions,0,1,15496158585802717903,2026-10-01T05:43:13.877+00:00,completed,epsilon,True,True,True,True,,1922.541846,2154.7172809987387,2133.4645220013044,1,58,0.45256029277229026,0.027874816274854664,2729.781092997562,,diagram,1-1-2-0-0-1-1-1,0.4804351090471449,True,50,batch,True,pso,20,1,swarm
oe4-pilot-v2,oe4,swarm|batch|bc1|h1|pso|r1|N20|c50,syn-visual_dominant-functions-r1,visual_dominant,functions,0,1,12724222799605840855,2026-10-01T05:43:13.876+00:00,completed,epsilon,True,True,True,True,,1961.657584,2187.727681997785,2176.9894000026397,2,65,0.4941057150421845,0.007792650437785986,2958.367977003373,,code,2-0-2-1-1-1-0-1,0.5018983654799705,True,50,batch,True,pso,20,1,swarm
oe4-pilot-v2,oe4,swarm|batch|bc1|h1|pso|r1|N20|c50,syn-visual_dominant-repetitive-r4,visual_dominant,repetitive,0,1,5153165576748431564,2026-10-01T05:43:13.873+00:00,completed,epsilon,True,True,True,True,,1729.22883,2247.0850749996316,2237.471574000665,1,56,0.43539326357179114,0.032214241800902654,3697.864178973131,,diagram,0-1-2-1-0-1-0-1,0.4676075053726938,True,50,batch,True,pso,20,1,swarm
oe4-pilot-v2,oe4,swarm|batch|bc1|h1|pso|r1|N20|c50,syn-visual_dominant-conditional-r3,visual_dominant,conditional,0,1,12303691227522993195,2026-10-01T05:43:13.870+00:00,completed,epsilon,True,True,True,True,,2112.551643,2315.87583199871,2308.375182998134,2,60,0.4537572043126114,0.0036547194033032526,978.0992910008335,,diagram,1-1-2-1-0-1-1-1,0.45741192371591466,True,50,batch,True,pso,20,1,swarm
oe4-pilot-v2,oe4,swarm|batch|bc1|h1|pso|r1|N20|c50,syn-logical_syntactic-arrays_vectors-r1,logical_syntactic,arrays_vectors,0,1,13327273701071249688,2026-10-01T05:43:13.885+00:00,completed,epsilon,True,True,True,True,,2031.7146,2374.545090999163,2368.841452000197,2,65,0.47317793671230085,0.010866792799564984,4091.7107360160544,,code,2-2-1-1-1-0-0-1,0.48404472951186583,True,50,batch,True,pso,20,1,swarm
oe4-pilot-v2,oe4,swarm|batch|bc1|h1|pso|r1|N20|c50,syn-logical_syntactic-repetitive-r4,logical_syntactic,repetitive,0,1,3613547958009930106,2026-10-01T05:43:13.884+00:00,completed,epsilon,True,True,True,True,,2043.866082,2391.7344479996245,2383.740534998651,2,61,0.4154283128506681,0.028970245585525245,4187.564450014076,,code,2-1-1-1-0-1-0-1,0.44439855843619336,True,50,batch,True,pso,20,1,swarm
oe4-pilot-v2,oe4,swarm|batch|bc1|h1|pso|r1|N20|c50,syn-visual_dominant-conditional-r1,visual_dominant,conditional,0,1,13928515270300365190,2026-10-01T05:43:13.869+00:00,completed,epsilon,True,True,True,True,,2265.713052,2419.5636969998304,2413.3625219983514,3,67,0.43347702875536903,0.0036547194033032526,1410.3666499894773,,diagram,1-1-2-1-0-1-0-1,0.4371317481586723,True,50,batch,True,pso,20,1,swarm
oe4-pilot-v2,oe4,swarm|batch|bc1|h1|pso|r1|N20|c50,syn-visual_dominant-arrays_vectors-r4,visual_dominant,arrays_vectors,0,1,13236652181889018265,2026-10-01T05:43:13.876+00:00,completed,epsilon,True,True,True,True,,2165.016733,2417.787375001353,2411.1279450007714,2,60,0.49416530121267593,0.003415891924706871,4178.406384993747,,diagram,1-1-2-1-1-0-0-1,0.4975811931373828,True,50,batch,True,pso,20,1,swarm
oe4-pilot-v2,oe4,swarm|batch|bc1|h1|pso|r1|N20|c50,syn-logical_syntactic-functions-r1,logical_syntactic,functions,0,1,7545233351544256523,2026-10-01T05:43:13.887+00:00,completed,epsilon,True,True,True,True,,2036.564406,2410.283573997731,2403.2463090006786,1,58,0.4742120227778769,0.021023062154443717,3708.1725400168384,,code,2-0-1-2-0-0-0-1,0.4952350849323206,True,50,batch,True,pso,20,1,swarm
oe4-pilot-v2,oe4,swarm|batch|bc1|h1|pso|r1|N20|c50,syn-visual_dominant-sequential-r2,visual_dominant,sequential,0,1,4355585619346073820,2026-10-01T05:43:13.867+00:00,completed,epsilon,True,True,True,True,,2172.969493,2434.196427999268,2430.9389179979917,2,58,0.4484135261977656,0.02008255859137359,3737.6779030133,,diagram,1-1-2-1-0-1-0-1,0.4684960847891392,True,50,batch,True,pso,20,1,swarm
oe4-pilot-v2,oe4,swarm|batch|bc1|h1|pso|r1|N20|c50,syn-visual_dominant-arrays_vectors-r0,visual_dominant,arrays_vectors,0,1,2484686855457110652,2026-10-01T05:43:13.874+00:00,completed,epsilon,True,True,True,True,,2022.675586,2436.7260670005635,2434.411149999505,1,52,0.46105976353153516,0.027875012652007147,3210.429142007525,,diagram,1-1-2-1-0-1-0-1,0.4889347761835423,True,50,batch,True,pso,20,1,swarm
oe4-pilot-v2,oe4,swarm|batch|bc1|h1|pso|r1|N20|c50,syn-visual_dominant-arrays_vectors-r2,visual_dominant,arrays_vectors,0,1,18083930375172244621,2026-10-01T05:43:13.874+00:00,completed,epsilon,True,True,True,True,,2026.495445,2440.923517999181,2437.6433830002497,1,58,0.4939594688494195,0.027875012652007147,3494.2472340147983,,diagram,1-1-2-1-1-1-1-1,0.5218344815014266,True,50,batch,True,pso,20,1,swarm
oe4-pilot-v2,oe4,swarm|batch|bc1|h1|pso|r1|N20|c50,syn-logical_syntactic-arrays_vectors-r3,logical_syntactic,arrays_vectors,0,1,3475821061836782133,2026-10-01T05:43:13.886+00:00,completed,epsilon,True,True,True,True,,2132.715019,2440.878805002285,2438.0795670003863,2,62,0.5279095277556373,1.472828643489521e-07,4298.040073002125,,code,2-0-1-2-1-0-1-1,0.5279096750385016,True,50,batch,True,pso,20,1,swarm
oe4-pilot-v2,oe4,swarm|batch|bc1|h1|pso|r1|N20|c50,syn-logical_syntactic-arrays_vectors-r4,logical_syntactic,arrays_vectors,0,1,15069723113616053544,2026-10-01T05:43:13.886+00:00,completed,epsilon,True,True,True,True,,2135.375144,2461.1451649980154,2455.539623002551,2,60,0.4592948548206536,0.007792650437785986,4171.907123006041,,code,2-0-1-1-0-1-1-1,0.46708750525843956,True,50,batch,True,pso,20,1,swarm
oe4-pilot-v2,oe4,swarm|batch|bc1|h1|pso|r1|N20|c50,syn-visual_dominant-repetitive-r2,visual_dominant,repetitive,0,1,15577984090316381348,2026-10-01T05:43:13.872+00:00,completed,epsilon,True,True,True,True,,2100.986421,2499.3376200000057,2496.758929999487,1,59,0.497368651601852,0.02008255859137359,3646.8251049833125,,code,2-1-2-1-1-1-0-1,0.5174512101932256,True,50,batch,True,pso,20,1,swarm
oe4-pilot-v2,oe4,swarm|batch|bc1|h1|pso|r1|N20|c50,syn-logical_syntactic-functions-r4,logical_syntactic,functions,0,1,10275058418311301455,2026-10-01T05:43:13.889+00:00,completed,epsilon,True,True,True,True,,2151.307814,2490.792083000997,2488.709209999797,3,66,0.44825847177744416,0.007792650437785986,4242.690786005306,,code,2-0-0-1-1-1-0-1,0.45605112221523014,True,50,batch,True,pso,20,1,swarm
oe4-pilot-v2,oe4,swarm|batch|bc1|h1|pso|r1|N20|c50,syn-explanatory_conceptual-sequential-r1,explanatory_conceptual,sequential,0,1,3272787541859846898,2026-10-01T05:43:14.535+00:00,completed,epsilon,True,True,True,True,,652.761874,1909.9273919964617,1908.5241009997844,1,50,0.45267043074923324,0.006749225258040281,992.4751360089444,,text,0-1-0-1-2-1-0-1,0.4594196560072735,True,50,batch,True,pso,20,1,swarm
oe4-pilot-v2,oe4,swarm|batch|bc1|h1|pso|r1|N20|c50,syn-explanatory_conceptual-conditional-r0,explanatory_conceptual,conditional,0,1,5916953307552671090,2026-10-01T05:43:14.733+00:00,completed,epsilon,True,True,True,True,,703.909201,1815.9065619984176,1808.995398998377,1,51,0.487737317609176,0.007792650437786042,1427.8655130088216,,code,2-1-1-1-2-1-1-1,0.49552996804696203,True,50,batch,True,pso,20,1,swarm
oe4-pilot-v2,oe4,swarm|batch|bc1|h1|pso|r1|N20|c50,syn-explanatory_conceptual-conditional-r2,explanatory_conceptual,conditional,0,1,1341896759769893857,2026-10-01T05:43:14.840+00:00,completed,epsilon,True,True,True,True,,700.127089,1728.3627500000875,1726.4452859999437,1,53,0.4825120796519577,0.007792650437786042,1086.1949169963007,,diagram,1-1-2-1-2-1-1-1,0.49030473008974373,True,50,batch,True,pso,20,1,swarm
oe4-pilot-v2,oe4,swarm|batch|bc1|h1|pso|r1|N20|c50,syn-explanatory_conceptual-conditional-r1,explanatory_conceptual,conditional,0,1,18124705353368190302,2026-10-01T05:43:14.816+00:00,completed,epsilon,True,True,True,True,,721.352088,1754.6820850002405,1753.2392959983554,2,51,0.47520911893219114,0.0036547194033032526,1014.1005200094884,,text,1-1-1-1-2-1-1-1,0.4788638383354944,True,50,batch,True,pso,20,1,swarm
oe4-pilot-v2,oe4,swarm|batch|bc1|h1|pso|r1|N20|c50,syn-explanatory_conceptual-sequential-r4,explanatory_conceptual,sequential,0,1,16212943396658008924,2026-10-01T05:43:14.718+00:00,completed,epsilon,True,True,True,True,,749.897917,1855.6254129980516,1853.7971129990183,3,66,0.45722945344337185,0.009273546497608254,1916.0023569945924,,text,1-1-1-0-2-1-1-1,0.4665029999409801,True,50,batch,True,pso,20,1,swarm
oe4-pilot-v2,oe4,swarm|batch|bc1|h1|pso|r1|N20|c50,syn-explanatory_conceptual-repetitive-r0,explanatory_conceptual,repetitive,0,1,3237454591878846868,2026-10-01T05:43:14.960+00:00,completed,epsilon,True,True,True,True,,797.836458,1745.834248002211,1743.453455997951,1,52,0.43547017695048224,0.030711075187125847,1328.744262003912,,text,0-1-1-1-2-1-0-1,0.4661812521376081,True,50,batch,True,pso,20,1,swarm
oe4-pilot-v2,oe4,swarm|batch|bc1|h1|pso|r1|N20|c50,syn-explanatory_conceptual-repetitive-r2,explanatory_conceptual,repetitive,0,1,10189736659373836677,2026-10-01T05:43:15.101+00:00,completed,epsilon,True,True,True,True,,787.986739,1608.4573270018154,1606.9330220016127,1,52,0.49088145414572526,0.0017991482131319847,1341.7331190053835,,text,1-0-1-1-2-1-1-1,0.49268060235885724,True,50,batch,True,pso,20,1,swarm
oe4-pilot-v2,oe4,swarm|batch|bc1|h1|pso|r1|N20|c50,syn-explanatory_conceptual-conditional-r4,explanatory_conceptual,conditional,0,1,8670080275324173838,2026-10-01T05:43:14.945+00:00,completed,epsilon,True,True,True,True,,827.031063,1770.157474998996,1765.35037800204,2,62,0.45734345073001487,0.007792650437786042,1759.320429989941,,text,1-1-1-1-2-1-0-1,0.4651361011678009,True,50,batch,True,pso,20,1,swarm
oe4-pilot-v2,oe4,swarm|batch|bc1|h1|pso|r1|N20|c50,syn-visual_dominant-functions-r4,visual_dominant,functions,0,1,10259835321663512086,2026-10-01T05:43:13.878+00:00,completed,epsilon,True,True,True,True,,2717.296501,2844.733650999842,2842.9791760027,3,66,0.5026282462686158,1.9637715242826204e-07,3017.7834880036116,,code,2-0-2-1-1-1-1-1,0.5026284426457682,True,50,batch,True,pso,20,1,swarm
oe4-pilot-v2,oe4,swarm|batch|bc1|h1|pso|r1|N20|c50,syn-explanatory_conceptual-arrays_vectors-r0,explanatory_conceptual,arrays_vectors,0,1,8420274505294676143,2026-10-01T05:43:15.205+00:00,completed,epsilon,True,True,True,True,,854.363141,1612.3930139983713,1610.7098239990592,1,56,0.49778085910851905,0.027875012652007147,2412.4014140000418,,text,1-1-1-1-2-1-0-1,0.5256558717605262,True,50,batch,True,pso,20,1,swarm
oe4-pilot-v2,oe4,swarm|batch|bc1|h1|pso|r1|N20|c50,syn-explanatory_conceptual-arrays_vectors-r1,explanatory_conceptual,arrays_vectors,0,1,11621185609108110648,2026-10-01T05:43:15.208+00:00,completed,epsilon,True,True,True,True,,949.37295,1726.5014599979622,1724.6933069982333,1,51,0.4615647597787113,0.028694684783154678,2813.9590099956476,,text,0-1-0-1-2-1-1-1,0.490259444561866,True,50,batch,True,pso,20,1,swarm
oe4-pilot-v2,oe4,swarm|batch|bc1|h1|pso|r1|N20|c50,syn-explanatory_conceptual-arrays_vectors-r2,explanatory_conceptual,arrays_vectors,0,1,3616904053699891200,2026-10-01T05:43:15.298+00:00,completed,epsilon,True,True,True,True,,949.23538,1646.775698998681,1643.3280970013584,1,53,0.5002467392530876,0.027875012652007203,2404.530112007654,,diagram,0-1-2-1-2-1-1-1,0.5281217519050948,True,50,batch,True,pso,20,1,swarm
oe4-pilot-v2,oe4,swarm|batch|bc1|h1|pso|r1|N20|c50,syn-explanatory_conceptual-arrays_vectors-r3,explanatory_conceptual,arrays_vectors,0,1,9640228565651749554,2026-10-01T05:43:15.306+00:00,completed,epsilon,True,True,True,True,,952.093018,1645.591575997969,1643.4572159996605,1,51,0.4899428394838256,0.017498999281390593,2261.744861991878,,text,0-1-1-1-2-1-0-1,0.5074418387652162,True,50,batch,True,pso,20,1,swarm
oe4-pilot-v2,oe4,swarm|batch|bc1|h1|pso|r1|N20|c50,syn-explanatory_conceptual-arrays_vectors-r4,explanatory_conceptual,arrays_vectors,0,1,12383051168938743430,2026-10-01T05:43:15.312+00:00,completed,epsilon,True,True,True,True,,968.678165,1652.0134519996645,1650.539211997966,2,53,0.5099955953246345,0.007792650437785986,2546.637269008421,,text,1-0-1-1-2-1-1-1,0.5177882457624204,True,50,batch,True,pso,20,1,swarm
oe4-pilot-v2,oe4,swarm|batch|bc1|h1|pso|r1|N20|c50,syn-explanatory_conceptual-functions-r3,explanatory_conceptual,functions,0,1,15409255459732107106,2026-10-01T05:43:15.449+00:00,completed,epsilon,True,True,True,True,,975.012732,1624.5264479985053,1622.6129010028671,1,54,0.49777727535266225,0.007792650437785986,2045.0811690059288,,text,1-0-1-1-2-1-1-1,0.5055699257904482,True,50,batch,True,pso,20,1,swarm
oe4-pilot-v2,oe4,swarm|batch|bc1|h1|pso|r1|N20|c50,syn-logical_syntactic-repetitive-r3,logical_syntactic,repetitive,0,1,6665076571321463288,2026-10-01T05:43:13.884+00:00,completed,epsilon,True,True,True,True,,3014.161021,3302.9137440025806,3292.69990299872,3,63,0.48216814861223045,0.0,3846.1768200008773,,code,2-0-1-0-1-1-0-1,0.48216814861223045,True,50,batch,True,pso,20,1,swarm
oe4-pilot-v2,oe4,swarm|batch|bc1|h1|pso|r1|N20|c50,syn-balanced_multimodal-sequential-r1,balanced_multimodal,sequential,0,1,15851898587384579384,2026-10-01T05:43:15.635+00:00,completed,epsilon,True,True,True,True,,1052.929298,1629.738872001326,1625.5309939988365,1,59,0.46254329609296624,0.023319774530693393,1482.0513670152263,,diagram,1-1-2-1-1-1-1-1,0.48586307062365963,True,50,batch,True,pso,20,1,swarm
oe4-pilot-v2,oe4,swarm|batch|bc1|h1|pso|r1|N20|c50,syn-balanced_multimodal-sequential-r0,balanced_multimodal,sequential,0,1,12829628287881295465,2026-10-01T05:43:15.625+00:00,completed,epsilon,True,True,True,True,,1099.935047,1683.4029470010137,1680.4239120028797,2,62,0.4948649211252828,1.9637715242826204e-07,1494.0010079922565,,diagram,1-0-2-1-1-1-1-1,0.4948651175024352,True,50,batch,True,pso,20,1,swarm
oe4-pilot-v2,oe4,swarm|batch|bc1|h1|pso|r1|N20|c50,syn-balanced_multimodal-sequential-r2,balanced_multimodal,sequential,0,1,9812259528755781404,2026-10-01T05:43:15.649+00:00,completed,epsilon,True,True,True,True,,1167.140509,1734.3110490000981,1731.824898000923,2,60,0.5195512786534427,1.9637715242826204e-07,1665.353918998132,,code,2-0-1-1-1-1-1-1,0.5195514750305952,True,50,batch,True,pso,20,1,swarm
oe4-pilot-v2,oe4,swarm|batch|bc1|h1|pso|r1|N20|c50,syn-explanatory_conceptual-sequential-r3,explanatory_conceptual,sequential,0,1,15905282458092997945,2026-10-01T05:43:14.701+00:00,completed,epsilon,True,True,True,True,,1589.918382,2706.7013940031757,2704.6204840007704,2,57,0.4489765705985682,1.9637715242826204e-07,676.5411399836285,,text,1-0-1-1-2-1-1-1,0.44897676697572064,True,50,batch,True,pso,20,1,swarm
oe4-pilot-v2,oe4,swarm|batch|bc1|h1|pso|r1|N20|c50,syn-explanatory_conceptual-conditional-r3,explanatory_conceptual,conditional,0,1,11332394261640184133,2026-10-01T05:43:14.927+00:00,completed,epsilon,True,True,True,True,,1592.918012,2556.381596998108,2554.154738998477,2,60,0.43096370532164535,0.0036547194033032526,1586.8043659890009,,text,1-1-0-1-2-1-0-1,0.4346184247249486,True,50,batch,True,pso,20,1,swarm
oe4-pilot-v2,oe4,swarm|batch|bc1|h1|pso|r1|N20|c50,syn-balanced_multimodal-sequential-r3,balanced_multimodal,sequential,0,1,17396203175820366605,2026-10-01T05:43:15.789+00:00,completed,epsilon,True,True,True,True,,1115.096651,1701.8408690018987,1699.4314309995389,3,64,0.5055952816994697,0.0,196.74802599344696,,text,1-0-1-0-2-1-1-1,0.5055952816994697,True,50,batch,True,pso,20,1,swarm
oe4-pilot-v2,oe4,swarm|batch|bc1|h1|pso|r1|N20|c50,syn-explanatory_conceptual-sequential-r0,explanatory_conceptual,sequential,0,1,14947352377729861017,2026-10-01T05:43:14.505+00:00,completed,epsilon,True,True,True,True,,1685.077949,3001.786283999536,2988.1380619990523,4,71,0.467455645058524,0.0,450.06802500399453,,text,0-0-1-0-2-0-0-1,0.467455645058524,True,50,batch,True,pso,20,1,swarm
oe4-pilot-v2,oe4,swarm|batch|bc1|h1|pso|r1|N20|c50,syn-explanatory_conceptual-sequential-r2,explanatory_conceptual,sequential,0,1,7023970792698232399,2026-10-01T05:43:14.605+00:00,completed,epsilon,True,True,True,True,,1678.592545,2913.4503209970717,2906.051743997523,4,73,0.45488132858608143,0.007792797720650335,779.3095480022761,,text,1-0-1-2-2-1-1-1,0.46267412630673177,True,50,batch,True,pso,20,1,swarm
oe4-pilot-v2,oe4,swarm|batch|bc1|h1|pso|r1|N20|c50,syn-balanced_multimodal-conditional-r0,balanced_multimodal,conditional,0,1,9492171042143771967,2026-10-01T05:43:15.954+00:00,completed,epsilon,True,True,True,True,,869.073801,1580.0361019973934,1577.7882430011232,1,54,0.48780502665661635,0.0036547194033032526,385.90639500342746,,code,2-1-1-1-1-1-1-1,0.4914597460599196,True,50,batch,True,pso,20,1,swarm
oe4-pilot-v2,oe4,swarm|batch|bc1|h1|pso|r1|N20|c50,syn-explanatory_conceptual-repetitive-r3,explanatory_conceptual,repetitive,0,1,5679236231213962541,2026-10-01T05:43:15.107+00:00,completed,epsilon,True,True,True,True,,1607.957299,2432.199460999982,2427.920375001122,2,60,0.47773671108267024,0.009947252053144284,2394.19976799774,,text,1-0-1-0-2-1-1-1,0.4876839631358145,True,50,batch,True,pso,20,1,swarm
oe4-pilot-v2,oe4,swarm|batch|bc1|h1|pso|r1|N20|c50,syn-explanatory_conceptual-repetitive-r4,explanatory_conceptual,repetitive,0,1,615434091092212846,2026-10-01T05:43:15.109+00:00,completed,epsilon,True,True,True,True,,1603.940538,2435.777878999943,2433.89407399809,1,55,0.45405216601876935,0.02008255859137359,2199.270457998757,,text,1-1-0-1-2-1-1-1,0.47413472461014294,True,50,batch,True,pso,20,1,swarm
oe4-pilot-v2,oe4,swarm|batch|bc1|h1|pso|r1|N20|c50,syn-explanatory_conceptual-repetitive-r1,explanatory_conceptual,repetitive,0,1,10148232421566165977,2026-10-01T05:43:15.080+00:00,completed,epsilon,True,True,True,True,,1625.916963,2466.273539001122,2463.124402001995,2,60,0.5255407002055713,1.9637715242826204e-07,2536.906819999487,,text,1-0-1-1-2-1-1-1,0.5255408965827237,True,50,batch,True,pso,20,1,swarm
oe4-pilot-v2,oe4,swarm|batch|bc1|h1|pso|r1|N20|c50,syn-balanced_multimodal-conditional-r1,balanced_multimodal,conditional,0,1,12567349465944861023,2026-10-01T05:43:15.990+00:00,completed,epsilon,True,True,True,True,,759.580537,1572.5867640030629,1559.6012469977723,1,52,0.4988095313719645,0.0,222.45054100032488,,code,1-1-1-0-1-0-1-1,0.4988095313719645,True,50,batch,True,pso,20,1,swarm
oe4-pilot-v2,oe4,swarm|batch|bc1|h1|pso|r1|N20|c50,syn-balanced_multimodal-conditional-r2,balanced_multimodal,conditional,0,1,4742918314447581142,2026-10-01T05:43:16.032+00:00,completed,epsilon,True,True,True,True,,782.681978,1585.9460229985416,1583.135618999222,1,52,0.4784409614577118,0.02094032221573877,812.7797959823075,,code,2-1-1-1-2-1-2-1,0.4993812836734506,True,50,batch,True,pso,20,1,swarm
oe4-pilot-v2,oe4,swarm|batch|bc1|h1|pso|r1|N20|c50,syn-balanced_multimodal-conditional-r3,balanced_multimodal,conditional,0,1,11394639668150330671,2026-10-01T05:43:16.064+00:00,completed,epsilon,True,True,True,True,,786.106064,1559.6992390019295,1556.8091249988356,1,51,0.4637423303052723,0.007792650437786042,778.1151249821334,,text,1-1-1-1-2-1-1-1,0.47153498074305833,True,50,batch,True,pso,20,1,swarm
oe4-pilot-v2,oe4,swarm|batch|bc1|h1|pso|r1|N20|c50,syn-explanatory_conceptual-functions-r0,explanatory_conceptual,functions,0,1,4847129841761666601,2026-10-01T05:43:15.316+00:00,completed,epsilon,True,True,True,True,,1605.607296,2312.120311999024,2310.5394400008663,1,51,0.4945698834876539,0.01617519995265254,2464.20418499736,,text,1-2-1-1-2-0-1-1,0.5107450834403064,True,50,batch,True,pso,20,1,swarm
oe4-pilot-v2,oe4,swarm|batch|bc1|h1|pso|r1|N20|c50,syn-explanatory_conceptual-functions-r4,explanatory_conceptual,functions,0,1,13584105466744503536,2026-10-01T05:43:15.521+00:00,completed,epsilon,True,True,True,True,,1564.029235,2184.3860730004963,2179.718816001696,2,58,0.4919079769589474,0.007792454060633558,1612.4853179980464,,text,1-0-1-0-2-1-1-1,0.49970043101958095,True,50,batch,True,pso,20,1,swarm
oe4-pilot-v2,oe4,swarm|batch|bc1|h1|pso|r1|N20|c50,syn-explanatory_conceptual-functions-r1,explanatory_conceptual,functions,0,1,8968182148387190867,2026-10-01T05:43:15.429+00:00,completed,epsilon,True,True,True,True,,1667.208327,2285.551310000301,2283.46516700185,4,69,0.4985151422574555,0.014907373379307698,2566.5875350047995,,code,2-2-1-2-2-0-0-1,0.5134225156367632,True,50,batch,True,pso,20,1,swarm
oe4-pilot-v2,oe4,swarm|batch|bc1|h1|pso|r1|N20|c50,syn-balanced_multimodal-repetitive-r2,balanced_multimodal,repetitive,0,1,12027688066564710874,2026-10-01T05:43:16.276+00:00,completed,epsilon,True,True,True,True,,635.130641,1510.8884350011067,1509.3353760021273,1,51,0.48695008664679024,0.02008255859137359,452.34890700698577,,code,2-1-2-1-1-1-2-1,0.5070326452381638,True,50,batch,True,pso,20,1,swarm
oe4-pilot-v2,oe4,swarm|batch|bc1|h1|pso|r1|N20|c50,syn-balanced_multimodal-repetitive-r3,balanced_multimodal,repetitive,0,1,10665835498416014906,2026-10-01T05:43:16.289+00:00,completed,epsilon,True,True,True,True,,634.176664,1504.114142000617,1502.4550540001655,1,51,0.4984038111225635,0.020082362214221106,438.3669730084217,,diagram,1-1-2-0-2-1-1-1,0.5184861733367846,True,50,batch,True,pso,20,1,swarm
oe4-pilot-v2,oe4,swarm|batch|bc1|h1|pso|r1|N20|c50,syn-balanced_multimodal-repetitive-r4,balanced_multimodal,repetitive,0,1,16842203000296662102,2026-10-01T05:43:16.293+00:00,completed,epsilon,True,True,True,True,,643.382591,1504.8404909975943,1503.4608469977684,1,50,0.5354470399519666,0.020082558591373645,614.7568119985223,,code,2-1-1-1-1-1-2-1,0.5555295985433403,True,50,batch,True,pso,20,1,swarm
oe4-pilot-v2,oe4,swarm|batch|bc1|h1|pso|r1|N20|c50,syn-balanced_multimodal-arrays_vectors-r1,balanced_multimodal,arrays_vectors,0,1,1557390382835702406,2026-10-01T05:43:16.302+00:00,completed,epsilon,True,True,True,True,,715.77972,1585.208636999596,1579.7899460012559,1,56,0.5096115026932262,0.01001413080874669,1252.173041000071,,code,1-0-1-1-1-1-1-1,0.5196256335019729,True,50,batch,True,pso,20,1,swarm
oe4-pilot-v2,oe4,swarm|batch|bc1|h1|pso|r1|N20|c50,syn-balanced_multimodal-arrays_vectors-r2,balanced_multimodal,arrays_vectors,0,1,1551228789342824201,2026-10-01T05:43:16.310+00:00,completed,epsilon,True,True,True,True,,732.761705,1595.4281319973234,1593.4895890022744,1,53,0.5207081594293232,0.027875012652007092,944.38710699458,,text,1-1-1-1-2-1-1-1,0.5485831720813303,True,50,batch,True,pso,20,1,swarm
oe4-pilot-v2,oe4,swarm|batch|bc1|h1|pso|r1|N20|c50,syn-balanced_multimodal-functions-r1,balanced_multimodal,functions,0,1,368220290834284782,2026-10-01T05:43:16.372+00:00,completed,epsilon,True,True,True,True,,664.308771,1605.5987149993598,1603.8225089978368,1,53,0.4917724457549157,0.02008255859137359,308.22729298738653,,code,2-1-1-1-1-1-2-1,0.5118550043462893,True,50,batch,True,pso,20,1,swarm
oe4-pilot-v2,oe4,swarm|batch|bc1|h1|pso|r1|N20|c50,syn-balanced_multimodal-repetitive-r0,balanced_multimodal,repetitive,0,1,3839617547738254315,2026-10-01T05:43:16.186+00:00,completed,epsilon,True,True,True,True,,1049.22313,1915.582233999885,1912.9609779993189,1,55,0.5383161833171735,0.020082558591373534,300.34146801422264,,code,2-1-1-1-1-1-2-1,0.558398741908547,True,50,batch,True,pso,20,1,swarm
oe4-pilot-v2,oe4,swarm|batch|bc1|h1|pso|r1|N20|c50,syn-balanced_multimodal-repetitive-r1,balanced_multimodal,repetitive,0,1,2659073220867155690,2026-10-01T05:43:16.259+00:00,completed,epsilon,True,True,True,True,,968.425729,1850.7363360004092,1847.1097729998291,2,60,0.5300479510764751,1.9637715242826204e-07,202.71324199706382,,code,2-0-2-1-2-1-1-1,0.5300481474536275,True,50,batch,True,pso,20,1,swarm
oe4-pilot-v2,oe4,swarm|batch|bc1|h1|pso|r1|N20|c50,syn-balanced_multimodal-arrays_vectors-r3,balanced_multimodal,arrays_vectors,0,1,11908930478528390133,2026-10-01T05:43:16.315+00:00,completed,epsilon,True,True,True,True,,927.923261,1800.1754070028255,1797.2002030001022,2,62,0.5326887851156756,0.019041613531884827,1215.9692859974225,,code,1-0-1-1-1-0-1-1,0.5517303986475605,True,50,batch,True,pso,20,1,swarm
oe4-pilot-v2,oe4,swarm|batch|bc1|h1|pso|r1|N20|c50,syn-balanced_multimodal-arrays_vectors-r4,balanced_multimodal,arrays_vectors,0,1,7080146454937735062,2026-10-01T05:43:16.327+00:00,completed,epsilon,True,True,True,True,,927.912472,1790.5907360000128,1786.4246589997492,1,53,0.5231764212501887,0.0034158919247068154,1237.33408999185,,code,2-1-1-1-1-0-1-1,0.5265923131748955,True,50,batch,True,pso,20,1,swarm
oe4-pilot-v2,oe4,swarm|batch|bc1|h1|pso|r1|N20|c50,syn-balanced_multimodal-functions-r3,balanced_multimodal,functions,0,1,18228905326412579013,2026-10-01T05:43:16.445+00:00,completed,epsilon,True,True,True,True,,777.818028,1673.9455360002466,1668.509355000424,1,57,0.489537761565406,0.027875012652007147,730.1548259873789,,diagram,1-1-2-1-2-1-1-1,0.5174127742174132,True,50,batch,True,pso,20,1,swarm
oe4-pilot-v2,oe4,swarm|batch|bc1|h1|pso|r1|N20|c50,syn-balanced_multimodal-sequential-r4,balanced_multimodal,sequential,0,1,16072189927809315852,2026-10-01T05:43:15.935+00:00,completed,epsilon,True,True,True,True,,1458.369276,2200.557979002042,2198.122350000631,3,66,0.4997105397388589,0.006721039910257187,422.8537120052938,,code,2-2-2-1-2-1-2-1,0.5064315796491161,True,50,batch,True,pso,20,1,swarm
oe4-pilot-v2,oe4,swarm|batch|bc1|h1|pso|r1|N20|c50,syn-explanatory_conceptual-functions-r2,explanatory_conceptual,functions,0,1,15850266999198055000,2026-10-01T05:43:15.440+00:00,completed,epsilon,True,True,True,True,,2060.636689,2702.68085600037,2699.7258129995316,3,67,0.4811703400530759,0.005038735019827212,2098.8423889999754,,text,1-0-1-1-2-1-0-1,0.4862090750729031,True,50,batch,True,pso,20,1,swarm
oe4-pilot-v2,oe4,swarm|batch|bc1|h1|pso|r1|N20|c50,syn-balanced_multimodal-conditional-r4,balanced_multimodal,conditional,0,1,2277667993778051270,2026-10-01T05:43:16.120+00:00,completed,epsilon,True,True,True,True,,1188.116548,2025.1734820012643,2022.8013609994377,3,62,0.4970117057765307,1.963771524837732e-07,241.63141400476525,,code,2-1-1-1-2-0-2-1,0.4970119021536832,True,50,batch,True,pso,20,1,swarm
oe4-pilot-v2,oe4,swarm|batch|bc1|h1|pso|r1|N20|c50,syn-balanced_multimodal-functions-r0,balanced_multimodal,functions,0,1,2933908082685948832,2026-10-01T05:43:16.348+00:00,completed,epsilon,True,True,True,True,,912.94005,1804.7879990008369,1802.7369279989216,2,60,0.5082813071929754,0.022699680157076907,206.09457000702832,,code,2-2-2-1-1-1-1-1,0.5309809873500523,True,50,batch,True,pso,20,1,swarm
oe4-pilot-v2,oe4,swarm|batch|bc1|h1|pso|r1|N20|c50,syn-balanced_multimodal-functions-r4,balanced_multimodal,functions,0,1,4683180797726806680,2026-10-01T05:43:16.549+00:00,completed,epsilon,True,True,True,True,,833.428669,1606.6706870005873,1605.1117079987307,2,57,0.4810101863870243,0.022699680157077018,586.5613829976462,,diagram,1-2-2-1-1-1-1-1,0.5037098665441013,True,50,batch,True,pso,20,1,swarm
oe4-pilot-v2,oe4,swarm|batch|bc1|h1|pso|r1|N20|c50,syn-balanced_multimodal-arrays_vectors-r0,balanced_multimodal,arrays_vectors,0,1,8202019099685287209,2026-10-01T05:43:16.298+00:00,completed,epsilon,True,True,True,True,,994.868497,1859.5130150024488,1857.6473579996673,2,62,0.5214552573504015,0.007792454060633558,1284.4720089884534,,code,2-0-1-0-2-1-1-1,0.5292477114110351,True,50,batch,True,pso,20,1,swarm
oe4-pilot-v2,oe4,swarm|batch|bc1|h1|pso|r1|N20|c50,syn-balanced_multimodal-functions-r2,balanced_multimodal,functions,0,1,8673480799685267205,2026-10-01T05:43:16.379+00:00,completed,epsilon,True,True,True,True,,847.957863,1779.8514300011448,1778.0042979975406,3,67,0.5181875250450265,0.0,500.48425699573716,,code,2-0-1-0-1-0-1-1,0.5181875250450265,True,50,batch,True,pso,20,1,swarm
oe4-pilot-v2,oe4,swarm|batch|bc1|h1|pso|r1|N20|c50,syn-visual_dominant-repetitive-r3,visual_dominant,repetitive,0,2,13061490195280824700,2026-10-01T05:43:18.166+00:00,completed,epsilon,True,True,True,True,,688.631223,762.5962700003583,761.2251130012737,2,48,0.5053299123828249,1.9637715242826204e-07,469.2260390159636,,diagram,1-0-2-1-0-1-0-1,0.5053301087599773,True,50,batch,True,pso,20,1,swarm
oe4-pilot-v2,oe4,swarm|batch|bc1|h1|pso|r1|N20|c50,syn-visual_dominant-repetitive-r4,visual_dominant,repetitive,0,2,5153165576748431564,2026-10-01T05:43:18.166+00:00,completed,epsilon,True,True,True,True,,769.88271,855.0961100008863,853.2097019997309,1,56,0.43539326357179114,0.032214241800902654,1194.898524997439,,diagram,0-1-2-1-0-1-0-1,0.4676075053726938,True,50,batch,True,pso,20,1,swarm
oe4-pilot-v2,oe4,swarm|batch|bc1|h1|pso|r1|N20|c50,syn-visual_dominant-arrays_vectors-r1,visual_dominant,arrays_vectors,0,2,14387502913323118724,2026-10-01T05:43:18.167+00:00,completed,epsilon,True,True,True,True,,793.012744,870.4565370026103,868.7834940028552,2,61,0.4406569611974138,0.01253564549090147,968.3572129932326,,diagram,1-2-2-1-1-0-1-0,0.4531926066883153,True,50,batch,True,pso,20,1,swarm
oe4-pilot-v2,oe4,swarm|batch|bc1|h1|pso|r1|N20|c50,syn-visual_dominant-conditional-r0,visual_dominant,conditional,0,2,11471567894967710186,2026-10-01T05:43:18.162+00:00,completed,epsilon,True,True,True,True,,871.673809,968.1479499995476,966.3086500004283,1,55,0.4683786250362893,0.007792650437786042,2298.3699299911927,,diagram,1-1-2-1-0-1-0-1,0.47617127547407534,True,50,batch,True,pso,20,1,swarm
oe4-pilot-v2,oe4,swarm|batch|bc1|h1|pso|r1|N20|c50,syn-visual_dominant-repetitive-r0,visual_dominant,repetitive,0,2,3652346516165016234,2026-10-01T05:43:18.165+00:00,completed,epsilon,True,True,True,True,,873.291914,970.8442009978171,969.1115470013756,1,56,0.46998170127395994,0.02008255859137359,2163.058834020781,,diagram,1-1-2-1-1-1-0-1,0.49006425986533353,True,50,batch,True,pso,20,1,swarm
oe4-pilot-v2,oe4,swarm|batch|bc1|h1|pso|r1|N20|c50,syn-visual_dominant-arrays_vectors-r3,visual_dominant,arrays_vectors,0,2,16074832408338533935,2026-10-01T05:43:18.168+00:00,completed,epsilon,True,True,True,True,,872.854149,972.7457279986993,971.0727120000229,1,52,0.5104383568030326,0.017498999281390648,1848.3942549958258,,diagram,0-1-2-1-1-1-0-1,0.5279373560844233,True,50,batch,True,pso,20,1,swarm
oe4-pilot-v2,oe4,swarm|batch|bc1|h1|pso|r1|N20|c50,syn-visual_dominant-functions-r0,visual_dominant,functions,0,2,11375697626506085209,2026-10-01T05:43:18.169+00:00,completed,epsilon,True,True,True,True,,947.028441,1057.8391319977527,1056.0232669995457,1,50,0.47798454429270243,0.019803777820581292,3449.5424999899597,,diagram,1-2-2-1-1-1-0-1,0.4977883221132837,True,50,batch,True,pso,20,1,swarm
oe4-pilot-v2,oe4,swarm|batch|bc1|h1|pso|r1|N20|c50,syn-visual_dominant-functions-r2,visual_dominant,functions,0,2,2855966151648987497,2026-10-01T05:43:18.170+00:00,completed,epsilon,True,True,True,True,,967.787394,1079.7504570000456,1078.0054639981245,3,64,0.471376010746655,1.9637715242826204e-07,4066.4145640092493,,diagram,1-0-2-1-1-0-1-1,0.47137620712380746,True,50,batch,True,pso,20,1,swarm
oe4-pilot-v2,oe4,swarm|batch|bc1|h1|pso|r1|N20|c50,syn-logical_syntactic-sequential-r0,logical_syntactic,sequential,0,2,13362044807751343064,2026-10-01T05:43:18.171+00:00,completed,epsilon,True,True,True,True,,1033.758219,1169.8762849991908,1167.9484889973537,1,54,0.4761350201294624,0.020082362214221106,4746.778768005403,,code,2-1-1-0-0-1-0-1,0.4962173823436835,True,50,batch,True,pso,20,1,swarm
oe4-pilot-v2,oe4,swarm|batch|bc1|h1|pso|r1|N20|c50,syn-logical_syntactic-sequential-r2,logical_syntactic,sequential,0,2,15643440995604996842,2026-10-01T05:43:18.172+00:00,completed,epsilon,True,True,True,True,,1035.061444,1184.2430270007753,1182.465855999908,1,50,0.5052479809084092,0.0034158919247069264,4606.247299996804,,code,2-1-0-1-1-1-1-1,0.5086638728331161,True,50,batch,True,pso,20,1,swarm
oe4-pilot-v2,oe4,swarm|batch|bc1|h1|pso|r1|N20|c50,syn-logical_syntactic-sequential-r1,logical_syntactic,sequential,0,2,14311645315440717423,2026-10-01T05:43:18.171+00:00,completed,epsilon,True,True,True,True,,1066.678916,1199.8398050018295,1197.9630349997024,3,67,0.4825463618186212,0.0,5228.988191012067,,code,2-0-1-0-1-1-0-1,0.4825463618186212,True,50,batch,True,pso,20,1,swarm
oe4-pilot-v2,oe4,swarm|batch|bc1|h1|pso|r1|N20|c50,syn-logical_syntactic-conditional-r0,logical_syntactic,conditional,0,2,4732552759670585228,2026-10-01T05:43:18.173+00:00,completed,epsilon,True,True,True,True,,1122.893376,1297.6714859978529,1295.638133000466,1,59,0.4552124341978106,0.0036547194033032526,6251.810869005267,,code,2-1-1-1-0-1-0-1,0.45886715360111385,True,50,batch,True,pso,20,1,swarm
oe4-pilot-v2,oe4,swarm|batch|bc1|h1|pso|r1|N20|c50,syn-logical_syntactic-sequential-r3,logical_syntactic,sequential,0,2,16960600487627624599,2026-10-01T05:43:18.172+00:00,completed,epsilon,True,True,True,True,,1152.764086,1312.7927399982582,1311.0268310010724,3,64,0.47454039043400664,1.9637715242826204e-07,6379.58441400721,,code,2-0-1-1-1-1-0-1,0.47454058681115907,True,50,batch,True,pso,20,1,swarm
oe4-pilot-v2,oe4,swarm|batch|bc1|h1|pso|r1|N20|c50,syn-logical_syntactic-sequential-r4,logical_syntactic,sequential,0,2,17250185977012485747,2026-10-01T05:43:18.173+00:00,completed,epsilon,True,True,True,True,,1147.192167,1317.0686199991906,1315.2374130004318,3,62,0.49533228036449595,0.0010555026473685336,5903.355887983979,,code,2-0-1-2-1-0-0-0,0.4963877830118645,True,50,batch,True,pso,20,1,swarm
oe4-pilot-v2,oe4,swarm|batch|bc1|h1|pso|r1|N20|c50,syn-logical_syntactic-conditional-r2,logical_syntactic,conditional,0,2,6973891702751108736,2026-10-01T05:43:18.174+00:00,completed,epsilon,True,True,True,True,,1241.005784,1430.7064189997618,1428.1766080021043,1,53,0.4631068467146388,0.0036547194033032526,5425.640498998263,,code,2-1-1-1-0-1-1-1,0.46676156611794206,True,50,batch,True,pso,20,1,swarm
oe4-pilot-v2,oe4,swarm|batch|bc1|h1|pso|r1|N20|c50,syn-logical_syntactic-conditional-r3,logical_syntactic,conditional,0,2,6626061848004110554,2026-10-01T05:43:18.174+00:00,completed,epsilon,True,True,True,True,,1244.562558,1436.5984559990466,1434.8293469993223,1,51,0.4614734643861827,0.007792650437786042,5589.326601004807,,code,2-1-1-1-0-1-0-1,0.46926611482396874,True,50,batch,True,pso,20,1,swarm
oe4-pilot-v2,oe4,swarm|batch|bc1|h1|pso|r1|N20|c50,syn-logical_syntactic-conditional-r1,logical_syntactic,conditional,0,2,16767561851559065070,2026-10-01T05:43:18.174+00:00,completed,epsilon,True,True,True,True,,1261.264734,1443.7956209985714,1441.2488550005946,2,61,0.4440319075303329,0.007792650437786042,6040.23365301939,,code,2-1-1-1-0-1-0-1,0.45182455796811893,True,50,batch,True,pso,20,1,swarm
oe4-pilot-v2,oe4,swarm|batch|bc1|h1|pso|r1|N20|c50,syn-logical_syntactic-conditional-r4,logical_syntactic,conditional,0,2,2581103798954869873,2026-10-01T05:43:18.175+00:00,completed,epsilon,True,True,True,True,,1232.581223,1446.4898059995903,1444.242445002601,1,51,0.4839345737065493,0.0036547194033032526,5365.981530991125,,code,2-1-1-1-1-1-1-1,0.48758929310985255,True,50,batch,True,pso,20,1,swarm
oe4-pilot-v2,oe4,swarm|batch|bc1|h1|pso|r1|N20|c50,syn-logical_syntactic-repetitive-r0,logical_syntactic,repetitive,0,2,2563900073831829840,2026-10-01T05:43:18.176+00:00,completed,epsilon,True,True,True,True,,1237.209947,1450.0856759987073,1448.3747880003648,1,56,0.45068774937313677,0.02008255859137359,5825.753529995847,,code,2-1-2-1-0-1-1-1,0.47077030796451036,True,50,batch,True,pso,20,1,swarm
oe4-pilot-v2,oe4,swarm|batch|bc1|h1|pso|r1|N20|c50,syn-logical_syntactic-repetitive-r1,logical_syntactic,repetitive,0,2,1690962082425471307,2026-10-01T05:43:18.177+00:00,completed,epsilon,True,True,True,True,,1320.561986,1550.6042599990906,1548.6430999990262,1,56,0.46854772531455674,0.02008255859137359,6167.867558995723,,code,2-1-1-1-0-1-0-1,0.48863028390593033,True,50,batch,True,pso,20,1,swarm
oe4-pilot-v2,oe4,swarm|batch|bc1|h1|pso|r1|N20|c50,syn-logical_syntactic-repetitive-r2,logical_syntactic,repetitive,0,2,12298035747105259136,2026-10-01T05:43:18.177+00:00,completed,epsilon,True,True,True,True,,1312.436264,1558.0027300020447,1556.3046829993255,1,53,0.48860682289608054,0.02008255859137359,3920.925543994944,,code,2-1-1-1-1-1-1-1,0.5086893814874541,True,50,batch,True,pso,20,1,swarm
oe4-pilot-v2,oe4,swarm|batch|bc1|h1|pso|r1|N20|c50,syn-logical_syntactic-arrays_vectors-r0,logical_syntactic,arrays_vectors,0,2,14948705039163960895,2026-10-01T05:43:18.178+00:00,completed,epsilon,True,True,True,True,,1374.004147,1645.5534519991488,1644.0082219996839,1,51,0.4856184373133194,0.02008255859137359,3621.7700639971417,,code,2-1-1-1-0-0-1-1,0.505700995904693,True,50,batch,True,pso,20,1,swarm
oe4-pilot-v2,oe4,swarm|batch|bc1|h1|pso|r1|N20|c50,syn-logical_syntactic-arrays_vectors-r2,logical_syntactic,arrays_vectors,0,2,7678510444233138347,2026-10-01T05:43:18.179+00:00,completed,epsilon,True,True,True,True,,1299.338309,1661.0829329983972,1659.3609859992284,1,59,0.49083089405366653,0.027874816274854664,4536.5059909928605,,code,2-1-1-0-0-1-0-1,0.5187057103285212,True,50,batch,True,pso,20,1,swarm
oe4-pilot-v2,oe4,swarm|batch|bc1|h1|pso|r1|N20|c50,syn-logical_syntactic-functions-r0,logical_syntactic,functions,0,2,15105445333404857368,2026-10-01T05:43:18.181+00:00,completed,epsilon,True,True,True,True,,1375.506196,1746.9117440014088,1745.230435000849,1,53,0.4876998796280693,0.027875012652007147,3915.2676369900273,,code,2-1-1-1-1-1-0-1,0.5155748922800765,True,50,batch,True,pso,20,1,swarm
oe4-pilot-v2,oe4,swarm|batch|bc1|h1|pso|r1|N20|c50,syn-logical_syntactic-functions-r2,logical_syntactic,functions,0,2,6130147880867857550,2026-10-01T05:43:18.181+00:00,completed,epsilon,True,True,True,True,,1364.704651,1765.0379130027432,1763.030740999966,1,59,0.4703323912858079,0.027875012652007147,4302.828370016673,,code,2-1-0-1-1-1-1-1,0.49820740393781504,True,50,batch,True,pso,20,1,swarm
oe4-pilot-v2,oe4,swarm|batch|bc1|h1|pso|r1|N20|c50,syn-logical_syntactic-functions-r3,logical_syntactic,functions,0,2,4820333934433401313,2026-10-01T05:43:18.182+00:00,completed,epsilon,True,True,True,True,,1428.574046,1828.381690000242,1826.5334460011218,1,56,0.46627757409622445,0.02008255859137359,3731.012992985493,,code,2-1-1-1-1-1-0-1,0.48636013268759803,True,50,batch,True,pso,20,1,swarm
oe4-pilot-v2,oe4,swarm|batch|bc1|h1|pso|r1|N20|c50,syn-visual_dominant-sequential-r0,visual_dominant,sequential,0,2,8580140326324496627,2026-10-01T05:43:18.160+00:00,completed,epsilon,True,True,True,True,,1501.999153,2009.8779030013247,2004.8726909990364,1,56,0.45572350868757355,0.02008255859137359,3826.388675997746,,diagram,1-1-2-1-1-1-0-1,0.47580606727894714,True,50,batch,True,pso,20,1,swarm
oe4-pilot-v2,oe4,swarm|batch|bc1|h1|pso|r1|N20|c50,syn-visual_dominant-conditional-r4,visual_dominant,conditional,0,2,7123775909059268369,2026-10-01T05:43:18.164+00:00,completed,epsilon,True,True,True,True,,1530.47374,2037.4274200003128,2033.7790340017818,1,51,0.43905885028638547,0.009598091106895246,3208.5388739976956,,diagram,1-1-2-0-1-0-1-1,0.4486569413932807,True,50,batch,True,pso,20,1,swarm
oe4-pilot-v2,oe4,swarm|batch|bc1|h1|pso|r1|N20|c50,syn-visual_dominant-sequential-r1,visual_dominant,sequential,0,2,17048800117076641484,2026-10-01T05:43:18.160+00:00,completed,epsilon,True,True,True,True,,1543.056236,2077.4228160007624,2070.010777999414,1,53,0.44878503224528293,0.02008255859137359,3248.671046999473,,diagram,1-1-2-1-0-1-1-1,0.4688675908366565,True,50,batch,True,pso,20,1,swarm
oe4-pilot-v2,oe4,swarm|batch|bc1|h1|pso|r1|N20|c50,syn-visual_dominant-repetitive-r2,visual_dominant,repetitive,0,2,15577984090316381348,2026-10-01T05:43:18.166+00:00,completed,epsilon,True,True,True,True,,1996.018184,2145.6549630020163,2134.7647439979482,1,59,0.497368651601852,0.02008255859137359,391.4151520006103,,code,2-1-2-1-1-1-0-1,0.5174512101932256,True,50,batch,True,pso,20,1,swarm
oe4-pilot-v2,oe4,swarm|batch|bc1|h1|pso|r1|N20|c50,syn-visual_dominant-sequential-r3,visual_dominant,sequential,0,2,5551779150201999310,2026-10-01T05:43:18.161+00:00,completed,epsilon,True,True,True,True,,2008.535137,2158.4701710016816,2151.3031709982897,2,56,0.49689284274488765,1.9637715242826204e-07,501.2586889978839,,diagram,1-0-2-1-0-1-1-1,0.4968930391220401,True,50,batch,True,pso,20,1,swarm
oe4-pilot-v2,oe4,swarm|batch|bc1|h1|pso|r1|N20|c50,syn-visual_dominant-arrays_vectors-r0,visual_dominant,arrays_vectors,0,2,2484686855457110652,2026-10-01T05:43:18.167+00:00,completed,epsilon,True,True,True,True,,2012.717229,2201.437044001068,2189.455942996574,1,52,0.46105976353153516,0.027875012652007147,832.624726022323,,diagram,1-1-2-1-0-1-0-1,0.4889347761835423,True,50,batch,True,pso,20,1,swarm
oe4-pilot-v2,oe4,swarm|batch|bc1|h1|pso|r1|N20|c50,syn-visual_dominant-arrays_vectors-r2,visual_dominant,arrays_vectors,0,2,18083930375172244621,2026-10-01T05:43:18.168+00:00,completed,epsilon,True,True,True,True,,2016.717598,2213.5568389967375,2194.402393000928,1,58,0.4939594688494195,0.027875012652007147,1169.2715290027882,,diagram,1-1-2-1-1-1-1-1,0.5218344815014266,True,50,batch,True,pso,20,1,swarm
oe4-pilot-v2,oe4,swarm|batch|bc1|h1|pso|r1|N20|c50,syn-visual_dominant-functions-r3,visual_dominant,functions,0,2,15496158585802717903,2026-10-01T05:43:18.170+00:00,completed,epsilon,True,True,True,True,,2026.752604,2277.026316001866,2265.748508001707,1,58,0.45256029277229026,0.027874816274854664,4311.363804993663,,diagram,1-1-2-0-0-1-1-1,0.4804351090471449,True,50,batch,True,pso,20,1,swarm
oe4-pilot-v2,oe4,swarm|batch|bc1|h1|pso|r1|N20|c50,syn-visual_dominant-functions-r1,visual_dominant,functions,0,2,12724222799605840855,2026-10-01T05:43:18.169+00:00,completed,epsilon,True,True,True,True,,2060.015956,2299.4990539991704,2288.7697469996056,2,65,0.4941057150421845,0.007792650437785986,4438.403678001999,,code,2-0-2-1-1-1-0-1,0.5018983654799705,True,50,batch,True,pso,20,1,swarm
oe4-pilot-v2,oe4,swarm|batch|bc1|h1|pso|r1|N20|c50,syn-visual_dominant-repetitive-r1,visual_dominant,repetitive,0,2,9493985239135120539,2026-10-01T05:43:18.165+00:00,completed,epsilon,True,True,True,True,,1797.621144,2360.1791729997785,2349.6225220005726,4,63,0.49141108956712465,0.0,3486.8165099945145,,code,2-0-2-0-1-1-1-1,0.49141108956712465,True,50,batch,True,pso,20,1,swarm
oe4-pilot-v2,oe4,swarm|batch|bc1|h1|pso|r1|N20|c50,syn-visual_dominant-arrays_vectors-r4,visual_dominant,arrays_vectors,0,2,13236652181889018265,2026-10-01T05:43:18.169+00:00,completed,epsilon,True,True,True,True,,2229.093454,2420.9849430008035,2413.1313389989373,2,60,0.49416530121267593,0.003415891924706871,2021.709528992826,,diagram,1-1-2-1-1-0-0-1,0.4975811931373828,True,50,batch,True,pso,20,1,swarm
oe4-pilot-v2,oe4,swarm|batch|bc1|h1|pso|r1|N20|c50,syn-visual_dominant-conditional-r2,visual_dominant,conditional,0,2,7530803405880337628,2026-10-01T05:43:18.163+00:00,completed,epsilon,True,True,True,True,,1872.396246,2438.6837339989142,2433.3381470023596,2,60,0.47576325269917313,1.963771524837732e-07,3996.5112800112356,,code,2-1-2-1-1-0-1-1,0.4757634490763256,True,50,batch,True,pso,20,1,swarm
oe4-pilot-v2,oe4,swarm|batch|bc1|h1|pso|r1|N20|c50,syn-logical_syntactic-repetitive-r4,logical_syntactic,repetitive,0,2,3613547958009930106,2026-10-01T05:43:18.178+00:00,completed,epsilon,True,True,True,True,,2092.213606,2431.5256150002824,2421.661240998219,2,61,0.4154283128506681,0.028970245585525245,4073.7236389928025,,code,2-1-1-1-0-1-0-1,0.44439855843619336,True,50,batch,True,pso,20,1,swarm
oe4-pilot-v2,oe4,swarm|batch|bc1|h1|pso|r1|N20|c50,syn-logical_syntactic-arrays_vectors-r1,logical_syntactic,arrays_vectors,0,2,13327273701071249688,2026-10-01T05:43:18.179+00:00,completed,epsilon,True,True,True,True,,2111.427895,2463.67709200058,2458.284411997738,2,65,0.47317793671230085,0.010866792799564984,4467.703589003612,,code,2-2-1-1-1-0-0-1,0.48404472951186583,True,50,batch,True,pso,20,1,swarm
oe4-pilot-v2,oe4,swarm|batch|bc1|h1|pso|r1|N20|c50,syn-logical_syntactic-functions-r1,logical_syntactic,functions,0,2,7545233351544256523,2026-10-01T05:43:18.181+00:00,completed,epsilon,True,True,True,True,,2029.055428,2491.6157539992128,2488.3290709985886,1,58,0.4742120227778769,0.021023062154443717,4013.3417849910606,,code,2-0-1-2-0-0-0-1,0.4952350849323206,True,50,batch,True,pso,20,1,swarm
oe4-pilot-v2,oe4,swarm|batch|bc1|h1|pso|r1|N20|c50,syn-visual_dominant-sequential-r4,visual_dominant,sequential,0,2,13994061115368628468,2026-10-01T05:43:18.162+00:00,completed,epsilon,True,True,True,True,,2023.363412,2543.0552599973453,2538.073457999417,3,61,0.4539909514952264,0.0,3507.775380990866,,diagram,1-0-2-0-1-1-0-1,0.4539909514952264,True,50,batch,True,pso,20,1,swarm
oe4-pilot-v2,oe4,swarm|batch|bc1|h1|pso|r1|N20|c50,syn-logical_syntactic-arrays_vectors-r3,logical_syntactic,arrays_vectors,0,2,3475821061836782133,2026-10-01T05:43:18.180+00:00,completed,epsilon,True,True,True,True,,2146.259654,2535.326125998836,2532.5787190013216,2,62,0.5279095277556373,1.472828643489521e-07,4304.974936007115,,code,2-0-1-2-1-0-1-1,0.5279096750385016,True,50,batch,True,pso,20,1,swarm
oe4-pilot-v2,oe4,swarm|batch|bc1|h1|pso|r1|N20|c50,syn-logical_syntactic-arrays_vectors-r4,logical_syntactic,arrays_vectors,0,2,15069723113616053544,2026-10-01T05:43:18.180+00:00,completed,epsilon,True,True,True,True,,2150.868076,2547.849752001639,2545.5945989997417,2,60,0.4592948548206536,0.007792650437785986,4203.588662988543,,code,2-0-1-1-0-1-1-1,0.46708750525843956,True,50,batch,True,pso,20,1,swarm
oe4-pilot-v2,oe4,swarm|batch|bc1|h1|pso|r1|N20|c50,syn-visual_dominant-conditional-r3,visual_dominant,conditional,0,2,12303691227522993195,2026-10-01T05:43:18.163+00:00,completed,epsilon,True,True,True,True,,2115.989444,2572.8927529999055,2570.655966999766,2,60,0.4537572043126114,0.0036547194033032526,3789.6804829894972,,diagram,1-1-2-1-0-1-1-1,0.45741192371591466,True,50,batch,True,pso,20,1,swarm
oe4-pilot-v2,oe4,swarm|batch|bc1|h1|pso|r1|N20|c50,syn-logical_syntactic-functions-r4,logical_syntactic,functions,0,2,10275058418311301455,2026-10-01T05:43:18.182+00:00,completed,epsilon,True,True,True,True,,2168.054919,2576.643843000056,2574.2271169983724,3,66,0.44825847177744416,0.007792650437785986,4007.8813349976717,,code,2-0-0-1-1-1-0-1,0.45605112221523014,True,50,batch,True,pso,20,1,swarm
oe4-pilot-v2,oe4,swarm|batch|bc1|h1|pso|r1|N20|c50,syn-visual_dominant-conditional-r1,visual_dominant,conditional,0,2,13928515270300365190,2026-10-01T05:43:18.163+00:00,completed,epsilon,True,True,True,True,,2151.194034,2598.580417001358,2594.0348170006473,3,67,0.43347702875536903,0.0036547194033032526,4258.892273006386,,diagram,1-1-2-1-0-1-0-1,0.4371317481586723,True,50,batch,True,pso,20,1,swarm
oe4-pilot-v2,oe4,swarm|batch|bc1|h1|pso|r1|N20|c50,syn-explanatory_conceptual-sequential-r1,explanatory_conceptual,sequential,0,2,3272787541859846898,2026-10-01T05:43:19.022+00:00,completed,epsilon,True,True,True,True,,621.745584,1818.313670999487,1815.2834590000566,1,50,0.45267043074923324,0.006749225258040281,698.4311980089967,,text,0-1-0-1-2-1-0-1,0.4594196560072735,True,50,batch,True,pso,20,1,swarm
oe4-pilot-v2,oe4,swarm|batch|bc1|h1|pso|r1|N20|c50,syn-visual_dominant-sequential-r2,visual_dominant,sequential,0,2,4355585619346073820,2026-10-01T05:43:18.161+00:00,completed,epsilon,True,True,True,True,,2183.143499,2682.395332998567,2680.4553470028623,2,58,0.4484135261977656,0.02008255859137359,3570.449857997163,,diagram,1-1-2-1-0-1-0-1,0.4684960847891392,True,50,batch,True,pso,20,1,swarm
oe4-pilot-v2,oe4,swarm|batch|bc1|h1|pso|r1|N20|c50,syn-explanatory_conceptual-sequential-r4,explanatory_conceptual,sequential,0,2,16212943396658008924,2026-10-01T05:43:19.136+00:00,completed,epsilon,True,True,True,True,,654.815067,1750.056480999774,1748.2637140019506,3,66,0.45722945344337185,0.009273546497608254,823.634770000114,,text,1-1-1-0-2-1-1-1,0.4665029999409801,True,50,batch,True,pso,20,1,swarm
oe4-pilot-v2,oe4,swarm|batch|bc1|h1|pso|r1|N20|c50,syn-explanatory_conceptual-conditional-r0,explanatory_conceptual,conditional,0,2,5916953307552671090,2026-10-01T05:43:19.141+00:00,completed,epsilon,True,True,True,True,,750.277866,1855.1868790018489,1853.0134679967887,1,51,0.487737317609176,0.007792650437786042,1722.4233350059903,,code,2-1-1-1-2-1-1-1,0.49552996804696203,True,50,batch,True,pso,20,1,swarm
oe4-pilot-v2,oe4,swarm|batch|bc1|h1|pso|r1|N20|c50,syn-explanatory_conceptual-conditional-r2,explanatory_conceptual,conditional,0,2,1341896759769893857,2026-10-01T05:43:19.250+00:00,completed,epsilon,True,True,True,True,,729.816202,1755.1401070013526,1753.4328309993725,1,53,0.4825120796519577,0.007792650437786042,1211.6008030086707,,diagram,1-1-2-1-2-1-1-1,0.49030473008974373,True,50,batch,True,pso,20,1,swarm
oe4-pilot-v2,oe4,swarm|batch|bc1|h1|pso|r1|N20|c50,syn-explanatory_conceptual-conditional-r1,explanatory_conceptual,conditional,0,2,18124705353368190302,2026-10-01T05:43:19.227+00:00,completed,epsilon,True,True,True,True,,749.229966,1793.3404030009115,1790.3793920013413,2,51,0.47520911893219114,0.0036547194033032526,1132.4496529966873,,text,1-1-1-1-2-1-1-1,0.4788638383354944,True,50,batch,True,pso,20,1,swarm
oe4-pilot-v2,oe4,swarm|batch|bc1|h1|pso|r1|N20|c50,syn-explanatory_conceptual-repetitive-r0,explanatory_conceptual,repetitive,0,2,3237454591878846868,2026-10-01T05:43:19.371+00:00,completed,epsilon,True,True,True,True,,823.862947,1752.2185470006661,1750.0705370002834,1,52,0.43547017695048224,0.030711075187125847,2359.0913480065733,,text,0-1-1-1-2-1-0-1,0.4661812521376081,True,50,batch,True,pso,20,1,swarm
oe4-pilot-v2,oe4,swarm|batch|bc1|h1|pso|r1|N20|c50,syn-explanatory_conceptual-conditional-r4,explanatory_conceptual,conditional,0,2,8670080275324173838,2026-10-01T05:43:19.356+00:00,completed,epsilon,True,True,True,True,,839.362639,1779.8021249982412,1777.4128420023771,2,62,0.45734345073001487,0.007792650437786042,2803.46971701006,,text,1-1-1-1-2-1-0-1,0.4651361011678009,True,50,batch,True,pso,20,1,swarm
oe4-pilot-v2,oe4,swarm|batch|bc1|h1|pso|r1|N20|c50,syn-explanatory_conceptual-repetitive-r2,explanatory_conceptual,repetitive,0,2,10189736659373836677,2026-10-01T05:43:19.485+00:00,completed,epsilon,True,True,True,True,,817.740879,1659.8431480015279,1656.4472089994524,1,52,0.49088145414572526,0.0017991482131319847,1706.0200370022053,,text,1-0-1-1-2-1-1-1,0.49268060235885724,True,50,batch,True,pso,20,1,swarm
oe4-pilot-v2,oe4,swarm|batch|bc1|h1|pso|r1|N20|c50,syn-visual_dominant-functions-r4,visual_dominant,functions,0,2,10259835321663512086,2026-10-01T05:43:18.171+00:00,completed,epsilon,True,True,True,True,,2923.768131,3067.187794997153,3064.4417419971433,3,66,0.5026282462686158,1.9637715242826204e-07,4737.327450008695,,code,2-0-2-1-1-1-1-1,0.5026284426457682,True,50,batch,True,pso,20,1,swarm
oe4-pilot-v2,oe4,swarm|batch|bc1|h1|pso|r1|N20|c50,syn-explanatory_conceptual-arrays_vectors-r0,explanatory_conceptual,arrays_vectors,0,2,8420274505294676143,2026-10-01T05:43:19.611+00:00,completed,epsilon,True,True,True,True,,931.786828,1658.1575540003541,1656.1884679977084,1,56,0.49778085910851905,0.027875012652007147,2636.061139001756,,text,1-1-1-1-2-1-0-1,0.5256558717605262,True,50,batch,True,pso,20,1,swarm
oe4-pilot-v2,oe4,swarm|batch|bc1|h1|pso|r1|N20|c50,syn-explanatory_conceptual-arrays_vectors-r1,explanatory_conceptual,arrays_vectors,0,2,11621185609108110648,2026-10-01T05:43:19.617+00:00,completed,epsilon,True,True,True,True,,924.576034,1653.6280790023739,1652.2578500007512,1,51,0.4615647597787113,0.028694684783154678,2188.6987909947643,,text,0-1-0-1-2-1-1-1,0.490259444561866,True,50,batch,True,pso,20,1,swarm
oe4-pilot-v2,oe4,swarm|batch|bc1|h1|pso|r1|N20|c50,syn-explanatory_conceptual-arrays_vectors-r2,explanatory_conceptual,arrays_vectors,0,2,3616904053699891200,2026-10-01T05:43:19.621+00:00,completed,epsilon,True,True,True,True,,1003.061116,1751.26176699996,1749.126028000319,1,53,0.5002467392530876,0.027875012652007203,2941.5927099954815,,diagram,0-1-2-1-2-1-1-1,0.5281217519050948,True,50,batch,True,pso,20,1,swarm
oe4-pilot-v2,oe4,swarm|batch|bc1|h1|pso|r1|N20|c50,syn-explanatory_conceptual-arrays_vectors-r3,explanatory_conceptual,arrays_vectors,0,2,9640228565651749554,2026-10-01T05:43:19.626+00:00,completed,epsilon,True,True,True,True,,995.986466,1750.7514930002799,1748.7136000017927,1,51,0.4899428394838256,0.017498999281390593,3077.628261000867,,text,0-1-1-1-2-1-0-1,0.5074418387652162,True,50,batch,True,pso,20,1,swarm
oe4-pilot-v2,oe4,swarm|batch|bc1|h1|pso|r1|N20|c50,syn-explanatory_conceptual-arrays_vectors-r4,explanatory_conceptual,arrays_vectors,0,2,12383051168938743430,2026-10-01T05:43:19.727+00:00,completed,epsilon,True,True,True,True,,994.033583,1672.9331759997876,1671.3042770024913,2,53,0.5099955953246345,0.007792650437785986,2244.211415977548,,text,1-0-1-1-2-1-1-1,0.5177882457624204,True,50,batch,True,pso,20,1,swarm
oe4-pilot-v2,oe4,swarm|batch|bc1|h1|pso|r1|N20|c50,syn-logical_syntactic-repetitive-r3,logical_syntactic,repetitive,0,2,6665076571321463288,2026-10-01T05:43:18.178+00:00,completed,epsilon,True,True,True,True,,3075.310593,3338.266977996682,3336.1626580008306,3,63,0.48216814861223045,0.0,3664.210554015021,,code,2-0-1-0-1-1-0-1,0.48216814861223045,True,50,batch,True,pso,20,1,swarm
oe4-pilot-v2,oe4,swarm|batch|bc1|h1|pso|r1|N20|c50,syn-explanatory_conceptual-functions-r3,explanatory_conceptual,functions,0,2,15409255459732107106,2026-10-01T05:43:19.927+00:00,completed,epsilon,True,True,True,True,,997.454773,1607.4371650029207,1605.3604209992045,1,54,0.49777727535266225,0.007792650437785986,1443.168505018461,,text,1-0-1-1-2-1-1-1,0.5055699257904482,True,50,batch,True,pso,20,1,swarm
oe4-pilot-v2,oe4,swarm|batch|bc1|h1|pso|r1|N20|c50,syn-balanced_multimodal-sequential-r1,balanced_multimodal,sequential,0,2,15851898587384579384,2026-10-01T05:43:20.170+00:00,completed,epsilon,True,True,True,True,,1091.89239,1511.6066890004731,1508.6613749990647,1,59,0.46254329609296624,0.023319774530693393,1761.1387759976953,,diagram,1-1-2-1-1-1-1-1,0.48586307062365963,True,50,batch,True,pso,20,1,swarm
oe4-pilot-v2,oe4,swarm|batch|bc1|h1|pso|r1|N20|c50,syn-balanced_multimodal-sequential-r0,balanced_multimodal,sequential,0,2,12829628287881295465,2026-10-01T05:43:20.010+00:00,completed,epsilon,True,True,True,True,,1125.530436,1699.9742850020994,1696.1069099997985,2,62,0.4948649211252828,1.9637715242826204e-07,1720.6686560020175,,diagram,1-0-2-1-1-1-1-1,0.4948651175024352,True,50,batch,True,pso,20,1,swarm
oe4-pilot-v2,oe4,swarm|batch|bc1|h1|pso|r1|N20|c50,syn-explanatory_conceptual-sequential-r0,explanatory_conceptual,sequential,0,2,14947352377729861017,2026-10-01T05:43:18.929+00:00,completed,epsilon,True,True,True,True,,1614.320156,2889.1815500028315,2886.5058409974154,4,71,0.467455645058524,0.0,587.0830930032835,,text,0-0-1-0-2-0-0-1,0.467455645058524,True,50,batch,True,pso,20,1,swarm
oe4-pilot-v2,oe4,swarm|batch|bc1|h1|pso|r1|N20|c50,syn-explanatory_conceptual-conditional-r3,explanatory_conceptual,conditional,0,2,11332394261640184133,2026-10-01T05:43:19.341+00:00,completed,epsilon,True,True,True,True,,1523.599251,2488.6857199999213,2477.124142998946,2,60,0.43096370532164535,0.0036547194033032526,920.9925279913303,,text,1-1-0-1-2-1-0-1,0.4346184247249486,True,50,batch,True,pso,20,1,swarm
oe4-pilot-v2,oe4,swarm|batch|bc1|h1|pso|r1|N20|c50,syn-balanced_multimodal-sequential-r2,balanced_multimodal,sequential,0,2,9812259528755781404,2026-10-01T05:43:20.202+00:00,completed,epsilon,True,True,True,True,,1072.69282,1639.5881089993054,1637.0574120010133,2,60,0.5195512786534427,1.9637715242826204e-07,268.8466629869137,,code,2-0-1-1-1-1-1-1,0.5195514750305952,True,50,batch,True,pso,20,1,swarm
oe4-pilot-v2,oe4,swarm|batch|bc1|h1|pso|r1|N20|c50,syn-explanatory_conceptual-sequential-r3,explanatory_conceptual,sequential,0,2,15905282458092997945,2026-10-01T05:43:19.130+00:00,completed,epsilon,True,True,True,True,,1623.200469,2729.323322997516,2726.84486900107,2,57,0.4489765705985682,1.9637715242826204e-07,861.5613849828483,,text,1-0-1-1-2-1-1-1,0.44897676697572064,True,50,batch,True,pso,20,1,swarm
oe4-pilot-v2,oe4,swarm|batch|bc1|h1|pso|r1|N20|c50,syn-explanatory_conceptual-repetitive-r1,explanatory_conceptual,repetitive,0,2,10148232421566165977,2026-10-01T05:43:19.471+00:00,completed,epsilon,True,True,True,True,,1556.804067,2397.8081839995866,2395.821542999329,2,60,0.5255407002055713,1.9637715242826204e-07,2432.5284449855126,,text,1-0-1-1-2-1-1-1,0.5255408965827237,True,50,batch,True,pso,20,1,swarm
oe4-pilot-v2,oe4,swarm|batch|bc1|h1|pso|r1|N20|c50,syn-explanatory_conceptual-sequential-r2,explanatory_conceptual,sequential,0,2,7023970792698232399,2026-10-01T05:43:19.038+00:00,completed,epsilon,True,True,True,True,,1642.853491,2840.5250159994466,2832.4694689981698,4,73,0.45488132858608143,0.007792797720650335,965.1738929968831,,text,1-0-1-2-2-1-1-1,0.46267412630673177,True,50,batch,True,pso,20,1,swarm
oe4-pilot-v2,oe4,swarm|batch|bc1|h1|pso|r1|N20|c50,syn-balanced_multimodal-sequential-r3,balanced_multimodal,sequential,0,2,17396203175820366605,2026-10-01T05:43:20.238+00:00,completed,epsilon,True,True,True,True,,1049.90599,1651.724829000159,1649.9089190001541,3,64,0.5055952816994697,0.0,428.76216899009864,,text,1-0-1-0-2-1-1-1,0.5055952816994697,True,50,batch,True,pso,20,1,swarm
oe4-pilot-v2,oe4,swarm|batch|bc1|h1|pso|r1|N20|c50,syn-balanced_multimodal-conditional-r0,balanced_multimodal,conditional,0,2,9492171042143771967,2026-10-01T05:43:20.320+00:00,completed,epsilon,True,True,True,True,,840.94011,1669.4507200008957,1667.0134539999708,1,54,0.48780502665661635,0.0036547194033032526,521.6275509998289,,code,2-1-1-1-1-1-1-1,0.4914597460599196,True,50,batch,True,pso,20,1,swarm
oe4-pilot-v2,oe4,swarm|batch|bc1|h1|pso|r1|N20|c50,syn-explanatory_conceptual-repetitive-r4,explanatory_conceptual,repetitive,0,2,615434091092212846,2026-10-01T05:43:19.605+00:00,completed,epsilon,True,True,True,True,,1647.970534,2387.278307000088,2385.3303600008076,1,55,0.45405216601876935,0.02008255859137359,2397.94733300109,,text,1-1-0-1-2-1-1-1,0.47413472461014294,True,50,batch,True,pso,20,1,swarm
oe4-pilot-v2,oe4,swarm|batch|bc1|h1|pso|r1|N20|c50,syn-balanced_multimodal-conditional-r1,balanced_multimodal,conditional,0,2,12567349465944861023,2026-10-01T05:43:20.368+00:00,completed,epsilon,True,True,True,True,,847.952623,1627.7820359973703,1625.9098820009967,1,52,0.4988095313719645,0.0,425.05200399609566,,code,1-1-1-0-1-0-1-1,0.4988095313719645,True,50,batch,True,pso,20,1,swarm
oe4-pilot-v2,oe4,swarm|batch|bc1|h1|pso|r1|N20|c50,syn-balanced_multimodal-conditional-r2,balanced_multimodal,conditional,0,2,4742918314447581142,2026-10-01T05:43:20.381+00:00,completed,epsilon,True,True,True,True,,866.630484,1621.4667960011866,1619.8643409989018,1,52,0.4784409614577118,0.02094032221573877,463.40413899211563,,code,2-1-1-1-2-1-2-1,0.4993812836734506,True,50,batch,True,pso,20,1,swarm
oe4-pilot-v2,oe4,swarm|batch|bc1|h1|pso|r1|N20|c50,syn-explanatory_conceptual-repetitive-r3,explanatory_conceptual,repetitive,0,2,5679236231213962541,2026-10-01T05:43:19.490+00:00,completed,epsilon,True,True,True,True,,1683.35065,2515.629647001333,2513.106878999679,2,60,0.47773671108267024,0.009947252053144284,2645.3986310020136,,text,1-0-1-0-2-1-1-1,0.4876839631358145,True,50,batch,True,pso,20,1,swarm
oe4-pilot-v2,oe4,swarm|batch|bc1|h1|pso|r1|N20|c50,syn-balanced_multimodal-conditional-r3,balanced_multimodal,conditional,0,2,11394639668150330671,2026-10-01T05:43:20.447+00:00,completed,epsilon,True,True,True,True,,783.45867,1587.2738560028665,1585.0870230024157,1,51,0.4637423303052723,0.007792650437786042,229.90382799465067,,text,1-1-1-1-2-1-1-1,0.47153498074305833,True,50,batch,True,pso,20,1,swarm
oe4-pilot-v2,oe4,swarm|batch|bc1|h1|pso|r1|N20|c50,syn-explanatory_conceptual-functions-r0,explanatory_conceptual,functions,0,2,4847129841761666601,2026-10-01T05:43:19.735+00:00,completed,epsilon,True,True,True,True,,1602.417202,2319.9222250004823,2303.4246289971634,1,51,0.4945698834876539,0.01617519995265254,1939.17800901487,,text,1-2-1-1-2-0-1-1,0.5107450834403064,True,50,batch,True,pso,20,1,swarm
oe4-pilot-v2,oe4,swarm|batch|bc1|h1|pso|r1|N20|c50,syn-explanatory_conceptual-functions-r4,explanatory_conceptual,functions,0,2,13584105466744503536,2026-10-01T05:43:19.946+00:00,completed,epsilon,True,True,True,True,,1601.761029,2185.7760540005984,2183.818090001296,2,58,0.4919079769589474,0.007792454060633558,1494.4937170033204,,text,1-0-1-0-2-1-1-1,0.49970043101958095,True,50,batch,True,pso,20,1,swarm
oe4-pilot-v2,oe4,swarm|batch|bc1|h1|pso|r1|N20|c50,syn-explanatory_conceptual-functions-r1,explanatory_conceptual,functions,0,2,8968182148387190867,2026-10-01T05:43:19.824+00:00,completed,epsilon,True,True,True,True,,1662.517698,2327.5141379999695,2325.4069649992744,4,69,0.4985151422574555,0.014907373379307698,1994.7326130080505,,code,2-2-1-2-2-0-0-1,0.5134225156367632,True,50,batch,True,pso,20,1,swarm
oe4-pilot-v2,oe4,swarm|batch|bc1|h1|pso|r1|N20|c50,syn-balanced_multimodal-repetitive-r2,balanced_multimodal,repetitive,0,2,12027688066564710874,2026-10-01T05:43:20.602+00:00,completed,epsilon,True,True,True,True,,647.192219,1586.4231049999944,1584.5995019990369,1,51,0.48695008664679024,0.02008255859137359,541.7931239999158,,code,2-1-2-1-1-1-2-1,0.5070326452381638,True,50,batch,True,pso,20,1,swarm
oe4-pilot-v2,oe4,swarm|batch|bc1|h1|pso|r1|N20|c50,syn-balanced_multimodal-repetitive-r3,balanced_multimodal,repetitive,0,2,10665835498416014906,2026-10-01T05:43:20.610+00:00,completed,epsilon,True,True,True,True,,647.887024,1580.3827330018976,1579.0025860005699,1,51,0.4984038111225635,0.020082362214221106,581.5685029819691,,diagram,1-1-2-0-2-1-1-1,0.5184861733367846,True,50,batch,True,pso,20,1,swarm
oe4-pilot-v2,oe4,swarm|batch|bc1|h1|pso|r1|N20|c50,syn-balanced_multimodal-repetitive-r4,balanced_multimodal,repetitive,0,2,16842203000296662102,2026-10-01T05:43:20.642+00:00,completed,epsilon,True,True,True,True,,708.484919,1622.3638489973382,1620.5593449994922,1,50,0.5354470399519666,0.020082558591373645,1033.7657980091133,,code,2-1-1-1-1-1-2-1,0.5555295985433403,True,50,batch,True,pso,20,1,swarm
oe4-pilot-v2,oe4,swarm|batch|bc1|h1|pso|r1|N20|c50,syn-balanced_multimodal-arrays_vectors-r1,balanced_multimodal,arrays_vectors,0,2,1557390382835702406,2026-10-01T05:43:20.705+00:00,completed,epsilon,True,True,True,True,,740.92695,1595.9517120027158,1594.1599590005353,1,56,0.5096115026932262,0.01001413080874669,1119.853642996459,,code,1-0-1-1-1-1-1-1,0.5196256335019729,True,50,batch,True,pso,20,1,swarm
oe4-pilot-v2,oe4,swarm|batch|bc1|h1|pso|r1|N20|c50,syn-balanced_multimodal-arrays_vectors-r2,balanced_multimodal,arrays_vectors,0,2,1551228789342824201,2026-10-01T05:43:20.715+00:00,completed,epsilon,True,True,True,True,,752.500334,1600.048184998741,1598.3322550018784,1,53,0.5207081594293232,0.027875012652007092,1083.733748003215,,text,1-1-1-1-2-1-1-1,0.5485831720813303,True,50,batch,True,pso,20,1,swarm
oe4-pilot-v2,oe4,swarm|batch|bc1|h1|pso|r1|N20|c50,syn-balanced_multimodal-functions-r1,balanced_multimodal,functions,0,2,368220290834284782,2026-10-01T05:43:20.761+00:00,completed,epsilon,True,True,True,True,,690.603165,1610.2588739995554,1608.8463619998947,1,53,0.4917724457549157,0.02008255859137359,280.8967539883071,,code,2-1-1-1-1-1-2-1,0.5118550043462893,True,50,batch,True,pso,20,1,swarm
oe4-pilot-v2,oe4,swarm|batch|bc1|h1|pso|r1|N20|c50,syn-balanced_multimodal-functions-r3,balanced_multimodal,functions,0,2,18228905326412579013,2026-10-01T05:43:20.843+00:00,completed,epsilon,True,True,True,True,,725.341901,1644.118782998703,1638.7923270012834,1,57,0.489537761565406,0.027875012652007147,517.7426460145023,,diagram,1-1-2-1-2-1-1-1,0.5174127742174132,True,50,batch,True,pso,20,1,swarm
oe4-pilot-v2,oe4,swarm|batch|bc1|h1|pso|r1|N20|c50,syn-balanced_multimodal-repetitive-r0,balanced_multimodal,repetitive,0,2,3839617547738254315,2026-10-01T05:43:20.525+00:00,completed,epsilon,True,True,True,True,,1116.21473,1989.999514000374,1986.9235509977443,1,55,0.5383161833171735,0.020082558591373534,243.69268400506533,,code,2-1-1-1-1-1-2-1,0.558398741908547,True,50,batch,True,pso,20,1,swarm
oe4-pilot-v2,oe4,swarm|batch|bc1|h1|pso|r1|N20|c50,syn-balanced_multimodal-repetitive-r1,balanced_multimodal,repetitive,0,2,2659073220867155690,2026-10-01T05:43:20.590+00:00,completed,epsilon,True,True,True,True,,1027.586667,1935.6186389995855,1928.0914249975467,2,60,0.5300479510764751,1.9637715242826204e-07,260.8715539944911,,code,2-0-2-1-2-1-1-1,0.5300481474536275,True,50,batch,True,pso,20,1,swarm
oe4-pilot-v2,oe4,swarm|batch|bc1|h1|pso|r1|N20|c50,syn-balanced_multimodal-arrays_vectors-r4,balanced_multimodal,arrays_vectors,0,2,7080146454937735062,2026-10-01T05:43:20.736+00:00,completed,epsilon,True,True,True,True,,932.116274,1794.4179619989882,1791.6737259984075,1,53,0.5231764212501887,0.0034158919247068154,607.0440370021165,,code,2-1-1-1-1-0-1-1,0.5265923131748955,True,50,batch,True,pso,20,1,swarm
oe4-pilot-v2,oe4,swarm|batch|bc1|h1|pso|r1|N20|c50,syn-balanced_multimodal-arrays_vectors-r3,balanced_multimodal,arrays_vectors,0,2,11908930478528390133,2026-10-01T05:43:20.728+00:00,completed,epsilon,True,True,True,True,,961.774186,1805.2238749987737,1802.9306030002772,2,62,0.5326887851156756,0.019041613531884827,1254.4613910066216,,code,1-0-1-1-1-0-1-1,0.5517303986475605,True,50,batch,True,pso,20,1,swarm
oe4-pilot-v2,oe4,swarm|batch|bc1|h1|pso|r1|N20|c50,syn-balanced_multimodal-sequential-r4,balanced_multimodal,sequential,0,2,16072189927809315852,2026-10-01T05:43:20.311+00:00,completed,epsilon,True,True,True,True,,1520.304142,2237.8186409987393,2234.752578999178,3,66,0.4997105397388589,0.006721039910257187,211.18606200409673,,code,2-2-2-1-2-1-2-1,0.5064315796491161,True,50,batch,True,pso,20,1,swarm
oe4-pilot-v2,oe4,swarm|batch|bc1|h1|pso|r1|N20|c50,syn-balanced_multimodal-conditional-r4,balanced_multimodal,conditional,0,2,2277667993778051270,2026-10-01T05:43:20.469+00:00,completed,epsilon,True,True,True,True,,1253.593803,2086.616109001625,2084.20002999992,3,62,0.4970117057765307,1.963771524837732e-07,408.30665999848856,,code,2-1-1-1-2-0-2-1,0.4970119021536832,True,50,batch,True,pso,20,1,swarm
oe4-pilot-v2,oe4,swarm|batch|bc1|h1|pso|r1|N20|c50,syn-explanatory_conceptual-functions-r2,explanatory_conceptual,functions,0,2,15850266999198055000,2026-10-01T05:43:19.840+00:00,completed,epsilon,True,True,True,True,,2060.068603,2720.3192500019213,2717.819730998599,3,67,0.4811703400530759,0.005038735019827212,1797.4858630085298,,text,1-0-1-1-2-1-0-1,0.4862090750729031,True,50,batch,True,pso,20,1,swarm
oe4-pilot-v2,oe4,swarm|batch|bc1|h1|pso|r1|N20|c50,syn-balanced_multimodal-functions-r0,balanced_multimodal,functions,0,2,2933908082685948832,2026-10-01T05:43:20.759+00:00,completed,epsilon,True,True,True,True,,879.089214,1808.1549090020417,1806.0226400011743,2,60,0.5082813071929754,0.022699680157076907,281.7827780030311,,code,2-2-2-1-1-1-1-1,0.5309809873500523,True,50,batch,True,pso,20,1,swarm
oe4-pilot-v2,oe4,swarm|batch|bc1|h1|pso|r1|N20|c50,syn-balanced_multimodal-functions-r4,balanced_multimodal,functions,0,2,4683180797726806680,2026-10-01T05:43:20.886+00:00,completed,epsilon,True,True,True,True,,805.78284,1684.301964000042,1682.2896689991467,2,57,0.4810101863870243,0.022699680157077018,351.3835609904669,,diagram,1-2-2-1-1-1-1-1,0.5037098665441013,True,50,batch,True,pso,20,1,swarm
oe4-pilot-v2,oe4,swarm|batch|bc1|h1|pso|r1|N20|c50,syn-balanced_multimodal-arrays_vectors-r0,balanced_multimodal,arrays_vectors,0,2,8202019099685287209,2026-10-01T05:43:20.673+00:00,completed,epsilon,True,True,True,True,,1024.099436,1898.6904440025683,1895.5187450010271,2,62,0.5214552573504015,0.007792454060633558,1004.1986149991397,,code,2-0-1-0-2-1-1-1,0.5292477114110351,True,50,batch,True,pso,20,1,swarm
oe4-pilot-v2,oe4,swarm|batch|bc1|h1|pso|r1|N20|c50,syn-balanced_multimodal-functions-r2,balanced_multimodal,functions,0,2,8673480799685267205,2026-10-01T05:43:20.840+00:00,completed,epsilon,True,True,True,True,,844.765197,1733.5293529977207,1731.709128998773,3,67,0.5181875250450265,0.0,556.9952879919836,,code,2-0-1-0-1-0-1-1,0.5181875250450265,True,50,batch,True,pso,20,1,swarm
oe4-pilot-v2,oe4,swarm|batch|bc1|h1|pso|r1|N20|c50,syn-visual_dominant-sequential-r1,visual_dominant,sequential,0,3,17048800117076641484,2026-10-01T05:43:22.575+00:00,completed,epsilon,True,True,True,True,,542.496715,624.5495449984446,622.7923079968605,1,53,0.44878503224528293,0.02008255859137359,508.4545450142523,,diagram,1-1-2-1-0-1-1-1,0.4688675908366565,True,50,batch,True,pso,20,1,swarm
oe4-pilot-v2,oe4,swarm|batch|bc1|h1|pso|r1|N20|c50,syn-visual_dominant-repetitive-r4,visual_dominant,repetitive,0,3,5153165576748431564,2026-10-01T05:43:22.581+00:00,completed,epsilon,True,True,True,True,,633.391874,723.647348000668,720.5847309996898,1,56,0.43539326357179114,0.032214241800902654,1145.5740580051788,,diagram,0-1-2-1-0-1-0-1,0.4676075053726938,True,50,batch,True,pso,20,1,swarm
oe4-pilot-v2,oe4,swarm|batch|bc1|h1|pso|r1|N20|c50,syn-visual_dominant-repetitive-r3,visual_dominant,repetitive,0,3,13061490195280824700,2026-10-01T05:43:22.581+00:00,completed,epsilon,True,True,True,True,,645.879287,730.8944959986547,729.3526050016226,2,48,0.5053299123828249,1.9637715242826204e-07,883.4814519968569,,diagram,1-0-2-1-0-1-0-1,0.5053301087599773,True,50,batch,True,pso,20,1,swarm
oe4-pilot-v2,oe4,swarm|batch|bc1|h1|pso|r1|N20|c50,syn-visual_dominant-arrays_vectors-r1,visual_dominant,arrays_vectors,0,3,14387502913323118724,2026-10-01T05:43:22.582+00:00,completed,epsilon,True,True,True,True,,661.763406,744.4752780029376,742.8446859994438,2,61,0.4406569611974138,0.01253564549090147,1123.2174359942753,,diagram,1-2-2-1-1-0-1-0,0.4531926066883153,True,50,batch,True,pso,20,1,swarm
oe4-pilot-v2,oe4,swarm|batch|bc1|h1|pso|r1|N20|c50,syn-visual_dominant-arrays_vectors-r3,visual_dominant,arrays_vectors,0,3,16074832408338533935,2026-10-01T05:43:22.583+00:00,completed,epsilon,True,True,True,True,,747.711857,833.78955200169,832.3457289989165,1,52,0.5104383568030326,0.017498999281390648,1996.9031530058328,,diagram,0-1-2-1-1-1-0-1,0.5279373560844233,True,50,batch,True,pso,20,1,swarm
oe4-pilot-v2,oe4,swarm|batch|bc1|h1|pso|r1|N20|c50,syn-visual_dominant-repetitive-r0,visual_dominant,repetitive,0,3,3652346516165016234,2026-10-01T05:43:22.579+00:00,completed,epsilon,True,True,True,True,,823.531567,934.6925520003424,930.6961769980262,1,56,0.46998170127395994,0.02008255859137359,2586.642981990479,,diagram,1-1-2-1-1-1-0-1,0.49006425986533353,True,50,batch,True,pso,20,1,swarm
oe4-pilot-v2,oe4,swarm|batch|bc1|h1|pso|r1|N20|c50,syn-visual_dominant-functions-r0,visual_dominant,functions,0,3,11375697626506085209,2026-10-01T05:43:22.584+00:00,completed,epsilon,True,True,True,True,,831.470553,940.8378500011167,939.4458110000414,1,50,0.47798454429270243,0.019803777820581292,2212.224906004677,,diagram,1-2-2-1-1-1-0-1,0.4977883221132837,True,50,batch,True,pso,20,1,swarm
oe4-pilot-v2,oe4,swarm|batch|bc1|h1|pso|r1|N20|c50,syn-visual_dominant-repetitive-r1,visual_dominant,repetitive,0,3,9493985239135120539,2026-10-01T05:43:22.580+00:00,completed,epsilon,True,True,True,True,,865.36357,968.7386789992161,967.0078019989887,4,63,0.49141108956712465,0.0,2511.3368379975236,,code,2-0-2-0-1-1-1-1,0.49141108956712465,True,50,batch,True,pso,20,1,swarm
oe4-pilot-v2,oe4,swarm|batch|bc1|h1|pso|r1|N20|c50,syn-logical_syntactic-sequential-r0,logical_syntactic,sequential,0,3,13362044807751343064,2026-10-01T05:43:22.586+00:00,completed,epsilon,True,True,True,True,,924.384916,1061.317155999859,1059.660344999429,1,54,0.4761350201294624,0.020082362214221106,2947.980536004595,,code,2-1-1-0-0-1-0-1,0.4962173823436835,True,50,batch,True,pso,20,1,swarm
oe4-pilot-v2,oe4,swarm|batch|bc1|h1|pso|r1|N20|c50,syn-visual_dominant-functions-r2,visual_dominant,functions,0,3,2855966151648987497,2026-10-01T05:43:22.585+00:00,completed,epsilon,True,True,True,True,,945.038189,1069.1130939994764,1067.2598470009689,3,64,0.471376010746655,1.9637715242826204e-07,2619.8743599981526,,diagram,1-0-2-1-1-0-1-1,0.47137620712380746,True,50,batch,True,pso,20,1,swarm
oe4-pilot-v2,oe4,swarm|batch|bc1|h1|pso|r1|N20|c50,syn-logical_syntactic-sequential-r2,logical_syntactic,sequential,0,3,15643440995604996842,2026-10-01T05:43:22.587+00:00,completed,epsilon,True,True,True,True,,1016.353181,1175.0217150001845,1173.225619000732,1,50,0.5052479809084092,0.0034158919247069264,3951.675324994347,,code,2-1-0-1-1-1-1-1,0.5086638728331161,True,50,batch,True,pso,20,1,swarm
oe4-pilot-v2,oe4,swarm|batch|bc1|h1|pso|r1|N20|c50,syn-logical_syntactic-sequential-r1,logical_syntactic,sequential,0,3,14311645315440717423,2026-10-01T05:43:22.586+00:00,completed,epsilon,True,True,True,True,,1061.903082,1208.0949429982866,1205.7896840015019,3,67,0.4825463618186212,0.0,3840.2713410044926,,code,2-0-1-0-1-1-0-1,0.4825463618186212,True,50,batch,True,pso,20,1,swarm
oe4-pilot-v2,oe4,swarm|batch|bc1|h1|pso|r1|N20|c50,syn-logical_syntactic-sequential-r3,logical_syntactic,sequential,0,3,16960600487627624599,2026-10-01T05:43:22.587+00:00,completed,epsilon,True,True,True,True,,1054.799384,1220.6335800001398,1218.831614998635,3,64,0.47454039043400664,1.9637715242826204e-07,4089.29066700367,,code,2-0-1-1-1-1-0-1,0.47454058681115907,True,50,batch,True,pso,20,1,swarm
oe4-pilot-v2,oe4,swarm|batch|bc1|h1|pso|r1|N20|c50,syn-logical_syntactic-sequential-r4,logical_syntactic,sequential,0,3,17250185977012485747,2026-10-01T05:43:22.588+00:00,completed,epsilon,True,True,True,True,,1052.938632,1224.9557750001259,1222.390014998382,3,62,0.49533228036449595,0.0010555026473685336,3606.0359269991054,,code,2-0-1-2-1-0-0-0,0.4963877830118645,True,50,batch,True,pso,20,1,swarm
oe4-pilot-v2,oe4,swarm|batch|bc1|h1|pso|r1|N20|c50,syn-logical_syntactic-conditional-r0,logical_syntactic,conditional,0,3,4732552759670585228,2026-10-01T05:43:22.588+00:00,completed,epsilon,True,True,True,True,,1124.205384,1312.4657650005247,1310.217559999728,1,59,0.4552124341978106,0.0036547194033032526,4096.792196995261,,code,2-1-1-1-0-1-0-1,0.45886715360111385,True,50,batch,True,pso,20,1,swarm
oe4-pilot-v2,oe4,swarm|batch|bc1|h1|pso|r1|N20|c50,syn-logical_syntactic-conditional-r2,logical_syntactic,conditional,0,3,6973891702751108736,2026-10-01T05:43:22.589+00:00,completed,epsilon,True,True,True,True,,1143.63457,1328.961162998894,1327.4476199985656,1,53,0.4631068467146388,0.0036547194033032526,3839.3171789933444,,code,2-1-1-1-0-1-1-1,0.46676156611794206,True,50,batch,True,pso,20,1,swarm
oe4-pilot-v2,oe4,swarm|batch|bc1|h1|pso|r1|N20|c50,syn-logical_syntactic-conditional-r3,logical_syntactic,conditional,0,3,6626061848004110554,2026-10-01T05:43:22.589+00:00,completed,epsilon,True,True,True,True,,1140.565254,1334.0964909984905,1332.0179540023673,1,51,0.4614734643861827,0.007792650437786042,3804.2506249987973,,code,2-1-1-1-0-1-0-1,0.46926611482396874,True,50,batch,True,pso,20,1,swarm
oe4-pilot-v2,oe4,swarm|batch|bc1|h1|pso|r1|N20|c50,syn-logical_syntactic-conditional-r1,logical_syntactic,conditional,0,3,16767561851559065070,2026-10-01T05:43:22.589+00:00,completed,epsilon,True,True,True,True,,1155.758114,1338.7148449983215,1337.0623180016992,2,61,0.4440319075303329,0.007792650437786042,4646.659145008029,,code,2-1-1-1-0-1-0-1,0.45182455796811893,True,50,batch,True,pso,20,1,swarm
oe4-pilot-v2,oe4,swarm|batch|bc1|h1|pso|r1|N20|c50,syn-logical_syntactic-conditional-r4,logical_syntactic,conditional,0,3,2581103798954869873,2026-10-01T05:43:22.590+00:00,completed,epsilon,True,True,True,True,,1239.949196,1455.6943050010887,1453.5001410004043,1,51,0.4839345737065493,0.0036547194033032526,3787.2620470052057,,code,2-1-1-1-1-1-1-1,0.48758929310985255,True,50,batch,True,pso,20,1,swarm
oe4-pilot-v2,oe4,swarm|batch|bc1|h1|pso|r1|N20|c50,syn-logical_syntactic-repetitive-r0,logical_syntactic,repetitive,0,3,2563900073831829840,2026-10-01T05:43:22.590+00:00,completed,epsilon,True,True,True,True,,1242.640754,1464.721885000472,1462.7562030000263,1,56,0.45068774937313677,0.02008255859137359,4582.976790993157,,code,2-1-2-1-0-1-1-1,0.47077030796451036,True,50,batch,True,pso,20,1,swarm
oe4-pilot-v2,oe4,swarm|batch|bc1|h1|pso|r1|N20|c50,syn-logical_syntactic-repetitive-r1,logical_syntactic,repetitive,0,3,1690962082425471307,2026-10-01T05:43:22.591+00:00,completed,epsilon,True,True,True,True,,1248.168886,1471.107571000175,1469.2358389984292,1,56,0.46854772531455674,0.02008255859137359,4461.419676009965,,code,2-1-1-1-0-1-0-1,0.48863028390593033,True,50,batch,True,pso,20,1,swarm
oe4-pilot-v2,oe4,swarm|batch|bc1|h1|pso|r1|N20|c50,syn-logical_syntactic-repetitive-r2,logical_syntactic,repetitive,0,3,12298035747105259136,2026-10-01T05:43:22.591+00:00,completed,epsilon,True,True,True,True,,1249.506712,1475.1920849994349,1473.5912750002171,1,53,0.48860682289608054,0.02008255859137359,3800.564129008419,,code,2-1-1-1-1-1-1-1,0.5086893814874541,True,50,batch,True,pso,20,1,swarm
oe4-pilot-v2,oe4,swarm|batch|bc1|h1|pso|r1|N20|c50,syn-logical_syntactic-arrays_vectors-r0,logical_syntactic,arrays_vectors,0,3,14948705039163960895,2026-10-01T05:43:22.593+00:00,completed,epsilon,True,True,True,True,,1318.999603,1569.9544369999785,1567.9604190008831,1,51,0.4856184373133194,0.02008255859137359,4057.62007699614,,code,2-1-1-1-0-0-1-1,0.505700995904693,True,50,batch,True,pso,20,1,swarm
oe4-pilot-v2,oe4,swarm|batch|bc1|h1|pso|r1|N20|c50,syn-logical_syntactic-arrays_vectors-r2,logical_syntactic,arrays_vectors,0,3,7678510444233138347,2026-10-01T05:43:22.593+00:00,completed,epsilon,True,True,True,True,,1311.694235,1579.0484540011676,1577.462684999773,1,59,0.49083089405366653,0.027874816274854664,4499.019829029666,,code,2-1-1-0-0-1-0-1,0.5187057103285212,True,50,batch,True,pso,20,1,swarm
oe4-pilot-v2,oe4,swarm|batch|bc1|h1|pso|r1|N20|c50,syn-logical_syntactic-functions-r0,logical_syntactic,functions,0,3,15105445333404857368,2026-10-01T05:43:22.595+00:00,completed,epsilon,True,True,True,True,,1372.703038,1662.4582030017336,1660.8604089997243,1,53,0.4876998796280693,0.027875012652007147,4004.550824990197,,code,2-1-1-1-1-1-0-1,0.5155748922800765,True,50,batch,True,pso,20,1,swarm
oe4-pilot-v2,oe4,swarm|batch|bc1|h1|pso|r1|N20|c50,syn-logical_syntactic-functions-r2,logical_syntactic,functions,0,3,6130147880867857550,2026-10-01T05:43:22.596+00:00,completed,epsilon,True,True,True,True,,1433.625793,1741.8827199981024,1737.6074140011042,1,59,0.4703323912858079,0.027875012652007147,4559.306455009222,,code,2-1-0-1-1-1-1-1,0.49820740393781504,True,50,batch,True,pso,20,1,swarm
oe4-pilot-v2,oe4,swarm|batch|bc1|h1|pso|r1|N20|c50,syn-logical_syntactic-functions-r3,logical_syntactic,functions,0,3,4820333934433401313,2026-10-01T05:43:22.596+00:00,completed,epsilon,True,True,True,True,,1439.231953,1748.7394540003152,1746.6993170019123,1,56,0.46627757409622445,0.02008255859137359,4178.72015399846,,code,2-1-1-1-1-1-0-1,0.48636013268759803,True,50,batch,True,pso,20,1,swarm
oe4-pilot-v2,oe4,swarm|batch|bc1|h1|pso|r1|N20|c50,syn-visual_dominant-conditional-r4,visual_dominant,conditional,0,3,7123775909059268369,2026-10-01T05:43:22.579+00:00,completed,epsilon,True,True,True,True,,1429.692956,1785.2486560004763,1783.2752659996913,1,51,0.43905885028638547,0.009598091106895246,3620.4501230066985,,diagram,1-1-2-0-1-0-1-1,0.4486569413932807,True,50,batch,True,pso,20,1,swarm
oe4-pilot-v2,oe4,swarm|batch|bc1|h1|pso|r1|N20|c50,syn-visual_dominant-conditional-r0,visual_dominant,conditional,0,3,11471567894967710186,2026-10-01T05:43:22.576+00:00,completed,epsilon,True,True,True,True,,1520.540955,1896.8562349982676,1894.5704819998355,1,55,0.4683786250362893,0.007792650437786042,4250.3025880077175,,diagram,1-1-2-1-0-1-0-1,0.47617127547407534,True,50,batch,True,pso,20,1,swarm
oe4-pilot-v2,oe4,swarm|batch|bc1|h1|pso|r1|N20|c50,syn-visual_dominant-repetitive-r2,visual_dominant,repetitive,0,3,15577984090316381348,2026-10-01T05:43:22.580+00:00,completed,epsilon,True,True,True,True,,1917.96103,2067.637593001564,2056.2529880007787,1,59,0.497368651601852,0.02008255859137359,640.1245220025512,,code,2-1-2-1-1-1-0-1,0.5174512101932256,True,50,batch,True,pso,20,1,swarm
oe4-pilot-v2,oe4,swarm|batch|bc1|h1|pso|r1|N20|c50,syn-visual_dominant-arrays_vectors-r0,visual_dominant,arrays_vectors,0,3,2484686855457110652,2026-10-01T05:43:22.581+00:00,completed,epsilon,True,True,True,True,,1926.089514,2096.4513209983124,2076.397968998208,1,52,0.46105976353153516,0.027875012652007147,957.9847990047955,,diagram,1-1-2-1-0-1-0-1,0.4889347761835423,True,50,batch,True,pso,20,1,swarm
oe4-pilot-v2,oe4,swarm|batch|bc1|h1|pso|r1|N20|c50,syn-visual_dominant-arrays_vectors-r2,visual_dominant,arrays_vectors,0,3,18083930375172244621,2026-10-01T05:43:22.582+00:00,completed,epsilon,True,True,True,True,,1950.58806,2129.7939520009095,2117.689408001752,1,58,0.4939594688494195,0.027875012652007147,1809.345997987317,,diagram,1-1-2-1-1-1-1-1,0.5218344815014266,True,50,batch,True,pso,20,1,swarm
oe4-pilot-v2,oe4,swarm|batch|bc1|h1|pso|r1|N20|c50,syn-visual_dominant-sequential-r0,visual_dominant,sequential,0,3,8580140326324496627,2026-10-01T05:43:22.574+00:00,completed,epsilon,True,True,True,True,,1674.485075,2167.718425000203,2155.528833001881,1,56,0.45572350868757355,0.02008255859137359,3970.0416910001786,,diagram,1-1-2-1-1-1-0-1,0.47580606727894714,True,50,batch,True,pso,20,1,swarm
oe4-pilot-v2,oe4,swarm|batch|bc1|h1|pso|r1|N20|c50,syn-visual_dominant-functions-r1,visual_dominant,functions,0,3,12724222799605840855,2026-10-01T05:43:22.584+00:00,completed,epsilon,True,True,True,True,,1965.144295,2198.83760599987,2185.9876529997564,2,65,0.4941057150421845,0.007792650437785986,2625.162185992759,,code,2-0-2-1-1-1-0-1,0.5018983654799705,True,50,batch,True,pso,20,1,swarm
oe4-pilot-v2,oe4,swarm|batch|bc1|h1|pso|r1|N20|c50,syn-visual_dominant-functions-r3,visual_dominant,functions,0,3,15496158585802717903,2026-10-01T05:43:22.585+00:00,completed,epsilon,True,True,True,True,,1985.832038,2234.515331001603,2221.7692539998097,1,58,0.45256029277229026,0.027874816274854664,3176.2182379857973,,diagram,1-1-2-0-0-1-1-1,0.4804351090471449,True,50,batch,True,pso,20,1,swarm
oe4-pilot-v2,oe4,swarm|batch|bc1|h1|pso|r1|N20|c50,syn-visual_dominant-arrays_vectors-r4,visual_dominant,arrays_vectors,0,3,13236652181889018265,2026-10-01T05:43:22.583+00:00,completed,epsilon,True,True,True,True,,2153.646719,2346.7021709984692,2337.651387999358,2,60,0.49416530121267593,0.003415891924706871,1930.3104779989012,,diagram,1-1-2-1-1-0-0-1,0.4975811931373828,True,50,batch,True,pso,20,1,swarm
oe4-pilot-v2,oe4,swarm|batch|bc1|h1|pso|r1|N20|c50,syn-visual_dominant-conditional-r3,visual_dominant,conditional,0,3,12303691227522993195,2026-10-01T05:43:22.578+00:00,completed,epsilon,True,True,True,True,,2162.383601,2361.5213880002557,2353.5247220024758,2,60,0.4537572043126114,0.0036547194033032526,1621.9117220184098,,diagram,1-1-2-1-0-1-1-1,0.45741192371591466,True,50,batch,True,pso,20,1,swarm
oe4-pilot-v2,oe4,swarm|batch|bc1|h1|pso|r1|N20|c50,syn-logical_syntactic-repetitive-r4,logical_syntactic,repetitive,0,3,3613547958009930106,2026-10-01T05:43:22.592+00:00,completed,epsilon,True,True,True,True,,2053.689476,2389.0947500003676,2378.902749998815,2,61,0.4154283128506681,0.028970245585525245,4541.721280011375,,code,2-1-1-1-0-1-0-1,0.44439855843619336,True,50,batch,True,pso,20,1,swarm
oe4-pilot-v2,oe4,swarm|batch|bc1|h1|pso|r1|N20|c50,syn-logical_syntactic-arrays_vectors-r1,logical_syntactic,arrays_vectors,0,3,13327273701071249688,2026-10-01T05:43:22.593+00:00,completed,epsilon,True,True,True,True,,2053.822253,2407.919643999776,2398.83096199992,2,65,0.47317793671230085,0.010866792799564984,4213.0555740103855,,code,2-2-1-1-1-0-0-1,0.48404472951186583,True,50,batch,True,pso,20,1,swarm
oe4-pilot-v2,oe4,swarm|batch|bc1|h1|pso|r1|N20|c50,syn-visual_dominant-conditional-r2,visual_dominant,conditional,0,3,7530803405880337628,2026-10-01T05:43:22.577+00:00,completed,epsilon,True,True,True,True,,1937.126609,2425.8261379982287,2414.65803799656,2,60,0.47576325269917313,1.963771524837732e-07,3889.4124229900763,,code,2-1-2-1-1-0-1-1,0.4757634490763256,True,50,batch,True,pso,20,1,swarm
oe4-pilot-v2,oe4,swarm|batch|bc1|h1|pso|r1|N20|c50,syn-logical_syntactic-functions-r1,logical_syntactic,functions,0,3,7545233351544256523,2026-10-01T05:43:22.595+00:00,completed,epsilon,True,True,True,True,,2057.603233,2439.128203997825,2433.3087100021658,1,58,0.4742120227778769,0.021023062154443717,3830.9283790042755,,code,2-0-1-2-0-0-0-1,0.4952350849323206,True,50,batch,True,pso,20,1,swarm
oe4-pilot-v2,oe4,swarm|batch|bc1|h1|pso|r1|N20|c50,syn-visual_dominant-sequential-r4,visual_dominant,sequential,0,3,13994061115368628468,2026-10-01T05:43:22.576+00:00,completed,epsilon,True,True,True,True,,2068.495303,2480.6423840018397,2476.5590939969115,3,61,0.4539909514952264,0.0,3716.5699770016613,,diagram,1-0-2-0-1-1-0-1,0.4539909514952264,True,50,batch,True,pso,20,1,swarm
oe4-pilot-v2,oe4,swarm|batch|bc1|h1|pso|r1|N20|c50,syn-visual_dominant-sequential-r3,visual_dominant,sequential,0,3,5551779150201999310,2026-10-01T05:43:22.576+00:00,completed,epsilon,True,True,True,True,,2066.098551,2487.940647999494,2485.037435999402,2,56,0.49689284274488765,1.9637715242826204e-07,2998.137980004053,,diagram,1-0-2-1-0-1-1-1,0.4968930391220401,True,50,batch,True,pso,20,1,swarm
oe4-pilot-v2,oe4,swarm|batch|bc1|h1|pso|r1|N20|c50,syn-logical_syntactic-arrays_vectors-r3,logical_syntactic,arrays_vectors,0,3,3475821061836782133,2026-10-01T05:43:22.594+00:00,completed,epsilon,True,True,True,True,,2191.341789,2499.5699649989547,2497.0613129989943,2,62,0.5279095277556373,1.472828643489521e-07,4566.510337010843,,code,2-0-1-2-1-0-1-1,0.5279096750385016,True,50,batch,True,pso,20,1,swarm
oe4-pilot-v2,oe4,swarm|batch|bc1|h1|pso|r1|N20|c50,syn-logical_syntactic-arrays_vectors-r4,logical_syntactic,arrays_vectors,0,3,15069723113616053544,2026-10-01T05:43:22.594+00:00,completed,epsilon,True,True,True,True,,2187.236316,2505.5271750024986,2499.6725260025414,2,60,0.4592948548206536,0.007792650437785986,4650.462044993107,,code,2-0-1-1-0-1-1-1,0.46708750525843956,True,50,batch,True,pso,20,1,swarm
oe4-pilot-v2,oe4,swarm|batch|bc1|h1|pso|r1|N20|c50,syn-visual_dominant-sequential-r2,visual_dominant,sequential,0,3,4355585619346073820,2026-10-01T05:43:22.575+00:00,completed,epsilon,True,True,True,True,,2150.940181,2538.3676100027515,2536.225445997843,2,58,0.4484135261977656,0.02008255859137359,3208.9084929976434,,diagram,1-1-2-1-0-1-0-1,0.4684960847891392,True,50,batch,True,pso,20,1,swarm
oe4-pilot-v2,oe4,swarm|batch|bc1|h1|pso|r1|N20|c50,syn-logical_syntactic-functions-r4,logical_syntactic,functions,0,3,10275058418311301455,2026-10-01T05:43:22.596+00:00,completed,epsilon,True,True,True,True,,2214.456226,2525.7815279983333,2523.8725310009613,3,66,0.44825847177744416,0.007792650437785986,4074.5350259949505,,code,2-0-0-1-1-1-0-1,0.45605112221523014,True,50,batch,True,pso,20,1,swarm
oe4-pilot-v2,oe4,swarm|batch|bc1|h1|pso|r1|N20|c50,syn-visual_dominant-conditional-r1,visual_dominant,conditional,0,3,13928515270300365190,2026-10-01T05:43:22.577+00:00,completed,epsilon,True,True,True,True,,2176.655236,2548.4341039991705,2546.508391002135,3,67,0.43347702875536903,0.0036547194033032526,4081.7623599948092,,diagram,1-1-2-1-0-1-0-1,0.4371317481586723,True,50,batch,True,pso,20,1,swarm
oe4-pilot-v2,oe4,swarm|batch|bc1|h1|pso|r1|N20|c50,syn-explanatory_conceptual-sequential-r1,explanatory_conceptual,sequential,0,3,3272787541859846898,2026-10-01T05:43:23.305+00:00,completed,epsilon,True,True,True,True,,656.90324,1886.7826550012978,1885.3870200000529,1,50,0.45267043074923324,0.006749225258040281,804.1867910012799,,text,0-1-0-1-2-1-0-1,0.4594196560072735,True,50,batch,True,pso,20,1,swarm
oe4-pilot-v2,oe4,swarm|batch|bc1|h1|pso|r1|N20|c50,syn-explanatory_conceptual-conditional-r0,explanatory_conceptual,conditional,0,3,5916953307552671090,2026-10-01T05:43:23.514+00:00,completed,epsilon,True,True,True,True,,694.085791,1756.9664949987782,1755.1845170019078,1,51,0.487737317609176,0.007792650437786042,828.2440419936783,,code,2-1-1-1-2-1-1-1,0.49552996804696203,True,50,batch,True,pso,20,1,swarm
oe4-pilot-v2,oe4,swarm|batch|bc1|h1|pso|r1|N20|c50,syn-explanatory_conceptual-sequential-r4,explanatory_conceptual,sequential,0,3,16212943396658008924,2026-10-01T05:43:23.417+00:00,completed,epsilon,True,True,True,True,,726.417637,1879.2311699980928,1877.4009910011955,3,66,0.45722945344337185,0.009273546497608254,953.6483230002574,,text,1-1-1-0-2-1-1-1,0.4665029999409801,True,50,batch,True,pso,20,1,swarm
oe4-pilot-v2,oe4,swarm|batch|bc1|h1|pso|r1|N20|c50,syn-explanatory_conceptual-conditional-r1,explanatory_conceptual,conditional,0,3,18124705353368190302,2026-10-01T05:43:23.525+00:00,completed,epsilon,True,True,True,True,,697.91375,1772.5712219980778,1769.6289460000116,2,51,0.47520911893219114,0.0036547194033032526,787.8099269965566,,text,1-1-1-1-2-1-1-1,0.4788638383354944,True,50,batch,True,pso,20,1,swarm
oe4-pilot-v2,oe4,swarm|batch|bc1|h1|pso|r1|N20|c50,syn-explanatory_conceptual-conditional-r2,explanatory_conceptual,conditional,0,3,1341896759769893857,2026-10-01T05:43:23.548+00:00,completed,epsilon,True,True,True,True,,775.059657,1848.0412250028166,1845.7082570021157,1,53,0.4825120796519577,0.007792650437786042,1767.0143809995138,,diagram,1-1-2-1-2-1-1-1,0.49030473008974373,True,50,batch,True,pso,20,1,swarm
oe4-pilot-v2,oe4,swarm|batch|bc1|h1|pso|r1|N20|c50,syn-explanatory_conceptual-repetitive-r0,explanatory_conceptual,repetitive,0,3,3237454591878846868,2026-10-01T05:43:23.762+00:00,completed,epsilon,True,True,True,True,,775.069564,1649.2250449991843,1647.5923860016337,1,52,0.43547017695048224,0.030711075187125847,1168.5779030018248,,text,0-1-1-1-2-1-0-1,0.4661812521376081,True,50,batch,True,pso,20,1,swarm
oe4-pilot-v2,oe4,swarm|batch|bc1|h1|pso|r1|N20|c50,syn-explanatory_conceptual-conditional-r4,explanatory_conceptual,conditional,0,3,8670080275324173838,2026-10-01T05:43:23.654+00:00,completed,epsilon,True,True,True,True,,784.370082,1761.4915419981116,1759.8173610022059,2,62,0.45734345073001487,0.007792650437786042,1734.135089991089,,text,1-1-1-1-2-1-0-1,0.4651361011678009,True,50,batch,True,pso,20,1,swarm
oe4-pilot-v2,oe4,swarm|batch|bc1|h1|pso|r1|N20|c50,syn-explanatory_conceptual-repetitive-r2,explanatory_conceptual,repetitive,0,3,10189736659373836677,2026-10-01T05:43:23.808+00:00,completed,epsilon,True,True,True,True,,869.330166,1715.78888699878,1714.1740480001317,1,52,0.49088145414572526,0.0017991482131319847,2309.771321993227,,text,1-0-1-1-2-1-1-1,0.49268060235885724,True,50,batch,True,pso,20,1,swarm
oe4-pilot-v2,oe4,swarm|batch|bc1|h1|pso|r1|N20|c50,syn-visual_dominant-functions-r4,visual_dominant,functions,0,3,10259835321663512086,2026-10-01T05:43:22.586+00:00,completed,epsilon,True,True,True,True,,2827.861118,2957.907692001754,2956.0810699986177,3,66,0.5026282462686158,1.9637715242826204e-07,3158.666881985818,,code,2-0-2-1-1-1-1-1,0.5026284426457682,True,50,batch,True,pso,20,1,swarm
oe4-pilot-v2,oe4,swarm|batch|bc1|h1|pso|r1|N20|c50,syn-explanatory_conceptual-arrays_vectors-r0,explanatory_conceptual,arrays_vectors,0,3,8420274505294676143,2026-10-01T05:43:23.918+00:00,completed,epsilon,True,True,True,True,,980.449405,1740.3456149986596,1738.4561140024744,1,56,0.49778085910851905,0.027875012652007147,2908.202675001418,,text,1-1-1-1-2-1-0-1,0.5256558717605262,True,50,batch,True,pso,20,1,swarm
oe4-pilot-v2,oe4,swarm|batch|bc1|h1|pso|r1|N20|c50,syn-explanatory_conceptual-arrays_vectors-r1,explanatory_conceptual,arrays_vectors,0,3,11621185609108110648,2026-10-01T05:43:23.924+00:00,completed,epsilon,True,True,True,True,,968.597317,1738.7842680000176,1737.0167599983688,1,51,0.4615647597787113,0.028694684783154678,3336.5656659903157,,text,0-1-0-1-2-1-1-1,0.490259444561866,True,50,batch,True,pso,20,1,swarm
oe4-pilot-v2,oe4,swarm|batch|bc1|h1|pso|r1|N20|c50,syn-explanatory_conceptual-arrays_vectors-r2,explanatory_conceptual,arrays_vectors,0,3,3616904053699891200,2026-10-01T05:43:23.927+00:00,completed,epsilon,True,True,True,True,,970.20537,1739.6303260029526,1737.9360899976746,1,53,0.5002467392530876,0.027875012652007203,3283.016814000136,,diagram,0-1-2-1-2-1-1-1,0.5281217519050948,True,50,batch,True,pso,20,1,swarm
oe4-pilot-v2,oe4,swarm|batch|bc1|h1|pso|r1|N20|c50,syn-explanatory_conceptual-arrays_vectors-r3,explanatory_conceptual,arrays_vectors,0,3,9640228565651749554,2026-10-01T05:43:24.046+00:00,completed,epsilon,True,True,True,True,,958.973482,1628.0031979986234,1626.1675720015774,1,51,0.4899428394838256,0.017498999281390593,2647.6692239979466,,text,0-1-1-1-2-1-0-1,0.5074418387652162,True,50,batch,True,pso,20,1,swarm
oe4-pilot-v2,oe4,swarm|batch|bc1|h1|pso|r1|N20|c50,syn-explanatory_conceptual-arrays_vectors-r4,explanatory_conceptual,arrays_vectors,0,3,12383051168938743430,2026-10-01T05:43:24.055+00:00,completed,epsilon,True,True,True,True,,1047.363965,1726.535801000864,1724.518076996901,2,53,0.5099955953246345,0.007792650437785986,2507.830997987102,,text,1-0-1-1-2-1-1-1,0.5177882457624204,True,50,batch,True,pso,20,1,swarm
oe4-pilot-v2,oe4,swarm|batch|bc1|h1|pso|r1|N20|c50,syn-logical_syntactic-repetitive-r3,logical_syntactic,repetitive,0,3,6665076571321463288,2026-10-01T05:43:22.592+00:00,completed,epsilon,True,True,True,True,,2962.848953,3192.5978849976673,3190.933057998336,3,63,0.48216814861223045,0.0,3484.0757059834605,,code,2-0-1-0-1-1-0-1,0.48216814861223045,True,50,batch,True,pso,20,1,swarm
oe4-pilot-v2,oe4,swarm|batch|bc1|h1|pso|r1|N20|c50,syn-explanatory_conceptual-functions-r3,explanatory_conceptual,functions,0,3,15409255459732107106,2026-10-01T05:43:24.172+00:00,completed,epsilon,True,True,True,True,,1053.055163,1720.4083280012128,1717.862541998329,1,54,0.49777727535266225,0.007792650437785986,2333.66753099203,,text,1-0-1-1-2-1-1-1,0.5055699257904482,True,50,batch,True,pso,20,1,swarm
oe4-pilot-v2,oe4,swarm|batch|bc1|h1|pso|r1|N20|c50,syn-balanced_multimodal-sequential-r1,balanced_multimodal,sequential,0,3,15851898587384579384,2026-10-01T05:43:24.345+00:00,completed,epsilon,True,True,True,True,,1055.763095,1651.4194119990862,1645.0517979974393,1,59,0.46254329609296624,0.023319774530693393,1923.4355019889013,,diagram,1-1-2-1-1-1-1-1,0.48586307062365963,True,50,batch,True,pso,20,1,swarm
oe4-pilot-v2,oe4,swarm|batch|bc1|h1|pso|r1|N20|c50,syn-balanced_multimodal-sequential-r0,balanced_multimodal,sequential,0,3,12829628287881295465,2026-10-01T05:43:24.338+00:00,completed,epsilon,True,True,True,True,,1094.554998,1718.3484619999945,1712.7421120021609,2,62,0.4948649211252828,1.9637715242826204e-07,1860.318626989242,,diagram,1-0-2-1-1-1-1-1,0.4948651175024352,True,50,batch,True,pso,20,1,swarm
oe4-pilot-v2,oe4,swarm|batch|bc1|h1|pso|r1|N20|c50,syn-balanced_multimodal-sequential-r2,balanced_multimodal,sequential,0,3,9812259528755781404,2026-10-01T05:43:24.364+00:00,completed,epsilon,True,True,True,True,,1259.150205,1808.1529479968594,1804.761598999903,2,60,0.5195512786534427,1.9637715242826204e-07,2289.246449986584,,code,2-0-1-1-1-1-1-1,0.5195514750305952,True,50,batch,True,pso,20,1,swarm
oe4-pilot-v2,oe4,swarm|batch|bc1|h1|pso|r1|N20|c50,syn-explanatory_conceptual-sequential-r3,explanatory_conceptual,sequential,0,3,15905282458092997945,2026-10-01T05:43:23.326+00:00,completed,epsilon,True,True,True,True,,1618.887016,2848.565561002033,2846.0454850028327,2,57,0.4489765705985682,1.9637715242826204e-07,791.3461879948653,,text,1-0-1-1-2-1-1-1,0.44897676697572064,True,50,batch,True,pso,20,1,swarm
oe4-pilot-v2,oe4,swarm|batch|bc1|h1|pso|r1|N20|c50,syn-explanatory_conceptual-conditional-r3,explanatory_conceptual,conditional,0,3,11332394261640184133,2026-10-01T05:43:23.647+00:00,completed,epsilon,True,True,True,True,,1549.815024,2550.886174001789,2547.0311130011396,2,60,0.43096370532164535,0.0036547194033032526,1838.8130439904428,,text,1-1-0-1-2-1-0-1,0.4346184247249486,True,50,batch,True,pso,20,1,swarm
oe4-pilot-v2,oe4,swarm|batch|bc1|h1|pso|r1|N20|c50,syn-balanced_multimodal-sequential-r3,balanced_multimodal,sequential,0,3,17396203175820366605,2026-10-01T05:43:24.473+00:00,completed,epsilon,True,True,True,True,,1290.026249,1752.4708420023671,1750.1766420027707,3,64,0.5055952816994697,0.0,1841.7478969955666,,text,1-0-1-0-2-1-1-1,0.5055952816994697,True,50,batch,True,pso,20,1,swarm
oe4-pilot-v2,oe4,swarm|batch|bc1|h1|pso|r1|N20|c50,syn-explanatory_conceptual-sequential-r0,explanatory_conceptual,sequential,0,3,14947352377729861017,2026-10-01T05:43:23.199+00:00,completed,epsilon,True,True,True,True,,1705.72302,3049.8231169985957,3047.499896998488,4,71,0.467455645058524,0.0,477.4150380001342,,text,0-0-1-0-2-0-0-1,0.467455645058524,True,50,batch,True,pso,20,1,swarm
oe4-pilot-v2,oe4,swarm|batch|bc1|h1|pso|r1|N20|c50,syn-explanatory_conceptual-repetitive-r1,explanatory_conceptual,repetitive,0,3,10148232421566165977,2026-10-01T05:43:23.794+00:00,completed,epsilon,True,True,True,True,,1588.722404,2456.2169410019123,2452.4775040008535,2,60,0.5255407002055713,1.9637715242826204e-07,2432.134863016418,,text,1-0-1-1-2-1-1-1,0.5255408965827237,True,50,batch,True,pso,20,1,swarm
oe4-pilot-v2,oe4,swarm|batch|bc1|h1|pso|r1|N20|c50,syn-explanatory_conceptual-sequential-r2,explanatory_conceptual,sequential,0,3,7023970792698232399,2026-10-01T05:43:23.311+00:00,completed,epsilon,True,True,True,True,,1691.423839,2954.57295000233,2941.1290809985076,4,73,0.45488132858608143,0.007792797720650335,853.7275220085381,,text,1-0-1-2-2-1-1-1,0.46267412630673177,True,50,batch,True,pso,20,1,swarm
oe4-pilot-v2,oe4,swarm|batch|bc1|h1|pso|r1|N20|c50,syn-explanatory_conceptual-repetitive-r3,explanatory_conceptual,repetitive,0,3,5679236231213962541,2026-10-01T05:43:23.813+00:00,completed,epsilon,True,True,True,True,,1603.631048,2465.8051029982744,2463.571255997522,2,60,0.47773671108267024,0.009947252053144284,2605.5073759960933,,text,1-0-1-0-2-1-1-1,0.4876839631358145,True,50,batch,True,pso,20,1,swarm
oe4-pilot-v2,oe4,swarm|batch|bc1|h1|pso|r1|N20|c50,syn-explanatory_conceptual-repetitive-r4,explanatory_conceptual,repetitive,0,3,615434091092212846,2026-10-01T05:43:23.901+00:00,completed,epsilon,True,True,True,True,,1626.972703,2394.7688680018473,2392.9110810022394,1,55,0.45405216601876935,0.02008255859137359,2403.135522020588,,text,1-1-0-1-2-1-1-1,0.47413472461014294,True,50,batch,True,pso,20,1,swarm
oe4-pilot-v2,oe4,swarm|batch|bc1|h1|pso|r1|N20|c50,syn-balanced_multimodal-conditional-r0,balanced_multimodal,conditional,0,3,9492171042143771967,2026-10-01T05:43:24.678+00:00,completed,epsilon,True,True,True,True,,805.888379,1623.3652430018992,1621.5973130019847,1,54,0.48780502665661635,0.0036547194033032526,474.53013499747533,,code,2-1-1-1-1-1-1-1,0.4914597460599196,True,50,batch,True,pso,20,1,swarm
oe4-pilot-v2,oe4,swarm|batch|bc1|h1|pso|r1|N20|c50,syn-balanced_multimodal-conditional-r1,balanced_multimodal,conditional,0,3,12567349465944861023,2026-10-01T05:43:24.712+00:00,completed,epsilon,True,True,True,True,,806.91096,1603.703348999261,1601.9129199994495,1,52,0.4988095313719645,0.0,379.678168002135,,code,1-1-1-0-1-0-1-1,0.4988095313719645,True,50,batch,True,pso,20,1,swarm
oe4-pilot-v2,oe4,swarm|batch|bc1|h1|pso|r1|N20|c50,syn-balanced_multimodal-conditional-r2,balanced_multimodal,conditional,0,3,4742918314447581142,2026-10-01T05:43:24.742+00:00,completed,epsilon,True,True,True,True,,812.093136,1635.4846020003606,1633.0845140000747,1,52,0.4784409614577118,0.02094032221573877,571.6229159928015,,code,2-1-1-1-2-1-2-1,0.4993812836734506,True,50,batch,True,pso,20,1,swarm
oe4-pilot-v2,oe4,swarm|batch|bc1|h1|pso|r1|N20|c50,syn-balanced_multimodal-conditional-r3,balanced_multimodal,conditional,0,3,11394639668150330671,2026-10-01T05:43:24.783+00:00,completed,epsilon,True,True,True,True,,824.282999,1599.9292669985152,1598.1133189998218,1,51,0.4637423303052723,0.007792650437786042,595.3187129992882,,text,1-1-1-1-2-1-1-1,0.47153498074305833,True,50,batch,True,pso,20,1,swarm
oe4-pilot-v2,oe4,swarm|batch|bc1|h1|pso|r1|N20|c50,syn-explanatory_conceptual-functions-r0,explanatory_conceptual,functions,0,3,4847129841761666601,2026-10-01T05:43:24.062+00:00,completed,epsilon,True,True,True,True,,1642.42907,2332.0655040006386,2330.1914260009653,1,51,0.4945698834876539,0.01617519995265254,3092.6446419833655,,text,1-2-1-1-2-0-1-1,0.5107450834403064,True,50,batch,True,pso,20,1,swarm
oe4-pilot-v2,oe4,swarm|batch|bc1|h1|pso|r1|N20|c50,syn-explanatory_conceptual-functions-r1,explanatory_conceptual,functions,0,3,8968182148387190867,2026-10-01T05:43:24.067+00:00,completed,epsilon,True,True,True,True,,1692.206817,2383.78584900056,2381.1336180006037,4,69,0.4985151422574555,0.014907373379307698,3321.7304489931894,,code,2-2-1-2-2-0-0-1,0.5134225156367632,True,50,batch,True,pso,20,1,swarm
oe4-pilot-v2,oe4,swarm|batch|bc1|h1|pso|r1|N20|c50,syn-explanatory_conceptual-functions-r4,explanatory_conceptual,functions,0,3,13584105466744503536,2026-10-01T05:43:24.257+00:00,completed,epsilon,True,True,True,True,,1613.542907,2232.022317002702,2228.4023400025035,2,58,0.4919079769589474,0.007792454060633558,1866.4737569874562,,text,1-0-1-0-2-1-1-1,0.49970043101958095,True,50,batch,True,pso,20,1,swarm
oe4-pilot-v2,oe4,swarm|batch|bc1|h1|pso|r1|N20|c50,syn-balanced_multimodal-repetitive-r2,balanced_multimodal,repetitive,0,3,12027688066564710874,2026-10-01T05:43:24.981+00:00,completed,epsilon,True,True,True,True,,622.299532,1533.9964109989523,1532.2226449970913,1,51,0.48695008664679024,0.02008255859137359,177.25178399890603,,code,2-1-2-1-1-1-2-1,0.5070326452381638,True,50,batch,True,pso,20,1,swarm
oe4-pilot-v2,oe4,swarm|batch|bc1|h1|pso|r1|N20|c50,syn-balanced_multimodal-repetitive-r4,balanced_multimodal,repetitive,0,3,16842203000296662102,2026-10-01T05:43:25.003+00:00,completed,epsilon,True,True,True,True,,585.715722,1526.9121970013657,1525.5248470020888,1,50,0.5354470399519666,0.020082558591373645,677.1119929978635,,code,2-1-1-1-1-1-2-1,0.5555295985433403,True,50,batch,True,pso,20,1,swarm
oe4-pilot-v2,oe4,swarm|batch|bc1|h1|pso|r1|N20|c50,syn-balanced_multimodal-repetitive-r3,balanced_multimodal,repetitive,0,3,10665835498416014906,2026-10-01T05:43:25.001+00:00,completed,epsilon,True,True,True,True,,659.810478,1617.829080001684,1615.7779929999379,1,51,0.4984038111225635,0.020082362214221106,1387.6100460020718,,diagram,1-1-2-0-2-1-1-1,0.5184861733367846,True,50,batch,True,pso,20,1,swarm
oe4-pilot-v2,oe4,swarm|batch|bc1|h1|pso|r1|N20|c50,syn-balanced_multimodal-arrays_vectors-r1,balanced_multimodal,arrays_vectors,0,3,1557390382835702406,2026-10-01T05:43:25.057+00:00,completed,epsilon,True,True,True,True,,675.537927,1569.8122210014844,1567.8171810031927,1,56,0.5096115026932262,0.01001413080874669,1526.996022019065,,code,1-0-1-1-1-1-1-1,0.5196256335019729,True,50,batch,True,pso,20,1,swarm
oe4-pilot-v2,oe4,swarm|batch|bc1|h1|pso|r1|N20|c50,syn-balanced_multimodal-arrays_vectors-r2,balanced_multimodal,arrays_vectors,0,3,1551228789342824201,2026-10-01T05:43:25.063+00:00,completed,epsilon,True,True,True,True,,673.779761,1564.8872130004747,1563.486240000202,1,53,0.5207081594293232,0.027875012652007092,1127.2779759897046,,text,1-1-1-1-2-1-1-1,0.5485831720813303,True,50,batch,True,pso,20,1,swarm
oe4-pilot-v2,oe4,swarm|batch|bc1|h1|pso|r1|N20|c50,syn-balanced_multimodal-functions-r1,balanced_multimodal,functions,0,3,368220290834284782,2026-10-01T05:43:25.122+00:00,completed,epsilon,True,True,True,True,,727.715088,1607.3037219975959,1605.661379002413,1,53,0.4917724457549157,0.02008255859137359,1510.8988650125648,,code,2-1-1-1-1-1-2-1,0.5118550043462893,True,50,batch,True,pso,20,1,swarm
oe4-pilot-v2,oe4,swarm|batch|bc1|h1|pso|r1|N20|c50,syn-balanced_multimodal-repetitive-r0,balanced_multimodal,repetitive,0,3,3839617547738254315,2026-10-01T05:43:24.930+00:00,completed,epsilon,True,True,True,True,,1039.608284,1930.6570019980427,1927.4567360007495,1,55,0.5383161833171735,0.020082558591373534,522.3367709901069,,code,2-1-1-1-1-1-2-1,0.558398741908547,True,50,batch,True,pso,20,1,swarm
oe4-pilot-v2,oe4,swarm|batch|bc1|h1|pso|r1|N20|c50,syn-balanced_multimodal-repetitive-r1,balanced_multimodal,repetitive,0,3,2659073220867155690,2026-10-01T05:43:24.939+00:00,completed,epsilon,True,True,True,True,,1043.673083,1924.8477539986197,1921.8025440022757,2,60,0.5300479510764751,1.9637715242826204e-07,574.1137780014277,,code,2-0-2-1-2-1-1-1,0.5300481474536275,True,50,batch,True,pso,20,1,swarm
oe4-pilot-v2,oe4,swarm|batch|bc1|h1|pso|r1|N20|c50,syn-balanced_multimodal-arrays_vectors-r4,balanced_multimodal,arrays_vectors,0,3,7080146454937735062,2026-10-01T05:43:25.100+00:00,completed,epsilon,True,True,True,True,,879.769286,1769.2702470012591,1766.4815549978812,1,53,0.5231764212501887,0.0034158919247068154,1522.428983001453,,code,2-1-1-1-1-0-1-1,0.5265923131748955,True,50,batch,True,pso,20,1,swarm
oe4-pilot-v2,oe4,swarm|batch|bc1|h1|pso|r1|N20|c50,syn-balanced_multimodal-functions-r3,balanced_multimodal,functions,0,3,18228905326412579013,2026-10-01T05:43:25.191+00:00,completed,epsilon,True,True,True,True,,831.380238,1685.7641899987357,1679.7580089987605,1,57,0.489537761565406,0.027875012652007147,1506.311220990265,,diagram,1-1-2-1-2-1-1-1,0.5174127742174132,True,50,batch,True,pso,20,1,swarm
oe4-pilot-v2,oe4,swarm|batch|bc1|h1|pso|r1|N20|c50,syn-balanced_multimodal-arrays_vectors-r3,balanced_multimodal,arrays_vectors,0,3,11908930478528390133,2026-10-01T05:43:25.093+00:00,completed,epsilon,True,True,True,True,,889.635801,1786.3837240001885,1781.6712630010443,2,62,0.5326887851156756,0.019041613531884827,1419.0394719956048,,code,1-0-1-1-1-0-1-1,0.5517303986475605,True,50,batch,True,pso,20,1,swarm
oe4-pilot-v2,oe4,swarm|batch|bc1|h1|pso|r1|N20|c50,syn-balanced_multimodal-sequential-r4,balanced_multimodal,sequential,0,3,16072189927809315852,2026-10-01T05:43:24.648+00:00,completed,epsilon,True,True,True,True,,1499.292419,2244.7635179996723,2242.415295000683,3,66,0.4997105397388589,0.006721039910257187,324.44319201939965,,code,2-2-2-1-2-1-2-1,0.5064315796491161,True,50,batch,True,pso,20,1,swarm
oe4-pilot-v2,oe4,swarm|batch|bc1|h1|pso|r1|N20|c50,syn-explanatory_conceptual-functions-r2,explanatory_conceptual,functions,0,3,15850266999198055000,2026-10-01T05:43:24.162+00:00,completed,epsilon,True,True,True,True,,2076.202481,2733.7820380016638,2730.9549560013693,3,67,0.4811703400530759,0.005038735019827212,2197.5137690087404,,text,1-0-1-1-2-1-0-1,0.4862090750729031,True,50,batch,True,pso,20,1,swarm
oe4-pilot-v2,oe4,swarm|batch|bc1|h1|pso|r1|N20|c50,syn-balanced_multimodal-conditional-r4,balanced_multimodal,conditional,0,3,2277667993778051270,2026-10-01T05:43:24.820+00:00,completed,epsilon,True,True,True,True,,1212.695042,2079.6149320012773,2077.2205690009287,3,62,0.4970117057765307,1.963771524837732e-07,259.08526001023034,,code,2-1-1-1-2-0-2-1,0.4970119021536832,True,50,batch,True,pso,20,1,swarm
oe4-pilot-v2,oe4,swarm|batch|bc1|h1|pso|r1|N20|c50,syn-balanced_multimodal-functions-r0,balanced_multimodal,functions,0,3,2933908082685948832,2026-10-01T05:43:25.113+00:00,completed,epsilon,True,True,True,True,,909.484934,1793.398456997238,1788.6355419977917,2,60,0.5082813071929754,0.022699680157076907,1657.9464950211782,,code,2-2-2-1-1-1-1-1,0.5309809873500523,True,50,batch,True,pso,20,1,swarm
oe4-pilot-v2,oe4,swarm|batch|bc1|h1|pso|r1|N20|c50,syn-balanced_multimodal-arrays_vectors-r0,balanced_multimodal,arrays_vectors,0,3,8202019099685287209,2026-10-01T05:43:25.034+00:00,completed,epsilon,True,True,True,True,,956.005295,1877.298235998751,1875.3175399979227,2,62,0.5214552573504015,0.007792454060633558,1279.0788630133673,,code,2-0-1-0-2-1-1-1,0.5292477114110351,True,50,batch,True,pso,20,1,swarm
oe4-pilot-v2,oe4,swarm|batch|bc1|h1|pso|r1|N20|c50,syn-balanced_multimodal-functions-r4,balanced_multimodal,functions,0,3,4683180797726806680,2026-10-01T05:43:25.271+00:00,completed,epsilon,True,True,True,True,,881.231974,1642.4621699989075,1639.3374379986199,2,57,0.4810101863870243,0.022699680157077018,1359.4995089961044,,diagram,1-2-2-1-1-1-1-1,0.5037098665441013,True,50,batch,True,pso,20,1,swarm
oe4-pilot-v2,oe4,swarm|batch|bc1|h1|pso|r1|N20|c50,syn-balanced_multimodal-functions-r2,balanced_multimodal,functions,0,3,8673480799685267205,2026-10-01T05:43:25.125+00:00,completed,epsilon,True,True,True,True,,922.634041,1792.1664870009408,1790.4845279990695,3,67,0.5181875250450265,0.0,1765.5888569855983,,code,2-0-1-0-1-0-1-1,0.5181875250450265,True,50,batch,True,pso,20,1,swarm
oe4-pilot-v2,oe4,swarm|batch|bc1|h1|pso|r1|N30|c1,syn-visual_dominant-sequential-r0,visual_dominant,sequential,0,0,8580140326324496627,2026-10-01T05:43:28.748+00:00,completed,epsilon,True,True,True,True,,46.299729,53.347851000580704,51.54505400059861,2,63,0.47580606727894714,0.0,177.21166100322813,,diagram,1-0-2-0-1-1-0-1,0.47580606727894714,True,1,batch,True,pso,30,1,swarm
oe4-pilot-v2,oe4,swarm|batch|bc1|h1|pso|r1|N30|c1,syn-visual_dominant-sequential-r1,visual_dominant,sequential,0,0,17048800117076641484,2026-10-01T05:43:28.801+00:00,completed,epsilon,True,True,True,True,,41.648141,47.14563900051871,45.72685799939791,1,53,0.44878503224528293,0.02008255859137359,151.54370899391003,,diagram,1-1-2-1-0-1-1-1,0.4688675908366565,True,1,batch,True,pso,30,1,swarm
oe4-pilot-v2,oe4,swarm|batch|bc1|h1|pso|r1|N30|c1,syn-visual_dominant-sequential-r2,visual_dominant,sequential,0,0,4355585619346073820,2026-10-01T05:43:28.849+00:00,completed,epsilon,True,True,True,True,,47.999754,54.23025799973402,52.3957600016729,3,66,0.4684960847891392,0.0,185.14071201004109,,diagram,1-0-2-0-0-1-0-1,0.4684960847891392,True,1,batch,True,pso,30,1,swarm
oe4-pilot-v2,oe4,swarm|batch|bc1|h1|pso|r1|N30|c1,syn-visual_dominant-sequential-r3,visual_dominant,sequential,0,0,5551779150201999310,2026-10-01T05:43:28.903+00:00,completed,epsilon,True,True,True,True,,50.963703,56.950767000671476,55.23736900067888,3,63,0.4968930391220401,0.0,170.48843800188243,,diagram,1-0-2-0-0-1-1-1,0.4968930391220401,True,1,batch,True,pso,30,1,swarm
oe4-pilot-v2,oe4,swarm|batch|bc1|h1|pso|r1|N30|c1,syn-visual_dominant-sequential-r4,visual_dominant,sequential,0,0,13994061115368628468,2026-10-01T05:43:28.960+00:00,completed,epsilon,True,True,True,True,,48.259015,54.98195899781422,53.1192850030493,2,65,0.45399075511807396,1.9637715242826204e-07,193.72707601548908,,diagram,1-0-2-1-1-1-0-1,0.4539909514952264,True,1,batch,True,pso,30,1,swarm
oe4-pilot-v2,oe4,swarm|batch|bc1|h1|pso|r1|N30|c1,syn-visual_dominant-conditional-r0,visual_dominant,conditional,0,0,11471567894967710186,2026-10-01T05:43:29.015+00:00,completed,epsilon,True,True,True,True,,39.691806,45.964010001625866,44.160311997984536,1,61,0.4683786250362893,0.007792650437786042,191.27363199461914,,diagram,1-1-2-1-0-1-0-1,0.47617127547407534,True,1,batch,True,pso,30,1,swarm
oe4-pilot-v2,oe4,swarm|batch|bc1|h1|pso|r1|N30|c1,syn-visual_dominant-conditional-r1,visual_dominant,conditional,0,0,13928515270300365190,2026-10-01T05:43:29.061+00:00,completed,epsilon,True,True,True,True,,61.738746,68.3880139986286,66.49479000043357,4,73,0.4371315517815198,1.963771524837732e-07,194.71242299436346,,diagram,1-1-2-1-0-0-0-1,0.4371317481586723,True,1,batch,True,pso,30,1,swarm
oe4-pilot-v2,oe4,swarm|batch|bc1|h1|pso|r1|N30|c1,syn-visual_dominant-conditional-r2,visual_dominant,conditional,0,0,7530803405880337628,2026-10-01T05:43:29.129+00:00,completed,epsilon,True,True,True,True,,45.426457,51.360954999836395,49.56444200070109,2,65,0.47576325269917313,1.963771524837732e-07,198.0194959874204,,code,2-1-2-1-1-0-1-1,0.4757634490763256,True,1,batch,True,pso,30,1,swarm
oe4-pilot-v2,oe4,swarm|batch|bc1|h1|pso|r1|N30|c1,syn-visual_dominant-conditional-r3,visual_dominant,conditional,0,0,12303691227522993195,2026-10-01T05:43:29.181+00:00,completed,epsilon,True,True,True,True,,53.592311,59.6843439998338,57.88045100052841,2,65,0.4537572043126114,0.0036547194033032526,218.796966992142,,diagram,1-1-2-1-0-1-1-1,0.45741192371591466,True,1,batch,True,pso,30,1,swarm
oe4-pilot-v2,oe4,swarm|batch|bc1|h1|pso|r1|N30|c1,syn-visual_dominant-conditional-r4,visual_dominant,conditional,0,0,7123775909059268369,2026-10-01T05:43:29.240+00:00,completed,epsilon,True,True,True,True,,39.090234,46.05266199723701,44.40416999932495,1,58,0.4486569413932807,0.0,203.83961901112724,,diagram,1-1-2-0-1-0-0-1,0.4486569413932807,True,1,batch,True,pso,30,1,swarm
oe4-pilot-v2,oe4,swarm|batch|bc1|h1|pso|r1|N30|c1,syn-visual_dominant-repetitive-r0,visual_dominant,repetitive,0,0,3652346516165016234,2026-10-01T05:43:29.286+00:00,completed,epsilon,True,True,True,True,,43.248259,52.94395800228813,51.362378002522746,1,59,0.46998170127395994,0.02008255859137359,206.5744180010908,,diagram,1-1-2-1-1-1-0-1,0.49006425986533353,True,1,batch,True,pso,30,1,swarm
oe4-pilot-v2,oe4,swarm|batch|bc1|h1|pso|r1|N30|c1,syn-visual_dominant-repetitive-r1,visual_dominant,repetitive,0,0,9493985239135120539,2026-10-01T05:43:29.339+00:00,completed,epsilon,True,True,True,True,,62.092315,71.49140000183252,69.51552100144909,5,74,0.49141108956712465,0.0,152.86226800105788,,code,2-0-2-0-1-1-1-1,0.49141108956712465,True,1,batch,True,pso,30,1,swarm
oe4-pilot-v2,oe4,swarm|batch|bc1|h1|pso|r1|N30|c1,syn-visual_dominant-repetitive-r2,visual_dominant,repetitive,0,0,15577984090316381348,2026-10-01T05:43:29.411+00:00,completed,epsilon,True,True,True,True,,48.406577,58.02398699961486,56.310992997168796,2,63,0.5174510138160732,1.9637715242826204e-07,205.12988799089783,,code,2-0-2-1-1-1-0-1,0.5174512101932256,True,1,batch,True,pso,30,1,swarm
oe4-pilot-v2,oe4,swarm|batch|bc1|h1|pso|r1|N30|c1,syn-visual_dominant-repetitive-r3,visual_dominant,repetitive,0,0,13061490195280824700,2026-10-01T05:43:29.469+00:00,completed,epsilon,True,True,True,True,,47.322868,57.01533799947356,55.39115599822253,2,55,0.4931223664434585,0.012207742316518777,171.37479499268667,,diagram,1-0-2-1-0-0-0-1,0.5053301087599773,True,1,batch,True,pso,30,1,swarm
oe4-pilot-v2,oe4,swarm|batch|bc1|h1|pso|r1|N30|c1,syn-visual_dominant-repetitive-r4,visual_dominant,repetitive,0,0,5153165576748431564,2026-10-01T05:43:29.526+00:00,completed,epsilon,True,True,True,True,,53.744779,62.3470600003202,60.55651200222201,3,66,0.4676075053726938,0.0,191.89397398835996,,diagram,1-0-2-0-0-1-0-1,0.4676075053726938,True,1,batch,True,pso,30,1,swarm
oe4-pilot-v2,oe4,swarm|batch|bc1|h1|pso|r1|N30|c1,syn-visual_dominant-arrays_vectors-r0,visual_dominant,arrays_vectors,0,0,2484686855457110652,2026-10-01T05:43:29.588+00:00,completed,epsilon,True,True,True,True,,60.960089,76.44111099943984,73.11825100259739,1,54,0.46105976353153516,0.027875012652007147,150.19445200471102,,diagram,1-1-2-1-0-1-0-1,0.4889347761835423,True,1,batch,True,pso,30,1,swarm
oe4-pilot-v2,oe4,swarm|batch|bc1|h1|pso|r1|N30|c1,syn-visual_dominant-arrays_vectors-r1,visual_dominant,arrays_vectors,0,0,14387502913323118724,2026-10-01T05:43:29.665+00:00,completed,epsilon,True,True,True,True,,55.312333,64.23534900022787,62.283829000080004,3,67,0.4531926066883153,0.0,200.07701401059387,,diagram,1-0-2-0-0-0-0-1,0.4531926066883153,True,1,batch,True,pso,30,1,swarm
oe4-pilot-v2,oe4,swarm|batch|bc1|h1|pso|r1|N30|c1,syn-visual_dominant-arrays_vectors-r2,visual_dominant,arrays_vectors,0,0,18083930375172244621,2026-10-01T05:43:29.729+00:00,completed,epsilon,True,True,True,True,,59.614088,68.94878599996446,67.07642899709754,3,66,0.5218342851242742,1.9637715242826204e-07,165.59733498957587,,diagram,1-0-2-1-1-0-1-1,0.5218344815014266,True,1,batch,True,pso,30,1,swarm
oe4-pilot-v2,oe4,swarm|batch|bc1|h1|pso|r1|N30|c1,syn-visual_dominant-arrays_vectors-r3,visual_dominant,arrays_vectors,0,0,16074832408338533935,2026-10-01T05:43:29.798+00:00,completed,epsilon,True,True,True,True,,59.973369,69.07146999947145,67.09326100099133,3,69,0.5279373560844233,0.0,188.5483179969252,,diagram,0-0-2-1-1-0-0-1,0.5279373560844233,True,1,batch,True,pso,30,1,swarm
oe4-pilot-v2,oe4,swarm|batch|bc1|h1|pso|r1|N30|c1,syn-visual_dominant-arrays_vectors-r4,visual_dominant,arrays_vectors,0,0,13236652181889018265,2026-10-01T05:43:29.867+00:00,completed,epsilon,True,True,True,True,,38.264243,46.79304199817125,45.18193300100393,1,58,0.49310999494245983,0.004471198194922976,185.3926799887707,,diagram,1-1-2-2-1-0-0-0,0.4975811931373828,True,1,batch,True,pso,30,1,swarm
oe4-pilot-v2,oe4,swarm|batch|bc1|h1|pso|r1|N30|c1,syn-visual_dominant-functions-r0,visual_dominant,functions,0,0,11375697626506085209,2026-10-01T05:43:29.914+00:00,completed,epsilon,True,True,True,True,,40.531453,50.17772300197976,48.58022799817263,1,53,0.47770576352191013,0.02008255859137359,145.4461020029055,,diagram,1-1-2-1-1-1-0-1,0.4977883221132837,True,1,batch,True,pso,30,1,swarm
oe4-pilot-v2,oe4,swarm|batch|bc1|h1|pso|r1|N30|c1,syn-visual_dominant-functions-r1,visual_dominant,functions,0,0,12724222799605840855,2026-10-01T05:43:29.964+00:00,completed,epsilon,True,True,True,True,,47.161,56.37538299924927,54.71280200072215,2,63,0.49466746788594257,0.007230897594027896,201.2010349771769,,code,2-2-2-1-1-0-0-1,0.5018983654799705,True,1,batch,True,pso,30,1,swarm
oe4-pilot-v2,oe4,swarm|batch|bc1|h1|pso|r1|N30|c1,syn-visual_dominant-functions-r2,visual_dominant,functions,0,0,2855966151648987497,2026-10-01T05:43:30.020+00:00,completed,epsilon,True,True,True,True,,46.020128,55.37837399970158,53.563474997645244,2,62,0.4624311814719705,0.008945025651836969,177.76928399338442,,diagram,1-0-2-1-0-1-1-1,0.47137620712380746,True,1,batch,True,pso,30,1,swarm
oe4-pilot-v2,oe4,swarm|batch|bc1|h1|pso|r1|N30|c1,syn-visual_dominant-functions-r3,visual_dominant,functions,0,0,15496158585802717903,2026-10-01T05:43:30.076+00:00,completed,epsilon,True,True,True,True,,47.519631,57.98002899973653,56.27873699995689,1,61,0.4525600963951378,0.027875012652007147,225.68482500848575,,diagram,1-1-2-1-0-1-1-1,0.4804351090471449,True,1,batch,True,pso,30,1,swarm
oe4-pilot-v2,oe4,swarm|batch|bc1|h1|pso|r1|N30|c1,syn-visual_dominant-functions-r4,visual_dominant,functions,0,0,10259835321663512086,2026-10-01T05:43:30.134+00:00,completed,epsilon,True,True,True,True,,44.312597,53.4900659986306,51.75671399774728,2,60,0.48282466482518693,0.019803777820581292,159.40236099093096,,code,2-2-2-1-1-1-1-1,0.5026284426457682,True,1,batch,True,pso,30,1,swarm
oe4-pilot-v2,oe4,swarm|batch|bc1|h1|pso|r1|N30|c1,syn-logical_syntactic-sequential-r0,logical_syntactic,sequential,0,0,13362044807751343064,2026-10-01T05:43:30.187+00:00,completed,epsilon,True,True,True,True,,40.973437,51.0539280003286,49.31302200202481,1,61,0.4761348237523099,0.02008255859137359,197.5806470141227,,code,2-1-1-1-0-1-0-1,0.4962173823436835,True,1,batch,True,pso,30,1,swarm
oe4-pilot-v2,oe4,swarm|batch|bc1|h1|pso|r1|N30|c1,syn-logical_syntactic-sequential-r1,logical_syntactic,sequential,0,0,14311645315440717423,2026-10-01T05:43:30.238+00:00,completed,epsilon,True,True,True,True,,62.295348,71.42713699795422,69.52543800070998,3,69,0.4825463618186212,0.0,199.77617698099655,,code,2-0-1-0-1-1-0-1,0.4825463618186212,True,1,batch,True,pso,30,1,swarm
oe4-pilot-v2,oe4,swarm|batch|bc1|h1|pso|r1|N30|c1,syn-logical_syntactic-sequential-r2,logical_syntactic,sequential,0,0,15643440995604996842,2026-10-01T05:43:30.310+00:00,completed,epsilon,True,True,True,True,,38.722067,48.057797001092695,46.23814699880313,1,57,0.5052479809084092,0.0034158919247069264,196.69375100251096,,code,2-1-0-1-1-1-1-1,0.5086638728331161,True,1,batch,True,pso,30,1,swarm
oe4-pilot-v2,oe4,swarm|batch|bc1|h1|pso|r1|N30|c1,syn-logical_syntactic-sequential-r3,logical_syntactic,sequential,0,0,16960600487627624599,2026-10-01T05:43:30.358+00:00,completed,epsilon,True,True,True,True,,73.266419,82.59160200032056,80.8236510019924,3,66,0.47454058681115907,0.0,200.5687680261786,,code,2-0-1-0-1-1-0-1,0.47454058681115907,True,1,batch,True,pso,30,1,swarm
oe4-pilot-v2,oe4,swarm|batch|bc1|h1|pso|r1|N30|c1,syn-logical_syntactic-sequential-r4,logical_syntactic,sequential,0,0,17250185977012485747,2026-10-01T05:43:30.440+00:00,completed,epsilon,True,True,True,True,,56.169409,65.68540099760867,63.395597997441655,4,70,0.4963874393518477,3.4366001677721414e-07,185.85413797956892,,code,2-0-1-2-1-0-0-1,0.4963877830118645,True,1,batch,True,pso,30,1,swarm
oe4-pilot-v2,oe4,swarm|batch|bc1|h1|pso|r1|N30|c1,syn-logical_syntactic-conditional-r0,logical_syntactic,conditional,0,0,4732552759670585228,2026-10-01T05:43:30.506+00:00,completed,epsilon,True,True,True,True,,39.011191,47.96631399949547,46.32080100054736,1,59,0.4552126305749631,0.003654523026150769,194.62535900246547,,code,2-1-1-0-0-1-0-1,0.45886715360111385,True,1,batch,True,pso,30,1,swarm
oe4-pilot-v2,oe4,swarm|batch|bc1|h1|pso|r1|N30|c1,syn-logical_syntactic-conditional-r1,logical_syntactic,conditional,0,0,16767561851559065070,2026-10-01T05:43:30.554+00:00,completed,epsilon,True,True,True,True,,46.55588,56.93817400242551,55.22019100317266,2,63,0.44403176024746854,0.007792797720650391,189.64692500207724,,code,2-1-1-2-0-1-0-1,0.45182455796811893,True,1,batch,True,pso,30,1,swarm
oe4-pilot-v2,oe4,swarm|batch|bc1|h1|pso|r1|N30|c1,syn-logical_syntactic-conditional-r2,logical_syntactic,conditional,0,0,6973891702751108736,2026-10-01T05:43:30.611+00:00,completed,epsilon,True,True,True,True,,55.604267,61.613562000275124,59.93485500221141,2,62,0.4667613697407896,1.963771524837732e-07,171.11050301153625,,code,2-1-1-1-0-0-1-1,0.46676156611794206,True,1,batch,True,pso,30,1,swarm
oe4-pilot-v2,oe4,swarm|batch|bc1|h1|pso|r1|N30|c1,syn-logical_syntactic-conditional-r3,logical_syntactic,conditional,0,0,6626061848004110554,2026-10-01T05:43:30.673+00:00,completed,epsilon,True,True,True,True,,39.263367,45.29997500139871,43.5857179982122,1,59,0.4614734643861827,0.007792650437786042,199.09257501750938,,code,2-1-1-1-0-1-0-1,0.46926611482396874,True,1,batch,True,pso,30,1,swarm
oe4-pilot-v2,oe4,swarm|batch|bc1|h1|pso|r1|N30|c1,syn-logical_syntactic-conditional-r4,logical_syntactic,conditional,0,0,2581103798954869873,2026-10-01T05:43:30.718+00:00,completed,epsilon,True,True,True,True,,39.11755,45.06170400054543,43.57646100106649,1,53,0.4839345737065493,0.0036547194033032526,147.72284398414482,,code,2-1-1-1-1-1-1-1,0.48758929310985255,True,1,batch,True,pso,30,1,swarm
oe4-pilot-v2,oe4,swarm|batch|bc1|h1|pso|r1|N30|c1,syn-logical_syntactic-repetitive-r0,logical_syntactic,repetitive,0,0,2563900073831829840,2026-10-01T05:43:30.763+00:00,completed,epsilon,True,True,True,True,,39.363978,47.38876800183789,45.85086999941268,1,58,0.45068774937313677,0.02008255859137359,194.34284899466724,,code,2-1-2-1-0-1-1-1,0.47077030796451036,True,1,batch,True,pso,30,1,swarm
oe4-pilot-v2,oe4,swarm|batch|bc1|h1|pso|r1|N30|c1,syn-logical_syntactic-repetitive-r1,logical_syntactic,repetitive,0,0,1690962082425471307,2026-10-01T05:43:30.810+00:00,completed,epsilon,True,True,True,True,,43.866154,52.70052299965755,51.18229700019583,1,56,0.46854772531455674,0.02008255859137359,184.54976000378826,,code,2-1-1-1-0-1-0-1,0.48863028390593033,True,1,batch,True,pso,30,1,swarm
oe4-pilot-v2,oe4,swarm|batch|bc1|h1|pso|r1|N30|c1,syn-logical_syntactic-repetitive-r2,logical_syntactic,repetitive,0,0,12298035747105259136,2026-10-01T05:43:30.863+00:00,completed,epsilon,True,True,True,True,,51.357297,62.20332600059919,60.53572800010443,1,59,0.48860682289608054,0.02008255859137359,187.38144299808914,,code,2-1-1-1-1-1-1-1,0.5086893814874541,True,1,batch,True,pso,30,1,swarm
oe4-pilot-v2,oe4,swarm|batch|bc1|h1|pso|r1|N30|c1,syn-logical_syntactic-repetitive-r3,logical_syntactic,repetitive,0,0,6665076571321463288,2026-10-01T05:43:30.925+00:00,completed,epsilon,True,True,True,True,,54.227807,63.47312500292901,61.64819900004659,2,65,0.46208578639800935,0.020082362214221106,166.31604600055238,,code,2-1-1-0-1-1-0-1,0.48216814861223045,True,1,batch,True,pso,30,1,swarm
oe4-pilot-v2,oe4,swarm|batch|bc1|h1|pso|r1|N30|c1,syn-logical_syntactic-repetitive-r4,logical_syntactic,repetitive,0,0,3613547958009930106,2026-10-01T05:43:30.989+00:00,completed,epsilon,True,True,True,True,,44.790418,50.70067799897515,49.02084800050943,2,62,0.42431599984481977,0.02008255859137359,170.21470900173117,,code,2-1-0-1-1-1-0-1,0.44439855843619336,True,1,batch,True,pso,30,1,swarm
oe4-pilot-v2,oe4,swarm|batch|bc1|h1|pso|r1|N30|c1,syn-logical_syntactic-arrays_vectors-r0,logical_syntactic,arrays_vectors,0,0,14948705039163960895,2026-10-01T05:43:31.040+00:00,completed,epsilon,True,True,True,True,,36.904708,45.535952998761786,43.91195999778574,1,58,0.4856184373133194,0.02008255859137359,177.67317701137753,,code,2-1-1-1-0-0-1-1,0.505700995904693,True,1,batch,True,pso,30,1,swarm
oe4-pilot-v2,oe4,swarm|batch|bc1|h1|pso|r1|N30|c1,syn-logical_syntactic-arrays_vectors-r1,logical_syntactic,arrays_vectors,0,0,13327273701071249688,2026-10-01T05:43:31.085+00:00,completed,epsilon,True,True,True,True,,61.32591,70.50086800154531,68.57904899879941,3,69,0.47410405901537916,0.00994067049648667,168.2148879963699,,code,2-2-1-0-1-0-0-1,0.48404472951186583,True,1,batch,True,pso,30,1,swarm
oe4-pilot-v2,oe4,swarm|batch|bc1|h1|pso|r1|N30|c1,syn-logical_syntactic-arrays_vectors-r2,logical_syntactic,arrays_vectors,0,0,7678510444233138347,2026-10-01T05:43:31.156+00:00,completed,epsilon,True,True,True,True,,45.270382,55.71963600232266,53.92223099988769,1,61,0.49083069767651405,0.027875012652007147,202.45817699042968,,code,2-1-1-1-0-1-0-1,0.5187057103285212,True,1,batch,True,pso,30,1,swarm
oe4-pilot-v2,oe4,swarm|batch|bc1|h1|pso|r1|N30|c1,syn-logical_syntactic-arrays_vectors-r3,logical_syntactic,arrays_vectors,0,0,3475821061836782133,2026-10-01T05:43:31.211+00:00,completed,epsilon,True,True,True,True,,50.039009,59.212881002167705,57.35747100334265,2,65,0.5279095277556373,1.472828643489521e-07,192.62407700278126,,code,2-0-1-2-1-0-1-1,0.5279096750385016,True,1,batch,True,pso,30,1,swarm
oe4-pilot-v2,oe4,swarm|batch|bc1|h1|pso|r1|N30|c1,syn-logical_syntactic-arrays_vectors-r4,logical_syntactic,arrays_vectors,0,0,15069723113616053544,2026-10-01T05:43:31.271+00:00,completed,epsilon,True,True,True,True,,43.709805,52.54116500145756,50.71569099891349,1,61,0.45823969583330176,0.008847809425137798,203.55491200123458,,code,2-0-1-1-0-1-1-0,0.46708750525843956,True,1,batch,True,pso,30,1,swarm
oe4-pilot-v2,oe4,swarm|batch|bc1|h1|pso|r1|N30|c1,syn-logical_syntactic-functions-r0,logical_syntactic,functions,0,0,15105445333404857368,2026-10-01T05:43:31.323+00:00,completed,epsilon,True,True,True,True,,50.878289,60.98511899836012,59.235549000732135,2,63,0.5077822418422905,0.007792650437785986,146.23263499930042,,code,2-0-1-1-1-1-0-1,0.5155748922800765,True,1,batch,True,pso,30,1,swarm
oe4-pilot-v2,oe4,swarm|batch|bc1|h1|pso|r1|N30|c1,syn-logical_syntactic-functions-r1,logical_syntactic,functions,0,0,7545233351544256523,2026-10-01T05:43:31.384+00:00,completed,epsilon,True,True,True,True,,48.096025,56.80799299807404,55.100906000006944,2,65,0.4952348885551682,1.9637715242826204e-07,196.7409199858568,,code,2-0-1-1-1-0-0-1,0.4952350849323206,True,1,batch,True,pso,30,1,swarm
oe4-pilot-v2,oe4,swarm|batch|bc1|h1|pso|r1|N30|c1,syn-logical_syntactic-functions-r2,logical_syntactic,functions,0,0,6130147880867857550,2026-10-01T05:43:31.441+00:00,completed,epsilon,True,True,True,True,,71.90465,81.97752100022626,79.6010230005777,5,77,0.4982072075606626,1.9637715242826204e-07,209.7212269996541,,code,2-0-0-1-1-0-1-1,0.49820740393781504,True,1,batch,True,pso,30,1,swarm
oe4-pilot-v2,oe4,swarm|batch|bc1|h1|pso|r1|N30|c1,syn-logical_syntactic-functions-r3,logical_syntactic,functions,0,0,4820333934433401313,2026-10-01T05:43:31.523+00:00,completed,epsilon,True,True,True,True,,46.47954,54.79880499842693,53.125561000342714,2,63,0.48636013268759803,0.0,182.82310799936727,,code,2-0-1-0-1-1-0-1,0.48636013268759803,True,1,batch,True,pso,30,1,swarm
oe4-pilot-v2,oe4,swarm|batch|bc1|h1|pso|r1|N30|c1,syn-logical_syntactic-functions-r4,logical_syntactic,functions,0,0,10275058418311301455,2026-10-01T05:43:31.578+00:00,completed,epsilon,True,True,True,True,,60.492948,69.08707600086927,67.30928099932498,4,70,0.4530924129093758,0.0029587093058543457,175.90457901296674,,code,2-2-0-0-1-0-0-1,0.45605112221523014,True,1,batch,True,pso,30,1,swarm
oe4-pilot-v2,oe4,swarm|batch|bc1|h1|pso|r1|N30|c1,syn-explanatory_conceptual-sequential-r0,explanatory_conceptual,sequential,0,0,14947352377729861017,2026-10-01T05:43:31.647+00:00,completed,epsilon,True,True,True,True,,51.90639,60.892815999977756,59.06186599895591,3,66,0.4486181798628388,0.018837465195685188,190.76001099769584,,text,1-0-0-0-2-0-0-1,0.467455645058524,True,1,batch,True,pso,30,1,swarm
oe4-pilot-v2,oe4,swarm|batch|bc1|h1|pso|r1|N30|c1,syn-explanatory_conceptual-sequential-r1,explanatory_conceptual,sequential,0,0,3272787541859846898,2026-10-01T05:43:31.708+00:00,completed,epsilon,True,True,True,True,,43.559478,53.29186800008756,51.704918001632905,1,56,0.45267043074923324,0.006749225258040281,194.23970698557778,,text,0-1-0-1-2-1-0-1,0.4594196560072735,True,1,batch,True,pso,30,1,swarm
oe4-pilot-v2,oe4,swarm|batch|bc1|h1|pso|r1|N30|c1,syn-explanatory_conceptual-sequential-r2,explanatory_conceptual,sequential,0,0,7023970792698232399,2026-10-01T05:43:31.761+00:00,completed,epsilon,True,True,True,True,,51.255128,59.649830996931996,57.81914900217089,2,65,0.46174206660316464,0.0009320597035671341,235.44381702202216,,text,0-0-1-1-2-0-1-1,0.46267412630673177,True,1,batch,True,pso,30,1,swarm
oe4-pilot-v2,oe4,swarm|batch|bc1|h1|pso|r1|N30|c1,syn-explanatory_conceptual-sequential-r3,explanatory_conceptual,sequential,0,0,15905282458092997945,2026-10-01T05:43:31.821+00:00,completed,epsilon,True,True,True,True,,48.076762,57.048271999519784,55.261027002416085,2,62,0.4489765705985682,1.9637715242826204e-07,192.13219100774418,,text,1-0-1-1-2-1-1-1,0.44897676697572064,True,1,batch,True,pso,30,1,swarm
oe4-pilot-v2,oe4,swarm|batch|bc1|h1|pso|r1|N30|c1,syn-explanatory_conceptual-sequential-r4,explanatory_conceptual,sequential,0,0,16212943396658008924,2026-10-01T05:43:31.878+00:00,completed,epsilon,True,True,True,True,,68.442218,77.25530300012906,75.43395899847383,4,70,0.4665029999409801,0.0,207.37869299116022,,text,1-1-1-0-2-0-1-1,0.4665029999409801,True,1,batch,True,pso,30,1,swarm
oe4-pilot-v2,oe4,swarm|batch|bc1|h1|pso|r1|N30|c1,syn-explanatory_conceptual-conditional-r0,explanatory_conceptual,conditional,0,0,5916953307552671090,2026-10-01T05:43:31.955+00:00,completed,epsilon,True,True,True,True,,48.2127,54.10517800191883,52.368343000125606,2,63,0.49552996804696203,0.0,197.20300899956973,,code,2-1-1-0-2-0-1-1,0.49552996804696203,True,1,batch,True,pso,30,1,swarm
oe4-pilot-v2,oe4,swarm|batch|bc1|h1|pso|r1|N30|c1,syn-explanatory_conceptual-conditional-r1,explanatory_conceptual,conditional,0,0,18124705353368190302,2026-10-01T05:43:32.009+00:00,completed,epsilon,True,True,True,True,,48.596615,54.24359700191417,52.59225400004652,2,62,0.4788636419583419,1.963771524837732e-07,158.9821220092227,,text,1-1-1-1-2-0-1-1,0.4788638383354944,True,1,batch,True,pso,30,1,swarm
oe4-pilot-v2,oe4,swarm|batch|bc1|h1|pso|r1|N30|c1,syn-explanatory_conceptual-conditional-r2,explanatory_conceptual,conditional,0,0,1341896759769893857,2026-10-01T05:43:32.063+00:00,completed,epsilon,True,True,True,True,,52.132348,58.152559999143705,56.25700500240782,3,66,0.49030473008974373,0.0,168.56112300340996,,diagram,1-1-2-0-2-0-1-1,0.49030473008974373,True,1,batch,True,pso,30,1,swarm
oe4-pilot-v2,oe4,swarm|batch|bc1|h1|pso|r1|N30|c1,syn-explanatory_conceptual-conditional-r3,explanatory_conceptual,conditional,0,0,11332394261640184133,2026-10-01T05:43:32.122+00:00,completed,epsilon,True,True,True,True,,51.557608,57.60779000047478,55.838486998254666,2,63,0.43096390169879784,0.003654523026150769,184.82060800077497,,text,1-1-0-0-2-1-0-1,0.4346184247249486,True,1,batch,True,pso,30,1,swarm
oe4-pilot-v2,oe4,swarm|batch|bc1|h1|pso|r1|N30|c1,syn-explanatory_conceptual-conditional-r4,explanatory_conceptual,conditional,0,0,8670080275324173838,2026-10-01T05:43:32.179+00:00,completed,epsilon,True,True,True,True,,47.036078,56.13776500103995,54.27180900005624,2,65,0.46408094218044915,0.0010551589873517564,199.5789339995763,,text,1-1-1-0-2-0-0-0,0.4651361011678009,True,1,batch,True,pso,30,1,swarm
oe4-pilot-v2,oe4,swarm|batch|bc1|h1|pso|r1|N30|c1,syn-explanatory_conceptual-repetitive-r0,explanatory_conceptual,repetitive,0,0,3237454591878846868,2026-10-01T05:43:32.235+00:00,completed,epsilon,True,True,True,True,,46.329083,52.56493799970485,50.830206000682665,2,62,0.4460986935462345,0.02008255859137359,165.00730500350355,,text,1-1-1-1-2-1-0-1,0.4661812521376081,True,1,batch,True,pso,30,1,swarm
oe4-pilot-v2,oe4,swarm|batch|bc1|h1|pso|r1|N30|c1,syn-explanatory_conceptual-repetitive-r1,explanatory_conceptual,repetitive,0,0,10148232421566165977,2026-10-01T05:43:32.288+00:00,completed,epsilon,True,True,True,True,,55.928495,65.75070200051414,63.902062000124715,2,65,0.5255407002055713,1.9637715242826204e-07,199.49170499533955,,text,1-0-1-1-2-1-1-1,0.5255408965827237,True,1,batch,True,pso,30,1,swarm
oe4-pilot-v2,oe4,swarm|batch|bc1|h1|pso|r1|N30|c1,syn-explanatory_conceptual-repetitive-r2,explanatory_conceptual,repetitive,0,0,10189736659373836677,2026-10-01T05:43:32.354+00:00,completed,epsilon,True,True,True,True,,49.451759,60.146037001686636,58.16362700352329,1,58,0.49088145414572526,0.0017991482131319847,200.50290801660012,,text,1-0-1-1-2-1-1-1,0.49268060235885724,True,1,batch,True,pso,30,1,swarm
oe4-pilot-v2,oe4,swarm|batch|bc1|h1|pso|r1|N30|c1,syn-explanatory_conceptual-repetitive-r3,explanatory_conceptual,repetitive,0,0,5679236231213962541,2026-10-01T05:43:32.414+00:00,completed,epsilon,True,True,True,True,,47.800569,54.379892000724794,52.59164800008875,2,65,0.47773671108267024,0.009947252053144284,166.4355260084991,,text,1-0-1-0-2-1-1-1,0.4876839631358145,True,1,batch,True,pso,30,1,swarm
oe4-pilot-v2,oe4,swarm|batch|bc1|h1|pso|r1|N30|c1,syn-explanatory_conceptual-repetitive-r4,explanatory_conceptual,repetitive,0,0,615434091092212846,2026-10-01T05:43:32.468+00:00,completed,epsilon,True,True,True,True,,41.340349,47.43270600010874,45.87584900218644,1,58,0.45405216601876935,0.02008255859137359,200.32239200874355,,text,1-1-0-1-2-1-1-1,0.47413472461014294,True,1,batch,True,pso,30,1,swarm
oe4-pilot-v2,oe4,swarm|batch|bc1|h1|pso|r1|N30|c1,syn-explanatory_conceptual-arrays_vectors-r0,explanatory_conceptual,arrays_vectors,0,0,8420274505294676143,2026-10-01T05:43:32.516+00:00,completed,epsilon,True,True,True,True,,40.494673,46.13828500077943,44.58276299919817,1,59,0.49778085910851905,0.027875012652007147,182.26563099081315,,text,1-1-1-1-2-1-0-1,0.5256558717605262,True,1,batch,True,pso,30,1,swarm
oe4-pilot-v2,oe4,swarm|batch|bc1|h1|pso|r1|N30|c1,syn-explanatory_conceptual-arrays_vectors-r1,explanatory_conceptual,arrays_vectors,0,0,11621185609108110648,2026-10-01T05:43:32.562+00:00,completed,epsilon,True,True,True,True,,43.355259,52.48246399787604,50.627206001081504,1,59,0.4615647597787113,0.028694684783154678,170.52043799530435,,text,0-1-0-1-2-1-1-1,0.490259444561866,True,1,batch,True,pso,30,1,swarm
oe4-pilot-v2,oe4,swarm|batch|bc1|h1|pso|r1|N30|c1,syn-explanatory_conceptual-arrays_vectors-r2,explanatory_conceptual,arrays_vectors,0,0,3616904053699891200,2026-10-01T05:43:32.614+00:00,completed,epsilon,True,True,True,True,,39.231058,45.76917099984712,44.08115400292445,1,56,0.5002467392530876,0.027875012652007203,159.75676499358894,,diagram,0-1-2-1-2-1-1-1,0.5281217519050948,True,1,batch,True,pso,30,1,swarm
oe4-pilot-v2,oe4,swarm|batch|bc1|h1|pso|r1|N30|c1,syn-explanatory_conceptual-arrays_vectors-r3,explanatory_conceptual,arrays_vectors,0,0,9640228565651749554,2026-10-01T05:43:32.660+00:00,completed,epsilon,True,True,True,True,,43.355051,54.08927099779248,52.47239299933426,1,56,0.4899428394838256,0.017498999281390593,177.31185899903954,,text,0-1-1-1-2-1-0-1,0.5074418387652162,True,1,batch,True,pso,30,1,swarm
oe4-pilot-v2,oe4,swarm|batch|bc1|h1|pso|r1|N30|c1,syn-explanatory_conceptual-arrays_vectors-r4,explanatory_conceptual,arrays_vectors,0,0,12383051168938743430,2026-10-01T05:43:32.714+00:00,completed,epsilon,True,True,True,True,,49.782453,58.21031000232324,56.52068400013377,3,62,0.5167327431150519,0.0010555026473685336,152.26187499295722,,text,1-0-1-2-2-0-1-0,0.5177882457624204,True,1,batch,True,pso,30,1,swarm
oe4-pilot-v2,oe4,swarm|batch|bc1|h1|pso|r1|N30|c1,syn-explanatory_conceptual-functions-r0,explanatory_conceptual,functions,0,0,4847129841761666601,2026-10-01T05:43:32.772+00:00,completed,epsilon,True,True,True,True,,39.071434,47.78318600074272,46.13124000024982,1,57,0.4945698834876539,0.01617519995265254,189.29078000977785,,text,1-2-1-1-2-0-1-1,0.5107450834403064,True,1,batch,True,pso,30,1,swarm
oe4-pilot-v2,oe4,swarm|batch|bc1|h1|pso|r1|N30|c1,syn-explanatory_conceptual-functions-r1,explanatory_conceptual,functions,0,0,8968182148387190867,2026-10-01T05:43:32.820+00:00,completed,epsilon,True,True,True,True,,63.064135,72.36348399965209,70.25121500191744,4,73,0.5134225156367632,0.0,194.37478399454926,,code,2-0-1-0-2-0-0-1,0.5134225156367632,True,1,batch,True,pso,30,1,swarm
oe4-pilot-v2,oe4,swarm|batch|bc1|h1|pso|r1|N30|c1,syn-explanatory_conceptual-functions-r2,explanatory_conceptual,functions,0,0,15850266999198055000,2026-10-01T05:43:32.893+00:00,completed,epsilon,True,True,True,True,,38.7832,44.77503900125157,43.219561001023976,1,56,0.46612651648152953,0.02008255859137359,186.21800399494984,,text,1-1-1-1-2-1-1-1,0.4862090750729031,True,1,batch,True,pso,30,1,swarm
oe4-pilot-v2,oe4,swarm|batch|bc1|h1|pso|r1|N30|c1,syn-explanatory_conceptual-functions-r3,explanatory_conceptual,functions,0,0,15409255459732107106,2026-10-01T05:43:32.937+00:00,completed,epsilon,True,True,True,True,,42.729178,53.017196001746925,51.102022000122815,1,59,0.4977771280697979,0.007792797720650335,176.37688998520395,,text,1-0-1-2-2-1-1-1,0.5055699257904482,True,1,batch,True,pso,30,1,swarm
oe4-pilot-v2,oe4,swarm|batch|bc1|h1|pso|r1|N30|c1,syn-explanatory_conceptual-functions-r4,explanatory_conceptual,functions,0,0,13584105466744503536,2026-10-01T05:43:32.990+00:00,completed,epsilon,True,True,True,True,,47.442182,55.42366299778223,53.7789320005686,2,61,0.49970043101958095,0.0,132.0574319960807,,text,1-0-1-0-2-0-1-1,0.49970043101958095,True,1,batch,True,pso,30,1,swarm
oe4-pilot-v2,oe4,swarm|batch|bc1|h1|pso|r1|N30|c1,syn-balanced_multimodal-sequential-r0,balanced_multimodal,sequential,0,0,12829628287881295465,2026-10-01T05:43:33.046+00:00,completed,epsilon,True,True,True,True,,58.40777,64.8181239994301,62.96511399705196,3,69,0.4948651175024352,0.0,186.04467599403495,,diagram,1-0-2-0-1-1-1-1,0.4948651175024352,True,1,batch,True,pso,30,1,swarm
oe4-pilot-v2,oe4,swarm|batch|bc1|h1|pso|r1|N30|c1,syn-balanced_multimodal-sequential-r1,balanced_multimodal,sequential,0,0,15851898587384579384,2026-10-01T05:43:33.111+00:00,completed,epsilon,True,True,True,True,,52.005926,57.9601699973864,56.12209799801349,2,63,0.46578051203228604,0.02008255859137359,189.8254710132296,,code,2-1-2-1-1-1-1-1,0.48586307062365963,True,1,batch,True,pso,30,1,swarm
oe4-pilot-v2,oe4,swarm|batch|bc1|h1|pso|r1|N30|c1,syn-balanced_multimodal-sequential-r2,balanced_multimodal,sequential,0,0,9812259528755781404,2026-10-01T05:43:33.169+00:00,completed,epsilon,True,True,True,True,,44.898464,53.08381999930134,51.39110199888819,2,63,0.5195512786534427,1.9637715242826204e-07,190.06081999560632,,code,2-0-1-1-1-1-1-1,0.5195514750305952,True,1,batch,True,pso,30,1,swarm
oe4-pilot-v2,oe4,swarm|batch|bc1|h1|pso|r1|N30|c1,syn-balanced_multimodal-sequential-r3,balanced_multimodal,sequential,0,0,17396203175820366605,2026-10-01T05:43:33.222+00:00,completed,epsilon,True,True,True,True,,48.930543,54.78891699749511,53.1211900015478,2,63,0.5055952816994697,0.0,188.52531099753926,,text,1-0-1-0-2-1-1-1,0.5055952816994697,True,1,batch,True,pso,30,1,swarm
oe4-pilot-v2,oe4,swarm|batch|bc1|h1|pso|r1|N30|c1,syn-balanced_multimodal-sequential-r4,balanced_multimodal,sequential,0,0,16072189927809315852,2026-10-01T05:43:33.277+00:00,completed,epsilon,True,True,True,True,,60.781359,66.92240200209199,65.04353600030299,4,73,0.5064313832719637,1.9637715242826204e-07,196.73429400039825,,code,2-0-2-1-2-1-2-1,0.5064315796491161,True,1,batch,True,pso,30,1,swarm
oe4-pilot-v2,oe4,swarm|batch|bc1|h1|pso|r1|N30|c1,syn-balanced_multimodal-conditional-r0,balanced_multimodal,conditional,0,0,9492171042143771967,2026-10-01T05:43:33.343+00:00,completed,epsilon,True,True,True,True,,46.590656,52.996708000137005,51.27357200035476,1,61,0.48780502665661635,0.0036547194033032526,211.21717300464934,,code,2-1-1-1-1-1-1-1,0.4914597460599196,True,1,batch,True,pso,30,1,swarm
oe4-pilot-v2,oe4,swarm|batch|bc1|h1|pso|r1|N30|c1,syn-balanced_multimodal-conditional-r1,balanced_multimodal,conditional,0,0,12567349465944861023,2026-10-01T05:43:33.396+00:00,completed,epsilon,True,True,True,True,,41.65838,48.027789998741355,46.24441100168042,1,61,0.4988095313719645,0.0,202.2086329905011,,code,1-1-1-0-1-0-1-1,0.4988095313719645,True,1,batch,True,pso,30,1,swarm
oe4-pilot-v2,oe4,swarm|batch|bc1|h1|pso|r1|N30|c1,syn-balanced_multimodal-conditional-r2,balanced_multimodal,conditional,0,0,4742918314447581142,2026-10-01T05:43:33.445+00:00,completed,epsilon,True,True,True,True,,50.233006,59.26362000172958,57.42979099886725,2,65,0.4993812836734506,0.0,195.07427599928695,,code,1-1-1-0-1-0-1-1,0.4993812836734506,True,1,batch,True,pso,30,1,swarm
oe4-pilot-v2,oe4,swarm|batch|bc1|h1|pso|r1|N30|c1,syn-balanced_multimodal-conditional-r3,balanced_multimodal,conditional,0,0,11394639668150330671,2026-10-01T05:43:33.504+00:00,completed,epsilon,True,True,True,True,,45.384386,52.18985700048506,50.4317369995988,2,65,0.47153478436590585,1.963771524837732e-07,193.04292799739943,,text,1-1-1-1-2-0-1-1,0.47153498074305833,True,1,batch,True,pso,30,1,swarm
oe4-pilot-v2,oe4,swarm|batch|bc1|h1|pso|r1|N30|c1,syn-balanced_multimodal-conditional-r4,balanced_multimodal,conditional,0,0,2277667993778051270,2026-10-01T05:43:33.556+00:00,completed,epsilon,True,True,True,True,,43.281852,48.797977000504034,47.26673400000436,1,59,0.49335718275037993,0.0036547194033032526,177.96511901202572,,code,2-1-1-1-2-1-2-1,0.4970119021536832,True,1,batch,True,pso,30,1,swarm
oe4-pilot-v2,oe4,swarm|batch|bc1|h1|pso|r1|N30|c1,syn-balanced_multimodal-repetitive-r0,balanced_multimodal,repetitive,0,0,3839617547738254315,2026-10-01T05:43:33.605+00:00,completed,epsilon,True,True,True,True,,56.528882,62.669216000358574,60.814403997937916,2,63,0.5583985455313946,1.9637715242826204e-07,177.68280201624145,,code,2-0-1-1-1-1-2-1,0.558398741908547,True,1,batch,True,pso,30,1,swarm
oe4-pilot-v2,oe4,swarm|batch|bc1|h1|pso|r1|N30|c1,syn-balanced_multimodal-repetitive-r1,balanced_multimodal,repetitive,0,0,2659073220867155690,2026-10-01T05:43:33.668+00:00,completed,epsilon,True,True,True,True,,38.466041,44.69645899735042,43.08981800204492,1,56,0.5099655888622538,0.020082558591373645,151.142033004117,,code,2-1-2-1-2-1-1-1,0.5300481474536275,True,1,batch,True,pso,30,1,swarm
oe4-pilot-v2,oe4,swarm|batch|bc1|h1|pso|r1|N30|c1,syn-balanced_multimodal-repetitive-r2,balanced_multimodal,repetitive,0,0,12027688066564710874,2026-10-01T05:43:33.712+00:00,completed,epsilon,True,True,True,True,,39.301147,45.43446000025142,43.90888199850451,1,54,0.48695008664679024,0.02008255859137359,161.15342599576627,,code,2-1-2-1-1-1-2-1,0.5070326452381638,True,1,batch,True,pso,30,1,swarm
oe4-pilot-v2,oe4,swarm|batch|bc1|h1|pso|r1|N30|c1,syn-balanced_multimodal-repetitive-r3,balanced_multimodal,repetitive,0,0,10665835498416014906,2026-10-01T05:43:33.758+00:00,completed,epsilon,True,True,True,True,,54.816162,62.029251999774715,59.58946199825732,1,53,0.498403614745411,0.02008255859137359,145.6907750091874,,diagram,1-1-2-1-2-1-1-1,0.5184861733367846,True,1,batch,True,pso,30,1,swarm
oe4-pilot-v2,oe4,swarm|batch|bc1|h1|pso|r1|N30|c1,syn-balanced_multimodal-repetitive-r4,balanced_multimodal,repetitive,0,0,16842203000296662102,2026-10-01T05:43:33.820+00:00,completed,epsilon,True,True,True,True,,71.507608,82.82743699965067,80.98887100277352,2,63,0.5555295985433403,0.0,210.05009800092898,,code,2-0-1-0-1-1-2-1,0.5555295985433403,True,1,batch,True,pso,30,1,swarm
oe4-pilot-v2,oe4,swarm|batch|bc1|h1|pso|r1|N30|c1,syn-balanced_multimodal-arrays_vectors-r0,balanced_multimodal,arrays_vectors,0,0,8202019099685287209,2026-10-01T05:43:33.903+00:00,completed,epsilon,True,True,True,True,,49.84295,59.23897699904046,57.426401999691734,2,65,0.5214552573504015,0.007792454060633558,201.5627769954694,,code,2-0-1-0-2-1-1-1,0.5292477114110351,True,1,batch,True,pso,30,1,swarm
oe4-pilot-v2,oe4,swarm|batch|bc1|h1|pso|r1|N30|c1,syn-balanced_multimodal-arrays_vectors-r1,balanced_multimodal,arrays_vectors,0,0,1557390382835702406,2026-10-01T05:43:33.962+00:00,completed,epsilon,True,True,True,True,,37.152878,45.52257700197515,43.83170499932021,1,59,0.5096116990703786,0.010013934431594262,177.00784401994582,,code,1-0-1-0-1-1-1-1,0.5196256335019729,True,1,batch,True,pso,30,1,swarm
oe4-pilot-v2,oe4,swarm|batch|bc1|h1|pso|r1|N30|c1,syn-balanced_multimodal-arrays_vectors-r2,balanced_multimodal,arrays_vectors,0,0,1551228789342824201,2026-10-01T05:43:34.007+00:00,completed,epsilon,True,True,True,True,,58.778734,68.03233700338751,66.12850600140519,3,69,0.5407907180206968,0.007792454060633558,172.9551999885116,,text,1-0-1-0-2-1-1-1,0.5485831720813303,True,1,batch,True,pso,30,1,swarm
oe4-pilot-v2,oe4,swarm|batch|bc1|h1|pso|r1|N30|c1,syn-balanced_multimodal-arrays_vectors-r3,balanced_multimodal,arrays_vectors,0,0,11908930478528390133,2026-10-01T05:43:34.075+00:00,completed,epsilon,True,True,True,True,,77.342091,84.3650360002357,81.77869299834128,6,81,0.5517303986475605,0.0,168.89106700652624,,code,2-0-2-1-1-0-2-1,0.5517303986475605,True,1,batch,True,pso,30,1,swarm
oe4-pilot-v2,oe4,swarm|batch|bc1|h1|pso|r1|N30|c1,syn-balanced_multimodal-arrays_vectors-r4,balanced_multimodal,arrays_vectors,0,0,7080146454937735062,2026-10-01T05:43:34.160+00:00,completed,epsilon,True,True,True,True,,38.275514,46.955953002907336,45.20865199810942,1,53,0.5231764212501887,0.0034158919247068154,165.75462000453854,,code,2-1-1-1-1-0-1-1,0.5265923131748955,True,1,batch,True,pso,30,1,swarm
oe4-pilot-v2,oe4,swarm|batch|bc1|h1|pso|r1|N30|c1,syn-balanced_multimodal-functions-r0,balanced_multimodal,functions,0,0,2933908082685948832,2026-10-01T05:43:34.207+00:00,completed,epsilon,True,True,True,True,,63.371302,70.23789899903932,68.36283700249624,3,69,0.5309809873500523,0.0,178.46592501532447,,code,2-0-2-0-1-0-1-1,0.5309809873500523,True,1,batch,True,pso,30,1,swarm
oe4-pilot-v2,oe4,swarm|batch|bc1|h1|pso|r1|N30|c1,syn-balanced_multimodal-functions-r1,balanced_multimodal,functions,0,0,368220290834284782,2026-10-01T05:43:34.277+00:00,completed,epsilon,True,True,True,True,,39.685793,48.08316500202636,46.468059001199435,1,58,0.49177264213206817,0.020082362214221106,168.67863400866102,,code,2-1-1-0-1-1-2-1,0.5118550043462893,True,1,batch,True,pso,30,1,swarm
oe4-pilot-v2,oe4,swarm|batch|bc1|h1|pso|r1|N30|c1,syn-balanced_multimodal-functions-r2,balanced_multimodal,functions,0,0,8673480799685267205,2026-10-01T05:43:34.325+00:00,completed,epsilon,True,True,True,True,,49.861006,58.1744549999712,56.54347800009418,2,62,0.510395070984393,0.007792454060633558,170.55817499447377,,code,2-0-1-0-1-1-1-1,0.5181875250450265,True,1,batch,True,pso,30,1,swarm
oe4-pilot-v2,oe4,swarm|batch|bc1|h1|pso|r1|N30|c1,syn-balanced_multimodal-functions-r3,balanced_multimodal,functions,0,0,18228905326412579013,2026-10-01T05:43:34.383+00:00,completed,epsilon,True,True,True,True,,38.237477,44.725285999447806,43.03331900155172,1,59,0.49300132682799114,0.024411447389422025,203.62924198301823,,code,1-0-1-1-1-1-0-1,0.5174127742174132,True,1,batch,True,pso,30,1,swarm
oe4-pilot-v2,oe4,swarm|batch|bc1|h1|pso|r1|N30|c1,syn-balanced_multimodal-functions-r4,balanced_multimodal,functions,0,0,4683180797726806680,2026-10-01T05:43:34.428+00:00,completed,epsilon,True,True,True,True,,59.200955,65.46851800158038,63.69045900282799,3,69,0.5037098665441013,0.0,164.93138201229453,,diagram,1-0-2-0-1-0-1-1,0.5037098665441013,True,1,batch,True,pso,30,1,swarm
oe4-pilot-v2,oe4,swarm|batch|bc1|h1|pso|r1|N30|c1,syn-visual_dominant-sequential-r0,visual_dominant,sequential,0,1,8580140326324496627,2026-10-01T05:43:34.494+00:00,completed,epsilon,True,True,True,True,,46.200531,52.550552998582134,50.855374000093434,2,63,0.47580606727894714,0.0,183.27581599271124,,diagram,1-0-2-0-1-1-0-1,0.47580606727894714,True,1,batch,True,pso,30,1,swarm
oe4-pilot-v2,oe4,swarm|batch|bc1|h1|pso|r1|N30|c1,syn-visual_dominant-sequential-r1,visual_dominant,sequential,0,1,17048800117076641484,2026-10-01T05:43:34.547+00:00,completed,epsilon,True,True,True,True,,41.363777,46.813566998025635,45.36134500085609,1,53,0.44878503224528293,0.02008255859137359,147.78610900279622,,diagram,1-1-2-1-0-1-1-1,0.4688675908366565,True,1,batch,True,pso,30,1,swarm
oe4-pilot-v2,oe4,swarm|batch|bc1|h1|pso|r1|N30|c1,syn-visual_dominant-sequential-r2,visual_dominant,sequential,0,1,4355585619346073820,2026-10-01T05:43:34.593+00:00,completed,epsilon,True,True,True,True,,48.470853,54.23828299899469,52.464727999904426,3,66,0.4684960847891392,0.0,175.44547400081734,,diagram,1-0-2-0-0-1-0-1,0.4684960847891392,True,1,batch,True,pso,30,1,swarm
oe4-pilot-v2,oe4,swarm|batch|bc1|h1|pso|r1|N30|c1,syn-visual_dominant-sequential-r3,visual_dominant,sequential,0,1,5551779150201999310,2026-10-01T05:43:34.648+00:00,completed,epsilon,True,True,True,True,,48.109734,53.86021500089555,52.1875619997445,3,63,0.4968930391220401,0.0,156.90651200749838,,diagram,1-0-2-0-0-1-1-1,0.4968930391220401,True,1,batch,True,pso,30,1,swarm
oe4-pilot-v2,oe4,swarm|batch|bc1|h1|pso|r1|N30|c1,syn-visual_dominant-sequential-r4,visual_dominant,sequential,0,1,13994061115368628468,2026-10-01T05:43:34.701+00:00,completed,epsilon,True,True,True,True,,48.563635,54.54017300144187,52.76816500190762,2,65,0.45399075511807396,1.9637715242826204e-07,176.8858510037639,,diagram,1-0-2-1-1-1-0-1,0.4539909514952264,True,1,batch,True,pso,30,1,swarm
oe4-pilot-v2,oe4,swarm|batch|bc1|h1|pso|r1|N30|c1,syn-visual_dominant-conditional-r0,visual_dominant,conditional,0,1,11471567894967710186,2026-10-01T05:43:34.756+00:00,completed,epsilon,True,True,True,True,,41.623779,47.48276700047427,45.76476299916976,1,61,0.4683786250362893,0.007792650437786042,206.5230960006955,,diagram,1-1-2-1-0-1-0-1,0.47617127547407534,True,1,batch,True,pso,30,1,swarm
oe4-pilot-v2,oe4,swarm|batch|bc1|h1|pso|r1|N30|c1,syn-visual_dominant-conditional-r1,visual_dominant,conditional,0,1,13928515270300365190,2026-10-01T05:43:34.804+00:00,completed,epsilon,True,True,True,True,,62.115342,68.46450199736864,66.61093400180107,4,73,0.4371315517815198,1.963771524837732e-07,191.09679598640213,,diagram,1-1-2-1-0-0-0-1,0.4371317481586723,True,1,batch,True,pso,30,1,swarm
oe4-pilot-v2,oe4,swarm|batch|bc1|h1|pso|r1|N30|c1,syn-visual_dominant-conditional-r2,visual_dominant,conditional,0,1,7530803405880337628,2026-10-01T05:43:34.872+00:00,completed,epsilon,True,True,True,True,,47.635666,53.679681001085555,51.79419600244728,2,65,0.47576325269917313,1.963771524837732e-07,202.37106600139222,,code,2-1-2-1-1-0-1-1,0.4757634490763256,True,1,batch,True,pso,30,1,swarm
oe4-pilot-v2,oe4,swarm|batch|bc1|h1|pso|r1|N30|c1,syn-visual_dominant-conditional-r3,visual_dominant,conditional,0,1,12303691227522993195,2026-10-01T05:43:34.926+00:00,completed,epsilon,True,True,True,True,,52.671094,59.099586000229465,57.26299900197773,2,65,0.4537572043126114,0.0036547194033032526,193.46021999307175,,diagram,1-1-2-1-0-1-1-1,0.45741192371591466,True,1,batch,True,pso,30,1,swarm
oe4-pilot-v2,oe4,swarm|batch|bc1|h1|pso|r1|N30|c1,syn-visual_dominant-conditional-r4,visual_dominant,conditional,0,1,7123775909059268369,2026-10-01T05:43:34.985+00:00,completed,epsilon,True,True,True,True,,39.452386,45.51443599848426,43.85844500211533,1,58,0.4486569413932807,0.0,199.61217598317546,,diagram,1-1-2-0-1-0-0-1,0.4486569413932807,True,1,batch,True,pso,30,1,swarm
oe4-pilot-v2,oe4,swarm|batch|bc1|h1|pso|r1|N30|c1,syn-visual_dominant-repetitive-r0,visual_dominant,repetitive,0,1,3652346516165016234,2026-10-01T05:43:35.030+00:00,completed,epsilon,True,True,True,True,,42.710656,48.86035399977118,47.26841299998341,1,59,0.46998170127395994,0.02008255859137359,184.3695959910555,,diagram,1-1-2-1-1-1-0-1,0.49006425986533353,True,1,batch,True,pso,30,1,swarm
oe4-pilot-v2,oe4,swarm|batch|bc1|h1|pso|r1|N30|c1,syn-visual_dominant-repetitive-r1,visual_dominant,repetitive,0,1,9493985239135120539,2026-10-01T05:43:35.079+00:00,completed,epsilon,True,True,True,True,,64.332479,70.39498199810623,68.5524489999807,5,74,0.49141108956712465,0.0,158.2436860054879,,code,2-0-2-0-1-1-1-1,0.49141108956712465,True,1,batch,True,pso,30,1,swarm
oe4-pilot-v2,oe4,swarm|batch|bc1|h1|pso|r1|N30|c1,syn-visual_dominant-repetitive-r2,visual_dominant,repetitive,0,1,15577984090316381348,2026-10-01T05:43:35.150+00:00,completed,epsilon,True,True,True,True,,48.301298,54.470101997139864,52.77870700228959,2,63,0.5174510138160732,1.9637715242826204e-07,203.4529969922351,,code,2-0-2-1-1-1-0-1,0.5174512101932256,True,1,batch,True,pso,30,1,swarm
oe4-pilot-v2,oe4,swarm|batch|bc1|h1|pso|r1|N30|c1,syn-visual_dominant-repetitive-r3,visual_dominant,repetitive,0,1,13061490195280824700,2026-10-01T05:43:35.204+00:00,completed,epsilon,True,True,True,True,,43.433982,48.90871799943852,47.35609899944393,2,55,0.4931223664434585,0.012207742316518777,135.75861200870662,,diagram,1-0-2-1-0-0-0-1,0.5053301087599773,True,1,batch,True,pso,30,1,swarm
oe4-pilot-v2,oe4,swarm|batch|bc1|h1|pso|r1|N30|c1,syn-visual_dominant-repetitive-r4,visual_dominant,repetitive,0,1,5153165576748431564,2026-10-01T05:43:35.253+00:00,completed,epsilon,True,True,True,True,,53.444847,59.50054999993881,57.7078589994926,3,66,0.4676075053726938,0.0,175.53532897649666,,diagram,1-0-2-0-0-1-0-1,0.4676075053726938,True,1,batch,True,pso,30,1,swarm
oe4-pilot-v2,oe4,swarm|batch|bc1|h1|pso|r1|N30|c1,syn-visual_dominant-arrays_vectors-r0,visual_dominant,arrays_vectors,0,1,2484686855457110652,2026-10-01T05:43:35.313+00:00,completed,epsilon,True,True,True,True,,36.483199,42.48343899962492,40.95150400098646,1,54,0.46105976353153516,0.027875012652007147,150.7986289998493,,diagram,1-1-2-1-0-1-0-1,0.4889347761835423,True,1,batch,True,pso,30,1,swarm
oe4-pilot-v2,oe4,swarm|batch|bc1|h1|pso|r1|N30|c1,syn-visual_dominant-arrays_vectors-r1,visual_dominant,arrays_vectors,0,1,14387502913323118724,2026-10-01T05:43:35.355+00:00,completed,epsilon,True,True,True,True,,52.298282,58.29354999877978,56.468549999408424,3,67,0.4531926066883153,0.0,175.2413670041286,,diagram,1-0-2-0-0-0-0-1,0.4531926066883153,True,1,batch,True,pso,30,1,swarm
oe4-pilot-v2,oe4,swarm|batch|bc1|h1|pso|r1|N30|c1,syn-visual_dominant-arrays_vectors-r2,visual_dominant,arrays_vectors,0,1,18083930375172244621,2026-10-01T05:43:35.413+00:00,completed,epsilon,True,True,True,True,,57.165889,63.300382000306854,61.45623499833164,3,66,0.5218342851242742,1.9637715242826204e-07,150.18873598666607,,diagram,1-0-2-1-1-0-1-1,0.5218344815014266,True,1,batch,True,pso,30,1,swarm
oe4-pilot-v2,oe4,swarm|batch|bc1|h1|pso|r1|N30|c1,syn-visual_dominant-arrays_vectors-r3,visual_dominant,arrays_vectors,0,1,16074832408338533935,2026-10-01T05:43:35.477+00:00,completed,epsilon,True,True,True,True,,59.691076,66.61060999977053,64.7516800017911,3,69,0.5279373560844233,0.0,183.0220419942226,,diagram,0-0-2-1-1-0-0-1,0.5279373560844233,True,1,batch,True,pso,30,1,swarm
oe4-pilot-v2,oe4,swarm|batch|bc1|h1|pso|r1|N30|c1,syn-visual_dominant-arrays_vectors-r4,visual_dominant,arrays_vectors,0,1,13236652181889018265,2026-10-01T05:43:35.543+00:00,completed,epsilon,True,True,True,True,,38.752575,45.155733001593035,43.444802999147214,1,58,0.49310999494245983,0.004471198194922976,194.68543000779178,,diagram,1-1-2-2-1-0-0-0,0.4975811931373828,True,1,batch,True,pso,30,1,swarm
oe4-pilot-v2,oe4,swarm|batch|bc1|h1|pso|r1|N30|c1,syn-visual_dominant-functions-r0,visual_dominant,functions,0,1,11375697626506085209,2026-10-01T05:43:35.588+00:00,completed,epsilon,True,True,True,True,,38.357301,44.56347499944968,42.98944800029858,1,53,0.47770576352191013,0.02008255859137359,132.90836099718052,,diagram,1-1-2-1-1-1-0-1,0.4977883221132837,True,1,batch,True,pso,30,1,swarm
oe4-pilot-v2,oe4,swarm|batch|bc1|h1|pso|r1|N30|c1,syn-visual_dominant-functions-r1,visual_dominant,functions,0,1,12724222799605840855,2026-10-01T05:43:35.633+00:00,completed,epsilon,True,True,True,True,,47.706347,53.989657000784064,52.21492299824604,2,63,0.49466746788594257,0.007230897594027896,184.15800600774423,,code,2-2-2-1-1-0-0-1,0.5018983654799705,True,1,batch,True,pso,30,1,swarm
oe4-pilot-v2,oe4,swarm|batch|bc1|h1|pso|r1|N30|c1,syn-visual_dominant-functions-r2,visual_dominant,functions,0,1,2855966151648987497,2026-10-01T05:43:35.687+00:00,completed,epsilon,True,True,True,True,,45.662923,51.500977999239694,49.87335000259918,2,62,0.4624311814719705,0.008945025651836969,180.0226939796791,,diagram,1-0-2-1-0-1-1-1,0.47137620712380746,True,1,batch,True,pso,30,1,swarm
oe4-pilot-v2,oe4,swarm|batch|bc1|h1|pso|r1|N30|c1,syn-visual_dominant-functions-r3,visual_dominant,functions,0,1,15496158585802717903,2026-10-01T05:43:35.739+00:00,completed,epsilon,True,True,True,True,,47.402749,53.20565099827945,51.4782499994908,1,61,0.4525600963951378,0.027875012652007147,197.79062197133365,,diagram,1-1-2-1-0-1-1-1,0.4804351090471449,True,1,batch,True,pso,30,1,swarm
oe4-pilot-v2,oe4,swarm|batch|bc1|h1|pso|r1|N30|c1,syn-visual_dominant-functions-r4,visual_dominant,functions,0,1,10259835321663512086,2026-10-01T05:43:35.792+00:00,completed,epsilon,True,True,True,True,,46.177102,52.26710299757542,50.644921997445635,2,60,0.48282466482518693,0.019803777820581292,165.21847900898987,,code,2-2-2-1-1-1-1-1,0.5026284426457682,True,1,batch,True,pso,30,1,swarm
oe4-pilot-v2,oe4,swarm|batch|bc1|h1|pso|r1|N30|c1,syn-logical_syntactic-sequential-r0,logical_syntactic,sequential,0,1,13362044807751343064,2026-10-01T05:43:35.844+00:00,completed,epsilon,True,True,True,True,,41.784483,47.803805999137694,46.13995700128726,1,61,0.4761348237523099,0.02008255859137359,199.6399000028603,,code,2-1-1-1-0-1-0-1,0.4962173823436835,True,1,batch,True,pso,30,1,swarm
oe4-pilot-v2,oe4,swarm|batch|bc1|h1|pso|r1|N30|c1,syn-logical_syntactic-sequential-r1,logical_syntactic,sequential,0,1,14311645315440717423,2026-10-01T05:43:35.892+00:00,completed,epsilon,True,True,True,True,,62.79611,69.20162800088292,67.41593799961265,3,69,0.4825463618186212,0.0,202.95589100597928,,code,2-0-1-0-1-1-0-1,0.4825463618186212,True,1,batch,True,pso,30,1,swarm
oe4-pilot-v2,oe4,swarm|batch|bc1|h1|pso|r1|N30|c1,syn-logical_syntactic-sequential-r2,logical_syntactic,sequential,0,1,15643440995604996842,2026-10-01T05:43:35.961+00:00,completed,epsilon,True,True,True,True,,38.093472,44.01954800050589,42.467666000447934,1,57,0.5052479809084092,0.0034158919247069264,175.71701699970748,,code,2-1-0-1-1-1-1-1,0.5086638728331161,True,1,batch,True,pso,30,1,swarm
oe4-pilot-v2,oe4,swarm|batch|bc1|h1|pso|r1|N30|c1,syn-logical_syntactic-sequential-r3,logical_syntactic,sequential,0,1,16960600487627624599,2026-10-01T05:43:36.005+00:00,completed,epsilon,True,True,True,True,,53.459617,59.68344900247757,57.92127799941227,3,66,0.47454058681115907,0.0,170.36147001301953,,code,2-0-1-0-1-1-0-1,0.47454058681115907,True,1,batch,True,pso,30,1,swarm
oe4-pilot-v2,oe4,swarm|batch|bc1|h1|pso|r1|N30|c1,syn-logical_syntactic-sequential-r4,logical_syntactic,sequential,0,1,17250185977012485747,2026-10-01T05:43:36.065+00:00,completed,epsilon,True,True,True,True,,57.561626,63.66066400005366,61.85803599873907,4,70,0.4963874393518477,3.4366001677721414e-07,183.75359399195492,,code,2-0-1-2-1-0-0-1,0.4963877830118645,True,1,batch,True,pso,30,1,swarm
oe4-pilot-v2,oe4,swarm|batch|bc1|h1|pso|r1|N30|c1,syn-logical_syntactic-conditional-r0,logical_syntactic,conditional,0,1,4732552759670585228,2026-10-01T05:43:36.128+00:00,completed,epsilon,True,True,True,True,,39.822944,45.745721999992384,44.092742002249,1,59,0.4552126305749631,0.003654523026150769,183.83491997793328,,code,2-1-1-0-0-1-0-1,0.45886715360111385,True,1,batch,True,pso,30,1,swarm
oe4-pilot-v2,oe4,swarm|batch|bc1|h1|pso|r1|N30|c1,syn-logical_syntactic-conditional-r1,logical_syntactic,conditional,0,1,16767561851559065070,2026-10-01T05:43:36.174+00:00,completed,epsilon,True,True,True,True,,46.239785,52.65188600242254,50.950122997164726,2,63,0.44403176024746854,0.007792797720650391,176.1151750015987,,code,2-1-1-2-0-1-0-1,0.45182455796811893,True,1,batch,True,pso,30,1,swarm
oe4-pilot-v2,oe4,swarm|batch|bc1|h1|pso|r1|N30|c1,syn-logical_syntactic-conditional-r2,logical_syntactic,conditional,0,1,6973891702751108736,2026-10-01T05:43:36.227+00:00,completed,epsilon,True,True,True,True,,51.936891,58.361932002299,56.58337500062771,2,62,0.4667613697407896,1.963771524837732e-07,148.54475100445498,,code,2-1-1-1-0-0-1-1,0.46676156611794206,True,1,batch,True,pso,30,1,swarm
oe4-pilot-v2,oe4,swarm|batch|bc1|h1|pso|r1|N30|c1,syn-logical_syntactic-conditional-r3,logical_syntactic,conditional,0,1,6626061848004110554,2026-10-01T05:43:36.285+00:00,completed,epsilon,True,True,True,True,,37.864443,44.29308399994625,42.66644600284053,1,59,0.4614734643861827,0.007792650437786042,186.6594460106249,,code,2-1-1-1-0-1-0-1,0.46926611482396874,True,1,batch,True,pso,30,1,swarm
oe4-pilot-v2,oe4,swarm|batch|bc1|h1|pso|r1|N30|c1,syn-logical_syntactic-conditional-r4,logical_syntactic,conditional,0,1,2581103798954869873,2026-10-01T05:43:36.330+00:00,completed,epsilon,True,True,True,True,,39.861213,45.59541599883232,44.13332299736794,1,53,0.4839345737065493,0.0036547194033032526,142.87860600100467,,code,2-1-1-1-1-1-1-1,0.48758929310985255,True,1,batch,True,pso,30,1,swarm
oe4-pilot-v2,oe4,swarm|batch|bc1|h1|pso|r1|N30|c1,syn-logical_syntactic-repetitive-r0,logical_syntactic,repetitive,0,1,2563900073831829840,2026-10-01T05:43:36.375+00:00,completed,epsilon,True,True,True,True,,66.12425,73.07448500068858,70.93118100237916,1,58,0.45068774937313677,0.02008255859137359,182.5638129933296,,code,2-1-2-1-0-1-1-1,0.47077030796451036,True,1,batch,True,pso,30,1,swarm
oe4-pilot-v2,oe4,swarm|batch|bc1|h1|pso|r1|N30|c1,syn-logical_syntactic-repetitive-r1,logical_syntactic,repetitive,0,1,1690962082425471307,2026-10-01T05:43:36.448+00:00,completed,epsilon,True,True,True,True,,45.35355,51.56929599979776,49.99153400058276,1,56,0.46854772531455674,0.02008255859137359,170.8300329950408,,code,2-1-1-1-0-1-0-1,0.48863028390593033,True,1,batch,True,pso,30,1,swarm
oe4-pilot-v2,oe4,swarm|batch|bc1|h1|pso|r1|N30|c1,syn-logical_syntactic-repetitive-r2,logical_syntactic,repetitive,0,1,12298035747105259136,2026-10-01T05:43:36.500+00:00,completed,epsilon,True,True,True,True,,50.731634,56.86305299968808,55.22212300274987,1,59,0.48860682289608054,0.02008255859137359,179.34440101328985,,code,2-1-1-1-1-1-1-1,0.5086893814874541,True,1,batch,True,pso,30,1,swarm
oe4-pilot-v2,oe4,swarm|batch|bc1|h1|pso|r1|N30|c1,syn-logical_syntactic-repetitive-r3,logical_syntactic,repetitive,0,1,6665076571321463288,2026-10-01T05:43:36.557+00:00,completed,epsilon,True,True,True,True,,51.762722,58.874033002211945,56.48088599991752,2,65,0.46208578639800935,0.020082362214221106,146.68424100062987,,code,2-1-1-0-1-1-0-1,0.48216814861223045,True,1,batch,True,pso,30,1,swarm
oe4-pilot-v2,oe4,swarm|batch|bc1|h1|pso|r1|N30|c1,syn-logical_syntactic-repetitive-r4,logical_syntactic,repetitive,0,1,3613547958009930106,2026-10-01T05:43:36.616+00:00,completed,epsilon,True,True,True,True,,44.57671,51.53796399827115,49.84710799908498,2,62,0.42431599984481977,0.02008255859137359,177.5703979921549,,code,2-1-0-1-1-1-0-1,0.44439855843619336,True,1,batch,True,pso,30,1,swarm
oe4-pilot-v2,oe4,swarm|batch|bc1|h1|pso|r1|N30|c1,syn-logical_syntactic-arrays_vectors-r0,logical_syntactic,arrays_vectors,0,1,14948705039163960895,2026-10-01T05:43:36.667+00:00,completed,epsilon,True,True,True,True,,36.769171,42.421032001584535,40.85872500218102,1,58,0.4856184373133194,0.02008255859137359,173.3761999769381,,code,2-1-1-1-0-0-1-1,0.505700995904693,True,1,batch,True,pso,30,1,swarm
oe4-pilot-v2,oe4,swarm|batch|bc1|h1|pso|r1|N30|c1,syn-logical_syntactic-arrays_vectors-r1,logical_syntactic,arrays_vectors,0,1,13327273701071249688,2026-10-01T05:43:36.710+00:00,completed,epsilon,True,True,True,True,,60.861014,67.3972730000969,65.34973099769559,3,69,0.47410405901537916,0.00994067049648667,172.9450049959597,,code,2-2-1-0-1-0-0-1,0.48404472951186583,True,1,batch,True,pso,30,1,swarm
oe4-pilot-v2,oe4,swarm|batch|bc1|h1|pso|r1|N30|c1,syn-logical_syntactic-arrays_vectors-r2,logical_syntactic,arrays_vectors,0,1,7678510444233138347,2026-10-01T05:43:36.777+00:00,completed,epsilon,True,True,True,True,,45.314107,52.04534800213878,50.33247000028496,1,61,0.49083069767651405,0.027875012652007147,212.8034539976585,,code,2-1-1-1-0-1-0-1,0.5187057103285212,True,1,batch,True,pso,30,1,swarm
oe4-pilot-v2,oe4,swarm|batch|bc1|h1|pso|r1|N30|c1,syn-logical_syntactic-arrays_vectors-r3,logical_syntactic,arrays_vectors,0,1,3475821061836782133,2026-10-01T05:43:36.829+00:00,completed,epsilon,True,True,True,True,,52.161756,58.29874600021867,56.59808500058716,2,65,0.5279095277556373,1.472828643489521e-07,192.74364598399418,,code,2-0-1-2-1-0-1-1,0.5279096750385016,True,1,batch,True,pso,30,1,swarm
oe4-pilot-v2,oe4,swarm|batch|bc1|h1|pso|r1|N30|c1,syn-logical_syntactic-arrays_vectors-r4,logical_syntactic,arrays_vectors,0,1,15069723113616053544,2026-10-01T05:43:36.887+00:00,completed,epsilon,True,True,True,True,,43.697679,49.75697699774173,47.96786399674602,1,61,0.45823969583330176,0.008847809425137798,183.85369902185968,,code,2-0-1-1-0-1-1-0,0.46708750525843956,True,1,batch,True,pso,30,1,swarm
oe4-pilot-v2,oe4,swarm|batch|bc1|h1|pso|r1|N30|c1,syn-logical_syntactic-functions-r0,logical_syntactic,functions,0,1,15105445333404857368,2026-10-01T05:43:36.937+00:00,completed,epsilon,True,True,True,True,,50.685253,57.01606499860645,55.200205999426544,2,63,0.5077822418422905,0.007792650437785986,146.14616900429522,,code,2-0-1-1-1-1-0-1,0.5155748922800765,True,1,batch,True,pso,30,1,swarm
oe4-pilot-v2,oe4,swarm|batch|bc1|h1|pso|r1|N30|c1,syn-logical_syntactic-functions-r1,logical_syntactic,functions,0,1,7545233351544256523,2026-10-01T05:43:36.994+00:00,completed,epsilon,True,True,True,True,,46.93825,53.388249998533865,51.6263749996142,2,65,0.4952348885551682,1.9637715242826204e-07,189.89679298811683,,code,2-0-1-1-1-0-0-1,0.4952350849323206,True,1,batch,True,pso,30,1,swarm
oe4-pilot-v2,oe4,swarm|batch|bc1|h1|pso|r1|N30|c1,syn-logical_syntactic-functions-r2,logical_syntactic,functions,0,1,6130147880867857550,2026-10-01T05:43:37.048+00:00,completed,epsilon,True,True,True,True,,72.254554,78.26564599963604,76.32778300103382,5,77,0.4982072075606626,1.9637715242826204e-07,212.78357000074047,,code,2-0-0-1-1-0-1-1,0.49820740393781504,True,1,batch,True,pso,30,1,swarm
oe4-pilot-v2,oe4,swarm|batch|bc1|h1|pso|r1|N30|c1,syn-logical_syntactic-functions-r3,logical_syntactic,functions,0,1,4820333934433401313,2026-10-01T05:43:37.126+00:00,completed,epsilon,True,True,True,True,,44.194726,50.39789100192138,48.577058001683326,2,63,0.48636013268759803,0.0,167.91373400639728,,code,2-0-1-0-1-1-0-1,0.48636013268759803,True,1,batch,True,pso,30,1,swarm
oe4-pilot-v2,oe4,swarm|batch|bc1|h1|pso|r1|N30|c1,syn-logical_syntactic-functions-r4,logical_syntactic,functions,0,1,10275058418311301455,2026-10-01T05:43:37.176+00:00,completed,epsilon,True,True,True,True,,57.700316,63.72760199883487,61.97258600150235,4,70,0.4530924129093758,0.0029587093058543457,162.45069698762583,,code,2-2-0-0-1-0-0-1,0.45605112221523014,True,1,batch,True,pso,30,1,swarm
oe4-pilot-v2,oe4,swarm|batch|bc1|h1|pso|r1|N30|c1,syn-explanatory_conceptual-sequential-r0,explanatory_conceptual,sequential,0,1,14947352377729861017,2026-10-01T05:43:37.240+00:00,completed,epsilon,True,True,True,True,,53.039822,58.881590000964934,57.16486299934331,3,66,0.4486181798628388,0.018837465195685188,192.80628799951575,,text,1-0-0-0-2-0-0-1,0.467455645058524,True,1,batch,True,pso,30,1,swarm
oe4-pilot-v2,oe4,swarm|batch|bc1|h1|pso|r1|N30|c1,syn-explanatory_conceptual-sequential-r1,explanatory_conceptual,sequential,0,1,3272787541859846898,2026-10-01T05:43:37.299+00:00,completed,epsilon,True,True,True,True,,41.072055,47.23099200055003,45.58802999963518,1,56,0.45267043074923324,0.006749225258040281,161.60853800160817,,text,0-1-0-1-2-1-0-1,0.4594196560072735,True,1,batch,True,pso,30,1,swarm
oe4-pilot-v2,oe4,swarm|batch|bc1|h1|pso|r1|N30|c1,syn-explanatory_conceptual-sequential-r2,explanatory_conceptual,sequential,0,1,7023970792698232399,2026-10-01T05:43:37.346+00:00,completed,epsilon,True,True,True,True,,49.234916,55.47062800178537,53.753673997562146,2,65,0.46174206660316464,0.0009320597035671341,203.03065300594986,,text,0-0-1-1-2-0-1-1,0.46267412630673177,True,1,batch,True,pso,30,1,swarm
oe4-pilot-v2,oe4,swarm|batch|bc1|h1|pso|r1|N30|c1,syn-explanatory_conceptual-sequential-r3,explanatory_conceptual,sequential,0,1,15905282458092997945,2026-10-01T05:43:37.402+00:00,completed,epsilon,True,True,True,True,,47.255582,53.31909300002735,51.667468000232475,2,62,0.4489765705985682,1.9637715242826204e-07,174.38046499147325,,text,1-0-1-1-2-1-1-1,0.44897676697572064,True,1,batch,True,pso,30,1,swarm
oe4-pilot-v2,oe4,swarm|batch|bc1|h1|pso|r1|N30|c1,syn-explanatory_conceptual-sequential-r4,explanatory_conceptual,sequential,0,1,16212943396658008924,2026-10-01T05:43:37.455+00:00,completed,epsilon,True,True,True,True,,64.319964,70.44951699936064,68.72067899894319,4,70,0.4665029999409801,0.0,182.263733998685,,text,1-1-1-0-2-0-1-1,0.4665029999409801,True,1,batch,True,pso,30,1,swarm
oe4-pilot-v2,oe4,swarm|batch|bc1|h1|pso|r1|N30|c1,syn-explanatory_conceptual-conditional-r0,explanatory_conceptual,conditional,0,1,5916953307552671090,2026-10-01T05:43:37.525+00:00,completed,epsilon,True,True,True,True,,48.834225,54.94115999681526,53.27563199898577,2,63,0.49552996804696203,0.0,219.71485898829445,,code,2-1-1-0-2-0-1-1,0.49552996804696203,True,1,batch,True,pso,30,1,swarm
oe4-pilot-v2,oe4,swarm|batch|bc1|h1|pso|r1|N30|c1,syn-explanatory_conceptual-conditional-r1,explanatory_conceptual,conditional,0,1,18124705353368190302,2026-10-01T05:43:37.580+00:00,completed,epsilon,True,True,True,True,,47.857106,53.777435001393314,52.043609000975266,2,62,0.4788636419583419,1.963771524837732e-07,147.4424880171408,,text,1-1-1-1-2-0-1-1,0.4788638383354944,True,1,batch,True,pso,30,1,swarm
oe4-pilot-v2,oe4,swarm|batch|bc1|h1|pso|r1|N30|c1,syn-explanatory_conceptual-conditional-r2,explanatory_conceptual,conditional,0,1,1341896759769893857,2026-10-01T05:43:37.634+00:00,completed,epsilon,True,True,True,True,,52.290102,58.03284700232325,56.37614200168173,3,66,0.49030473008974373,0.0,185.6258029902368,,diagram,1-1-2-0-2-0-1-1,0.49030473008974373,True,1,batch,True,pso,30,1,swarm
oe4-pilot-v2,oe4,swarm|batch|bc1|h1|pso|r1|N30|c1,syn-explanatory_conceptual-conditional-r3,explanatory_conceptual,conditional,0,1,11332394261640184133,2026-10-01T05:43:37.692+00:00,completed,epsilon,True,True,True,True,,51.016256,56.86892599987914,55.11218299943721,2,63,0.43096390169879784,0.003654523026150769,157.7317799918852,,text,1-1-0-0-2-1-0-1,0.4346184247249486,True,1,batch,True,pso,30,1,swarm
oe4-pilot-v2,oe4,swarm|batch|bc1|h1|pso|r1|N30|c1,syn-explanatory_conceptual-conditional-r4,explanatory_conceptual,conditional,0,1,8670080275324173838,2026-10-01T05:43:37.749+00:00,completed,epsilon,True,True,True,True,,47.00742,52.98301999937394,51.238643001852324,2,65,0.46408094218044915,0.0010551589873517564,205.29843000335134,,text,1-1-1-0-2-0-0-0,0.4651361011678009,True,1,batch,True,pso,30,1,swarm
oe4-pilot-v2,oe4,swarm|batch|bc1|h1|pso|r1|N30|c1,syn-explanatory_conceptual-repetitive-r0,explanatory_conceptual,repetitive,0,1,3237454591878846868,2026-10-01T05:43:37.802+00:00,completed,epsilon,True,True,True,True,,48.833087,54.774945998360636,53.08287400112022,2,62,0.4460986935462345,0.02008255859137359,186.0260000157817,,text,1-1-1-1-2-1-0-1,0.4661812521376081,True,1,batch,True,pso,30,1,swarm
oe4-pilot-v2,oe4,swarm|batch|bc1|h1|pso|r1|N30|c1,syn-explanatory_conceptual-repetitive-r1,explanatory_conceptual,repetitive,0,1,10148232421566165977,2026-10-01T05:43:37.857+00:00,completed,epsilon,True,True,True,True,,54.618159,60.506909001560416,58.75925999862375,2,65,0.5255407002055713,1.9637715242826204e-07,192.8609729930479,,text,1-0-1-1-2-1-1-1,0.5255408965827237,True,1,batch,True,pso,30,1,swarm
oe4-pilot-v2,oe4,swarm|batch|bc1|h1|pso|r1|N30|c1,syn-explanatory_conceptual-repetitive-r2,explanatory_conceptual,repetitive,0,1,10189736659373836677,2026-10-01T05:43:37.917+00:00,completed,epsilon,True,True,True,True,,39.815044,46.24596599751385,44.547091998538235,1,58,0.49088145414572526,0.0017991482131319847,187.85809400953758,,text,1-0-1-1-2-1-1-1,0.49268060235885724,True,1,batch,True,pso,30,1,swarm
oe4-pilot-v2,oe4,swarm|batch|bc1|h1|pso|r1|N30|c1,syn-explanatory_conceptual-repetitive-r3,explanatory_conceptual,repetitive,0,1,5679236231213962541,2026-10-01T05:43:37.964+00:00,completed,epsilon,True,True,True,True,,48.307869,54.52502199841547,52.73803800082533,2,65,0.47773671108267024,0.009947252053144284,163.49179499058312,,text,1-0-1-0-2-1-1-1,0.4876839631358145,True,1,batch,True,pso,30,1,swarm
oe4-pilot-v2,oe4,swarm|batch|bc1|h1|pso|r1|N30|c1,syn-explanatory_conceptual-repetitive-r4,explanatory_conceptual,repetitive,0,1,615434091092212846,2026-10-01T05:43:38.018+00:00,completed,epsilon,True,True,True,True,,40.113856,46.393092001380865,44.68925100081833,1,58,0.45405216601876935,0.02008255859137359,176.11532999987963,,text,1-1-0-1-2-1-1-1,0.47413472461014294,True,1,batch,True,pso,30,1,swarm
oe4-pilot-v2,oe4,swarm|batch|bc1|h1|pso|r1|N30|c1,syn-explanatory_conceptual-arrays_vectors-r0,explanatory_conceptual,arrays_vectors,0,1,8420274505294676143,2026-10-01T05:43:38.065+00:00,completed,epsilon,True,True,True,True,,39.129059,45.46256300091045,43.842204999236856,1,59,0.49778085910851905,0.027875012652007147,176.52518199730545,,text,1-1-1-1-2-1-0-1,0.5256558717605262,True,1,batch,True,pso,30,1,swarm
oe4-pilot-v2,oe4,swarm|batch|bc1|h1|pso|r1|N30|c1,syn-explanatory_conceptual-arrays_vectors-r1,explanatory_conceptual,arrays_vectors,0,1,11621185609108110648,2026-10-01T05:43:38.110+00:00,completed,epsilon,True,True,True,True,,44.049312,49.93047600146383,48.31888099943171,1,59,0.4615647597787113,0.028694684783154678,191.71877400036675,,text,0-1-0-1-2-1-1-1,0.490259444561866,True,1,batch,True,pso,30,1,swarm
oe4-pilot-v2,oe4,swarm|batch|bc1|h1|pso|r1|N30|c1,syn-explanatory_conceptual-arrays_vectors-r2,explanatory_conceptual,arrays_vectors,0,1,3616904053699891200,2026-10-01T05:43:38.160+00:00,completed,epsilon,True,True,True,True,,38.751653,44.38230199957616,42.80515999926138,1,56,0.5002467392530876,0.027875012652007203,150.3548630005774,,diagram,0-1-2-1-2-1-1-1,0.5281217519050948,True,1,batch,True,pso,30,1,swarm
oe4-pilot-v2,oe4,swarm|batch|bc1|h1|pso|r1|N30|c1,syn-explanatory_conceptual-arrays_vectors-r3,explanatory_conceptual,arrays_vectors,0,1,9640228565651749554,2026-10-01T05:43:38.204+00:00,completed,epsilon,True,True,True,True,,42.974198,48.86954500034335,47.39384500135202,1,56,0.4899428394838256,0.017498999281390593,183.4491099963086,,text,0-1-1-1-2-1-0-1,0.5074418387652162,True,1,batch,True,pso,30,1,swarm
oe4-pilot-v2,oe4,swarm|batch|bc1|h1|pso|r1|N30|c1,syn-explanatory_conceptual-arrays_vectors-r4,explanatory_conceptual,arrays_vectors,0,1,12383051168938743430,2026-10-01T05:43:38.253+00:00,completed,epsilon,True,True,True,True,,57.801281,63.609853001253214,61.987449997104704,3,62,0.5167327431150519,0.0010555026473685336,154.74114202297991,,text,1-0-1-2-2-0-1-0,0.5177882457624204,True,1,batch,True,pso,30,1,swarm
oe4-pilot-v2,oe4,swarm|batch|bc1|h1|pso|r1|N30|c1,syn-explanatory_conceptual-functions-r0,explanatory_conceptual,functions,0,1,4847129841761666601,2026-10-01T05:43:38.317+00:00,completed,epsilon,True,True,True,True,,39.130822,44.697797999106115,43.2265039999038,1,57,0.4945698834876539,0.01617519995265254,172.74862000356595,,text,1-2-1-1-2-0-1-1,0.5107450834403064,True,1,batch,True,pso,30,1,swarm
oe4-pilot-v2,oe4,swarm|batch|bc1|h1|pso|r1|N30|c1,syn-explanatory_conceptual-functions-r1,explanatory_conceptual,functions,0,1,8968182148387190867,2026-10-01T05:43:38.362+00:00,completed,epsilon,True,True,True,True,,64.880918,71.50299400018412,69.43887700253981,4,73,0.5134225156367632,0.0,215.79931400970014,,code,2-0-1-0-2-0-0-1,0.5134225156367632,True,1,batch,True,pso,30,1,swarm
oe4-pilot-v2,oe4,swarm|batch|bc1|h1|pso|r1|N30|c1,syn-explanatory_conceptual-functions-r2,explanatory_conceptual,functions,0,1,15850266999198055000,2026-10-01T05:43:38.433+00:00,completed,epsilon,True,True,True,True,,39.168252,45.21690199908335,43.66368300179602,1,56,0.46612651648152953,0.02008255859137359,194.77876598916913,,text,1-1-1-1-2-1-1-1,0.4862090750729031,True,1,batch,True,pso,30,1,swarm
oe4-pilot-v2,oe4,swarm|batch|bc1|h1|pso|r1|N30|c1,syn-explanatory_conceptual-functions-r3,explanatory_conceptual,functions,0,1,15409255459732107106,2026-10-01T05:43:38.478+00:00,completed,epsilon,True,True,True,True,,40.118052,46.16761800207314,44.527287001983495,1,59,0.4977771280697979,0.007792797720650335,152.25455800296908,,text,1-0-1-2-2-1-1-1,0.5055699257904482,True,1,batch,True,pso,30,1,swarm
oe4-pilot-v2,oe4,swarm|batch|bc1|h1|pso|r1|N30|c1,syn-explanatory_conceptual-functions-r4,explanatory_conceptual,functions,0,1,13584105466744503536,2026-10-01T05:43:38.525+00:00,completed,epsilon,True,True,True,True,,45.472755,51.161014001991134,49.45491599937668,2,61,0.49970043101958095,0.0,122.98684998016408,,text,1-0-1-0-2-0-1-1,0.49970043101958095,True,1,batch,True,pso,30,1,swarm
oe4-pilot-v2,oe4,swarm|batch|bc1|h1|pso|r1|N30|c1,syn-balanced_multimodal-sequential-r0,balanced_multimodal,sequential,0,1,12829628287881295465,2026-10-01T05:43:38.576+00:00,completed,epsilon,True,True,True,True,,58.810359,64.78553700071643,62.96597999971709,3,69,0.4948651175024352,0.0,181.07879300213165,,diagram,1-0-2-0-1-1-1-1,0.4948651175024352,True,1,batch,True,pso,30,1,swarm
oe4-pilot-v2,oe4,swarm|batch|bc1|h1|pso|r1|N30|c1,syn-balanced_multimodal-sequential-r1,balanced_multimodal,sequential,0,1,15851898587384579384,2026-10-01T05:43:38.641+00:00,completed,epsilon,True,True,True,True,,53.533351,59.38392300231499,57.71537799955695,2,63,0.46578051203228604,0.02008255859137359,198.10700498498886,,code,2-1-2-1-1-1-1-1,0.48586307062365963,True,1,batch,True,pso,30,1,swarm
oe4-pilot-v2,oe4,swarm|batch|bc1|h1|pso|r1|N30|c1,syn-balanced_multimodal-sequential-r2,balanced_multimodal,sequential,0,1,9812259528755781404,2026-10-01T05:43:38.700+00:00,completed,epsilon,True,True,True,True,,47.929932,54.09059500016156,52.37814200154389,2,63,0.5195512786534427,1.9637715242826204e-07,210.6210970079671,,code,2-0-1-1-1-1-1-1,0.5195514750305952,True,1,batch,True,pso,30,1,swarm
oe4-pilot-v2,oe4,swarm|batch|bc1|h1|pso|r1|N30|c1,syn-balanced_multimodal-sequential-r3,balanced_multimodal,sequential,0,1,17396203175820366605,2026-10-01T05:43:38.754+00:00,completed,epsilon,True,True,True,True,,48.387326,54.557359999307664,52.84660899997107,2,63,0.5055952816994697,0.0,198.60377399775376,,text,1-0-1-0-2-1-1-1,0.5055952816994697,True,1,batch,True,pso,30,1,swarm
oe4-pilot-v2,oe4,swarm|batch|bc1|h1|pso|r1|N30|c1,syn-balanced_multimodal-sequential-r4,balanced_multimodal,sequential,0,1,16072189927809315852,2026-10-01T05:43:38.809+00:00,completed,epsilon,True,True,True,True,,62.535711,68.66666399946553,66.7327019982622,4,73,0.5064313832719637,1.9637715242826204e-07,202.30367800147383,,code,2-0-2-1-2-1-2-1,0.5064315796491161,True,1,batch,True,pso,30,1,swarm
oe4-pilot-v2,oe4,swarm|batch|bc1|h1|pso|r1|N30|c1,syn-balanced_multimodal-conditional-r0,balanced_multimodal,conditional,0,1,9492171042143771967,2026-10-01T05:43:38.877+00:00,completed,epsilon,True,True,True,True,,46.386176,52.36611799773527,50.67802800112986,1,61,0.48780502665661635,0.0036547194033032526,221.2625669956901,,code,2-1-1-1-1-1-1-1,0.4914597460599196,True,1,batch,True,pso,30,1,swarm
oe4-pilot-v2,oe4,swarm|batch|bc1|h1|pso|r1|N30|c1,syn-balanced_multimodal-conditional-r1,balanced_multimodal,conditional,0,1,12567349465944861023,2026-10-01T05:43:38.930+00:00,completed,epsilon,True,True,True,True,,40.109349,46.09014599918737,44.503553999675205,1,61,0.4988095313719645,0.0,202.88018299393838,,code,1-1-1-0-1-0-1-1,0.4988095313719645,True,1,batch,True,pso,30,1,swarm
oe4-pilot-v2,oe4,swarm|batch|bc1|h1|pso|r1|N30|c1,syn-balanced_multimodal-conditional-r2,balanced_multimodal,conditional,0,1,4742918314447581142,2026-10-01T05:43:38.976+00:00,completed,epsilon,True,True,True,True,,53.617056,60.09279099816922,58.34538499766495,2,65,0.4993812836734506,0.0,204.61258998053432,,code,1-1-1-0-1-0-1-1,0.4993812836734506,True,1,batch,True,pso,30,1,swarm
oe4-pilot-v2,oe4,swarm|batch|bc1|h1|pso|r1|N30|c1,syn-balanced_multimodal-conditional-r3,balanced_multimodal,conditional,0,1,11394639668150330671,2026-10-01T05:43:39.036+00:00,completed,epsilon,True,True,True,True,,47.060475,53.72510500092176,51.93153800064465,2,65,0.47153478436590585,1.963771524837732e-07,220.36830098464162,,text,1-1-1-1-2-0-1-1,0.47153498074305833,True,1,batch,True,pso,30,1,swarm
oe4-pilot-v2,oe4,swarm|batch|bc1|h1|pso|r1|N30|c1,syn-balanced_multimodal-conditional-r4,balanced_multimodal,conditional,0,1,2277667993778051270,2026-10-01T05:43:39.090+00:00,completed,epsilon,True,True,True,True,,43.891816,49.65048800295335,48.12570799913374,1,59,0.49335718275037993,0.0036547194033032526,189.07233399226953,,code,2-1-1-1-2-1-2-1,0.4970119021536832,True,1,batch,True,pso,30,1,swarm
oe4-pilot-v2,oe4,swarm|batch|bc1|h1|pso|r1|N30|c1,syn-balanced_multimodal-repetitive-r0,balanced_multimodal,repetitive,0,1,3839617547738254315,2026-10-01T05:43:39.139+00:00,completed,epsilon,True,True,True,True,,54.65745,60.40161500277463,58.698559001641115,2,63,0.5583985455313946,1.9637715242826204e-07,173.43385999852157,,code,2-0-1-1-1-1-2-1,0.558398741908547,True,1,batch,True,pso,30,1,swarm
oe4-pilot-v2,oe4,swarm|batch|bc1|h1|pso|r1|N30|c1,syn-balanced_multimodal-repetitive-r1,balanced_multimodal,repetitive,0,1,2659073220867155690,2026-10-01T05:43:39.200+00:00,completed,epsilon,True,True,True,True,,37.195833,42.99855300268973,41.516731998854084,1,56,0.5099655888622538,0.020082558591373645,144.56184900088127,,code,2-1-2-1-2-1-1-1,0.5300481474536275,True,1,batch,True,pso,30,1,swarm
oe4-pilot-v2,oe4,swarm|batch|bc1|h1|pso|r1|N30|c1,syn-balanced_multimodal-repetitive-r2,balanced_multimodal,repetitive,0,1,12027688066564710874,2026-10-01T05:43:39.243+00:00,completed,epsilon,True,True,True,True,,38.184736,43.84417899927939,42.324669997469755,1,54,0.48695008664679024,0.02008255859137359,163.82303099170807,,code,2-1-2-1-1-1-2-1,0.5070326452381638,True,1,batch,True,pso,30,1,swarm
oe4-pilot-v2,oe4,swarm|batch|bc1|h1|pso|r1|N30|c1,syn-balanced_multimodal-repetitive-r3,balanced_multimodal,repetitive,0,1,10665835498416014906,2026-10-01T05:43:39.287+00:00,completed,epsilon,True,True,True,True,,39.709953,45.802171996911056,44.33319800227764,1,53,0.498403614745411,0.02008255859137359,142.1972590137517,,diagram,1-1-2-1-2-1-1-1,0.5184861733367846,True,1,batch,True,pso,30,1,swarm
oe4-pilot-v2,oe4,swarm|batch|bc1|h1|pso|r1|N30|c1,syn-balanced_multimodal-repetitive-r4,balanced_multimodal,repetitive,0,1,16842203000296662102,2026-10-01T05:43:39.332+00:00,completed,epsilon,True,True,True,True,,57.916331,64.19062500208383,62.42073500106926,2,63,0.5555295985433403,0.0,190.33383998993733,,code,2-0-1-0-1-1-2-1,0.5555295985433403,True,1,batch,True,pso,30,1,swarm
oe4-pilot-v2,oe4,swarm|batch|bc1|h1|pso|r1|N30|c1,syn-balanced_multimodal-arrays_vectors-r0,balanced_multimodal,arrays_vectors,0,1,8202019099685287209,2026-10-01T05:43:39.397+00:00,completed,epsilon,True,True,True,True,,47.445046,53.66259099901072,51.98454800120089,2,65,0.5214552573504015,0.007792454060633558,200.88349500107236,,code,2-0-1-0-2-1-1-1,0.5292477114110351,True,1,batch,True,pso,30,1,swarm
oe4-pilot-v2,oe4,swarm|batch|bc1|h1|pso|r1|N30|c1,syn-balanced_multimodal-arrays_vectors-r1,balanced_multimodal,arrays_vectors,0,1,1557390382835702406,2026-10-01T05:43:39.450+00:00,completed,epsilon,True,True,True,True,,37.169685,43.12776699953247,41.42982499979553,1,59,0.5096116990703786,0.010013934431594262,179.9972079874287,,code,1-0-1-0-1-1-1-1,0.5196256335019729,True,1,batch,True,pso,30,1,swarm
oe4-pilot-v2,oe4,swarm|batch|bc1|h1|pso|r1|N30|c1,syn-balanced_multimodal-arrays_vectors-r2,balanced_multimodal,arrays_vectors,0,1,1551228789342824201,2026-10-01T05:43:39.493+00:00,completed,epsilon,True,True,True,True,,58.394572,64.52431300203898,62.576391002949094,3,69,0.5407907180206968,0.007792454060633558,171.24559299598823,,text,1-0-1-0-2-1-1-1,0.5485831720813303,True,1,batch,True,pso,30,1,swarm
oe4-pilot-v2,oe4,swarm|batch|bc1|h1|pso|r1|N30|c1,syn-balanced_multimodal-arrays_vectors-r3,balanced_multimodal,arrays_vectors,0,1,11908930478528390133,2026-10-01T05:43:39.558+00:00,completed,epsilon,True,True,True,True,,76.181038,83.38080599787645,80.80505099860602,6,81,0.5517303986475605,0.0,163.0320190041228,,code,2-0-2-1-1-0-2-1,0.5517303986475605,True,1,batch,True,pso,30,1,swarm
oe4-pilot-v2,oe4,swarm|batch|bc1|h1|pso|r1|N30|c1,syn-balanced_multimodal-arrays_vectors-r4,balanced_multimodal,arrays_vectors,0,1,7080146454937735062,2026-10-01T05:43:39.641+00:00,completed,epsilon,True,True,True,True,,36.970237,43.60258300221176,41.80564800117281,1,53,0.5231764212501887,0.0034158919247068154,150.00871600418574,,code,2-1-1-1-1-0-1-1,0.5265923131748955,True,1,batch,True,pso,30,1,swarm
oe4-pilot-v2,oe4,swarm|batch|bc1|h1|pso|r1|N30|c1,syn-balanced_multimodal-functions-r0,balanced_multimodal,functions,0,1,2933908082685948832,2026-10-01T05:43:39.685+00:00,completed,epsilon,True,True,True,True,,59.298935,66.02930499866488,64.04958799976157,3,69,0.5309809873500523,0.0,178.95870801152984,,code,2-0-2-0-1-0-1-1,0.5309809873500523,True,1,batch,True,pso,30,1,swarm
oe4-pilot-v2,oe4,swarm|batch|bc1|h1|pso|r1|N30|c1,syn-balanced_multimodal-functions-r1,balanced_multimodal,functions,0,1,368220290834284782,2026-10-01T05:43:39.751+00:00,completed,epsilon,True,True,True,True,,38.598727,45.1978599994618,43.608543997834204,1,58,0.49177264213206817,0.020082362214221106,168.1755709935012,,code,2-1-1-0-1-1-2-1,0.5118550043462893,True,1,batch,True,pso,30,1,swarm
oe4-pilot-v2,oe4,swarm|batch|bc1|h1|pso|r1|N30|c1,syn-balanced_multimodal-functions-r2,balanced_multimodal,functions,0,1,8673480799685267205,2026-10-01T05:43:39.796+00:00,completed,epsilon,True,True,True,True,,51.37574,57.66459400183521,55.64531699928921,2,62,0.510395070984393,0.007792454060633558,180.9839740048807,,code,2-0-1-0-1-1-1-1,0.5181875250450265,True,1,batch,True,pso,30,1,swarm
oe4-pilot-v2,oe4,swarm|batch|bc1|h1|pso|r1|N30|c1,syn-balanced_multimodal-functions-r3,balanced_multimodal,functions,0,1,18228905326412579013,2026-10-01T05:43:39.854+00:00,completed,epsilon,True,True,True,True,,37.449459,43.441803001769586,41.908431998308515,1,59,0.49300132682799114,0.024411447389422025,176.77592301429485,,code,1-0-1-1-1-1-0-1,0.5174127742174132,True,1,batch,True,pso,30,1,swarm
oe4-pilot-v2,oe4,swarm|batch|bc1|h1|pso|r1|N30|c1,syn-balanced_multimodal-functions-r4,balanced_multimodal,functions,0,1,4683180797726806680,2026-10-01T05:43:39.897+00:00,completed,epsilon,True,True,True,True,,61.932768,67.99146099729114,66.16389299961156,3,69,0.5037098665441013,0.0,181.4725779989819,,diagram,1-0-2-0-1-0-1-1,0.5037098665441013,True,1,batch,True,pso,30,1,swarm
oe4-pilot-v2,oe4,swarm|batch|bc1|h1|pso|r1|N30|c1,syn-visual_dominant-sequential-r0,visual_dominant,sequential,0,2,8580140326324496627,2026-10-01T05:43:39.966+00:00,completed,epsilon,True,True,True,True,,46.770937,53.647292999812635,51.957228999526706,2,63,0.47580606727894714,0.0,199.359849015073,,diagram,1-0-2-0-1-1-0-1,0.47580606727894714,True,1,batch,True,pso,30,1,swarm
oe4-pilot-v2,oe4,swarm|batch|bc1|h1|pso|r1|N30|c1,syn-visual_dominant-sequential-r1,visual_dominant,sequential,0,2,17048800117076641484,2026-10-01T05:43:40.019+00:00,completed,epsilon,True,True,True,True,,41.650634,48.09708700122428,46.375821002584416,1,53,0.44878503224528293,0.02008255859137359,152.92699500199458,,diagram,1-1-2-1-0-1-1-1,0.4688675908366565,True,1,batch,True,pso,30,1,swarm
oe4-pilot-v2,oe4,swarm|batch|bc1|h1|pso|r1|N30|c1,syn-visual_dominant-sequential-r2,visual_dominant,sequential,0,2,4355585619346073820,2026-10-01T05:43:40.068+00:00,completed,epsilon,True,True,True,True,,47.320868,53.54973599969526,51.76992799897562,3,66,0.4684960847891392,0.0,170.6636460091151,,diagram,1-0-2-0-0-1-0-1,0.4684960847891392,True,1,batch,True,pso,30,1,swarm
oe4-pilot-v2,oe4,swarm|batch|bc1|h1|pso|r1|N30|c1,syn-visual_dominant-sequential-r3,visual_dominant,sequential,0,2,5551779150201999310,2026-10-01T05:43:40.121+00:00,completed,epsilon,True,True,True,True,,49.404879,55.44618999920203,53.72749600064708,3,63,0.4968930391220401,0.0,160.66625498798567,,diagram,1-0-2-0-0-1-1-1,0.4968930391220401,True,1,batch,True,pso,30,1,swarm
oe4-pilot-v2,oe4,swarm|batch|bc1|h1|pso|r1|N30|c1,syn-visual_dominant-sequential-r4,visual_dominant,sequential,0,2,13994061115368628468,2026-10-01T05:43:40.177+00:00,completed,epsilon,True,True,True,True,,47.921834,54.0002670022659,52.23606200161157,2,65,0.45399075511807396,1.9637715242826204e-07,189.42673199828022,,diagram,1-0-2-1-1-1-0-1,0.4539909514952264,True,1,batch,True,pso,30,1,swarm
oe4-pilot-v2,oe4,swarm|batch|bc1|h1|pso|r1|N30|c1,syn-visual_dominant-conditional-r0,visual_dominant,conditional,0,2,11471567894967710186,2026-10-01T05:43:40.231+00:00,completed,epsilon,True,True,True,True,,41.038311,46.82010000033188,45.18731999996817,1,61,0.4683786250362893,0.007792650437786042,189.32475001099152,,diagram,1-1-2-1-0-1-0-1,0.47617127547407534,True,1,batch,True,pso,30,1,swarm
oe4-pilot-v2,oe4,swarm|batch|bc1|h1|pso|r1|N30|c1,syn-visual_dominant-conditional-r1,visual_dominant,conditional,0,2,13928515270300365190,2026-10-01T05:43:40.277+00:00,completed,epsilon,True,True,True,True,,62.61527,68.82045000020298,66.98641099865199,4,73,0.4371315517815198,1.963771524837732e-07,194.2803539998518,,diagram,1-1-2-1-0-0-0-1,0.4371317481586723,True,1,batch,True,pso,30,1,swarm
oe4-pilot-v2,oe4,swarm|batch|bc1|h1|pso|r1|N30|c1,syn-visual_dominant-conditional-r2,visual_dominant,conditional,0,2,7530803405880337628,2026-10-01T05:43:40.346+00:00,completed,epsilon,True,True,True,True,,45.053163,51.0980209983245,49.33521299972199,2,65,0.47576325269917313,1.963771524837732e-07,195.395202996584,,code,2-1-2-1-1-0-1-1,0.4757634490763256,True,1,batch,True,pso,30,1,swarm
oe4-pilot-v2,oe4,swarm|batch|bc1|h1|pso|r1|N30|c1,syn-visual_dominant-conditional-r3,visual_dominant,conditional,0,2,12303691227522993195,2026-10-01T05:43:40.397+00:00,completed,epsilon,True,True,True,True,,51.105934,57.17400900175562,55.43714099985664,2,65,0.4537572043126114,0.0036547194033032526,201.48222899791705,,diagram,1-1-2-1-0-1-1-1,0.45741192371591466,True,1,batch,True,pso,30,1,swarm
oe4-pilot-v2,oe4,swarm|batch|bc1|h1|pso|r1|N30|c1,syn-visual_dominant-conditional-r4,visual_dominant,conditional,0,2,7123775909059268369,2026-10-01T05:43:40.455+00:00,completed,epsilon,True,True,True,True,,37.37874,43.75178100235644,42.04699299953063,1,58,0.4486569413932807,0.0,186.2371369849058,,diagram,1-1-2-0-1-0-0-1,0.4486569413932807,True,1,batch,True,pso,30,1,swarm
oe4-pilot-v2,oe4,swarm|batch|bc1|h1|pso|r1|N30|c1,syn-visual_dominant-repetitive-r0,visual_dominant,repetitive,0,2,3652346516165016234,2026-10-01T05:43:40.498+00:00,completed,epsilon,True,True,True,True,,43.192898,49.42806400140398,47.83981500077061,1,59,0.46998170127395994,0.02008255859137359,200.41836101461558,,diagram,1-1-2-1-1-1-0-1,0.49006425986533353,True,1,batch,True,pso,30,1,swarm
oe4-pilot-v2,oe4,swarm|batch|bc1|h1|pso|r1|N30|c1,syn-visual_dominant-repetitive-r1,visual_dominant,repetitive,0,2,9493985239135120539,2026-10-01T05:43:40.548+00:00,completed,epsilon,True,True,True,True,,64.190133,70.62010900335736,68.63150400022278,5,74,0.49141108956712465,0.0,159.1048310092698,,code,2-0-2-0-1-1-1-1,0.49141108956712465,True,1,batch,True,pso,30,1,swarm
oe4-pilot-v2,oe4,swarm|batch|bc1|h1|pso|r1|N30|c1,syn-visual_dominant-repetitive-r2,visual_dominant,repetitive,0,2,15577984090316381348,2026-10-01T05:43:40.618+00:00,completed,epsilon,True,True,True,True,,47.550083,53.83830799837597,52.14494699976058,2,63,0.5174510138160732,1.9637715242826204e-07,192.40327098820563,,code,2-0-2-1-1-1-0-1,0.5174512101932256,True,1,batch,True,pso,30,1,swarm
oe4-pilot-v2,oe4,swarm|batch|bc1|h1|pso|r1|N30|c1,syn-visual_dominant-repetitive-r3,visual_dominant,repetitive,0,2,13061490195280824700,2026-10-01T05:43:40.672+00:00,completed,epsilon,True,True,True,True,,44.495353,50.12812800123356,48.58294800214935,2,55,0.4931223664434585,0.012207742316518777,138.0268870002833,,diagram,1-0-2-1-0-0-0-1,0.5053301087599773,True,1,batch,True,pso,30,1,swarm
oe4-pilot-v2,oe4,swarm|batch|bc1|h1|pso|r1|N30|c1,syn-visual_dominant-repetitive-r4,visual_dominant,repetitive,0,2,5153165576748431564,2026-10-01T05:43:40.722+00:00,completed,epsilon,True,True,True,True,,54.455057,60.66764099887223,58.92892300107633,3,66,0.4676075053726938,0.0,177.10834901350424,,diagram,1-0-2-0-0-1-0-1,0.4676075053726938,True,1,batch,True,pso,30,1,swarm
oe4-pilot-v2,oe4,swarm|batch|bc1|h1|pso|r1|N30|c1,syn-visual_dominant-arrays_vectors-r0,visual_dominant,arrays_vectors,0,2,2484686855457110652,2026-10-01T05:43:40.783+00:00,completed,epsilon,True,True,True,True,,37.345496,43.44890100037446,41.810972998064244,1,54,0.46105976353153516,0.027875012652007147,147.53587599972283,,diagram,1-1-2-1-0-1-0-1,0.4889347761835423,True,1,batch,True,pso,30,1,swarm
oe4-pilot-v2,oe4,swarm|batch|bc1|h1|pso|r1|N30|c1,syn-visual_dominant-arrays_vectors-r1,visual_dominant,arrays_vectors,0,2,14387502913323118724,2026-10-01T05:43:40.827+00:00,completed,epsilon,True,True,True,True,,51.8588,57.95424900134094,56.167915998230455,3,67,0.4531926066883153,0.0,175.20606100641007,,diagram,1-0-2-0-0-0-0-1,0.4531926066883153,True,1,batch,True,pso,30,1,swarm
oe4-pilot-v2,oe4,swarm|batch|bc1|h1|pso|r1|N30|c1,syn-visual_dominant-arrays_vectors-r2,visual_dominant,arrays_vectors,0,2,18083930375172244621,2026-10-01T05:43:40.885+00:00,completed,epsilon,True,True,True,True,,58.764622,64.71218799924827,62.90593599987915,3,66,0.5218342851242742,1.9637715242826204e-07,149.95791500654244,,diagram,1-0-2-1-1-0-1-1,0.5218344815014266,True,1,batch,True,pso,30,1,swarm
oe4-pilot-v2,oe4,swarm|batch|bc1|h1|pso|r1|N30|c1,syn-visual_dominant-arrays_vectors-r3,visual_dominant,arrays_vectors,0,2,16074832408338533935,2026-10-01T05:43:40.949+00:00,completed,epsilon,True,True,True,True,,61.015878,67.2482440022577,65.25635400248575,3,69,0.5279373560844233,0.0,203.9800569979296,,diagram,0-0-2-1-1-0-0-1,0.5279373560844233,True,1,batch,True,pso,30,1,swarm
oe4-pilot-v2,oe4,swarm|batch|bc1|h1|pso|r1|N30|c1,syn-visual_dominant-arrays_vectors-r4,visual_dominant,arrays_vectors,0,2,13236652181889018265,2026-10-01T05:43:41.016+00:00,completed,epsilon,True,True,True,True,,39.623541,45.8563909996883,44.20706800010521,1,58,0.49310999494245983,0.004471198194922976,199.43984801097403,,diagram,1-1-2-2-1-0-0-0,0.4975811931373828,True,1,batch,True,pso,30,1,swarm
oe4-pilot-v2,oe4,swarm|batch|bc1|h1|pso|r1|N30|c1,syn-visual_dominant-functions-r0,visual_dominant,functions,0,2,11375697626506085209,2026-10-01T05:43:41.062+00:00,completed,epsilon,True,True,True,True,,38.587206,44.48377399967285,42.98880699934671,1,53,0.47770576352191013,0.02008255859137359,134.5578670069644,,diagram,1-1-2-1-1-1-0-1,0.4977883221132837,True,1,batch,True,pso,30,1,swarm
oe4-pilot-v2,oe4,swarm|batch|bc1|h1|pso|r1|N30|c1,syn-visual_dominant-functions-r1,visual_dominant,functions,0,2,12724222799605840855,2026-10-01T05:43:41.107+00:00,completed,epsilon,True,True,True,True,,48.540273,54.502371000126004,52.81151400049566,2,63,0.49466746788594257,0.007230897594027896,199.67567998078144,,code,2-2-2-1-1-0-0-1,0.5018983654799705,True,1,batch,True,pso,30,1,swarm
oe4-pilot-v2,oe4,swarm|batch|bc1|h1|pso|r1|N30|c1,syn-visual_dominant-functions-r2,visual_dominant,functions,0,2,2855966151648987497,2026-10-01T05:43:41.161+00:00,completed,epsilon,True,True,True,True,,46.595931,52.42717399960384,50.69466399800149,2,62,0.4624311814719705,0.008945025651836969,178.79910399214145,,diagram,1-0-2-1-0-1-1-1,0.47137620712380746,True,1,batch,True,pso,30,1,swarm
oe4-pilot-v2,oe4,swarm|batch|bc1|h1|pso|r1|N30|c1,syn-visual_dominant-functions-r3,visual_dominant,functions,0,2,15496158585802717903,2026-10-01T05:43:41.214+00:00,completed,epsilon,True,True,True,True,,46.69512,52.50643599720206,50.8595659994171,1,61,0.4525600963951378,0.027875012652007147,191.9714250102422,,diagram,1-1-2-1-0-1-1-1,0.4804351090471449,True,1,batch,True,pso,30,1,swarm
oe4-pilot-v2,oe4,swarm|batch|bc1|h1|pso|r1|N30|c1,syn-visual_dominant-functions-r4,visual_dominant,functions,0,2,10259835321663512086,2026-10-01T05:43:41.266+00:00,completed,epsilon,True,True,True,True,,44.266033,50.118217997805914,48.48369500177796,2,60,0.48282466482518693,0.019803777820581292,157.77195400533046,,code,2-2-2-1-1-1-1-1,0.5026284426457682,True,1,batch,True,pso,30,1,swarm
oe4-pilot-v2,oe4,swarm|batch|bc1|h1|pso|r1|N30|c1,syn-logical_syntactic-sequential-r0,logical_syntactic,sequential,0,2,13362044807751343064,2026-10-01T05:43:41.316+00:00,completed,epsilon,True,True,True,True,,41.537809,47.93323700141627,45.93878899686388,1,61,0.4761348237523099,0.02008255859137359,207.996070997498,,code,2-1-1-1-0-1-0-1,0.4962173823436835,True,1,batch,True,pso,30,1,swarm
oe4-pilot-v2,oe4,swarm|batch|bc1|h1|pso|r1|N30|c1,syn-logical_syntactic-sequential-r1,logical_syntactic,sequential,0,2,14311645315440717423,2026-10-01T05:43:41.364+00:00,completed,epsilon,True,True,True,True,,61.339642,67.69872999939253,65.87274599951343,3,69,0.4825463618186212,0.0,195.15052199499368,,code,2-0-1-0-1-1-0-1,0.4825463618186212,True,1,batch,True,pso,30,1,swarm
oe4-pilot-v2,oe4,swarm|batch|bc1|h1|pso|r1|N30|c1,syn-logical_syntactic-sequential-r2,logical_syntactic,sequential,0,2,15643440995604996842,2026-10-01T05:43:41.432+00:00,completed,epsilon,True,True,True,True,,37.558064,43.83205900012399,42.082282998308074,1,57,0.5052479809084092,0.0034158919247069264,179.31880299085145,,code,2-1-0-1-1-1-1-1,0.5086638728331161,True,1,batch,True,pso,30,1,swarm
oe4-pilot-v2,oe4,swarm|batch|bc1|h1|pso|r1|N30|c1,syn-logical_syntactic-sequential-r3,logical_syntactic,sequential,0,2,16960600487627624599,2026-10-01T05:43:41.476+00:00,completed,epsilon,True,True,True,True,,53.052516,59.20599800083437,57.49392399957287,3,66,0.47454058681115907,0.0,184.26201600939393,,code,2-0-1-0-1-1-0-1,0.47454058681115907,True,1,batch,True,pso,30,1,swarm
oe4-pilot-v2,oe4,swarm|batch|bc1|h1|pso|r1|N30|c1,syn-logical_syntactic-sequential-r4,logical_syntactic,sequential,0,2,17250185977012485747,2026-10-01T05:43:41.535+00:00,completed,epsilon,True,True,True,True,,56.866587,63.153607999993255,61.13841399928788,4,70,0.4963874393518477,3.4366001677721414e-07,169.3240289990456,,code,2-0-1-2-1-0-0-1,0.4963877830118645,True,1,batch,True,pso,30,1,swarm
oe4-pilot-v2,oe4,swarm|batch|bc1|h1|pso|r1|N30|c1,syn-logical_syntactic-conditional-r0,logical_syntactic,conditional,0,2,4732552759670585228,2026-10-01T05:43:41.598+00:00,completed,epsilon,True,True,True,True,,41.167089,47.336801999335876,45.76551699938136,1,59,0.4552126305749631,0.003654523026150769,191.0387860032235,,code,2-1-1-0-0-1-0-1,0.45886715360111385,True,1,batch,True,pso,30,1,swarm
oe4-pilot-v2,oe4,swarm|batch|bc1|h1|pso|r1|N30|c1,syn-logical_syntactic-conditional-r1,logical_syntactic,conditional,0,2,16767561851559065070,2026-10-01T05:43:41.646+00:00,completed,epsilon,True,True,True,True,,47.489428,53.49339299937128,51.72768299962627,2,63,0.44403176024746854,0.007792797720650391,203.20670899881307,,code,2-1-1-2-0-1-0-1,0.45182455796811893,True,1,batch,True,pso,30,1,swarm
oe4-pilot-v2,oe4,swarm|batch|bc1|h1|pso|r1|N30|c1,syn-logical_syntactic-conditional-r2,logical_syntactic,conditional,0,2,6973891702751108736,2026-10-01T05:43:41.699+00:00,completed,epsilon,True,True,True,True,,53.954796,59.980959002132295,58.21330600156216,2,62,0.4667613697407896,1.963771524837732e-07,148.5890589924709,,code,2-1-1-1-0-0-1-1,0.46676156611794206,True,1,batch,True,pso,30,1,swarm
oe4-pilot-v2,oe4,swarm|batch|bc1|h1|pso|r1|N30|c1,syn-logical_syntactic-conditional-r3,logical_syntactic,conditional,0,2,6626061848004110554,2026-10-01T05:43:41.759+00:00,completed,epsilon,True,True,True,True,,38.08158,44.27801600104431,42.755652000778355,1,59,0.4614734643861827,0.007792650437786042,197.8842259917353,,code,2-1-1-1-0-1-0-1,0.46926611482396874,True,1,batch,True,pso,30,1,swarm
oe4-pilot-v2,oe4,swarm|batch|bc1|h1|pso|r1|N30|c1,syn-logical_syntactic-conditional-r4,logical_syntactic,conditional,0,2,2581103798954869873,2026-10-01T05:43:41.803+00:00,completed,epsilon,True,True,True,True,,38.49099,44.31320500225411,42.80781499983277,1,53,0.4839345737065493,0.0036547194033032526,145.62123200914647,,code,2-1-1-1-1-1-1-1,0.48758929310985255,True,1,batch,True,pso,30,1,swarm
oe4-pilot-v2,oe4,swarm|batch|bc1|h1|pso|r1|N30|c1,syn-logical_syntactic-repetitive-r0,logical_syntactic,repetitive,0,2,2563900073831829840,2026-10-01T05:43:41.848+00:00,completed,epsilon,True,True,True,True,,39.539864,45.754458998999326,43.91292099899147,1,58,0.45068774937313677,0.02008255859137359,202.5864470011478,,code,2-1-2-1-0-1-1-1,0.47077030796451036,True,1,batch,True,pso,30,1,swarm
oe4-pilot-v2,oe4,swarm|batch|bc1|h1|pso|r1|N30|c1,syn-logical_syntactic-repetitive-r1,logical_syntactic,repetitive,0,2,1690962082425471307,2026-10-01T05:43:41.894+00:00,completed,epsilon,True,True,True,True,,48.866272,55.6735740028671,53.908420999505324,1,56,0.46854772531455674,0.02008255859137359,246.50033699677556,,code,2-1-1-1-0-1-0-1,0.48863028390593033,True,1,batch,True,pso,30,1,swarm
oe4-pilot-v2,oe4,swarm|batch|bc1|h1|pso|r1|N30|c1,syn-logical_syntactic-repetitive-r2,logical_syntactic,repetitive,0,2,12298035747105259136,2026-10-01T05:43:41.949+00:00,completed,epsilon,True,True,True,True,,52.046932,58.92391000088537,57.25006300053792,1,59,0.48860682289608054,0.02008255859137359,183.41085899589507,,code,2-1-1-1-1-1-1-1,0.5086893814874541,True,1,batch,True,pso,30,1,swarm
oe4-pilot-v2,oe4,swarm|batch|bc1|h1|pso|r1|N30|c1,syn-logical_syntactic-repetitive-r3,logical_syntactic,repetitive,0,2,6665076571321463288,2026-10-01T05:43:42.008+00:00,completed,epsilon,True,True,True,True,,53.250394,59.141467998415465,57.41612199926749,2,65,0.46208578639800935,0.020082362214221106,148.39040799406527,,code,2-1-1-0-1-1-0-1,0.48216814861223045,True,1,batch,True,pso,30,1,swarm
oe4-pilot-v2,oe4,swarm|batch|bc1|h1|pso|r1|N30|c1,syn-logical_syntactic-repetitive-r4,logical_syntactic,repetitive,0,2,3613547958009930106,2026-10-01T05:43:42.067+00:00,completed,epsilon,True,True,True,True,,46.387529,52.86694100141176,51.047310000285506,2,62,0.42431599984481977,0.02008255859137359,183.4886200007275,,code,2-1-0-1-1-1-0-1,0.44439855843619336,True,1,batch,True,pso,30,1,swarm
oe4-pilot-v2,oe4,swarm|batch|bc1|h1|pso|r1|N30|c1,syn-logical_syntactic-arrays_vectors-r0,logical_syntactic,arrays_vectors,0,2,14948705039163960895,2026-10-01T05:43:42.120+00:00,completed,epsilon,True,True,True,True,,37.356555,43.063976998382714,41.59852399970987,1,58,0.4856184373133194,0.02008255859137359,182.41824000867138,,code,2-1-1-1-0-0-1-1,0.505700995904693,True,1,batch,True,pso,30,1,swarm
oe4-pilot-v2,oe4,swarm|batch|bc1|h1|pso|r1|N30|c1,syn-logical_syntactic-arrays_vectors-r1,logical_syntactic,arrays_vectors,0,2,13327273701071249688,2026-10-01T05:43:42.163+00:00,completed,epsilon,True,True,True,True,,59.67157,65.5006550005055,63.69842200001585,3,69,0.47410405901537916,0.00994067049648667,185.84622001668498,,code,2-2-1-0-1-0-0-1,0.48404472951186583,True,1,batch,True,pso,30,1,swarm
oe4-pilot-v2,oe4,swarm|batch|bc1|h1|pso|r1|N30|c1,syn-logical_syntactic-arrays_vectors-r2,logical_syntactic,arrays_vectors,0,2,7678510444233138347,2026-10-01T05:43:42.229+00:00,completed,epsilon,True,True,True,True,,44.27212,50.728663001791574,48.9672090006934,1,61,0.49083069767651405,0.027875012652007147,192.42489298628024,,code,2-1-1-1-0-1-0-1,0.5187057103285212,True,1,batch,True,pso,30,1,swarm
oe4-pilot-v2,oe4,swarm|batch|bc1|h1|pso|r1|N30|c1,syn-logical_syntactic-arrays_vectors-r3,logical_syntactic,arrays_vectors,0,2,3475821061836782133,2026-10-01T05:43:42.280+00:00,completed,epsilon,True,True,True,True,,52.139779,58.16542100001243,56.47612100074184,2,65,0.5279095277556373,1.472828643489521e-07,215.3965430096148,,code,2-0-1-2-1-0-1-1,0.5279096750385016,True,1,batch,True,pso,30,1,swarm
oe4-pilot-v2,oe4,swarm|batch|bc1|h1|pso|r1|N30|c1,syn-logical_syntactic-arrays_vectors-r4,logical_syntactic,arrays_vectors,0,2,15069723113616053544,2026-10-01T05:43:42.338+00:00,completed,epsilon,True,True,True,True,,53.268009,61.88515800022287,58.240900998498546,1,61,0.45823969583330176,0.008847809425137798,223.28591299435135,,code,2-0-1-1-0-1-1-0,0.46708750525843956,True,1,batch,True,pso,30,1,swarm
oe4-pilot-v2,oe4,swarm|batch|bc1|h1|pso|r1|N30|c1,syn-logical_syntactic-functions-r0,logical_syntactic,functions,0,2,15105445333404857368,2026-10-01T05:43:42.400+00:00,completed,epsilon,True,True,True,True,,64.552743,74.34586100134766,72.53177600068739,2,63,0.5077822418422905,0.007792650437785986,267.7620450037982,,code,2-0-1-1-1-1-0-1,0.5155748922800765,True,1,batch,True,pso,30,1,swarm
oe4-pilot-v2,oe4,swarm|batch|bc1|h1|pso|r1|N30|c1,syn-logical_syntactic-functions-r1,logical_syntactic,functions,0,2,7545233351544256523,2026-10-01T05:43:42.474+00:00,completed,epsilon,True,True,True,True,,46.241691,52.04094399960013,50.30190199977369,2,65,0.4952348885551682,1.9637715242826204e-07,168.03079400741015,,code,2-0-1-1-1-0-0-1,0.4952350849323206,True,1,batch,True,pso,30,1,swarm
oe4-pilot-v2,oe4,swarm|batch|bc1|h1|pso|r1|N30|c1,syn-logical_syntactic-functions-r2,logical_syntactic,functions,0,2,6130147880867857550,2026-10-01T05:43:42.526+00:00,completed,epsilon,True,True,True,True,,72.465418,78.74044500204036,76.75084200309357,5,77,0.4982072075606626,1.9637715242826204e-07,194.28489801503414,,code,2-0-0-1-1-0-1-1,0.49820740393781504,True,1,batch,True,pso,30,1,swarm
oe4-pilot-v2,oe4,swarm|batch|bc1|h1|pso|r1|N30|c1,syn-logical_syntactic-functions-r3,logical_syntactic,functions,0,2,4820333934433401313,2026-10-01T05:43:42.605+00:00,completed,epsilon,True,True,True,True,,45.428969,51.51598699740134,49.72433999864734,2,63,0.48636013268759803,0.0,169.4442239877299,,code,2-0-1-0-1-1-0-1,0.48636013268759803,True,1,batch,True,pso,30,1,swarm
oe4-pilot-v2,oe4,swarm|batch|bc1|h1|pso|r1|N30|c1,syn-logical_syntactic-functions-r4,logical_syntactic,functions,0,2,10275058418311301455,2026-10-01T05:43:42.656+00:00,completed,epsilon,True,True,True,True,,59.712045,66.17080000069109,64.22261099942261,4,70,0.4530924129093758,0.0029587093058543457,183.64846999419848,,code,2-2-0-0-1-0-0-1,0.45605112221523014,True,1,batch,True,pso,30,1,swarm
oe4-pilot-v2,oe4,swarm|batch|bc1|h1|pso|r1|N30|c1,syn-explanatory_conceptual-sequential-r0,explanatory_conceptual,sequential,0,2,14947352377729861017,2026-10-01T05:43:42.723+00:00,completed,epsilon,True,True,True,True,,52.84628,59.025959999416955,57.274425002106,3,66,0.4486181798628388,0.018837465195685188,183.45130899931317,,text,1-0-0-0-2-0-0-1,0.467455645058524,True,1,batch,True,pso,30,1,swarm
oe4-pilot-v2,oe4,swarm|batch|bc1|h1|pso|r1|N30|c1,syn-explanatory_conceptual-sequential-r1,explanatory_conceptual,sequential,0,2,3272787541859846898,2026-10-01T05:43:42.782+00:00,completed,epsilon,True,True,True,True,,42.442449,48.49300299974857,46.889713001291966,1,56,0.45267043074923324,0.006749225258040281,167.84330700067608,,text,0-1-0-1-2-1-0-1,0.4594196560072735,True,1,batch,True,pso,30,1,swarm
oe4-pilot-v2,oe4,swarm|batch|bc1|h1|pso|r1|N30|c1,syn-explanatory_conceptual-sequential-r2,explanatory_conceptual,sequential,0,2,7023970792698232399,2026-10-01T05:43:42.830+00:00,completed,epsilon,True,True,True,True,,56.165743,62.40315199829638,60.67619800160173,2,65,0.46174206660316464,0.0009320597035671341,280.53647400604933,,text,0-0-1-1-2-0-1-1,0.46267412630673177,True,1,batch,True,pso,30,1,swarm
oe4-pilot-v2,oe4,swarm|batch|bc1|h1|pso|r1|N30|c1,syn-explanatory_conceptual-sequential-r3,explanatory_conceptual,sequential,0,2,15905282458092997945,2026-10-01T05:43:42.893+00:00,completed,epsilon,True,True,True,True,,48.902609,54.64722599936067,52.9853420011932,2,62,0.4489765705985682,1.9637715242826204e-07,187.90749901474987,,text,1-0-1-1-2-1-1-1,0.44897676697572064,True,1,batch,True,pso,30,1,swarm
oe4-pilot-v2,oe4,swarm|batch|bc1|h1|pso|r1|N30|c1,syn-explanatory_conceptual-sequential-r4,explanatory_conceptual,sequential,0,2,16212943396658008924,2026-10-01T05:43:42.947+00:00,completed,epsilon,True,True,True,True,,65.864048,71.99931599825504,70.08409699847107,4,70,0.4665029999409801,0.0,200.36484498054358,,text,1-1-1-0-2-0-1-1,0.4665029999409801,True,1,batch,True,pso,30,1,swarm
oe4-pilot-v2,oe4,swarm|batch|bc1|h1|pso|r1|N30|c1,syn-explanatory_conceptual-conditional-r0,explanatory_conceptual,conditional,0,2,5916953307552671090,2026-10-01T05:43:43.019+00:00,completed,epsilon,True,True,True,True,,45.98178,51.941431000159355,50.22204499982763,2,63,0.49552996804696203,0.0,185.15677300392656,,code,2-1-1-0-2-0-1-1,0.49552996804696203,True,1,batch,True,pso,30,1,swarm
oe4-pilot-v2,oe4,swarm|batch|bc1|h1|pso|r1|N30|c1,syn-explanatory_conceptual-conditional-r1,explanatory_conceptual,conditional,0,2,18124705353368190302,2026-10-01T05:43:43.071+00:00,completed,epsilon,True,True,True,True,,48.668764,54.744724999181926,52.967689000070095,2,62,0.4788636419583419,1.963771524837732e-07,152.2508410275491,,text,1-1-1-1-2-0-1-1,0.4788638383354944,True,1,batch,True,pso,30,1,swarm
oe4-pilot-v2,oe4,swarm|batch|bc1|h1|pso|r1|N30|c1,syn-explanatory_conceptual-conditional-r2,explanatory_conceptual,conditional,0,2,1341896759769893857,2026-10-01T05:43:43.126+00:00,completed,epsilon,True,True,True,True,,52.320138,59.02496500129928,57.18447599792853,3,66,0.49030473008974373,0.0,175.66190498128705,,diagram,1-1-2-0-2-0-1-1,0.49030473008974373,True,1,batch,True,pso,30,1,swarm
oe4-pilot-v2,oe4,swarm|batch|bc1|h1|pso|r1|N30|c1,syn-explanatory_conceptual-conditional-r3,explanatory_conceptual,conditional,0,2,11332394261640184133,2026-10-01T05:43:43.185+00:00,completed,epsilon,True,True,True,True,,50.0599,56.151636999857146,54.38187599793309,2,63,0.43096390169879784,0.003654523026150769,172.48709299381,,text,1-1-0-0-2-1-0-1,0.4346184247249486,True,1,batch,True,pso,30,1,swarm
oe4-pilot-v2,oe4,swarm|batch|bc1|h1|pso|r1|N30|c1,syn-explanatory_conceptual-conditional-r4,explanatory_conceptual,conditional,0,2,8670080275324173838,2026-10-01T05:43:43.241+00:00,completed,epsilon,True,True,True,True,,47.478151,53.66247799975099,51.81562100187875,2,65,0.46408094218044915,0.0010551589873517564,200.22651099190387,,text,1-1-1-0-2-0-0-0,0.4651361011678009,True,1,batch,True,pso,30,1,swarm
oe4-pilot-v2,oe4,swarm|batch|bc1|h1|pso|r1|N30|c1,syn-explanatory_conceptual-repetitive-r0,explanatory_conceptual,repetitive,0,2,3237454591878846868,2026-10-01T05:43:43.295+00:00,completed,epsilon,True,True,True,True,,48.553734,54.464505999931134,52.796646999922814,2,62,0.4460986935462345,0.02008255859137359,171.0506100182824,,text,1-1-1-1-2-1-0-1,0.4661812521376081,True,1,batch,True,pso,30,1,swarm
oe4-pilot-v2,oe4,swarm|batch|bc1|h1|pso|r1|N30|c1,syn-explanatory_conceptual-repetitive-r1,explanatory_conceptual,repetitive,0,2,10148232421566165977,2026-10-01T05:43:43.349+00:00,completed,epsilon,True,True,True,True,,55.381452,61.335819998930674,59.45416599934106,2,65,0.5255407002055713,1.9637715242826204e-07,198.47003199610936,,text,1-0-1-1-2-1-1-1,0.5255408965827237,True,1,batch,True,pso,30,1,swarm
oe4-pilot-v2,oe4,swarm|batch|bc1|h1|pso|r1|N30|c1,syn-explanatory_conceptual-repetitive-r2,explanatory_conceptual,repetitive,0,2,10189736659373836677,2026-10-01T05:43:43.411+00:00,completed,epsilon,True,True,True,True,,40.489066,46.5422099987336,44.9695060015074,1,58,0.49088145414572526,0.0017991482131319847,193.00008799568045,,text,1-0-1-1-2-1-1-1,0.49268060235885724,True,1,batch,True,pso,30,1,swarm
oe4-pilot-v2,oe4,swarm|batch|bc1|h1|pso|r1|N30|c1,syn-explanatory_conceptual-repetitive-r3,explanatory_conceptual,repetitive,0,2,5679236231213962541,2026-10-01T05:43:43.457+00:00,completed,epsilon,True,True,True,True,,47.483033,53.48816400146461,51.69276900051045,2,65,0.47773671108267024,0.009947252053144284,154.76274601244097,,text,1-0-1-0-2-1-1-1,0.4876839631358145,True,1,batch,True,pso,30,1,swarm
oe4-pilot-v2,oe4,swarm|batch|bc1|h1|pso|r1|N30|c1,syn-explanatory_conceptual-repetitive-r4,explanatory_conceptual,repetitive,0,2,615434091092212846,2026-10-01T05:43:43.511+00:00,completed,epsilon,True,True,True,True,,39.153831,44.8586750026152,43.26787600075477,1,58,0.45405216601876935,0.02008255859137359,175.99309400874128,,text,1-1-0-1-2-1-1-1,0.47413472461014294,True,1,batch,True,pso,30,1,swarm
oe4-pilot-v2,oe4,swarm|batch|bc1|h1|pso|r1|N30|c1,syn-explanatory_conceptual-arrays_vectors-r0,explanatory_conceptual,arrays_vectors,0,2,8420274505294676143,2026-10-01T05:43:43.556+00:00,completed,epsilon,True,True,True,True,,39.097079,44.903689002239844,43.299225999362534,1,59,0.49778085910851905,0.027875012652007147,175.66711499184728,,text,1-1-1-1-2-1-0-1,0.5256558717605262,True,1,batch,True,pso,30,1,swarm
oe4-pilot-v2,oe4,swarm|batch|bc1|h1|pso|r1|N30|c1,syn-explanatory_conceptual-arrays_vectors-r1,explanatory_conceptual,arrays_vectors,0,2,11621185609108110648,2026-10-01T05:43:43.600+00:00,completed,epsilon,True,True,True,True,,42.893859,48.74465999819222,47.19768300128635,1,59,0.4615647597787113,0.028694684783154678,180.2291299884414,,text,0-1-0-1-2-1-1-1,0.490259444561866,True,1,batch,True,pso,30,1,swarm
oe4-pilot-v2,oe4,swarm|batch|bc1|h1|pso|r1|N30|c1,syn-explanatory_conceptual-arrays_vectors-r2,explanatory_conceptual,arrays_vectors,0,2,3616904053699891200,2026-10-01T05:43:43.649+00:00,completed,epsilon,True,True,True,True,,39.803951,45.481983997888165,43.98038499857648,1,56,0.5002467392530876,0.027875012652007203,161.45068399312433,,diagram,0-1-2-1-2-1-1-1,0.5281217519050948,True,1,batch,True,pso,30,1,swarm
oe4-pilot-v2,oe4,swarm|batch|bc1|h1|pso|r1|N30|c1,syn-explanatory_conceptual-arrays_vectors-r3,explanatory_conceptual,arrays_vectors,0,2,9640228565651749554,2026-10-01T05:43:43.695+00:00,completed,epsilon,True,True,True,True,,44.435604,50.458246001653606,48.93659699882846,1,56,0.4899428394838256,0.017498999281390593,173.57239500896657,,text,0-1-1-1-2-1-0-1,0.5074418387652162,True,1,batch,True,pso,30,1,swarm
oe4-pilot-v2,oe4,swarm|batch|bc1|h1|pso|r1|N30|c1,syn-explanatory_conceptual-arrays_vectors-r4,explanatory_conceptual,arrays_vectors,0,2,12383051168938743430,2026-10-01T05:43:43.745+00:00,completed,epsilon,True,True,True,True,,50.370804,56.243803999677766,54.571761000261176,3,62,0.5167327431150519,0.0010555026473685336,168.28661399294444,,text,1-0-1-2-2-0-1-0,0.5177882457624204,True,1,batch,True,pso,30,1,swarm
oe4-pilot-v2,oe4,swarm|batch|bc1|h1|pso|r1|N30|c1,syn-explanatory_conceptual-functions-r0,explanatory_conceptual,functions,0,2,4847129841761666601,2026-10-01T05:43:43.801+00:00,completed,epsilon,True,True,True,True,,39.555482,45.294821000425145,43.74607499994454,1,57,0.4945698834876539,0.01617519995265254,161.7337780035274,,text,1-2-1-1-2-0-1-1,0.5107450834403064,True,1,batch,True,pso,30,1,swarm
oe4-pilot-v2,oe4,swarm|batch|bc1|h1|pso|r1|N30|c1,syn-explanatory_conceptual-functions-r1,explanatory_conceptual,functions,0,2,8968182148387190867,2026-10-01T05:43:43.847+00:00,completed,epsilon,True,True,True,True,,62.560526,68.89980299820309,67.03138599914382,4,73,0.5134225156367632,0.0,182.91247798679254,,code,2-0-1-0-2-0-0-1,0.5134225156367632,True,1,batch,True,pso,30,1,swarm
oe4-pilot-v2,oe4,swarm|batch|bc1|h1|pso|r1|N30|c1,syn-explanatory_conceptual-functions-r2,explanatory_conceptual,functions,0,2,15850266999198055000,2026-10-01T05:43:43.916+00:00,completed,epsilon,True,True,True,True,,39.283638,45.08431700014626,43.58410799977719,1,56,0.46612651648152953,0.02008255859137359,183.5252350066857,,text,1-1-1-1-2-1-1-1,0.4862090750729031,True,1,batch,True,pso,30,1,swarm
oe4-pilot-v2,oe4,swarm|batch|bc1|h1|pso|r1|N30|c1,syn-explanatory_conceptual-functions-r3,explanatory_conceptual,functions,0,2,15409255459732107106,2026-10-01T05:43:43.961+00:00,completed,epsilon,True,True,True,True,,42.177501,48.12223699991591,46.518299997842405,1,59,0.4977771280697979,0.007792797720650335,159.828580997648,,text,1-0-1-2-2-1-1-1,0.5055699257904482,True,1,batch,True,pso,30,1,swarm
oe4-pilot-v2,oe4,swarm|batch|bc1|h1|pso|r1|N30|c1,syn-explanatory_conceptual-functions-r4,explanatory_conceptual,functions,0,2,13584105466744503536,2026-10-01T05:43:44.009+00:00,completed,epsilon,True,True,True,True,,45.877111,51.62810800175066,49.93494300288148,2,61,0.49970043101958095,0.0,134.37190800559628,,text,1-0-1-0-2-0-1-1,0.49970043101958095,True,1,batch,True,pso,30,1,swarm
oe4-pilot-v2,oe4,swarm|batch|bc1|h1|pso|r1|N30|c1,syn-balanced_multimodal-sequential-r0,balanced_multimodal,sequential,0,2,12829628287881295465,2026-10-01T05:43:44.060+00:00,completed,epsilon,True,True,True,True,,58.676117,64.80631199883646,62.994691001222236,3,69,0.4948651175024352,0.0,180.53181902557205,,diagram,1-0-2-0-1-1-1-1,0.4948651175024352,True,1,batch,True,pso,30,1,swarm
oe4-pilot-v2,oe4,swarm|batch|bc1|h1|pso|r1|N30|c1,syn-balanced_multimodal-sequential-r1,balanced_multimodal,sequential,0,2,15851898587384579384,2026-10-01T05:43:44.125+00:00,completed,epsilon,True,True,True,True,,52.112491,58.68393999844557,57.00604899902828,2,63,0.46578051203228604,0.02008255859137359,200.24668500383592,,code,2-1-2-1-1-1-1-1,0.48586307062365963,True,1,batch,True,pso,30,1,swarm
oe4-pilot-v2,oe4,swarm|batch|bc1|h1|pso|r1|N30|c1,syn-balanced_multimodal-sequential-r2,balanced_multimodal,sequential,0,2,9812259528755781404,2026-10-01T05:43:44.184+00:00,completed,epsilon,True,True,True,True,,46.802747,52.64607299977797,51.002015999983996,2,63,0.5195512786534427,1.9637715242826204e-07,200.21414401376535,,code,2-0-1-1-1-1-1-1,0.5195514750305952,True,1,batch,True,pso,30,1,swarm
oe4-pilot-v2,oe4,swarm|batch|bc1|h1|pso|r1|N30|c1,syn-balanced_multimodal-sequential-r3,balanced_multimodal,sequential,0,2,17396203175820366605,2026-10-01T05:43:44.237+00:00,completed,epsilon,True,True,True,True,,49.792291,56.043991000478854,54.332904001057614,2,63,0.5055952816994697,0.0,209.2189929990236,,text,1-0-1-0-2-1-1-1,0.5055952816994697,True,1,batch,True,pso,30,1,swarm
oe4-pilot-v2,oe4,swarm|batch|bc1|h1|pso|r1|N30|c1,syn-balanced_multimodal-sequential-r4,balanced_multimodal,sequential,0,2,16072189927809315852,2026-10-01T05:43:44.293+00:00,completed,epsilon,True,True,True,True,,61.012405,67.90608799929032,65.98780500280554,4,73,0.5064313832719637,1.9637715242826204e-07,184.98352700109947,,code,2-0-2-1-2-1-2-1,0.5064315796491161,True,1,batch,True,pso,30,1,swarm
oe4-pilot-v2,oe4,swarm|batch|bc1|h1|pso|r1|N30|c1,syn-balanced_multimodal-conditional-r0,balanced_multimodal,conditional,0,2,9492171042143771967,2026-10-01T05:43:44.361+00:00,completed,epsilon,True,True,True,True,,44.354827,50.20160099957138,48.38342499715509,1,61,0.48780502665661635,0.0036547194033032526,204.46130998951227,,code,2-1-1-1-1-1-1-1,0.4914597460599196,True,1,batch,True,pso,30,1,swarm
oe4-pilot-v2,oe4,swarm|batch|bc1|h1|pso|r1|N30|c1,syn-balanced_multimodal-conditional-r1,balanced_multimodal,conditional,0,2,12567349465944861023,2026-10-01T05:43:44.411+00:00,completed,epsilon,True,True,True,True,,40.744738,46.72116499932599,45.07334600202739,1,61,0.4988095313719645,0.0,198.29956299656442,,code,1-1-1-0-1-0-1-1,0.4988095313719645,True,1,batch,True,pso,30,1,swarm
oe4-pilot-v2,oe4,swarm|batch|bc1|h1|pso|r1|N30|c1,syn-balanced_multimodal-conditional-r2,balanced_multimodal,conditional,0,2,4742918314447581142,2026-10-01T05:43:44.458+00:00,completed,epsilon,True,True,True,True,,51.682062,57.3921959985455,55.639625003095716,2,65,0.4993812836734506,0.0,202.1239449937665,,code,1-1-1-0-1-0-1-1,0.4993812836734506,True,1,batch,True,pso,30,1,swarm
oe4-pilot-v2,oe4,swarm|batch|bc1|h1|pso|r1|N30|c1,syn-balanced_multimodal-conditional-r3,balanced_multimodal,conditional,0,2,11394639668150330671,2026-10-01T05:43:44.515+00:00,completed,epsilon,True,True,True,True,,46.858669,52.88846500116051,51.16182900019339,2,65,0.47153478436590585,1.963771524837732e-07,209.362169012034,,text,1-1-1-1-2-0-1-1,0.47153498074305833,True,1,batch,True,pso,30,1,swarm
oe4-pilot-v2,oe4,swarm|batch|bc1|h1|pso|r1|N30|c1,syn-balanced_multimodal-conditional-r4,balanced_multimodal,conditional,0,2,2277667993778051270,2026-10-01T05:43:44.568+00:00,completed,epsilon,True,True,True,True,,45.100427,51.076709998596925,49.40440200152807,1,59,0.49335718275037993,0.0036547194033032526,202.50014800608022,,code,2-1-1-1-2-1-2-1,0.4970119021536832,True,1,batch,True,pso,30,1,swarm
oe4-pilot-v2,oe4,swarm|batch|bc1|h1|pso|r1|N30|c1,syn-balanced_multimodal-repetitive-r0,balanced_multimodal,repetitive,0,2,3839617547738254315,2026-10-01T05:43:44.619+00:00,completed,epsilon,True,True,True,True,,55.407758,61.462526999093825,59.81106100080069,2,63,0.5583985455313946,1.9637715242826204e-07,202.10636499347376,,code,2-0-1-1-1-1-2-1,0.558398741908547,True,1,batch,True,pso,30,1,swarm
oe4-pilot-v2,oe4,swarm|batch|bc1|h1|pso|r1|N30|c1,syn-balanced_multimodal-repetitive-r1,balanced_multimodal,repetitive,0,2,2659073220867155690,2026-10-01T05:43:44.680+00:00,completed,epsilon,True,True,True,True,,38.015753,43.94193199914298,42.35322900058236,1,56,0.5099655888622538,0.020082558591373645,140.7818999955386,,code,2-1-2-1-2-1-1-1,0.5300481474536275,True,1,batch,True,pso,30,1,swarm
oe4-pilot-v2,oe4,swarm|batch|bc1|h1|pso|r1|N30|c1,syn-balanced_multimodal-repetitive-r2,balanced_multimodal,repetitive,0,2,12027688066564710874,2026-10-01T05:43:44.724+00:00,completed,epsilon,True,True,True,True,,38.465525,43.956123998214025,42.49108599833562,1,54,0.48695008664679024,0.02008255859137359,150.70929799852067,,code,2-1-2-1-1-1-2-1,0.5070326452381638,True,1,batch,True,pso,30,1,swarm
oe4-pilot-v2,oe4,swarm|batch|bc1|h1|pso|r1|N30|c1,syn-balanced_multimodal-repetitive-r3,balanced_multimodal,repetitive,0,2,10665835498416014906,2026-10-01T05:43:44.768+00:00,completed,epsilon,True,True,True,True,,41.177377,47.26094400029979,45.82008099896484,1,53,0.498403614745411,0.02008255859137359,153.08742199382033,,diagram,1-1-2-1-2-1-1-1,0.5184861733367846,True,1,batch,True,pso,30,1,swarm
oe4-pilot-v2,oe4,swarm|batch|bc1|h1|pso|r1|N30|c1,syn-balanced_multimodal-repetitive-r4,balanced_multimodal,repetitive,0,2,16842203000296662102,2026-10-01T05:43:44.816+00:00,completed,epsilon,True,True,True,True,,58.370302,64.78639100168948,63.03178899906925,2,63,0.5555295985433403,0.0,194.32094498260412,,code,2-0-1-0-1-1-2-1,0.5555295985433403,True,1,batch,True,pso,30,1,swarm
oe4-pilot-v2,oe4,swarm|batch|bc1|h1|pso|r1|N30|c1,syn-balanced_multimodal-arrays_vectors-r0,balanced_multimodal,arrays_vectors,0,2,8202019099685287209,2026-10-01T05:43:44.880+00:00,completed,epsilon,True,True,True,True,,47.752484,54.363112001738045,52.43771799723618,2,65,0.5214552573504015,0.007792454060633558,185.46878499406822,,code,2-0-1-0-2-1-1-1,0.5292477114110351,True,1,batch,True,pso,30,1,swarm
oe4-pilot-v2,oe4,swarm|batch|bc1|h1|pso|r1|N30|c1,syn-balanced_multimodal-arrays_vectors-r1,balanced_multimodal,arrays_vectors,0,2,1557390382835702406,2026-10-01T05:43:44.935+00:00,completed,epsilon,True,True,True,True,,35.648967,41.645710000011604,40.03084299984039,1,59,0.5096116990703786,0.010013934431594262,159.87474599814814,,code,1-0-1-0-1-1-1-1,0.5196256335019729,True,1,batch,True,pso,30,1,swarm
oe4-pilot-v2,oe4,swarm|batch|bc1|h1|pso|r1|N30|c1,syn-balanced_multimodal-arrays_vectors-r2,balanced_multimodal,arrays_vectors,0,2,1551228789342824201,2026-10-01T05:43:44.976+00:00,completed,epsilon,True,True,True,True,,56.757149,62.60572600149317,60.684029002004536,3,69,0.5407907180206968,0.007792454060633558,161.26241399575278,,text,1-0-1-0-2-1-1-1,0.5485831720813303,True,1,batch,True,pso,30,1,swarm
oe4-pilot-v2,oe4,swarm|batch|bc1|h1|pso|r1|N30|c1,syn-balanced_multimodal-arrays_vectors-r3,balanced_multimodal,arrays_vectors,0,2,11908930478528390133,2026-10-01T05:43:45.039+00:00,completed,epsilon,True,True,True,True,,73.233182,80.1197670007241,77.63611900008982,6,81,0.5517303986475605,0.0,166.10228700898796,,code,2-0-2-1-1-0-2-1,0.5517303986475605,True,1,batch,True,pso,30,1,swarm
oe4-pilot-v2,oe4,swarm|batch|bc1|h1|pso|r1|N30|c1,syn-balanced_multimodal-arrays_vectors-r4,balanced_multimodal,arrays_vectors,0,2,7080146454937735062,2026-10-01T05:43:45.119+00:00,completed,epsilon,True,True,True,True,,36.707713,42.41545599870733,40.97322300003725,1,53,0.5231764212501887,0.0034158919247068154,157.0449089913136,,code,2-1-1-1-1-0-1-1,0.5265923131748955,True,1,batch,True,pso,30,1,swarm
oe4-pilot-v2,oe4,swarm|batch|bc1|h1|pso|r1|N30|c1,syn-balanced_multimodal-functions-r0,balanced_multimodal,functions,0,2,2933908082685948832,2026-10-01T05:43:45.162+00:00,completed,epsilon,True,True,True,True,,59.210561,65.53730299856397,63.58763700336567,3,69,0.5309809873500523,0.0,175.72784800374396,,code,2-0-2-0-1-0-1-1,0.5309809873500523,True,1,batch,True,pso,30,1,swarm
oe4-pilot-v2,oe4,swarm|batch|bc1|h1|pso|r1|N30|c1,syn-balanced_multimodal-functions-r1,balanced_multimodal,functions,0,2,368220290834284782,2026-10-01T05:43:45.227+00:00,completed,epsilon,True,True,True,True,,38.954932,44.822939998994116,43.350275002012495,1,58,0.49177264213206817,0.020082362214221106,177.13469599931423,,code,2-1-1-0-1-1-2-1,0.5118550043462893,True,1,batch,True,pso,30,1,swarm
oe4-pilot-v2,oe4,swarm|batch|bc1|h1|pso|r1|N30|c1,syn-balanced_multimodal-functions-r2,balanced_multimodal,functions,0,2,8673480799685267205,2026-10-01T05:43:45.272+00:00,completed,epsilon,True,True,True,True,,50.159172,55.925361997651635,54.212267001275904,2,62,0.510395070984393,0.007792454060633558,156.6409180005452,,code,2-0-1-0-1-1-1-1,0.5181875250450265,True,1,batch,True,pso,30,1,swarm
oe4-pilot-v2,oe4,swarm|batch|bc1|h1|pso|r1|N30|c1,syn-balanced_multimodal-functions-r3,balanced_multimodal,functions,0,2,18228905326412579013,2026-10-01T05:43:45.328+00:00,completed,epsilon,True,True,True,True,,36.573177,42.253749998053536,40.67450699949404,1,59,0.49300132682799114,0.024411447389422025,187.82819800332518,,code,1-0-1-1-1-1-0-1,0.5174127742174132,True,1,batch,True,pso,30,1,swarm
oe4-pilot-v2,oe4,swarm|batch|bc1|h1|pso|r1|N30|c1,syn-balanced_multimodal-functions-r4,balanced_multimodal,functions,0,2,4683180797726806680,2026-10-01T05:43:45.370+00:00,completed,epsilon,True,True,True,True,,59.188867,65.63029300014023,63.70255199726671,3,69,0.5037098665441013,0.0,164.26050702434617,,diagram,1-0-2-0-1-0-1-1,0.5037098665441013,True,1,batch,True,pso,30,1,swarm
oe4-pilot-v2,oe4,swarm|batch|bc1|h1|pso|r1|N30|c1,syn-visual_dominant-sequential-r0,visual_dominant,sequential,0,3,8580140326324496627,2026-10-01T05:43:45.436+00:00,completed,epsilon,True,True,True,True,,47.543865,54.3906019993301,52.49368400109233,2,63,0.47580606727894714,0.0,180.17097698634433,,diagram,1-0-2-0-1-1-0-1,0.47580606727894714,True,1,batch,True,pso,30,1,swarm
oe4-pilot-v2,oe4,swarm|batch|bc1|h1|pso|r1|N30|c1,syn-visual_dominant-sequential-r1,visual_dominant,sequential,0,3,17048800117076641484,2026-10-01T05:43:45.491+00:00,completed,epsilon,True,True,True,True,,42.044496,47.979825001675636,46.46395899908384,1,53,0.44878503224528293,0.02008255859137359,150.31720498787527,,diagram,1-1-2-1-0-1-1-1,0.4688675908366565,True,1,batch,True,pso,30,1,swarm
oe4-pilot-v2,oe4,swarm|batch|bc1|h1|pso|r1|N30|c1,syn-visual_dominant-sequential-r2,visual_dominant,sequential,0,3,4355585619346073820,2026-10-01T05:43:45.539+00:00,completed,epsilon,True,True,True,True,,45.977891,52.39172100118594,50.70504800096387,3,66,0.4684960847891392,0.0,162.11114598948927,,diagram,1-0-2-0-0-1-0-1,0.4684960847891392,True,1,batch,True,pso,30,1,swarm
oe4-pilot-v2,oe4,swarm|batch|bc1|h1|pso|r1|N30|c1,syn-visual_dominant-sequential-r3,visual_dominant,sequential,0,3,5551779150201999310,2026-10-01T05:43:45.591+00:00,completed,epsilon,True,True,True,True,,50.714053,56.64383699695463,54.923118001170224,3,63,0.4968930391220401,0.0,158.2964649932793,,diagram,1-0-2-0-0-1-1-1,0.4968930391220401,True,1,batch,True,pso,30,1,swarm
oe4-pilot-v2,oe4,swarm|batch|bc1|h1|pso|r1|N30|c1,syn-visual_dominant-sequential-r4,visual_dominant,sequential,0,3,13994061115368628468,2026-10-01T05:43:45.648+00:00,completed,epsilon,True,True,True,True,,46.944541,53.03700399963418,51.22840300100506,2,65,0.45399075511807396,1.9637715242826204e-07,182.2322189924902,,diagram,1-0-2-1-1-1-0-1,0.4539909514952264,True,1,batch,True,pso,30,1,swarm
oe4-pilot-v2,oe4,swarm|batch|bc1|h1|pso|r1|N30|c1,syn-visual_dominant-conditional-r0,visual_dominant,conditional,0,3,11471567894967710186,2026-10-01T05:43:45.701+00:00,completed,epsilon,True,True,True,True,,41.97099,48.130465002032,46.43265500271809,1,61,0.4683786250362893,0.007792650437786042,212.5346020138421,,diagram,1-1-2-1-0-1-0-1,0.47617127547407534,True,1,batch,True,pso,30,1,swarm
oe4-pilot-v2,oe4,swarm|batch|bc1|h1|pso|r1|N30|c1,syn-visual_dominant-conditional-r1,visual_dominant,conditional,0,3,13928515270300365190,2026-10-01T05:43:45.749+00:00,completed,epsilon,True,True,True,True,,60.122927,66.48925199988298,64.5634880020225,4,73,0.4371315517815198,1.963771524837732e-07,186.2218990036901,,diagram,1-1-2-1-0-0-0-1,0.4371317481586723,True,1,batch,True,pso,30,1,swarm
oe4-pilot-v2,oe4,swarm|batch|bc1|h1|pso|r1|N30|c1,syn-visual_dominant-conditional-r2,visual_dominant,conditional,0,3,7530803405880337628,2026-10-01T05:43:45.815+00:00,completed,epsilon,True,True,True,True,,44.92584,51.43243800193886,49.62939300094149,2,65,0.47576325269917313,1.963771524837732e-07,199.98818899793673,,code,2-1-2-1-1-0-1-1,0.4757634490763256,True,1,batch,True,pso,30,1,swarm
oe4-pilot-v2,oe4,swarm|batch|bc1|h1|pso|r1|N30|c1,syn-visual_dominant-conditional-r3,visual_dominant,conditional,0,3,12303691227522993195,2026-10-01T05:43:45.867+00:00,completed,epsilon,True,True,True,True,,53.505723,59.95017100212863,58.18251700111432,2,65,0.4537572043126114,0.0036547194033032526,217.6505859907098,,diagram,1-1-2-1-0-1-1-1,0.45741192371591466,True,1,batch,True,pso,30,1,swarm
oe4-pilot-v2,oe4,swarm|batch|bc1|h1|pso|r1|N30|c1,syn-visual_dominant-conditional-r4,visual_dominant,conditional,0,3,7123775909059268369,2026-10-01T05:43:45.927+00:00,completed,epsilon,True,True,True,True,,38.895245,45.10258399750455,43.478431998664746,1,58,0.4486569413932807,0.0,186.91301501267208,,diagram,1-1-2-0-1-0-0-1,0.4486569413932807,True,1,batch,True,pso,30,1,swarm
oe4-pilot-v2,oe4,swarm|batch|bc1|h1|pso|r1|N30|c1,syn-visual_dominant-repetitive-r0,visual_dominant,repetitive,0,3,3652346516165016234,2026-10-01T05:43:45.972+00:00,completed,epsilon,True,True,True,True,,42.321295,48.260957999445964,46.65041599946562,1,59,0.46998170127395994,0.02008255859137359,197.80949999273554,,diagram,1-1-2-1-1-1-0-1,0.49006425986533353,True,1,batch,True,pso,30,1,swarm
oe4-pilot-v2,oe4,swarm|batch|bc1|h1|pso|r1|N30|c1,syn-visual_dominant-repetitive-r1,visual_dominant,repetitive,0,3,9493985239135120539,2026-10-01T05:43:46.020+00:00,completed,epsilon,True,True,True,True,,64.132184,70.36947199958377,68.36602600014885,5,74,0.49141108956712465,0.0,155.64724999108603,,code,2-0-2-0-1-1-1-1,0.49141108956712465,True,1,batch,True,pso,30,1,swarm
oe4-pilot-v2,oe4,swarm|batch|bc1|h1|pso|r1|N30|c1,syn-visual_dominant-repetitive-r2,visual_dominant,repetitive,0,3,15577984090316381348,2026-10-01T05:43:46.091+00:00,completed,epsilon,True,True,True,True,,48.902666,54.8251979998895,53.11630399955902,2,63,0.5174510138160732,1.9637715242826204e-07,188.01445999694448,,code,2-0-2-1-1-1-0-1,0.5174512101932256,True,1,batch,True,pso,30,1,swarm
oe4-pilot-v2,oe4,swarm|batch|bc1|h1|pso|r1|N30|c1,syn-visual_dominant-repetitive-r3,visual_dominant,repetitive,0,3,13061490195280824700,2026-10-01T05:43:46.145+00:00,completed,epsilon,True,True,True,True,,45.054702,51.21412699736538,49.42368599949987,2,55,0.4931223664434585,0.012207742316518777,133.87092299068112,,diagram,1-0-2-1-0-0-0-1,0.5053301087599773,True,1,batch,True,pso,30,1,swarm
oe4-pilot-v2,oe4,swarm|batch|bc1|h1|pso|r1|N30|c1,syn-visual_dominant-repetitive-r4,visual_dominant,repetitive,0,3,5153165576748431564,2026-10-01T05:43:46.197+00:00,completed,epsilon,True,True,True,True,,55.075272,60.891027002071496,59.08204300067155,3,66,0.4676075053726938,0.0,192.6659710149277,,diagram,1-0-2-0-0-1-0-1,0.4676075053726938,True,1,batch,True,pso,30,1,swarm
oe4-pilot-v2,oe4,swarm|batch|bc1|h1|pso|r1|N30|c1,syn-visual_dominant-arrays_vectors-r0,visual_dominant,arrays_vectors,0,3,2484686855457110652,2026-10-01T05:43:46.258+00:00,completed,epsilon,True,True,True,True,,37.772213,43.56683199875988,42.002312002296094,1,54,0.46105976353153516,0.027875012652007147,146.41299399597062,,diagram,1-1-2-1-0-1-0-1,0.4889347761835423,True,1,batch,True,pso,30,1,swarm
oe4-pilot-v2,oe4,swarm|batch|bc1|h1|pso|r1|N30|c1,syn-visual_dominant-arrays_vectors-r1,visual_dominant,arrays_vectors,0,3,14387502913323118724,2026-10-01T05:43:46.301+00:00,completed,epsilon,True,True,True,True,,51.820791,57.69334499927936,55.89973299720441,3,67,0.4531926066883153,0.0,175.97817500516177,,diagram,1-0-2-0-0-0-0-1,0.4531926066883153,True,1,batch,True,pso,30,1,swarm
oe4-pilot-v2,oe4,swarm|batch|bc1|h1|pso|r1|N30|c1,syn-visual_dominant-arrays_vectors-r2,visual_dominant,arrays_vectors,0,3,18083930375172244621,2026-10-01T05:43:46.359+00:00,completed,epsilon,True,True,True,True,,59.907026,66.02247900082148,64.16920999981812,3,66,0.5218342851242742,1.9637715242826204e-07,168.27344602605717,,diagram,1-0-2-1-1-0-1-1,0.5218344815014266,True,1,batch,True,pso,30,1,swarm
oe4-pilot-v2,oe4,swarm|batch|bc1|h1|pso|r1|N30|c1,syn-visual_dominant-arrays_vectors-r3,visual_dominant,arrays_vectors,0,3,16074832408338533935,2026-10-01T05:43:46.425+00:00,completed,epsilon,True,True,True,True,,57.62745,63.991991002694704,62.192820998461684,3,69,0.5279373560844233,0.0,189.9793009973566,,diagram,0-0-2-1-1-0-0-1,0.5279373560844233,True,1,batch,True,pso,30,1,swarm
oe4-pilot-v2,oe4,swarm|batch|bc1|h1|pso|r1|N30|c1,syn-visual_dominant-arrays_vectors-r4,visual_dominant,arrays_vectors,0,3,13236652181889018265,2026-10-01T05:43:46.489+00:00,completed,epsilon,True,True,True,True,,39.644296,45.26525199980824,43.70582900082809,1,58,0.49310999494245983,0.004471198194922976,211.36133100905812,,diagram,1-1-2-2-1-0-0-0,0.4975811931373828,True,1,batch,True,pso,30,1,swarm
oe4-pilot-v2,oe4,swarm|batch|bc1|h1|pso|r1|N30|c1,syn-visual_dominant-functions-r0,visual_dominant,functions,0,3,11375697626506085209,2026-10-01T05:43:46.534+00:00,completed,epsilon,True,True,True,True,,35.740622,41.51689900027122,40.030850999755785,1,53,0.47770576352191013,0.02008255859137359,121.7211759806142,,diagram,1-1-2-1-1-1-0-1,0.4977883221132837,True,1,batch,True,pso,30,1,swarm
oe4-pilot-v2,oe4,swarm|batch|bc1|h1|pso|r1|N30|c1,syn-visual_dominant-functions-r1,visual_dominant,functions,0,3,12724222799605840855,2026-10-01T05:43:46.576+00:00,completed,epsilon,True,True,True,True,,47.38557,53.26030700234696,51.5326089989685,2,63,0.49466746788594257,0.007230897594027896,188.65170300628725,,code,2-2-2-1-1-0-0-1,0.5018983654799705,True,1,batch,True,pso,30,1,swarm
oe4-pilot-v2,oe4,swarm|batch|bc1|h1|pso|r1|N30|c1,syn-visual_dominant-functions-r2,visual_dominant,functions,0,3,2855966151648987497,2026-10-01T05:43:46.629+00:00,completed,epsilon,True,True,True,True,,46.138411,52.407443999982206,50.71766900073271,2,62,0.4624311814719705,0.008945025651836969,183.21454401096977,,diagram,1-0-2-1-0-1-1-1,0.47137620712380746,True,1,batch,True,pso,30,1,swarm
oe4-pilot-v2,oe4,swarm|batch|bc1|h1|pso|r1|N30|c1,syn-visual_dominant-functions-r3,visual_dominant,functions,0,3,15496158585802717903,2026-10-01T05:43:46.681+00:00,completed,epsilon,True,True,True,True,,47.51109,53.766355998959625,52.08337799922447,1,61,0.4525600963951378,0.027875012652007147,218.63217801995407,,diagram,1-1-2-1-0-1-1-1,0.4804351090471449,True,1,batch,True,pso,30,1,swarm
oe4-pilot-v2,oe4,swarm|batch|bc1|h1|pso|r1|N30|c1,syn-visual_dominant-functions-r4,visual_dominant,functions,0,3,10259835321663512086,2026-10-01T05:43:46.735+00:00,completed,epsilon,True,True,True,True,,44.337899,50.4864450012974,48.91512899848749,2,60,0.48282466482518693,0.019803777820581292,156.99423402186164,,code,2-2-2-1-1-1-1-1,0.5026284426457682,True,1,batch,True,pso,30,1,swarm
oe4-pilot-v2,oe4,swarm|batch|bc1|h1|pso|r1|N30|c1,syn-logical_syntactic-sequential-r0,logical_syntactic,sequential,0,3,13362044807751343064,2026-10-01T05:43:46.786+00:00,completed,epsilon,True,True,True,True,,42.607907,48.548115002631675,46.58775499774492,1,61,0.4761348237523099,0.02008255859137359,191.49430301261077,,code,2-1-1-1-0-1-0-1,0.4962173823436835,True,1,batch,True,pso,30,1,swarm
oe4-pilot-v2,oe4,swarm|batch|bc1|h1|pso|r1|N30|c1,syn-logical_syntactic-sequential-r1,logical_syntactic,sequential,0,3,14311645315440717423,2026-10-01T05:43:46.834+00:00,completed,epsilon,True,True,True,True,,62.60277,69.42416799938655,67.53901400225004,3,69,0.4825463618186212,0.0,192.58960300755928,,code,2-0-1-0-1-1-0-1,0.4825463618186212,True,1,batch,True,pso,30,1,swarm
oe4-pilot-v2,oe4,swarm|batch|bc1|h1|pso|r1|N30|c1,syn-logical_syntactic-sequential-r2,logical_syntactic,sequential,0,3,15643440995604996842,2026-10-01T05:43:46.904+00:00,completed,epsilon,True,True,True,True,,39.471527,45.983405001607025,44.41868399953819,1,57,0.5052479809084092,0.0034158919247069264,195.04598699680932,,code,2-1-0-1-1-1-1-1,0.5086638728331161,True,1,batch,True,pso,30,1,swarm
oe4-pilot-v2,oe4,swarm|batch|bc1|h1|pso|r1|N30|c1,syn-logical_syntactic-sequential-r3,logical_syntactic,sequential,0,3,16960600487627624599,2026-10-01T05:43:46.950+00:00,completed,epsilon,True,True,True,True,,54.012164,60.98456000108854,59.110961003170814,3,66,0.47454058681115907,0.0,184.03218798682516,,code,2-0-1-0-1-1-0-1,0.47454058681115907,True,1,batch,True,pso,30,1,swarm
oe4-pilot-v2,oe4,swarm|batch|bc1|h1|pso|r1|N30|c1,syn-logical_syntactic-sequential-r4,logical_syntactic,sequential,0,3,17250185977012485747,2026-10-01T05:43:47.011+00:00,completed,epsilon,True,True,True,True,,57.292713,63.61570100125391,61.74026300141122,4,70,0.4963874393518477,3.4366001677721414e-07,190.3507639937121,,code,2-0-1-2-1-0-0-1,0.4963877830118645,True,1,batch,True,pso,30,1,swarm
oe4-pilot-v2,oe4,swarm|batch|bc1|h1|pso|r1|N30|c1,syn-logical_syntactic-conditional-r0,logical_syntactic,conditional,0,3,4732552759670585228,2026-10-01T05:43:47.074+00:00,completed,epsilon,True,True,True,True,,40.713204,47.32514599891147,45.50378800195176,1,59,0.4552126305749631,0.003654523026150769,186.40065101927362,,code,2-1-1-0-0-1-0-1,0.45886715360111385,True,1,batch,True,pso,30,1,swarm
oe4-pilot-v2,oe4,swarm|batch|bc1|h1|pso|r1|N30|c1,syn-logical_syntactic-conditional-r1,logical_syntactic,conditional,0,3,16767561851559065070,2026-10-01T05:43:47.122+00:00,completed,epsilon,True,True,True,True,,47.231259,53.6176269997668,51.96601900024689,2,63,0.44403176024746854,0.007792797720650391,179.91198900404686,,code,2-1-1-2-0-1-0-1,0.45182455796811893,True,1,batch,True,pso,30,1,swarm
oe4-pilot-v2,oe4,swarm|batch|bc1|h1|pso|r1|N30|c1,syn-logical_syntactic-conditional-r2,logical_syntactic,conditional,0,3,6973891702751108736,2026-10-01T05:43:47.175+00:00,completed,epsilon,True,True,True,True,,54.097199,60.06418799734092,58.250711001164746,2,62,0.4667613697407896,1.963771524837732e-07,171.84963900543372,,code,2-1-1-1-0-0-1-1,0.46676156611794206,True,1,batch,True,pso,30,1,swarm
oe4-pilot-v2,oe4,swarm|batch|bc1|h1|pso|r1|N30|c1,syn-logical_syntactic-conditional-r3,logical_syntactic,conditional,0,3,6626061848004110554,2026-10-01T05:43:47.235+00:00,completed,epsilon,True,True,True,True,,38.655343,44.59384300207603,43.021240999223664,1,59,0.4614734643861827,0.007792650437786042,197.85667699401486,,code,2-1-1-1-0-1-0-1,0.46926611482396874,True,1,batch,True,pso,30,1,swarm
oe4-pilot-v2,oe4,swarm|batch|bc1|h1|pso|r1|N30|c1,syn-logical_syntactic-conditional-r4,logical_syntactic,conditional,0,3,2581103798954869873,2026-10-01T05:43:47.280+00:00,completed,epsilon,True,True,True,True,,38.564391,44.29882599652046,42.70352799721877,1,53,0.4839345737065493,0.0036547194033032526,150.8300459929392,,code,2-1-1-1-1-1-1-1,0.48758929310985255,True,1,batch,True,pso,30,1,swarm
oe4-pilot-v2,oe4,swarm|batch|bc1|h1|pso|r1|N30|c1,syn-logical_syntactic-repetitive-r0,logical_syntactic,repetitive,0,3,2563900073831829840,2026-10-01T05:43:47.324+00:00,completed,epsilon,True,True,True,True,,36.766506,42.481707998376805,40.89417300201603,1,58,0.45068774937313677,0.02008255859137359,170.135600997944,,code,2-1-2-1-0-1-1-1,0.47077030796451036,True,1,batch,True,pso,30,1,swarm
oe4-pilot-v2,oe4,swarm|batch|bc1|h1|pso|r1|N30|c1,syn-logical_syntactic-repetitive-r1,logical_syntactic,repetitive,0,3,1690962082425471307,2026-10-01T05:43:47.367+00:00,completed,epsilon,True,True,True,True,,43.229854,49.22662199896877,47.69782900257269,1,56,0.46854772531455674,0.02008255859137359,157.6768349901631,,code,2-1-1-1-0-1-0-1,0.48863028390593033,True,1,batch,True,pso,30,1,swarm
oe4-pilot-v2,oe4,swarm|batch|bc1|h1|pso|r1|N30|c1,syn-logical_syntactic-repetitive-r2,logical_syntactic,repetitive,0,3,12298035747105259136,2026-10-01T05:43:47.416+00:00,completed,epsilon,True,True,True,True,,50.611481,56.86127499939175,54.98380800054292,1,59,0.48860682289608054,0.02008255859137359,191.66828399236823,,code,2-1-1-1-1-1-1-1,0.5086893814874541,True,1,batch,True,pso,30,1,swarm
oe4-pilot-v2,oe4,swarm|batch|bc1|h1|pso|r1|N30|c1,syn-logical_syntactic-repetitive-r3,logical_syntactic,repetitive,0,3,6665076571321463288,2026-10-01T05:43:47.473+00:00,completed,epsilon,True,True,True,True,,54.3956,60.5828029983968,58.789637998415856,2,65,0.46208578639800935,0.020082362214221106,149.4427090120499,,code,2-1-1-0-1-1-0-1,0.48216814861223045,True,1,batch,True,pso,30,1,swarm
oe4-pilot-v2,oe4,swarm|batch|bc1|h1|pso|r1|N30|c1,syn-logical_syntactic-repetitive-r4,logical_syntactic,repetitive,0,3,3613547958009930106,2026-10-01T05:43:47.533+00:00,completed,epsilon,True,True,True,True,,44.668894,50.69583799922839,48.97039099887479,2,62,0.42431599984481977,0.02008255859137359,177.1866130064218,,code,2-1-0-1-1-1-0-1,0.44439855843619336,True,1,batch,True,pso,30,1,swarm
oe4-pilot-v2,oe4,swarm|batch|bc1|h1|pso|r1|N30|c1,syn-logical_syntactic-arrays_vectors-r0,logical_syntactic,arrays_vectors,0,3,14948705039163960895,2026-10-01T05:43:47.584+00:00,completed,epsilon,True,True,True,True,,37.976447,43.80837999997311,42.22251900137053,1,58,0.4856184373133194,0.02008255859137359,173.37011997609238,,code,2-1-1-1-0-0-1-1,0.505700995904693,True,1,batch,True,pso,30,1,swarm
oe4-pilot-v2,oe4,swarm|batch|bc1|h1|pso|r1|N30|c1,syn-logical_syntactic-arrays_vectors-r1,logical_syntactic,arrays_vectors,0,3,13327273701071249688,2026-10-01T05:43:47.628+00:00,completed,epsilon,True,True,True,True,,58.492426,64.88844900013646,62.995185999170644,3,69,0.47410405901537916,0.00994067049648667,160.43575599916383,,code,2-2-1-0-1-0-0-1,0.48404472951186583,True,1,batch,True,pso,30,1,swarm
oe4-pilot-v2,oe4,swarm|batch|bc1|h1|pso|r1|N30|c1,syn-logical_syntactic-arrays_vectors-r2,logical_syntactic,arrays_vectors,0,3,7678510444233138347,2026-10-01T05:43:47.693+00:00,completed,epsilon,True,True,True,True,,45.088904,51.234955000836635,49.57012000159011,1,61,0.49083069767651405,0.027875012652007147,208.68244600028393,,code,2-1-1-1-0-1-0-1,0.5187057103285212,True,1,batch,True,pso,30,1,swarm
oe4-pilot-v2,oe4,swarm|batch|bc1|h1|pso|r1|N30|c1,syn-logical_syntactic-arrays_vectors-r3,logical_syntactic,arrays_vectors,0,3,3475821061836782133,2026-10-01T05:43:47.744+00:00,completed,epsilon,True,True,True,True,,50.337113,56.158758998208214,54.426497998065315,2,65,0.5279095277556373,1.472828643489521e-07,184.91185599518244,,code,2-0-1-2-1-0-1-1,0.5279096750385016,True,1,batch,True,pso,30,1,swarm
oe4-pilot-v2,oe4,swarm|batch|bc1|h1|pso|r1|N30|c1,syn-logical_syntactic-arrays_vectors-r4,logical_syntactic,arrays_vectors,0,3,15069723113616053544,2026-10-01T05:43:47.800+00:00,completed,epsilon,True,True,True,True,,43.442368,49.857578000228386,48.12629500156618,1,61,0.45823969583330176,0.008847809425137798,203.21519900081802,,code,2-0-1-1-0-1-1-0,0.46708750525843956,True,1,batch,True,pso,30,1,swarm
oe4-pilot-v2,oe4,swarm|batch|bc1|h1|pso|r1|N30|c1,syn-logical_syntactic-functions-r0,logical_syntactic,functions,0,3,15105445333404857368,2026-10-01T05:43:47.850+00:00,completed,epsilon,True,True,True,True,,50.852036,57.36684099974809,55.66764199829777,2,63,0.5077822418422905,0.007792650437785986,148.9631549900591,,code,2-0-1-1-1-1-0-1,0.5155748922800765,True,1,batch,True,pso,30,1,swarm
oe4-pilot-v2,oe4,swarm|batch|bc1|h1|pso|r1|N30|c1,syn-logical_syntactic-functions-r1,logical_syntactic,functions,0,3,7545233351544256523,2026-10-01T05:43:47.908+00:00,completed,epsilon,True,True,True,True,,49.81594,55.86162400140893,54.08706100206473,2,65,0.4952348885551682,1.9637715242826204e-07,197.51867199808885,,code,2-0-1-1-1-0-0-1,0.4952350849323206,True,1,batch,True,pso,30,1,swarm
oe4-pilot-v2,oe4,swarm|batch|bc1|h1|pso|r1|N30|c1,syn-logical_syntactic-functions-r2,logical_syntactic,functions,0,3,6130147880867857550,2026-10-01T05:43:47.963+00:00,completed,epsilon,True,True,True,True,,75.681926,82.31869500014,80.35361499787541,5,77,0.4982072075606626,1.9637715242826204e-07,237.36684400348005,,code,2-0-0-1-1-0-1-1,0.49820740393781504,True,1,batch,True,pso,30,1,swarm
oe4-pilot-v2,oe4,swarm|batch|bc1|h1|pso|r1|N30|c1,syn-logical_syntactic-functions-r3,logical_syntactic,functions,0,3,4820333934433401313,2026-10-01T05:43:48.046+00:00,completed,epsilon,True,True,True,True,,45.909213,51.83324500103481,50.02983699887409,2,63,0.48636013268759803,0.0,185.32069600603896,,code,2-0-1-0-1-1-0-1,0.48636013268759803,True,1,batch,True,pso,30,1,swarm
oe4-pilot-v2,oe4,swarm|batch|bc1|h1|pso|r1|N30|c1,syn-logical_syntactic-functions-r4,logical_syntactic,functions,0,3,10275058418311301455,2026-10-01T05:43:48.098+00:00,completed,epsilon,True,True,True,True,,58.77438,65.00403000245569,63.10325800222927,4,70,0.4530924129093758,0.0029587093058543457,173.8782059929577,,code,2-2-0-0-1-0-0-1,0.45605112221523014,True,1,batch,True,pso,30,1,swarm
oe4-pilot-v2,oe4,swarm|batch|bc1|h1|pso|r1|N30|c1,syn-explanatory_conceptual-sequential-r0,explanatory_conceptual,sequential,0,3,14947352377729861017,2026-10-01T05:43:48.163+00:00,completed,epsilon,True,True,True,True,,52.678202,58.54450399783673,56.723437999607995,3,66,0.4486181798628388,0.018837465195685188,183.2325250124637,,text,1-0-0-0-2-0-0-1,0.467455645058524,True,1,batch,True,pso,30,1,swarm
oe4-pilot-v2,oe4,swarm|batch|bc1|h1|pso|r1|N30|c1,syn-explanatory_conceptual-sequential-r1,explanatory_conceptual,sequential,0,3,3272787541859846898,2026-10-01T05:43:48.221+00:00,completed,epsilon,True,True,True,True,,42.776318,48.73099199903663,47.160596997855464,1,56,0.45267043074923324,0.006749225258040281,180.31024999912125,,text,0-1-0-1-2-1-0-1,0.4594196560072735,True,1,batch,True,pso,30,1,swarm
oe4-pilot-v2,oe4,swarm|batch|bc1|h1|pso|r1|N30|c1,syn-explanatory_conceptual-sequential-r2,explanatory_conceptual,sequential,0,3,7023970792698232399,2026-10-01T05:43:48.270+00:00,completed,epsilon,True,True,True,True,,49.402407,55.67552499996964,53.83258900110377,2,65,0.46174206660316464,0.0009320597035671341,196.51346198733532,,text,0-0-1-1-2-0-1-1,0.46267412630673177,True,1,batch,True,pso,30,1,swarm
oe4-pilot-v2,oe4,swarm|batch|bc1|h1|pso|r1|N30|c1,syn-explanatory_conceptual-sequential-r3,explanatory_conceptual,sequential,0,3,15905282458092997945,2026-10-01T05:43:48.326+00:00,completed,epsilon,True,True,True,True,,52.799782,59.82507199951215,57.68882499978645,2,62,0.4489765705985682,1.9637715242826204e-07,173.06122700308333,,text,1-0-1-1-2-1-1-1,0.44897676697572064,True,1,batch,True,pso,30,1,swarm
oe4-pilot-v2,oe4,swarm|batch|bc1|h1|pso|r1|N30|c1,syn-explanatory_conceptual-sequential-r4,explanatory_conceptual,sequential,0,3,16212943396658008924,2026-10-01T05:43:48.385+00:00,completed,epsilon,True,True,True,True,,77.758717,86.40614799878676,84.55078100087121,4,70,0.4665029999409801,0.0,298.84052200547865,,text,1-1-1-0-2-0-1-1,0.4665029999409801,True,1,batch,True,pso,30,1,swarm
oe4-pilot-v2,oe4,swarm|batch|bc1|h1|pso|r1|N30|c1,syn-explanatory_conceptual-conditional-r0,explanatory_conceptual,conditional,0,3,5916953307552671090,2026-10-01T05:43:48.472+00:00,completed,epsilon,True,True,True,True,,47.509981,53.19487800079514,51.54719200072577,2,63,0.49552996804696203,0.0,201.619746994498,,code,2-1-1-0-2-0-1-1,0.49552996804696203,True,1,batch,True,pso,30,1,swarm
oe4-pilot-v2,oe4,swarm|batch|bc1|h1|pso|r1|N30|c1,syn-explanatory_conceptual-conditional-r1,explanatory_conceptual,conditional,0,3,18124705353368190302,2026-10-01T05:43:48.525+00:00,completed,epsilon,True,True,True,True,,48.403046,54.33961399830878,52.655087998573435,2,62,0.4788636419583419,1.963771524837732e-07,146.26009300608823,,text,1-1-1-1-2-0-1-1,0.4788638383354944,True,1,batch,True,pso,30,1,swarm
oe4-pilot-v2,oe4,swarm|batch|bc1|h1|pso|r1|N30|c1,syn-explanatory_conceptual-conditional-r2,explanatory_conceptual,conditional,0,3,1341896759769893857,2026-10-01T05:43:48.579+00:00,completed,epsilon,True,True,True,True,,52.288793,58.29157100015436,56.489325001166435,3,66,0.49030473008974373,0.0,167.225215010107,,diagram,1-1-2-0-2-0-1-1,0.49030473008974373,True,1,batch,True,pso,30,1,swarm
oe4-pilot-v2,oe4,swarm|batch|bc1|h1|pso|r1|N30|c1,syn-explanatory_conceptual-conditional-r3,explanatory_conceptual,conditional,0,3,11332394261640184133,2026-10-01T05:43:48.638+00:00,completed,epsilon,True,True,True,True,,51.778648,58.22594200071762,56.42220599838765,2,63,0.43096390169879784,0.003654523026150769,183.53896499919406,,text,1-1-0-0-2-1-0-1,0.4346184247249486,True,1,batch,True,pso,30,1,swarm
oe4-pilot-v2,oe4,swarm|batch|bc1|h1|pso|r1|N30|c1,syn-explanatory_conceptual-conditional-r4,explanatory_conceptual,conditional,0,3,8670080275324173838,2026-10-01T05:43:48.696+00:00,completed,epsilon,True,True,True,True,,49.605961,55.835441002273,54.029162998631364,2,65,0.46408094218044915,0.0010551589873517564,209.34616099971169,,text,1-1-1-0-2-0-0-0,0.4651361011678009,True,1,batch,True,pso,30,1,swarm
oe4-pilot-v2,oe4,swarm|batch|bc1|h1|pso|r1|N30|c1,syn-explanatory_conceptual-repetitive-r0,explanatory_conceptual,repetitive,0,3,3237454591878846868,2026-10-01T05:43:48.752+00:00,completed,epsilon,True,True,True,True,,46.72169,52.5158009986626,50.883299998531584,2,62,0.4460986935462345,0.02008255859137359,162.44833599360788,,text,1-1-1-1-2-1-0-1,0.4661812521376081,True,1,batch,True,pso,30,1,swarm
oe4-pilot-v2,oe4,swarm|batch|bc1|h1|pso|r1|N30|c1,syn-explanatory_conceptual-repetitive-r1,explanatory_conceptual,repetitive,0,3,10148232421566165977,2026-10-01T05:43:48.804+00:00,completed,epsilon,True,True,True,True,,55.305918,61.16652900163899,59.37040599746979,2,65,0.5255407002055713,1.9637715242826204e-07,183.72066699266674,,text,1-0-1-1-2-1-1-1,0.5255408965827237,True,1,batch,True,pso,30,1,swarm
oe4-pilot-v2,oe4,swarm|batch|bc1|h1|pso|r1|N30|c1,syn-explanatory_conceptual-repetitive-r2,explanatory_conceptual,repetitive,0,3,10189736659373836677,2026-10-01T05:43:48.866+00:00,completed,epsilon,True,True,True,True,,40.600652,47.12337799719535,45.50713500066195,1,58,0.49088145414572526,0.0017991482131319847,201.6543380004268,,text,1-0-1-1-2-1-1-1,0.49268060235885724,True,1,batch,True,pso,30,1,swarm
oe4-pilot-v2,oe4,swarm|batch|bc1|h1|pso|r1|N30|c1,syn-explanatory_conceptual-repetitive-r3,explanatory_conceptual,repetitive,0,3,5679236231213962541,2026-10-01T05:43:48.913+00:00,completed,epsilon,True,True,True,True,,51.120517,57.24015099985991,55.47256399950129,2,65,0.47773671108267024,0.009947252053144284,181.94656799731365,,text,1-0-1-0-2-1-1-1,0.4876839631358145,True,1,batch,True,pso,30,1,swarm
oe4-pilot-v2,oe4,swarm|batch|bc1|h1|pso|r1|N30|c1,syn-explanatory_conceptual-repetitive-r4,explanatory_conceptual,repetitive,0,3,615434091092212846,2026-10-01T05:43:48.970+00:00,completed,epsilon,True,True,True,True,,38.539442,44.80303300078958,43.18961700118962,1,58,0.45405216601876935,0.02008255859137359,172.55904100209358,,text,1-1-0-1-2-1-1-1,0.47413472461014294,True,1,batch,True,pso,30,1,swarm
oe4-pilot-v2,oe4,swarm|batch|bc1|h1|pso|r1|N30|c1,syn-explanatory_conceptual-arrays_vectors-r0,explanatory_conceptual,arrays_vectors,0,3,8420274505294676143,2026-10-01T05:43:49.015+00:00,completed,epsilon,True,True,True,True,,39.762331,45.42077499718289,43.79965599946445,1,59,0.49778085910851905,0.027875012652007147,172.60013700410553,,text,1-1-1-1-2-1-0-1,0.5256558717605262,True,1,batch,True,pso,30,1,swarm
oe4-pilot-v2,oe4,swarm|batch|bc1|h1|pso|r1|N30|c1,syn-explanatory_conceptual-arrays_vectors-r1,explanatory_conceptual,arrays_vectors,0,3,11621185609108110648,2026-10-01T05:43:49.060+00:00,completed,epsilon,True,True,True,True,,42.541484,48.510574000829365,46.83181799919112,1,59,0.4615647597787113,0.028694684783154678,177.3151669730048,,text,0-1-0-1-2-1-1-1,0.490259444561866,True,1,batch,True,pso,30,1,swarm
oe4-pilot-v2,oe4,swarm|batch|bc1|h1|pso|r1|N30|c1,syn-explanatory_conceptual-arrays_vectors-r2,explanatory_conceptual,arrays_vectors,0,3,3616904053699891200,2026-10-01T05:43:49.109+00:00,completed,epsilon,True,True,True,True,,39.5854,45.61432799891918,43.897021998418495,1,56,0.5002467392530876,0.027875012652007203,161.26019598622872,,diagram,0-1-2-1-2-1-1-1,0.5281217519050948,True,1,batch,True,pso,30,1,swarm
oe4-pilot-v2,oe4,swarm|batch|bc1|h1|pso|r1|N30|c1,syn-explanatory_conceptual-arrays_vectors-r3,explanatory_conceptual,arrays_vectors,0,3,9640228565651749554,2026-10-01T05:43:49.154+00:00,completed,epsilon,True,True,True,True,,42.529866,48.61395999978413,47.11189099907642,1,56,0.4899428394838256,0.017498999281390593,162.82588699105418,,text,0-1-1-1-2-1-0-1,0.5074418387652162,True,1,batch,True,pso,30,1,swarm
oe4-pilot-v2,oe4,swarm|batch|bc1|h1|pso|r1|N30|c1,syn-explanatory_conceptual-arrays_vectors-r4,explanatory_conceptual,arrays_vectors,0,3,12383051168938743430,2026-10-01T05:43:49.203+00:00,completed,epsilon,True,True,True,True,,49.727015,55.6796620003297,54.06746399967233,3,62,0.5167327431150519,0.0010555026473685336,150.13974100884252,,text,1-0-1-2-2-0-1-0,0.5177882457624204,True,1,batch,True,pso,30,1,swarm
oe4-pilot-v2,oe4,swarm|batch|bc1|h1|pso|r1|N30|c1,syn-explanatory_conceptual-functions-r0,explanatory_conceptual,functions,0,3,4847129841761666601,2026-10-01T05:43:49.259+00:00,completed,epsilon,True,True,True,True,,39.606977,45.394663997285534,43.867196996870916,1,57,0.4945698834876539,0.01617519995265254,188.29298500523242,,text,1-2-1-1-2-0-1-1,0.5107450834403064,True,1,batch,True,pso,30,1,swarm
oe4-pilot-v2,oe4,swarm|batch|bc1|h1|pso|r1|N30|c1,syn-explanatory_conceptual-functions-r1,explanatory_conceptual,functions,0,3,8968182148387190867,2026-10-01T05:43:49.304+00:00,completed,epsilon,True,True,True,True,,62.127644,68.41813400023966,66.40896200042334,4,73,0.5134225156367632,0.0,186.2536750074768,,code,2-0-1-0-2-0-0-1,0.5134225156367632,True,1,batch,True,pso,30,1,swarm
oe4-pilot-v2,oe4,swarm|batch|bc1|h1|pso|r1|N30|c1,syn-explanatory_conceptual-functions-r2,explanatory_conceptual,functions,0,3,15850266999198055000,2026-10-01T05:43:49.372+00:00,completed,epsilon,True,True,True,True,,38.038566,44.19977799989283,42.5351510020846,1,56,0.46612651648152953,0.02008255859137359,170.9659269938171,,text,1-1-1-1-2-1-1-1,0.4862090750729031,True,1,batch,True,pso,30,1,swarm
oe4-pilot-v2,oe4,swarm|batch|bc1|h1|pso|r1|N30|c1,syn-explanatory_conceptual-functions-r3,explanatory_conceptual,functions,0,3,15409255459732107106,2026-10-01T05:43:49.417+00:00,completed,epsilon,True,True,True,True,,41.312465,47.80522500004736,46.213434001401765,1,59,0.4977771280697979,0.007792797720650335,161.0155669920767,,text,1-0-1-2-2-1-1-1,0.5055699257904482,True,1,batch,True,pso,30,1,swarm
oe4-pilot-v2,oe4,swarm|batch|bc1|h1|pso|r1|N30|c1,syn-explanatory_conceptual-functions-r4,explanatory_conceptual,functions,0,3,13584105466744503536,2026-10-01T05:43:49.465+00:00,completed,epsilon,True,True,True,True,,45.217757,51.24080599853187,49.614509000093676,2,61,0.49970043101958095,0.0,120.43030300233143,,text,1-0-1-0-2-0-1-1,0.49970043101958095,True,1,batch,True,pso,30,1,swarm
oe4-pilot-v2,oe4,swarm|batch|bc1|h1|pso|r1|N30|c1,syn-balanced_multimodal-sequential-r0,balanced_multimodal,sequential,0,3,12829628287881295465,2026-10-01T05:43:49.516+00:00,completed,epsilon,True,True,True,True,,57.570923,63.68328200187534,61.76555000274675,3,69,0.4948651175024352,0.0,187.45230099694055,,diagram,1-0-2-0-1-1-1-1,0.4948651175024352,True,1,batch,True,pso,30,1,swarm
oe4-pilot-v2,oe4,swarm|batch|bc1|h1|pso|r1|N30|c1,syn-balanced_multimodal-sequential-r1,balanced_multimodal,sequential,0,3,15851898587384579384,2026-10-01T05:43:49.579+00:00,completed,epsilon,True,True,True,True,,53.005002,58.88746200071182,57.18535900086863,2,63,0.46578051203228604,0.02008255859137359,190.41616998552902,,code,2-1-2-1-1-1-1-1,0.48586307062365963,True,1,batch,True,pso,30,1,swarm
oe4-pilot-v2,oe4,swarm|batch|bc1|h1|pso|r1|N30|c1,syn-balanced_multimodal-sequential-r2,balanced_multimodal,sequential,0,3,9812259528755781404,2026-10-01T05:43:49.638+00:00,completed,epsilon,True,True,True,True,,45.823207,51.749286001722794,50.0760699978855,2,63,0.5195512786534427,1.9637715242826204e-07,194.18455798871565,,code,2-0-1-1-1-1-1-1,0.5195514750305952,True,1,batch,True,pso,30,1,swarm
oe4-pilot-v2,oe4,swarm|batch|bc1|h1|pso|r1|N30|c1,syn-balanced_multimodal-sequential-r3,balanced_multimodal,sequential,0,3,17396203175820366605,2026-10-01T05:43:49.690+00:00,completed,epsilon,True,True,True,True,,49.19882,54.977257997961715,53.27813099938794,2,63,0.5055952816994697,0.0,180.18539202463302,,text,1-0-1-0-2-1-1-1,0.5055952816994697,True,1,batch,True,pso,30,1,swarm
oe4-pilot-v2,oe4,swarm|batch|bc1|h1|pso|r1|N30|c1,syn-balanced_multimodal-sequential-r4,balanced_multimodal,sequential,0,3,16072189927809315852,2026-10-01T05:43:49.745+00:00,completed,epsilon,True,True,True,True,,61.049023,67.28226600171183,65.34769899735693,4,73,0.5064313832719637,1.9637715242826204e-07,201.41669301048992,,code,2-0-2-1-2-1-2-1,0.5064315796491161,True,1,batch,True,pso,30,1,swarm
oe4-pilot-v2,oe4,swarm|batch|bc1|h1|pso|r1|N30|c1,syn-balanced_multimodal-conditional-r0,balanced_multimodal,conditional,0,3,9492171042143771967,2026-10-01T05:43:49.812+00:00,completed,epsilon,True,True,True,True,,47.670396,54.01961100142216,52.30727399975876,1,61,0.48780502665661635,0.0036547194033032526,221.69309899574546,,code,2-1-1-1-1-1-1-1,0.4914597460599196,True,1,batch,True,pso,30,1,swarm
oe4-pilot-v2,oe4,swarm|batch|bc1|h1|pso|r1|N30|c1,syn-balanced_multimodal-conditional-r1,balanced_multimodal,conditional,0,3,12567349465944861023,2026-10-01T05:43:49.866+00:00,completed,epsilon,True,True,True,True,,41.74349,48.18067000087467,46.474867001961684,1,61,0.4988095313719645,0.0,216.8563130010077,,code,1-1-1-0-1-0-1-1,0.4988095313719645,True,1,batch,True,pso,30,1,swarm
oe4-pilot-v2,oe4,swarm|batch|bc1|h1|pso|r1|N30|c1,syn-balanced_multimodal-conditional-r2,balanced_multimodal,conditional,0,3,4742918314447581142,2026-10-01T05:43:49.915+00:00,completed,epsilon,True,True,True,True,,52.250434,58.73346400039736,57.04759400032344,2,65,0.4993812836734506,0.0,213.07287599223147,,code,1-1-1-0-1-0-1-1,0.4993812836734506,True,1,batch,True,pso,30,1,swarm
oe4-pilot-v2,oe4,swarm|batch|bc1|h1|pso|r1|N30|c1,syn-balanced_multimodal-conditional-r3,balanced_multimodal,conditional,0,3,11394639668150330671,2026-10-01T05:43:49.973+00:00,completed,epsilon,True,True,True,True,,45.846886,52.13319199901889,50.34680600147112,2,65,0.47153478436590585,1.963771524837732e-07,199.269921998759,,text,1-1-1-1-2-0-1-1,0.47153498074305833,True,1,batch,True,pso,30,1,swarm
oe4-pilot-v2,oe4,swarm|batch|bc1|h1|pso|r1|N30|c1,syn-balanced_multimodal-conditional-r4,balanced_multimodal,conditional,0,3,2277667993778051270,2026-10-01T05:43:50.026+00:00,completed,epsilon,True,True,True,True,,43.830086,49.74181100260466,48.11161200268543,1,59,0.49335718275037993,0.0036547194033032526,193.60065499477946,,code,2-1-1-1-2-1-2-1,0.4970119021536832,True,1,batch,True,pso,30,1,swarm
oe4-pilot-v2,oe4,swarm|batch|bc1|h1|pso|r1|N30|c1,syn-balanced_multimodal-repetitive-r0,balanced_multimodal,repetitive,0,3,3839617547738254315,2026-10-01T05:43:50.075+00:00,completed,epsilon,True,True,True,True,,55.835043,61.85906900282134,60.079496000980726,2,63,0.5583985455313946,1.9637715242826204e-07,195.11394599394828,,code,2-0-1-1-1-1-2-1,0.558398741908547,True,1,batch,True,pso,30,1,swarm
oe4-pilot-v2,oe4,swarm|batch|bc1|h1|pso|r1|N30|c1,syn-balanced_multimodal-repetitive-r1,balanced_multimodal,repetitive,0,3,2659073220867155690,2026-10-01T05:43:50.137+00:00,completed,epsilon,True,True,True,True,,36.95735,42.960902999766404,41.51332800029195,1,56,0.5099655888622538,0.020082558591373645,147.8713749882177,,code,2-1-2-1-2-1-1-1,0.5300481474536275,True,1,batch,True,pso,30,1,swarm
oe4-pilot-v2,oe4,swarm|batch|bc1|h1|pso|r1|N30|c1,syn-balanced_multimodal-repetitive-r2,balanced_multimodal,repetitive,0,3,12027688066564710874,2026-10-01T05:43:50.180+00:00,completed,epsilon,True,True,True,True,,38.059119,43.87522799879662,42.3125870001968,1,54,0.48695008664679024,0.02008255859137359,152.70634402092256,,code,2-1-2-1-1-1-2-1,0.5070326452381638,True,1,batch,True,pso,30,1,swarm
oe4-pilot-v2,oe4,swarm|batch|bc1|h1|pso|r1|N30|c1,syn-balanced_multimodal-repetitive-r3,balanced_multimodal,repetitive,0,3,10665835498416014906,2026-10-01T05:43:50.224+00:00,completed,epsilon,True,True,True,True,,40.361367,46.290155998576665,44.82874300083495,1,53,0.498403614745411,0.02008255859137359,154.8391820002684,,diagram,1-1-2-1-2-1-1-1,0.5184861733367846,True,1,batch,True,pso,30,1,swarm
oe4-pilot-v2,oe4,swarm|batch|bc1|h1|pso|r1|N30|c1,syn-balanced_multimodal-repetitive-r4,balanced_multimodal,repetitive,0,3,16842203000296662102,2026-10-01T05:43:50.270+00:00,completed,epsilon,True,True,True,True,,55.644867,61.9219099971815,60.09407600140548,2,63,0.5555295985433403,0.0,175.12659199383572,,code,2-0-1-0-1-1-2-1,0.5555295985433403,True,1,batch,True,pso,30,1,swarm
oe4-pilot-v2,oe4,swarm|batch|bc1|h1|pso|r1|N30|c1,syn-balanced_multimodal-arrays_vectors-r0,balanced_multimodal,arrays_vectors,0,3,8202019099685287209,2026-10-01T05:43:50.332+00:00,completed,epsilon,True,True,True,True,,44.771922,51.477165001415415,49.70474500078126,2,65,0.5214552573504015,0.007792454060633558,181.72542698879582,,code,2-0-1-0-2-1-1-1,0.5292477114110351,True,1,batch,True,pso,30,1,swarm
oe4-pilot-v2,oe4,swarm|batch|bc1|h1|pso|r1|N30|c1,syn-balanced_multimodal-arrays_vectors-r1,balanced_multimodal,arrays_vectors,0,3,1557390382835702406,2026-10-01T05:43:50.384+00:00,completed,epsilon,True,True,True,True,,35.96045,41.8452720005007,40.121869002177846,1,59,0.5096116990703786,0.010013934431594262,167.5909550013156,,code,1-0-1-0-1-1-1-1,0.5196256335019729,True,1,batch,True,pso,30,1,swarm
oe4-pilot-v2,oe4,swarm|batch|bc1|h1|pso|r1|N30|c1,syn-balanced_multimodal-arrays_vectors-r2,balanced_multimodal,arrays_vectors,0,3,1551228789342824201,2026-10-01T05:43:50.426+00:00,completed,epsilon,True,True,True,True,,57.122021,63.128691999736475,61.303987000428606,3,69,0.5407907180206968,0.007792454060633558,176.14633700063106,,text,1-0-1-0-2-1-1-1,0.5485831720813303,True,1,batch,True,pso,30,1,swarm
oe4-pilot-v2,oe4,swarm|batch|bc1|h1|pso|r1|N30|c1,syn-balanced_multimodal-arrays_vectors-r3,balanced_multimodal,arrays_vectors,0,3,11908930478528390133,2026-10-01T05:43:50.489+00:00,completed,epsilon,True,True,True,True,,75.621381,82.32305999990785,79.90469000287703,6,81,0.5517303986475605,0.0,166.11867398520428,,code,2-0-2-1-1-0-2-1,0.5517303986475605,True,1,batch,True,pso,30,1,swarm
oe4-pilot-v2,oe4,swarm|batch|bc1|h1|pso|r1|N30|c1,syn-balanced_multimodal-arrays_vectors-r4,balanced_multimodal,arrays_vectors,0,3,7080146454937735062,2026-10-01T05:43:50.571+00:00,completed,epsilon,True,True,True,True,,36.268724,42.176259001280414,40.717904001212446,1,53,0.5231764212501887,0.0034158919247068154,164.37436299699388,,code,2-1-1-1-1-0-1-1,0.5265923131748955,True,1,batch,True,pso,30,1,swarm
oe4-pilot-v2,oe4,swarm|batch|bc1|h1|pso|r1|N30|c1,syn-balanced_multimodal-functions-r0,balanced_multimodal,functions,0,3,2933908082685948832,2026-10-01T05:43:50.613+00:00,completed,epsilon,True,True,True,True,,57.559905,63.70563399832463,61.9208880016231,3,69,0.5309809873500523,0.0,162.09170601154597,,code,2-0-2-0-1-0-1-1,0.5309809873500523,True,1,batch,True,pso,30,1,swarm
oe4-pilot-v2,oe4,swarm|batch|bc1|h1|pso|r1|N30|c1,syn-balanced_multimodal-functions-r1,balanced_multimodal,functions,0,3,368220290834284782,2026-10-01T05:43:50.677+00:00,completed,epsilon,True,True,True,True,,38.532102,44.27698799918289,42.68421799861244,1,58,0.49177264213206817,0.020082362214221106,163.16526501022605,,code,2-1-1-0-1-1-2-1,0.5118550043462893,True,1,batch,True,pso,30,1,swarm
oe4-pilot-v2,oe4,swarm|batch|bc1|h1|pso|r1|N30|c1,syn-balanced_multimodal-functions-r2,balanced_multimodal,functions,0,3,8673480799685267205,2026-10-01T05:43:50.721+00:00,completed,epsilon,True,True,True,True,,51.013526,56.85302699930617,55.18513199785957,2,62,0.510395070984393,0.007792454060633558,182.58496700010906,,code,2-0-1-0-1-1-1-1,0.5181875250450265,True,1,batch,True,pso,30,1,swarm
oe4-pilot-v2,oe4,swarm|batch|bc1|h1|pso|r1|N30|c1,syn-balanced_multimodal-functions-r3,balanced_multimodal,functions,0,3,18228905326412579013,2026-10-01T05:43:50.778+00:00,completed,epsilon,True,True,True,True,,37.850704,43.40731500269612,41.80479400019976,1,59,0.49300132682799114,0.024411447389422025,193.29628500326686,,code,1-0-1-1-1-1-0-1,0.5174127742174132,True,1,batch,True,pso,30,1,swarm
oe4-pilot-v2,oe4,swarm|batch|bc1|h1|pso|r1|N30|c1,syn-balanced_multimodal-functions-r4,balanced_multimodal,functions,0,3,4683180797726806680,2026-10-01T05:43:50.822+00:00,completed,epsilon,True,True,True,True,,60.496234,67.3594799991406,65.33977299841354,3,69,0.5037098665441013,0.0,155.48388300871918,,diagram,1-0-2-0-1-0-1-1,0.5037098665441013,True,1,batch,True,pso,30,1,swarm
oe4-pilot-v2,oe4,swarm|batch|bc1|h1|pso|r1|N30|c10,syn-visual_dominant-sequential-r0,visual_dominant,sequential,0,0,8580140326324496627,2026-10-01T05:43:52.837+00:00,completed,epsilon,True,True,True,True,,177.947697,204.21592000275268,202.34370899925125,2,63,0.47580606727894714,0.0,595.8649899966665,,diagram,1-0-2-0-1-1-0-1,0.47580606727894714,True,10,batch,True,pso,30,1,swarm
oe4-pilot-v2,oe4,swarm|batch|bc1|h1|pso|r1|N30|c10,syn-visual_dominant-sequential-r1,visual_dominant,sequential,0,0,17048800117076641484,2026-10-01T05:43:52.838+00:00,completed,epsilon,True,True,True,True,,284.307048,323.10162900103023,321.02741400012746,1,53,0.44878503224528293,0.02008255859137359,844.0896549929145,,diagram,1-1-2-1-0-1-1-1,0.4688675908366565,True,10,batch,True,pso,30,1,swarm
oe4-pilot-v2,oe4,swarm|batch|bc1|h1|pso|r1|N30|c10,syn-visual_dominant-conditional-r0,visual_dominant,conditional,0,0,11471567894967710186,2026-10-01T05:43:52.839+00:00,completed,epsilon,True,True,True,True,,306.996021,341.9938339975488,340.06584899907466,1,61,0.4683786250362893,0.007792650437786042,1264.1542260070867,,diagram,1-1-2-1-0-1-0-1,0.47617127547407534,True,10,batch,True,pso,30,1,swarm
oe4-pilot-v2,oe4,swarm|batch|bc1|h1|pso|r1|N30|c10,syn-visual_dominant-sequential-r2,visual_dominant,sequential,0,0,4355585619346073820,2026-10-01T05:43:52.838+00:00,completed,epsilon,True,True,True,True,,320.801298,370.95745699843974,368.83290400146507,3,66,0.4684960847891392,0.0,1071.500337017103,,diagram,1-0-2-0-0-1-0-1,0.4684960847891392,True,10,batch,True,pso,30,1,swarm
oe4-pilot-v2,oe4,swarm|batch|bc1|h1|pso|r1|N30|c10,syn-visual_dominant-sequential-r3,visual_dominant,sequential,0,0,5551779150201999310,2026-10-01T05:43:52.839+00:00,completed,epsilon,True,True,True,True,,350.072867,408.5959680014639,394.84008800354786,3,63,0.4968930391220401,0.0,889.8498170120379,,diagram,1-0-2-0-0-1-1-1,0.4968930391220401,True,10,batch,True,pso,30,1,swarm
oe4-pilot-v2,oe4,swarm|batch|bc1|h1|pso|r1|N30|c10,syn-visual_dominant-sequential-r4,visual_dominant,sequential,0,0,13994061115368628468,2026-10-01T05:43:52.839+00:00,completed,epsilon,True,True,True,True,,462.908339,540.8089670017944,535.0969210012408,2,65,0.45399075511807396,1.9637715242826204e-07,393.31048700528913,,diagram,1-0-2-1-1-1-0-1,0.4539909514952264,True,10,batch,True,pso,30,1,swarm
oe4-pilot-v2,oe4,swarm|batch|bc1|h1|pso|r1|N30|c10,syn-visual_dominant-conditional-r4,visual_dominant,conditional,0,0,7123775909059268369,2026-10-01T05:43:52.842+00:00,completed,epsilon,True,True,True,True,,490.125941,550.8809139973891,546.8984200015257,1,58,0.4486569413932807,0.0,1172.9192369799339,,diagram,1-1-2-0-1-0-0-1,0.4486569413932807,True,10,batch,True,pso,30,1,swarm
oe4-pilot-v2,oe4,swarm|batch|bc1|h1|pso|r1|N30|c10,syn-visual_dominant-conditional-r3,visual_dominant,conditional,0,0,12303691227522993195,2026-10-01T05:43:52.841+00:00,completed,epsilon,True,True,True,True,,505.837449,555.9259860019665,553.4770759986714,2,65,0.4537572043126114,0.0036547194033032526,1523.498226000692,,diagram,1-1-2-1-0-1-1-1,0.45741192371591466,True,10,batch,True,pso,30,1,swarm
oe4-pilot-v2,oe4,swarm|batch|bc1|h1|pso|r1|N30|c10,syn-visual_dominant-conditional-r2,visual_dominant,conditional,0,0,7530803405880337628,2026-10-01T05:43:52.840+00:00,completed,epsilon,True,True,True,True,,538.128522,583.9641550010128,582.0450089995575,2,65,0.47576325269917313,1.963771524837732e-07,1258.0892020087776,,code,2-1-2-1-1-0-1-1,0.4757634490763256,True,10,batch,True,pso,30,1,swarm
oe4-pilot-v2,oe4,swarm|batch|bc1|h1|pso|r1|N30|c10,syn-visual_dominant-conditional-r1,visual_dominant,conditional,0,0,13928515270300365190,2026-10-01T05:43:52.840+00:00,completed,epsilon,True,True,True,True,,559.370793,593.4691869988455,591.5715779992752,4,73,0.4371315517815198,1.963771524837732e-07,1432.3825489861017,,diagram,1-1-2-1-0-0-0-1,0.4371317481586723,True,10,batch,True,pso,30,1,swarm
oe4-pilot-v2,oe4,swarm|batch|bc1|h1|pso|r1|N30|c10,syn-visual_dominant-repetitive-r0,visual_dominant,repetitive,0,0,3652346516165016234,2026-10-01T05:43:53.041+00:00,completed,epsilon,True,True,True,True,,220.845922,481.0831349968794,479.2708750028396,1,59,0.46998170127395994,0.02008255859137359,677.2290079797372,,diagram,1-1-2-1-1-1-0-1,0.49006425986533353,True,10,batch,True,pso,30,1,swarm
oe4-pilot-v2,oe4,swarm|batch|bc1|h1|pso|r1|N30|c10,syn-visual_dominant-repetitive-r2,visual_dominant,repetitive,0,0,15577984090316381348,2026-10-01T05:43:53.181+00:00,completed,epsilon,True,True,True,True,,281.00028,434.6032350003952,428.45509399921866,2,63,0.5174510138160732,1.9637715242826204e-07,665.8207429924829,,code,2-0-2-1-1-1-0-1,0.5174512101932256,True,10,batch,True,pso,30,1,swarm
oe4-pilot-v2,oe4,swarm|batch|bc1|h1|pso|r1|N30|c10,syn-visual_dominant-repetitive-r3,visual_dominant,repetitive,0,0,13061490195280824700,2026-10-01T05:43:53.209+00:00,completed,epsilon,True,True,True,True,,382.128233,480.6279319964233,478.01881700070226,2,55,0.4931223664434585,0.012207742316518777,1140.6752980152426,,diagram,1-0-2-1-0-0-0-1,0.5053301087599773,True,10,batch,True,pso,30,1,swarm
oe4-pilot-v2,oe4,swarm|batch|bc1|h1|pso|r1|N30|c10,syn-visual_dominant-repetitive-r4,visual_dominant,repetitive,0,0,5153165576748431564,2026-10-01T05:43:53.247+00:00,completed,epsilon,True,True,True,True,,397.768558,460.11201399960555,458.25250299822073,3,66,0.4676075053726938,0.0,1529.3395439793014,,diagram,1-0-2-0-0-1-0-1,0.4676075053726938,True,10,batch,True,pso,30,1,swarm
oe4-pilot-v2,oe4,swarm|batch|bc1|h1|pso|r1|N30|c10,syn-visual_dominant-arrays_vectors-r0,visual_dominant,arrays_vectors,0,0,2484686855457110652,2026-10-01T05:43:53.380+00:00,completed,epsilon,True,True,True,True,,328.483382,573.5122509977373,567.2652059984102,1,54,0.46105976353153516,0.027875012652007147,430.36813800724025,,diagram,1-1-2-1-0-1-0-1,0.4889347761835423,True,10,batch,True,pso,30,1,swarm
oe4-pilot-v2,oe4,swarm|batch|bc1|h1|pso|r1|N30|c10,syn-visual_dominant-arrays_vectors-r4,visual_dominant,arrays_vectors,0,0,13236652181889018265,2026-10-01T05:43:53.433+00:00,completed,epsilon,True,True,True,True,,342.272034,526.9361579994438,524.1472630004864,1,58,0.49310999494245983,0.004471198194922976,1205.6358370033402,,diagram,1-1-2-2-1-0-0-0,0.4975811931373828,True,10,batch,True,pso,30,1,swarm
oe4-pilot-v2,oe4,swarm|batch|bc1|h1|pso|r1|N30|c10,syn-visual_dominant-arrays_vectors-r1,visual_dominant,arrays_vectors,0,0,14387502913323118724,2026-10-01T05:43:53.393+00:00,completed,epsilon,True,True,True,True,,387.614164,609.3677780008875,606.7072980004014,3,67,0.4531926066883153,0.0,469.4723850121236,,diagram,1-0-2-0-0-0-0-1,0.4531926066883153,True,10,batch,True,pso,30,1,swarm
oe4-pilot-v2,oe4,swarm|batch|bc1|h1|pso|r1|N30|c10,syn-visual_dominant-repetitive-r1,visual_dominant,repetitive,0,0,9493985239135120539,2026-10-01T05:43:53.161+00:00,completed,epsilon,True,True,True,True,,710.931093,867.6484249990608,865.4683410022699,5,74,0.49141108956712465,0.0,647.543058981693,,code,2-0-2-0-1-1-1-1,0.49141108956712465,True,10,batch,True,pso,30,1,swarm
oe4-pilot-v2,oe4,swarm|batch|bc1|h1|pso|r1|N30|c10,syn-visual_dominant-arrays_vectors-r2,visual_dominant,arrays_vectors,0,0,18083930375172244621,2026-10-01T05:43:53.397+00:00,completed,epsilon,True,True,True,True,,428.482549,637.1199459972559,634.8698459987645,3,66,0.5218342851242742,1.9637715242826204e-07,459.0163069937988,,diagram,1-0-2-1-1-0-1-1,0.5218344815014266,True,10,batch,True,pso,30,1,swarm
oe4-pilot-v2,oe4,swarm|batch|bc1|h1|pso|r1|N30|c10,syn-visual_dominant-arrays_vectors-r3,visual_dominant,arrays_vectors,0,0,16074832408338533935,2026-10-01T05:43:53.424+00:00,completed,epsilon,True,True,True,True,,436.375224,614.5662119997723,612.4867250000534,3,69,0.5279373560844233,0.0,1244.0583040067445,,diagram,0-0-2-1-1-0-0-1,0.5279373560844233,True,10,batch,True,pso,30,1,swarm
oe4-pilot-v2,oe4,swarm|batch|bc1|h1|pso|r1|N30|c10,syn-visual_dominant-functions-r1,visual_dominant,functions,0,0,12724222799605840855,2026-10-01T05:43:53.616+00:00,completed,epsilon,True,True,True,True,,218.160759,478.02765400047065,475.49456899650977,2,63,0.49466746788594257,0.007230897594027896,717.8129560014761,,code,2-2-2-1-1-0-0-1,0.5018983654799705,True,10,batch,True,pso,30,1,swarm
oe4-pilot-v2,oe4,swarm|batch|bc1|h1|pso|r1|N30|c10,syn-visual_dominant-functions-r0,visual_dominant,functions,0,0,11375697626506085209,2026-10-01T05:43:53.522+00:00,completed,epsilon,True,True,True,True,,523.205349,661.395489001734,657.7478040017013,1,53,0.47770576352191013,0.02008255859137359,596.1024209845446,,diagram,1-1-2-1-1-1-0-1,0.4977883221132837,True,10,batch,True,pso,30,1,swarm
oe4-pilot-v2,oe4,swarm|batch|bc1|h1|pso|r1|N30|c10,syn-visual_dominant-functions-r3,visual_dominant,functions,0,0,15496158585802717903,2026-10-01T05:43:53.707+00:00,completed,epsilon,True,True,True,True,,337.647692,520.6357189999835,518.4833409985004,1,61,0.4525600963951378,0.027875012652007147,896.4678720032093,,diagram,1-1-2-1-0-1-1-1,0.4804351090471449,True,10,batch,True,pso,30,1,swarm
oe4-pilot-v2,oe4,swarm|batch|bc1|h1|pso|r1|N30|c10,syn-visual_dominant-functions-r2,visual_dominant,functions,0,0,2855966151648987497,2026-10-01T05:43:53.690+00:00,completed,epsilon,True,True,True,True,,386.774095,559.434789000079,557.7089689977583,2,62,0.4624311814719705,0.008945025651836969,958.5607260118609,,diagram,1-0-2-1-0-1-1-1,0.47137620712380746,True,10,batch,True,pso,30,1,swarm
oe4-pilot-v2,oe4,swarm|batch|bc1|h1|pso|r1|N30|c10,syn-logical_syntactic-sequential-r0,logical_syntactic,sequential,0,0,13362044807751343064,2026-10-01T05:43:53.960+00:00,completed,epsilon,True,True,True,True,,238.808429,390.65158599987626,388.5823339987837,1,61,0.4761348237523099,0.02008255859137359,1232.0531219846926,,code,2-1-1-1-0-1-0-1,0.4962173823436835,True,10,batch,True,pso,30,1,swarm
oe4-pilot-v2,oe4,swarm|batch|bc1|h1|pso|r1|N30|c10,syn-logical_syntactic-sequential-r2,logical_syntactic,sequential,0,0,15643440995604996842,2026-10-01T05:43:54.028+00:00,completed,epsilon,True,True,True,True,,257.770533,362.66757900011726,359.6919660012645,1,57,0.5052479809084092,0.0034158919247069264,1261.360553005228,,code,2-1-0-1-1-1-1-1,0.5086638728331161,True,10,batch,True,pso,30,1,swarm
oe4-pilot-v2,oe4,swarm|batch|bc1|h1|pso|r1|N30|c10,syn-logical_syntactic-sequential-r1,logical_syntactic,sequential,0,0,14311645315440717423,2026-10-01T05:43:54.002+00:00,completed,epsilon,True,True,True,True,,362.2894,501.4368129996001,496.26938899746165,3,69,0.4825463618186212,0.0,1173.5626620030773,,code,2-0-1-0-1-1-0-1,0.4825463618186212,True,10,batch,True,pso,30,1,swarm
oe4-pilot-v2,oe4,swarm|batch|bc1|h1|pso|r1|N30|c10,syn-logical_syntactic-conditional-r0,logical_syntactic,conditional,0,0,4732552759670585228,2026-10-01T05:43:54.094+00:00,completed,epsilon,True,True,True,True,,415.004181,483.5854949997156,481.2128909979947,1,59,0.4552126305749631,0.003654523026150769,401.2210050095414,,code,2-1-1-0-0-1-0-1,0.45886715360111385,True,10,batch,True,pso,30,1,swarm
oe4-pilot-v2,oe4,swarm|batch|bc1|h1|pso|r1|N30|c10,syn-visual_dominant-functions-r4,visual_dominant,functions,0,0,10259835321663512086,2026-10-01T05:43:53.953+00:00,completed,epsilon,True,True,True,True,,466.879358,627.5696259981487,625.7059540002956,2,60,0.48282466482518693,0.019803777820581292,315.5293019985763,,code,2-2-2-1-1-1-1-1,0.5026284426457682,True,10,batch,True,pso,30,1,swarm
oe4-pilot-v2,oe4,swarm|batch|bc1|h1|pso|r1|N30|c10,syn-logical_syntactic-sequential-r3,logical_syntactic,sequential,0,0,16960600487627624599,2026-10-01T05:43:54.034+00:00,completed,epsilon,True,True,True,True,,487.381505,604.8620820001815,599.923495999974,3,66,0.47454058681115907,0.0,1383.0469350100916,,code,2-0-1-0-1-1-0-1,0.47454058681115907,True,10,batch,True,pso,30,1,swarm
oe4-pilot-v2,oe4,swarm|batch|bc1|h1|pso|r1|N30|c10,syn-logical_syntactic-sequential-r4,logical_syntactic,sequential,0,0,17250185977012485747,2026-10-01T05:43:54.039+00:00,completed,epsilon,True,True,True,True,,550.438621,641.8487100017956,639.2363369996019,4,70,0.4963874393518477,3.4366001677721414e-07,1396.4619689947117,,code,2-0-1-2-1-0-0-1,0.4963877830118645,True,10,batch,True,pso,30,1,swarm
oe4-pilot-v2,oe4,swarm|batch|bc1|h1|pso|r1|N30|c10,syn-logical_syntactic-conditional-r1,logical_syntactic,conditional,0,0,16767561851559065070,2026-10-01T05:43:54.184+00:00,completed,epsilon,True,True,True,True,,227.263542,516.514606999408,514.796897998167,2,63,0.44403176024746854,0.007792797720650391,438.04405799650254,,code,2-1-1-2-0-1-0-1,0.45182455796811893,True,10,batch,True,pso,30,1,swarm
oe4-pilot-v2,oe4,swarm|batch|bc1|h1|pso|r1|N30|c10,syn-logical_syntactic-conditional-r3,logical_syntactic,conditional,0,0,6626061848004110554,2026-10-01T05:43:54.249+00:00,completed,epsilon,True,True,True,True,,347.076089,604.6615500017651,602.4434709979687,1,59,0.4614734643861827,0.007792650437786042,936.6239470168449,,code,2-1-1-1-0-1-0-1,0.46926611482396874,True,10,batch,True,pso,30,1,swarm
oe4-pilot-v2,oe4,swarm|batch|bc1|h1|pso|r1|N30|c10,syn-logical_syntactic-conditional-r2,logical_syntactic,conditional,0,0,6973891702751108736,2026-10-01T05:43:54.228+00:00,completed,epsilon,True,True,True,True,,370.581531,632.750846001727,628.2294529992214,2,62,0.4667613697407896,1.963771524837732e-07,257.6992399976818,,code,2-1-1-1-0-0-1-1,0.46676156611794206,True,10,batch,True,pso,30,1,swarm
oe4-pilot-v2,oe4,swarm|batch|bc1|h1|pso|r1|N30|c10,syn-logical_syntactic-conditional-r4,logical_syntactic,conditional,0,0,2581103798954869873,2026-10-01T05:43:54.351+00:00,completed,epsilon,True,True,True,True,,373.683256,512.6935230000527,510.7765089996974,1,53,0.4839345737065493,0.0036547194033032526,709.2734569850062,,code,2-1-1-1-1-1-1-1,0.48758929310985255,True,10,batch,True,pso,30,1,swarm
oe4-pilot-v2,oe4,swarm|batch|bc1|h1|pso|r1|N30|c10,syn-logical_syntactic-repetitive-r0,logical_syntactic,repetitive,0,0,2563900073831829840,2026-10-01T05:43:54.391+00:00,completed,epsilon,True,True,True,True,,379.168889,479.84154199730256,477.98152699760976,1,58,0.45068774937313677,0.02008255859137359,712.3847759869235,,code,2-1-2-1-0-1-1-1,0.47077030796451036,True,10,batch,True,pso,30,1,swarm
oe4-pilot-v2,oe4,swarm|batch|bc1|h1|pso|r1|N30|c10,syn-logical_syntactic-repetitive-r1,logical_syntactic,repetitive,0,0,1690962082425471307,2026-10-01T05:43:54.504+00:00,completed,epsilon,True,True,True,True,,146.35864,410.5472869996447,409.0034229993762,1,56,0.46854772531455674,0.02008255859137359,453.21081900961025,,code,2-1-1-1-0-1-0-1,0.48863028390593033,True,10,batch,True,pso,30,1,swarm
oe4-pilot-v2,oe4,swarm|batch|bc1|h1|pso|r1|N30|c10,syn-logical_syntactic-repetitive-r2,logical_syntactic,repetitive,0,0,12298035747105259136,2026-10-01T05:43:54.578+00:00,completed,epsilon,True,True,True,True,,213.947689,408.11093199954485,406.5061549990787,1,59,0.48860682289608054,0.02008255859137359,649.7239469894375,,code,2-1-1-1-1-1-1-1,0.5086893814874541,True,10,batch,True,pso,30,1,swarm
oe4-pilot-v2,oe4,swarm|batch|bc1|h1|pso|r1|N30|c10,syn-logical_syntactic-arrays_vectors-r0,logical_syntactic,arrays_vectors,0,0,14948705039163960895,2026-10-01T05:43:54.681+00:00,completed,epsilon,True,True,True,True,,351.384246,472.4517110007582,470.3322220011614,1,58,0.4856184373133194,0.02008255859137359,1011.0841380097636,,code,2-1-1-1-0-0-1-1,0.505700995904693,True,10,batch,True,pso,30,1,swarm
oe4-pilot-v2,oe4,swarm|batch|bc1|h1|pso|r1|N30|c10,syn-logical_syntactic-repetitive-r4,logical_syntactic,repetitive,0,0,3613547958009930106,2026-10-01T05:43:54.639+00:00,completed,epsilon,True,True,True,True,,374.563801,518.8116650024313,516.6127780030365,2,62,0.42431599984481977,0.02008255859137359,976.6538329850433,,code,2-1-0-1-1-1-0-1,0.44439855843619336,True,10,batch,True,pso,30,1,swarm
oe4-pilot-v2,oe4,swarm|batch|bc1|h1|pso|r1|N30|c10,syn-logical_syntactic-arrays_vectors-r2,logical_syntactic,arrays_vectors,0,0,7678510444233138347,2026-10-01T05:43:54.854+00:00,completed,epsilon,True,True,True,True,,177.004416,379.54628900115495,377.41204800113337,1,61,0.49083069767651405,0.027875012652007147,615.5150850012078,,code,2-1-1-1-0-1-0-1,0.5187057103285212,True,10,batch,True,pso,30,1,swarm
oe4-pilot-v2,oe4,swarm|batch|bc1|h1|pso|r1|N30|c10,syn-logical_syntactic-arrays_vectors-r3,logical_syntactic,arrays_vectors,0,0,3475821061836782133,2026-10-01T05:43:54.861+00:00,completed,epsilon,True,True,True,True,,190.360449,388.8317939999979,387.1116970003641,2,65,0.5279095277556373,1.472828643489521e-07,572.5528690032975,,code,2-0-1-2-1-0-1-1,0.5279096750385016,True,10,batch,True,pso,30,1,swarm
oe4-pilot-v2,oe4,swarm|batch|bc1|h1|pso|r1|N30|c10,syn-logical_syntactic-arrays_vectors-r4,logical_syntactic,arrays_vectors,0,0,15069723113616053544,2026-10-01T05:43:54.864+00:00,completed,epsilon,True,True,True,True,,245.439228,472.0765769998252,469.9506930010102,1,61,0.45823969583330176,0.008847809425137798,1315.0007860065618,,code,2-0-1-1-0-1-1-0,0.46708750525843956,True,10,batch,True,pso,30,1,swarm
oe4-pilot-v2,oe4,swarm|batch|bc1|h1|pso|r1|N30|c10,syn-logical_syntactic-repetitive-r3,logical_syntactic,repetitive,0,0,6665076571321463288,2026-10-01T05:43:54.581+00:00,completed,epsilon,True,True,True,True,,632.039355,880.0642429996515,876.0225109981548,2,65,0.46208578639800935,0.020082362214221106,598.984445007757,,code,2-1-1-0-1-1-0-1,0.48216814861223045,True,10,batch,True,pso,30,1,swarm
oe4-pilot-v2,oe4,swarm|batch|bc1|h1|pso|r1|N30|c10,syn-logical_syntactic-arrays_vectors-r1,logical_syntactic,arrays_vectors,0,0,13327273701071249688,2026-10-01T05:43:54.700+00:00,completed,epsilon,True,True,True,True,,699.60927,799.2131940009131,796.9950359984068,3,69,0.47410405901537916,0.00994067049648667,814.5097409917278,,code,2-2-1-0-1-0-0-1,0.48404472951186583,True,10,batch,True,pso,30,1,swarm
oe4-pilot-v2,oe4,swarm|batch|bc1|h1|pso|r1|N30|c10,syn-logical_syntactic-functions-r1,logical_syntactic,functions,0,0,7545233351544256523,2026-10-01T05:43:54.914+00:00,completed,epsilon,True,True,True,True,,434.826975,593.904854998982,588.1883949987241,2,65,0.4952348885551682,1.9637715242826204e-07,1417.6599939951316,,code,2-0-1-1-1-0-0-1,0.4952350849323206,True,10,batch,True,pso,30,1,swarm
oe4-pilot-v2,oe4,swarm|batch|bc1|h1|pso|r1|N30|c10,syn-logical_syntactic-functions-r0,logical_syntactic,functions,0,0,15105445333404857368,2026-10-01T05:43:54.871+00:00,completed,epsilon,True,True,True,True,,492.612928,696.6430840002431,694.2532289976953,2,63,0.5077822418422905,0.007792650437785986,1298.4547940010352,,code,2-0-1-1-1-1-0-1,0.5155748922800765,True,10,batch,True,pso,30,1,swarm
oe4-pilot-v2,oe4,swarm|batch|bc1|h1|pso|r1|N30|c10,syn-logical_syntactic-functions-r2,logical_syntactic,functions,0,0,6130147880867857550,2026-10-01T05:43:54.986+00:00,completed,epsilon,True,True,True,True,,520.49853,608.7881380008184,606.7258119983308,5,77,0.4982072075606626,1.9637715242826204e-07,1308.9529880143525,,code,2-0-0-1-1-0-1-1,0.49820740393781504,True,10,batch,True,pso,30,1,swarm
oe4-pilot-v2,oe4,swarm|batch|bc1|h1|pso|r1|N30|c10,syn-logical_syntactic-functions-r3,logical_syntactic,functions,0,0,4820333934433401313,2026-10-01T05:43:55.153+00:00,completed,epsilon,True,True,True,True,,365.345432,639.1828710002301,636.1460779990011,2,63,0.48636013268759803,0.0,668.7954189933813,,code,2-0-1-0-1-1-0-1,0.48636013268759803,True,10,batch,True,pso,30,1,swarm
oe4-pilot-v2,oe4,swarm|batch|bc1|h1|pso|r1|N30|c10,syn-explanatory_conceptual-sequential-r1,explanatory_conceptual,sequential,0,0,3272787541859846898,2026-10-01T05:43:55.250+00:00,completed,epsilon,True,True,True,True,,381.483159,548.5624020002433,546.7382819988416,1,56,0.45267043074923324,0.006749225258040281,829.9715309939353,,text,0-1-0-1-2-1-0-1,0.4594196560072735,True,10,batch,True,pso,30,1,swarm
oe4-pilot-v2,oe4,swarm|batch|bc1|h1|pso|r1|N30|c10,syn-explanatory_conceptual-sequential-r0,explanatory_conceptual,sequential,0,0,14947352377729861017,2026-10-01T05:43:55.233+00:00,completed,epsilon,True,True,True,True,,399.170479,570.5036580002343,568.6276910018933,3,66,0.4486181798628388,0.018837465195685188,868.3596340064662,,text,1-0-0-0-2-0-0-1,0.467455645058524,True,10,batch,True,pso,30,1,swarm
oe4-pilot-v2,oe4,swarm|batch|bc1|h1|pso|r1|N30|c10,syn-explanatory_conceptual-sequential-r2,explanatory_conceptual,sequential,0,0,7023970792698232399,2026-10-01T05:43:55.336+00:00,completed,epsilon,True,True,True,True,,418.723694,489.6585920032521,486.8896109983325,2,65,0.46174206660316464,0.0009320597035671341,1144.7262459883427,,text,0-0-1-1-2-0-1-1,0.46267412630673177,True,10,batch,True,pso,30,1,swarm
oe4-pilot-v2,oe4,swarm|batch|bc1|h1|pso|r1|N30|c10,syn-logical_syntactic-functions-r4,logical_syntactic,functions,0,0,10275058418311301455,2026-10-01T05:43:55.158+00:00,completed,epsilon,True,True,True,True,,434.073478,688.6391879997973,686.6090700023051,4,70,0.4530924129093758,0.0029587093058543457,610.4122119960685,,code,2-2-0-0-1-0-0-1,0.45605112221523014,True,10,batch,True,pso,30,1,swarm
oe4-pilot-v2,oe4,swarm|batch|bc1|h1|pso|r1|N30|c10,syn-explanatory_conceptual-sequential-r3,explanatory_conceptual,sequential,0,0,15905282458092997945,2026-10-01T05:43:55.461+00:00,completed,epsilon,True,True,True,True,,215.681742,467.5537609982712,465.64984699944034,2,62,0.4489765705985682,1.9637715242826204e-07,535.3242110029745,,text,1-0-1-1-2-1-1-1,0.44897676697572064,True,10,batch,True,pso,30,1,swarm
oe4-pilot-v2,oe4,swarm|batch|bc1|h1|pso|r1|N30|c10,syn-explanatory_conceptual-sequential-r4,explanatory_conceptual,sequential,0,0,16212943396658008924,2026-10-01T05:43:55.500+00:00,completed,epsilon,True,True,True,True,,347.872114,576.9773829997575,574.2618900003436,4,70,0.4665029999409801,0.0,544.8874069993163,,text,1-1-1-0-2-0-1-1,0.4665029999409801,True,10,batch,True,pso,30,1,swarm
oe4-pilot-v2,oe4,swarm|batch|bc1|h1|pso|r1|N30|c10,syn-explanatory_conceptual-conditional-r0,explanatory_conceptual,conditional,0,0,5916953307552671090,2026-10-01T05:43:55.508+00:00,completed,epsilon,True,True,True,True,,383.936167,581.2217550010246,579.2745919970912,2,63,0.49552996804696203,0.0,1196.0944040100064,,code,2-1-1-0-2-0-1-1,0.49552996804696203,True,10,batch,True,pso,30,1,swarm
oe4-pilot-v2,oe4,swarm|batch|bc1|h1|pso|r1|N30|c10,syn-explanatory_conceptual-conditional-r4,explanatory_conceptual,conditional,0,0,8670080275324173838,2026-10-01T05:43:55.798+00:00,completed,epsilon,True,True,True,True,,210.352743,408.1132069986779,406.4184689996182,2,65,0.46408094218044915,0.0010551589873517564,559.8280730148966,,text,1-1-1-0-2-0-0-0,0.4651361011678009,True,10,batch,True,pso,30,1,swarm
oe4-pilot-v2,oe4,swarm|batch|bc1|h1|pso|r1|N30|c10,syn-explanatory_conceptual-conditional-r2,explanatory_conceptual,conditional,0,0,1341896759769893857,2026-10-01T05:43:55.595+00:00,completed,epsilon,True,True,True,True,,623.629428,759.652091001044,756.9520249999186,3,66,0.49030473008974373,0.0,931.015235008629,,diagram,1-1-2-0-2-0-1-1,0.49030473008974373,True,10,batch,True,pso,30,1,swarm
oe4-pilot-v2,oe4,swarm|batch|bc1|h1|pso|r1|N30|c10,syn-explanatory_conceptual-conditional-r1,explanatory_conceptual,conditional,0,0,18124705353368190302,2026-10-01T05:43:55.568+00:00,completed,epsilon,True,True,True,True,,636.903615,789.941306997207,787.6809110020986,2,62,0.4788636419583419,1.963771524837732e-07,1006.664209001882,,text,1-1-1-1-2-0-1-1,0.4788638383354944,True,10,batch,True,pso,30,1,swarm
oe4-pilot-v2,oe4,swarm|batch|bc1|h1|pso|r1|N30|c10,syn-explanatory_conceptual-conditional-r3,explanatory_conceptual,conditional,0,0,11332394261640184133,2026-10-01T05:43:55.792+00:00,completed,epsilon,True,True,True,True,,352.307628,569.3294949996925,567.2532310018141,2,63,0.43096390169879784,0.003654523026150769,522.1623499912874,,text,1-1-0-0-2-1-0-1,0.4346184247249486,True,10,batch,True,pso,30,1,swarm
oe4-pilot-v2,oe4,swarm|batch|bc1|h1|pso|r1|N30|c10,syn-explanatory_conceptual-repetitive-r0,explanatory_conceptual,repetitive,0,0,3237454591878846868,2026-10-01T05:43:55.804+00:00,completed,epsilon,True,True,True,True,,349.95212,559.656700999767,555.6755350007734,2,62,0.4460986935462345,0.02008255859137359,578.7680910053645,,text,1-1-1-1-2-1-0-1,0.4661812521376081,True,10,batch,True,pso,30,1,swarm
oe4-pilot-v2,oe4,swarm|batch|bc1|h1|pso|r1|N30|c10,syn-explanatory_conceptual-repetitive-r2,explanatory_conceptual,repetitive,0,0,10189736659373836677,2026-10-01T05:43:55.847+00:00,completed,epsilon,True,True,True,True,,354.73422,521.4662630023668,519.4771879978362,1,58,0.49088145414572526,0.0017991482131319847,1108.7728439923321,,text,1-0-1-1-2-1-1-1,0.49268060235885724,True,10,batch,True,pso,30,1,swarm
oe4-pilot-v2,oe4,swarm|batch|bc1|h1|pso|r1|N30|c10,syn-explanatory_conceptual-repetitive-r4,explanatory_conceptual,repetitive,0,0,615434091092212846,2026-10-01T05:43:56.077+00:00,completed,epsilon,True,True,True,True,,149.808278,383.4783450001851,381.28858799973386,1,58,0.45405216601876935,0.02008255859137359,472.81741001639455,,text,1-1-0-1-2-1-1-1,0.47413472461014294,True,10,batch,True,pso,30,1,swarm
oe4-pilot-v2,oe4,swarm|batch|bc1|h1|pso|r1|N30|c10,syn-explanatory_conceptual-arrays_vectors-r0,explanatory_conceptual,arrays_vectors,0,0,8420274505294676143,2026-10-01T05:43:56.089+00:00,completed,epsilon,True,True,True,True,,178.328989,394.943184001022,388.46360399838886,1,59,0.49778085910851905,0.027875012652007147,410.23162499212197,,text,1-1-1-1-2-1-0-1,0.5256558717605262,True,10,batch,True,pso,30,1,swarm
oe4-pilot-v2,oe4,swarm|batch|bc1|h1|pso|r1|N30|c10,syn-explanatory_conceptual-repetitive-r1,explanatory_conceptual,repetitive,0,0,10148232421566165977,2026-10-01T05:43:55.825+00:00,completed,epsilon,True,True,True,True,,487.114984,781.0620700001891,697.5306439999258,2,65,0.5255407002055713,1.9637715242826204e-07,1338.371722977664,,text,1-0-1-1-2-1-1-1,0.5255408965827237,True,10,batch,True,pso,30,1,swarm
oe4-pilot-v2,oe4,swarm|batch|bc1|h1|pso|r1|N30|c10,syn-explanatory_conceptual-arrays_vectors-r1,explanatory_conceptual,arrays_vectors,0,0,11621185609108110648,2026-10-01T05:43:56.206+00:00,completed,epsilon,True,True,True,True,,318.61932,437.5718349983799,435.6072039990977,1,59,0.4615647597787113,0.028694684783154678,225.76755298092417,,text,0-1-0-1-2-1-1-1,0.490259444561866,True,10,batch,True,pso,30,1,swarm
oe4-pilot-v2,oe4,swarm|batch|bc1|h1|pso|r1|N30|c10,syn-explanatory_conceptual-repetitive-r3,explanatory_conceptual,repetitive,0,0,5679236231213962541,2026-10-01T05:43:55.929+00:00,completed,epsilon,True,True,True,True,,642.741579,718.4687270018912,716.8147500015039,2,65,0.47773671108267024,0.009947252053144284,736.3524519977038,,text,1-0-1-0-2-1-1-1,0.4876839631358145,True,10,batch,True,pso,30,1,swarm
oe4-pilot-v2,oe4,swarm|batch|bc1|h1|pso|r1|N30|c10,syn-explanatory_conceptual-arrays_vectors-r2,explanatory_conceptual,arrays_vectors,0,0,3616904053699891200,2026-10-01T05:43:56.354+00:00,completed,epsilon,True,True,True,True,,208.327921,330.5041749990778,328.86274799966486,1,56,0.5002467392530876,0.027875012652007203,343.71184702102903,,diagram,0-1-2-1-2-1-1-1,0.5281217519050948,True,10,batch,True,pso,30,1,swarm
oe4-pilot-v2,oe4,swarm|batch|bc1|h1|pso|r1|N30|c10,syn-explanatory_conceptual-arrays_vectors-r3,explanatory_conceptual,arrays_vectors,0,0,9640228565651749554,2026-10-01T05:43:56.358+00:00,completed,epsilon,True,True,True,True,,300.768929,448.2278210016375,446.2043610001274,1,56,0.4899428394838256,0.017498999281390593,2047.297279012624,,text,0-1-1-1-2-1-0-1,0.5074418387652162,True,10,batch,True,pso,30,1,swarm
oe4-pilot-v2,oe4,swarm|batch|bc1|h1|pso|r1|N30|c10,syn-explanatory_conceptual-functions-r0,explanatory_conceptual,functions,0,0,4847129841761666601,2026-10-01T05:43:56.364+00:00,completed,epsilon,True,True,True,True,,335.025379,478.732478000893,476.01064999980736,1,57,0.4945698834876539,0.01617519995265254,2221.9953979817965,,text,1-2-1-1-2-0-1-1,0.5107450834403064,True,10,batch,True,pso,30,1,swarm
oe4-pilot-v2,oe4,swarm|batch|bc1|h1|pso|r1|N30|c10,syn-explanatory_conceptual-arrays_vectors-r4,explanatory_conceptual,arrays_vectors,0,0,12383051168938743430,2026-10-01T05:43:56.362+00:00,completed,epsilon,True,True,True,True,,442.098171,591.2407670002722,588.7859239992395,3,62,0.5167327431150519,0.0010555026473685336,1986.6061230036594,,text,1-0-1-2-2-0-1-0,0.5177882457624204,True,10,batch,True,pso,30,1,swarm
oe4-pilot-v2,oe4,swarm|batch|bc1|h1|pso|r1|N30|c10,syn-explanatory_conceptual-functions-r2,explanatory_conceptual,functions,0,0,15850266999198055000,2026-10-01T05:43:56.460+00:00,completed,epsilon,True,True,True,True,,433.109947,505.74733599933097,502.81703200016636,1,56,0.46612651648152953,0.02008255859137359,513.7108930020988,,text,1-1-1-1-2-1-1-1,0.4862090750729031,True,10,batch,True,pso,30,1,swarm
oe4-pilot-v2,oe4,swarm|batch|bc1|h1|pso|r1|N30|c10,syn-explanatory_conceptual-functions-r1,explanatory_conceptual,functions,0,0,8968182148387190867,2026-10-01T05:43:56.368+00:00,completed,epsilon,True,True,True,True,,525.530691,663.9920019988494,661.7871050002577,4,73,0.5134225156367632,0.0,2233.8866740065046,,code,2-0-1-0-2-0-0-1,0.5134225156367632,True,10,batch,True,pso,30,1,swarm
oe4-pilot-v2,oe4,swarm|batch|bc1|h1|pso|r1|N30|c10,syn-balanced_multimodal-sequential-r1,balanced_multimodal,sequential,0,0,15851898587384579384,2026-10-01T05:43:56.647+00:00,completed,epsilon,True,True,True,True,,337.379428,576.518177997059,573.830323999573,2,63,0.46578051203228604,0.02008255859137359,975.6799879992979,,code,2-1-2-1-1-1-1-1,0.48586307062365963,True,10,batch,True,pso,30,1,swarm
oe4-pilot-v2,oe4,swarm|batch|bc1|h1|pso|r1|N30|c10,syn-explanatory_conceptual-functions-r3,explanatory_conceptual,functions,0,0,15409255459732107106,2026-10-01T05:43:56.484+00:00,completed,epsilon,True,True,True,True,,497.852989,746.0401830030605,743.4933650001767,1,59,0.4977771280697979,0.007792797720650335,1054.215757986999,,text,1-0-1-2-2-1-1-1,0.5055699257904482,True,10,batch,True,pso,30,1,swarm
oe4-pilot-v2,oe4,swarm|batch|bc1|h1|pso|r1|N30|c10,syn-balanced_multimodal-sequential-r2,balanced_multimodal,sequential,0,0,9812259528755781404,2026-10-01T05:43:56.685+00:00,completed,epsilon,True,True,True,True,,369.981552,550.4789149999851,547.9197889981151,2,63,0.5195512786534427,1.9637715242826204e-07,787.683986987447,,code,2-0-1-1-1-1-1-1,0.5195514750305952,True,10,batch,True,pso,30,1,swarm
oe4-pilot-v2,oe4,swarm|batch|bc1|h1|pso|r1|N30|c10,syn-balanced_multimodal-sequential-r0,balanced_multimodal,sequential,0,0,12829628287881295465,2026-10-01T05:43:56.644+00:00,completed,epsilon,True,True,True,True,,432.986255,636.1002010016819,633.9999420015374,3,69,0.4948651175024352,0.0,569.9951659978547,,diagram,1-0-2-0-1-1-1-1,0.4948651175024352,True,10,batch,True,pso,30,1,swarm
oe4-pilot-v2,oe4,swarm|batch|bc1|h1|pso|r1|N30|c10,syn-balanced_multimodal-sequential-r3,balanced_multimodal,sequential,0,0,17396203175820366605,2026-10-01T05:43:56.806+00:00,completed,epsilon,True,True,True,True,,326.184151,477.4479949992383,475.17757400055416,2,63,0.5055952816994697,0.0,246.09834699707784,,text,1-0-1-0-2-1-1-1,0.5055952816994697,True,10,batch,True,pso,30,1,swarm
oe4-pilot-v2,oe4,swarm|batch|bc1|h1|pso|r1|N30|c10,syn-balanced_multimodal-conditional-r0,balanced_multimodal,conditional,0,0,9492171042143771967,2026-10-01T05:43:56.953+00:00,completed,epsilon,True,True,True,True,,182.007707,395.1788160011347,388.4694699991087,1,61,0.48780502665661635,0.0036547194033032526,360.1038119995644,,code,2-1-1-1-1-1-1-1,0.4914597460599196,True,10,batch,True,pso,30,1,swarm
oe4-pilot-v2,oe4,swarm|batch|bc1|h1|pso|r1|N30|c10,syn-balanced_multimodal-conditional-r1,balanced_multimodal,conditional,0,0,12567349465944861023,2026-10-01T05:43:56.966+00:00,completed,epsilon,True,True,True,True,,206.471859,426.3454330030072,423.8865169972996,1,61,0.4988095313719645,0.0,521.2833570082622,,code,1-1-1-0-1-0-1-1,0.4988095313719645,True,10,batch,True,pso,30,1,swarm
oe4-pilot-v2,oe4,swarm|batch|bc1|h1|pso|r1|N30|c10,syn-explanatory_conceptual-functions-r4,explanatory_conceptual,functions,0,0,13584105466744503536,2026-10-01T05:43:56.607+00:00,completed,epsilon,True,True,True,True,,576.120636,869.2938210006105,865.8176600001752,2,61,0.49970043101958095,0.0,306.8274100008838,,text,1-0-1-0-2-0-1-1,0.49970043101958095,True,10,batch,True,pso,30,1,swarm
oe4-pilot-v2,oe4,swarm|batch|bc1|h1|pso|r1|N30|c10,syn-balanced_multimodal-conditional-r2,balanced_multimodal,conditional,0,0,4742918314447581142,2026-10-01T05:43:57.032+00:00,completed,epsilon,True,True,True,True,,323.712469,471.37899399967864,469.28640699843527,2,65,0.4993812836734506,0.0,703.7585920006672,,code,1-1-1-0-1-0-1-1,0.4993812836734506,True,10,batch,True,pso,30,1,swarm
oe4-pilot-v2,oe4,swarm|batch|bc1|h1|pso|r1|N30|c10,syn-balanced_multimodal-sequential-r4,balanced_multimodal,sequential,0,0,16072189927809315852,2026-10-01T05:43:56.842+00:00,completed,epsilon,True,True,True,True,,457.237123,664.4285890033643,662.4884740012931,4,73,0.5064313832719637,1.9637715242826204e-07,186.61365001966757,,code,2-0-2-1-2-1-2-1,0.5064315796491161,True,10,batch,True,pso,30,1,swarm
oe4-pilot-v2,oe4,swarm|batch|bc1|h1|pso|r1|N30|c10,syn-balanced_multimodal-conditional-r3,balanced_multimodal,conditional,0,0,11394639668150330671,2026-10-01T05:43:57.224+00:00,completed,epsilon,True,True,True,True,,212.465818,387.9727429994091,384.6958899994206,2,65,0.47153478436590585,1.963771524837732e-07,527.8948390027682,,text,1-1-1-1-2-0-1-1,0.47153498074305833,True,10,batch,True,pso,30,1,swarm
oe4-pilot-v2,oe4,swarm|batch|bc1|h1|pso|r1|N30|c10,syn-balanced_multimodal-conditional-r4,balanced_multimodal,conditional,0,0,2277667993778051270,2026-10-01T05:43:57.230+00:00,completed,epsilon,True,True,True,True,,218.704623,393.0761900010111,388.9657209983852,1,59,0.49335718275037993,0.0036547194033032526,794.9156909873427,,code,2-1-1-1-2-1-2-1,0.4970119021536832,True,10,batch,True,pso,30,1,swarm
oe4-pilot-v2,oe4,swarm|batch|bc1|h1|pso|r1|N30|c10,syn-balanced_multimodal-repetitive-r0,balanced_multimodal,repetitive,0,0,3839617547738254315,2026-10-01T05:43:57.235+00:00,completed,epsilon,True,True,True,True,,251.28639,423.6285389997647,421.59170499871834,2,63,0.5583985455313946,1.9637715242826204e-07,749.1562760019557,,code,2-0-1-1-1-1-2-1,0.558398741908547,True,10,batch,True,pso,30,1,swarm
oe4-pilot-v2,oe4,swarm|batch|bc1|h1|pso|r1|N30|c10,syn-balanced_multimodal-repetitive-r2,balanced_multimodal,repetitive,0,0,12027688066564710874,2026-10-01T05:43:57.283+00:00,completed,epsilon,True,True,True,True,,348.100715,494.0730540001823,492.032856996957,1,54,0.48695008664679024,0.02008255859137359,865.456567987651,,code,2-1-2-1-1-1-2-1,0.5070326452381638,True,10,batch,True,pso,30,1,swarm
oe4-pilot-v2,oe4,swarm|batch|bc1|h1|pso|r1|N30|c10,syn-balanced_multimodal-repetitive-r3,balanced_multimodal,repetitive,0,0,10665835498416014906,2026-10-01T05:43:57.348+00:00,completed,epsilon,True,True,True,True,,383.909225,461.5097069981857,457.5877240022237,1,53,0.498403614745411,0.02008255859137359,892.3742579984728,,diagram,1-1-2-1-2-1-1-1,0.5184861733367846,True,10,batch,True,pso,30,1,swarm
oe4-pilot-v2,oe4,swarm|batch|bc1|h1|pso|r1|N30|c10,syn-balanced_multimodal-repetitive-r1,balanced_multimodal,repetitive,0,0,2659073220867155690,2026-10-01T05:43:57.280+00:00,completed,epsilon,True,True,True,True,,429.279116,557.7293860005739,555.9592600002361,1,56,0.5099655888622538,0.020082558591373645,1246.2702349801614,,code,2-1-2-1-2-1-1-1,0.5300481474536275,True,10,batch,True,pso,30,1,swarm
oe4-pilot-v2,oe4,swarm|batch|bc1|h1|pso|r1|N30|c10,syn-balanced_multimodal-repetitive-r4,balanced_multimodal,repetitive,0,0,16842203000296662102,2026-10-01T05:43:57.392+00:00,completed,epsilon,True,True,True,True,,246.559597,492.22385900066,478.6464690005232,2,63,0.5555295985433403,0.0,353.83406799241635,,code,2-0-1-0-1-1-2-1,0.5555295985433403,True,10,batch,True,pso,30,1,swarm
oe4-pilot-v2,oe4,swarm|batch|bc1|h1|pso|r1|N30|c10,syn-balanced_multimodal-arrays_vectors-r4,balanced_multimodal,arrays_vectors,0,0,7080146454937735062,2026-10-01T05:43:57.623+00:00,completed,epsilon,True,True,True,True,,232.074239,421.7935039996519,418.6663510008657,1,53,0.5231764212501887,0.0034158919247068154,340.00478300530204,,code,2-1-1-1-1-0-1-1,0.5265923131748955,True,10,batch,True,pso,30,1,swarm
oe4-pilot-v2,oe4,swarm|batch|bc1|h1|pso|r1|N30|c10,syn-balanced_multimodal-arrays_vectors-r1,balanced_multimodal,arrays_vectors,0,0,1557390382835702406,2026-10-01T05:43:57.504+00:00,completed,epsilon,True,True,True,True,,349.210458,574.2251560004661,571.5059860012843,1,59,0.5096116990703786,0.010013934431594262,351.54357599866046,,code,1-0-1-0-1-1-1-1,0.5196256335019729,True,10,batch,True,pso,30,1,swarm
oe4-pilot-v2,oe4,swarm|batch|bc1|h1|pso|r1|N30|c10,syn-balanced_multimodal-arrays_vectors-r0,balanced_multimodal,arrays_vectors,0,0,8202019099685287209,2026-10-01T05:43:57.476+00:00,completed,epsilon,True,True,True,True,,356.018768,603.6047039997356,599.5456499986176,2,65,0.5214552573504015,0.007792454060633558,375.07431701162807,,code,2-0-1-0-2-1-1-1,0.5292477114110351,True,10,batch,True,pso,30,1,swarm
oe4-pilot-v2,oe4,swarm|batch|bc1|h1|pso|r1|N30|c10,syn-balanced_multimodal-functions-r1,balanced_multimodal,functions,0,0,368220290834284782,2026-10-01T05:43:57.777+00:00,completed,epsilon,True,True,True,True,,290.818945,466.43692100042244,464.0806479983439,1,58,0.49177264213206817,0.020082362214221106,273.23359700257635,,code,2-1-1-0-1-1-2-1,0.5118550043462893,True,10,batch,True,pso,30,1,swarm
oe4-pilot-v2,oe4,swarm|batch|bc1|h1|pso|r1|N30|c10,syn-balanced_multimodal-arrays_vectors-r2,balanced_multimodal,arrays_vectors,0,0,1551228789342824201,2026-10-01T05:43:57.507+00:00,completed,epsilon,True,True,True,True,,510.436004,739.3023080003331,735.4346920001262,3,69,0.5407907180206968,0.007792454060633558,710.1696900065828,,text,1-0-1-0-2-1-1-1,0.5485831720813303,True,10,batch,True,pso,30,1,swarm
oe4-pilot-v2,oe4,swarm|batch|bc1|h1|pso|r1|N30|c10,syn-balanced_multimodal-functions-r3,balanced_multimodal,functions,0,0,18228905326412579013,2026-10-01T05:43:57.838+00:00,completed,epsilon,True,True,True,True,,212.632412,415.8732700016117,413.9514970011078,1,59,0.49300132682799114,0.024411447389422025,736.543231992108,,code,1-0-1-1-1-1-0-1,0.5174127742174132,True,10,batch,True,pso,30,1,swarm
oe4-pilot-v2,oe4,swarm|batch|bc1|h1|pso|r1|N30|c10,syn-balanced_multimodal-functions-r2,balanced_multimodal,functions,0,0,8673480799685267205,2026-10-01T05:43:57.810+00:00,completed,epsilon,True,True,True,True,,233.045508,467.35021300264634,465.39561999816215,2,62,0.510395070984393,0.007792454060633558,341.70987299933404,,code,2-0-1-0-1-1-1-1,0.5181875250450265,True,10,batch,True,pso,30,1,swarm
oe4-pilot-v2,oe4,swarm|batch|bc1|h1|pso|r1|N30|c10,syn-balanced_multimodal-functions-r0,balanced_multimodal,functions,0,0,2933908082685948832,2026-10-01T05:43:57.659+00:00,completed,epsilon,True,True,True,True,,495.889362,632.5432560006448,630.4624109980068,3,69,0.5309809873500523,0.0,793.3280560197974,,code,2-0-2-0-1-0-1-1,0.5309809873500523,True,10,batch,True,pso,30,1,swarm
oe4-pilot-v2,oe4,swarm|batch|bc1|h1|pso|r1|N30|c10,syn-balanced_multimodal-functions-r4,balanced_multimodal,functions,0,0,4683180797726806680,2026-10-01T05:43:57.884+00:00,completed,epsilon,True,True,True,True,,266.787074,417.35970100125996,415.3865180014691,3,69,0.5037098665441013,0.0,672.1782599890164,,diagram,1-0-2-0-1-0-1-1,0.5037098665441013,True,10,batch,True,pso,30,1,swarm
oe4-pilot-v2,oe4,swarm|batch|bc1|h1|pso|r1|N30|c10,syn-balanced_multimodal-arrays_vectors-r3,balanced_multimodal,arrays_vectors,0,0,11908930478528390133,2026-10-01T05:43:57.612+00:00,completed,epsilon,True,True,True,True,,520.784957,695.1319879990479,693.1502810002712,6,81,0.5517303986475605,0.0,282.17115400259723,,code,2-0-2-1-1-0-2-1,0.5517303986475605,True,10,batch,True,pso,30,1,swarm
oe4-pilot-v2,oe4,swarm|batch|bc1|h1|pso|r1|N30|c10,syn-visual_dominant-conditional-r0,visual_dominant,conditional,0,1,11471567894967710186,2026-10-01T05:43:58.310+00:00,completed,epsilon,True,True,True,True,,164.195731,184.47308100076043,181.74368000109098,1,61,0.4683786250362893,0.007792650437786042,512.6034820123061,,diagram,1-1-2-1-0-1-0-1,0.47617127547407534,True,10,batch,True,pso,30,1,swarm
oe4-pilot-v2,oe4,swarm|batch|bc1|h1|pso|r1|N30|c10,syn-visual_dominant-sequential-r1,visual_dominant,sequential,0,1,17048800117076641484,2026-10-01T05:43:58.308+00:00,completed,epsilon,True,True,True,True,,163.163064,189.60913800037815,187.73601000066265,1,53,0.44878503224528293,0.02008255859137359,363.10898200829075,,diagram,1-1-2-1-0-1-1-1,0.4688675908366565,True,10,batch,True,pso,30,1,swarm
oe4-pilot-v2,oe4,swarm|batch|bc1|h1|pso|r1|N30|c10,syn-visual_dominant-sequential-r0,visual_dominant,sequential,0,1,8580140326324496627,2026-10-01T05:43:58.307+00:00,completed,epsilon,True,True,True,True,,281.968081,314.06097099898034,312.0008449986926,2,63,0.47580606727894714,0.0,1074.118300998312,,diagram,1-0-2-0-1-1-0-1,0.47580606727894714,True,10,batch,True,pso,30,1,swarm
oe4-pilot-v2,oe4,swarm|batch|bc1|h1|pso|r1|N30|c10,syn-visual_dominant-sequential-r2,visual_dominant,sequential,0,1,4355585619346073820,2026-10-01T05:43:58.308+00:00,completed,epsilon,True,True,True,True,,305.825517,336.88836800138233,335.03085100164753,3,66,0.4684960847891392,0.0,1025.8597489853403,,diagram,1-0-2-0-0-1-0-1,0.4684960847891392,True,10,batch,True,pso,30,1,swarm
oe4-pilot-v2,oe4,swarm|batch|bc1|h1|pso|r1|N30|c10,syn-visual_dominant-sequential-r3,visual_dominant,sequential,0,1,5551779150201999310,2026-10-01T05:43:58.309+00:00,completed,epsilon,True,True,True,True,,316.797881,358.07159500109265,356.28933100088034,3,63,0.4968930391220401,0.0,912.2603389929992,,diagram,1-0-2-0-0-1-1-1,0.4968930391220401,True,10,batch,True,pso,30,1,swarm
oe4-pilot-v2,oe4,swarm|batch|bc1|h1|pso|r1|N30|c10,syn-visual_dominant-conditional-r4,visual_dominant,conditional,0,1,7123775909059268369,2026-10-01T05:43:58.311+00:00,completed,epsilon,True,True,True,True,,404.83683,456.1630280004465,451.471879001474,1,58,0.4486569413932807,0.0,1417.173400994929,,diagram,1-1-2-0-1-0-0-1,0.4486569413932807,True,10,batch,True,pso,30,1,swarm
oe4-pilot-v2,oe4,swarm|batch|bc1|h1|pso|r1|N30|c10,syn-visual_dominant-sequential-r4,visual_dominant,sequential,0,1,13994061115368628468,2026-10-01T05:43:58.309+00:00,completed,epsilon,True,True,True,True,,458.100932,525.7247369991092,523.460727003112,2,65,0.45399075511807396,1.9637715242826204e-07,1018.3427079942892,,diagram,1-0-2-1-1-1-0-1,0.4539909514952264,True,10,batch,True,pso,30,1,swarm
oe4-pilot-v2,oe4,swarm|batch|bc1|h1|pso|r1|N30|c10,syn-visual_dominant-conditional-r2,visual_dominant,conditional,0,1,7530803405880337628,2026-10-01T05:43:58.310+00:00,completed,epsilon,True,True,True,True,,500.807196,541.6157350009598,539.3794769988745,2,65,0.47576325269917313,1.963771524837732e-07,1521.9899179988436,,code,2-1-2-1-1-0-1-1,0.4757634490763256,True,10,batch,True,pso,30,1,swarm
oe4-pilot-v2,oe4,swarm|batch|bc1|h1|pso|r1|N30|c10,syn-visual_dominant-conditional-r3,visual_dominant,conditional,0,1,12303691227522993195,2026-10-01T05:43:58.311+00:00,completed,epsilon,True,True,True,True,,510.48802,565.8607759978622,546.7118689994095,2,65,0.4537572043126114,0.0036547194033032526,1449.5193869945326,,diagram,1-1-2-1-0-1-1-1,0.45741192371591466,True,10,batch,True,pso,30,1,swarm
oe4-pilot-v2,oe4,swarm|batch|bc1|h1|pso|r1|N30|c10,syn-visual_dominant-repetitive-r0,visual_dominant,repetitive,0,1,3652346516165016234,2026-10-01T05:43:58.494+00:00,completed,epsilon,True,True,True,True,,180.182327,443.23200799772167,441.2482119987544,1,59,0.46998170127395994,0.02008255859137359,488.4865419981842,,diagram,1-1-2-1-1-1-0-1,0.49006425986533353,True,10,batch,True,pso,30,1,swarm
oe4-pilot-v2,oe4,swarm|batch|bc1|h1|pso|r1|N30|c10,syn-visual_dominant-conditional-r1,visual_dominant,conditional,0,1,13928515270300365190,2026-10-01T05:43:58.310+00:00,completed,epsilon,True,True,True,True,,588.895961,632.0138769988262,629.7491469995293,4,73,0.4371315517815198,1.963771524837732e-07,1571.8930190149113,,diagram,1-1-2-1-0-0-0-1,0.4371317481586723,True,10,batch,True,pso,30,1,swarm
oe4-pilot-v2,oe4,swarm|batch|bc1|h1|pso|r1|N30|c10,syn-visual_dominant-repetitive-r2,visual_dominant,repetitive,0,1,15577984090316381348,2026-10-01T05:43:58.621+00:00,completed,epsilon,True,True,True,True,,371.824077,517.0916210008727,514.7978359964327,2,63,0.5174510138160732,1.9637715242826204e-07,1082.5679050053172,,code,2-0-2-1-1-1-0-1,0.5174512101932256,True,10,batch,True,pso,30,1,swarm
oe4-pilot-v2,oe4,swarm|batch|bc1|h1|pso|r1|N30|c10,syn-visual_dominant-repetitive-r3,visual_dominant,repetitive,0,1,13061490195280824700,2026-10-01T05:43:58.645+00:00,completed,epsilon,True,True,True,True,,377.416,498.04937000226346,496.11213599928305,2,55,0.4931223664434585,0.012207742316518777,824.4714899953107,,diagram,1-0-2-1-0-0-0-1,0.5053301087599773,True,10,batch,True,pso,30,1,swarm
oe4-pilot-v2,oe4,swarm|batch|bc1|h1|pso|r1|N30|c10,syn-visual_dominant-repetitive-r4,visual_dominant,repetitive,0,1,5153165576748431564,2026-10-01T05:43:58.667+00:00,completed,epsilon,True,True,True,True,,395.716465,506.9081450019439,504.99236899850075,3,66,0.4676075053726938,0.0,776.0747199937072,,diagram,1-0-2-0-0-1-0-1,0.4676075053726938,True,10,batch,True,pso,30,1,swarm
oe4-pilot-v2,oe4,swarm|batch|bc1|h1|pso|r1|N30|c10,syn-visual_dominant-arrays_vectors-r0,visual_dominant,arrays_vectors,0,1,2484686855457110652,2026-10-01T05:43:58.767+00:00,completed,epsilon,True,True,True,True,,371.663655,590.2840890012158,588.0219279970333,1,54,0.46105976353153516,0.027875012652007147,502.7443200050174,,diagram,1-1-2-1-0-1-0-1,0.4889347761835423,True,10,batch,True,pso,30,1,swarm
oe4-pilot-v2,oe4,swarm|batch|bc1|h1|pso|r1|N30|c10,syn-visual_dominant-arrays_vectors-r4,visual_dominant,arrays_vectors,0,1,13236652181889018265,2026-10-01T05:43:58.937+00:00,completed,epsilon,True,True,True,True,,319.856084,435.00588399911067,432.408247001149,1,58,0.49310999494245983,0.004471198194922976,926.8617890026717,,diagram,1-1-2-2-1-0-0-0,0.4975811931373828,True,10,batch,True,pso,30,1,swarm
oe4-pilot-v2,oe4,swarm|batch|bc1|h1|pso|r1|N30|c10,syn-visual_dominant-arrays_vectors-r1,visual_dominant,arrays_vectors,0,1,14387502913323118724,2026-10-01T05:43:58.835+00:00,completed,epsilon,True,True,True,True,,356.171519,558.4296199995151,555.9713399998145,3,67,0.4531926066883153,0.0,525.99240102203,,diagram,1-0-2-0-0-0-0-1,0.4531926066883153,True,10,batch,True,pso,30,1,swarm
oe4-pilot-v2,oe4,swarm|batch|bc1|h1|pso|r1|N30|c10,syn-visual_dominant-repetitive-r1,visual_dominant,repetitive,0,1,9493985239135120539,2026-10-01T05:43:58.497+00:00,completed,epsilon,True,True,True,True,,643.490056,922.5185789982788,905.4240839977865,5,74,0.49141108956712465,0.0,557.5898569927829,,code,2-0-2-0-1-1-1-1,0.49141108956712465,True,10,batch,True,pso,30,1,swarm
oe4-pilot-v2,oe4,swarm|batch|bc1|h1|pso|r1|N30|c10,syn-visual_dominant-arrays_vectors-r2,visual_dominant,arrays_vectors,0,1,18083930375172244621,2026-10-01T05:43:58.852+00:00,completed,epsilon,True,True,True,True,,376.89737,572.764055999869,570.5628270006855,3,66,0.5218342851242742,1.9637715242826204e-07,512.0943689861148,,diagram,1-0-2-1-1-0-1-1,0.5218344815014266,True,10,batch,True,pso,30,1,swarm
oe4-pilot-v2,oe4,swarm|batch|bc1|h1|pso|r1|N30|c10,syn-visual_dominant-arrays_vectors-r3,visual_dominant,arrays_vectors,0,1,16074832408338533935,2026-10-01T05:43:58.877+00:00,completed,epsilon,True,True,True,True,,376.322022,552.8941720003786,550.5241960017884,3,69,0.5279373560844233,0.0,915.9880860039511,,diagram,0-0-2-1-1-0-0-1,0.5279373560844233,True,10,batch,True,pso,30,1,swarm
oe4-pilot-v2,oe4,swarm|batch|bc1|h1|pso|r1|N30|c10,syn-visual_dominant-functions-r0,visual_dominant,functions,0,1,11375697626506085209,2026-10-01T05:43:58.942+00:00,completed,epsilon,True,True,True,True,,498.150041,635.6539129992598,632.6969100009592,1,53,0.47770576352191013,0.02008255859137359,726.1277230022622,,diagram,1-1-2-1-1-1-0-1,0.4977883221132837,True,10,batch,True,pso,30,1,swarm
oe4-pilot-v2,oe4,swarm|batch|bc1|h1|pso|r1|N30|c10,syn-visual_dominant-functions-r1,visual_dominant,functions,0,1,12724222799605840855,2026-10-01T05:43:59.138+00:00,completed,epsilon,True,True,True,True,,254.076297,442.6171640006942,440.6743250001455,2,63,0.49466746788594257,0.007230897594027896,437.3010309981966,,code,2-2-2-1-1-0-0-1,0.5018983654799705,True,10,batch,True,pso,30,1,swarm
oe4-pilot-v2,oe4,swarm|batch|bc1|h1|pso|r1|N30|c10,syn-visual_dominant-functions-r3,visual_dominant,functions,0,1,15496158585802717903,2026-10-01T05:43:59.174+00:00,completed,epsilon,True,True,True,True,,295.221595,418.05504800140625,416.2131769990083,1,61,0.4525600963951378,0.027875012652007147,509.91479099780463,,diagram,1-1-2-1-0-1-1-1,0.4804351090471449,True,10,batch,True,pso,30,1,swarm
oe4-pilot-v2,oe4,swarm|batch|bc1|h1|pso|r1|N30|c10,syn-visual_dominant-functions-r2,visual_dominant,functions,0,1,2855966151648987497,2026-10-01T05:43:59.143+00:00,completed,epsilon,True,True,True,True,,310.606735,457.8065229979984,456.248358997982,2,62,0.4624311814719705,0.008945025651836969,506.0032640000748,,diagram,1-0-2-1-0-1-1-1,0.47137620712380746,True,10,batch,True,pso,30,1,swarm
oe4-pilot-v2,oe4,swarm|batch|bc1|h1|pso|r1|N30|c10,syn-logical_syntactic-sequential-r0,logical_syntactic,sequential,0,1,13362044807751343064,2026-10-01T05:43:59.372+00:00,completed,epsilon,True,True,True,True,,187.548566,317.59272599811084,307.73195199799375,1,61,0.4761348237523099,0.02008255859137359,641.7320869923773,,code,2-1-1-1-0-1-0-1,0.4962173823436835,True,10,batch,True,pso,30,1,swarm
oe4-pilot-v2,oe4,swarm|batch|bc1|h1|pso|r1|N30|c10,syn-logical_syntactic-sequential-r1,logical_syntactic,sequential,0,1,14311645315440717423,2026-10-01T05:43:59.393+00:00,completed,epsilon,True,True,True,True,,277.415143,402.5524230019073,399.5641910005361,3,69,0.4825463618186212,0.0,974.263041011148,,code,2-0-1-0-1-1-0-1,0.4825463618186212,True,10,batch,True,pso,30,1,swarm
oe4-pilot-v2,oe4,swarm|batch|bc1|h1|pso|r1|N30|c10,syn-logical_syntactic-sequential-r2,logical_syntactic,sequential,0,1,15643440995604996842,2026-10-01T05:43:59.420+00:00,completed,epsilon,True,True,True,True,,324.257297,447.3525030007295,440.48672600183636,1,57,0.5052479809084092,0.0034158919247069264,1135.67057700836,,code,2-1-0-1-1-1-1-1,0.5086638728331161,True,10,batch,True,pso,30,1,swarm
oe4-pilot-v2,oe4,swarm|batch|bc1|h1|pso|r1|N30|c10,syn-visual_dominant-functions-r4,visual_dominant,functions,0,1,10259835321663512086,2026-10-01T05:43:59.358+00:00,completed,epsilon,True,True,True,True,,410.359063,553.984820999176,551.6828920008265,2,60,0.48282466482518693,0.019803777820581292,581.3959199925605,,code,2-2-2-1-1-1-1-1,0.5026284426457682,True,10,batch,True,pso,30,1,swarm
oe4-pilot-v2,oe4,swarm|batch|bc1|h1|pso|r1|N30|c10,syn-logical_syntactic-sequential-r3,logical_syntactic,sequential,0,1,16960600487627624599,2026-10-01T05:43:59.425+00:00,completed,epsilon,True,True,True,True,,429.886732,508.756571001868,505.5224870011443,3,66,0.47454058681115907,0.0,1354.0980840205852,,code,2-0-1-0-1-1-0-1,0.47454058681115907,True,10,batch,True,pso,30,1,swarm
oe4-pilot-v2,oe4,swarm|batch|bc1|h1|pso|r1|N30|c10,syn-logical_syntactic-conditional-r0,logical_syntactic,conditional,0,1,4732552759670585228,2026-10-01T05:43:59.578+00:00,completed,epsilon,True,True,True,True,,153.125107,364.8702159989625,362.93008099892177,1,59,0.4552126305749631,0.003654523026150769,393.3852470184607,,code,2-1-1-0-0-1-0-1,0.45886715360111385,True,10,batch,True,pso,30,1,swarm
oe4-pilot-v2,oe4,swarm|batch|bc1|h1|pso|r1|N30|c10,syn-logical_syntactic-sequential-r4,logical_syntactic,sequential,0,1,17250185977012485747,2026-10-01T05:43:59.430+00:00,completed,epsilon,True,True,True,True,,452.315603,533.8221819984028,531.4442079979926,4,70,0.4963874393518477,3.4366001677721414e-07,897.058515004723,,code,2-0-1-2-1-0-0-1,0.4963877830118645,True,10,batch,True,pso,30,1,swarm
oe4-pilot-v2,oe4,swarm|batch|bc1|h1|pso|r1|N30|c10,syn-logical_syntactic-conditional-r3,logical_syntactic,conditional,0,1,6626061848004110554,2026-10-01T05:43:59.601+00:00,completed,epsilon,True,True,True,True,,333.080841,546.9114640000043,544.1616130010516,1,59,0.4614734643861827,0.007792650437786042,939.3099180109692,,code,2-1-1-1-0-1-0-1,0.46926611482396874,True,10,batch,True,pso,30,1,swarm
oe4-pilot-v2,oe4,swarm|batch|bc1|h1|pso|r1|N30|c10,syn-logical_syntactic-conditional-r4,logical_syntactic,conditional,0,1,2581103798954869873,2026-10-01T05:43:59.690+00:00,completed,epsilon,True,True,True,True,,353.15307,471.5734749988769,468.5987869997916,1,53,0.4839345737065493,0.0036547194033032526,695.8684329953626,,code,2-1-1-1-1-1-1-1,0.48758929310985255,True,10,batch,True,pso,30,1,swarm
oe4-pilot-v2,oe4,swarm|batch|bc1|h1|pso|r1|N30|c10,syn-logical_syntactic-conditional-r1,logical_syntactic,conditional,0,1,16767561851559065070,2026-10-01T05:43:59.581+00:00,completed,epsilon,True,True,True,True,,361.051511,583.6894829990342,581.3674820019514,2,63,0.44403176024746854,0.007792797720650391,939.3687539879498,,code,2-1-1-2-0-1-0-1,0.45182455796811893,True,10,batch,True,pso,30,1,swarm
oe4-pilot-v2,oe4,swarm|batch|bc1|h1|pso|r1|N30|c10,syn-logical_syntactic-repetitive-r0,logical_syntactic,repetitive,0,1,2563900073831829840,2026-10-01T05:43:59.796+00:00,completed,epsilon,True,True,True,True,,235.570457,395.8900520010502,394.03195699924254,1,58,0.45068774937313677,0.02008255859137359,266.69789399447023,,code,2-1-2-1-0-1-1-1,0.47077030796451036,True,10,batch,True,pso,30,1,swarm
oe4-pilot-v2,oe4,swarm|batch|bc1|h1|pso|r1|N30|c10,syn-logical_syntactic-conditional-r2,logical_syntactic,conditional,0,1,6973891702751108736,2026-10-01T05:43:59.592+00:00,completed,epsilon,True,True,True,True,,408.810934,606.5123249973112,604.8886880016653,2,62,0.4667613697407896,1.963771524837732e-07,814.8141670139893,,code,2-1-1-1-0-0-1-1,0.46676156611794206,True,10,batch,True,pso,30,1,swarm
oe4-pilot-v2,oe4,swarm|batch|bc1|h1|pso|r1|N30|c10,syn-logical_syntactic-repetitive-r1,logical_syntactic,repetitive,0,1,1690962082425471307,2026-10-01T05:43:59.867+00:00,completed,epsilon,True,True,True,True,,226.067688,424.8284210007114,423.2663679977122,1,56,0.46854772531455674,0.02008255859137359,465.3519969885854,,code,2-1-1-1-0-1-0-1,0.48863028390593033,True,10,batch,True,pso,30,1,swarm
oe4-pilot-v2,oe4,swarm|batch|bc1|h1|pso|r1|N30|c10,syn-logical_syntactic-repetitive-r2,logical_syntactic,repetitive,0,1,12298035747105259136,2026-10-01T05:43:59.912+00:00,completed,epsilon,True,True,True,True,,228.718076,399.40084100089734,397.3981109993474,1,59,0.48860682289608054,0.02008255859137359,467.3484130051688,,code,2-1-1-1-1-1-1-1,0.5086893814874541,True,10,batch,True,pso,30,1,swarm
oe4-pilot-v2,oe4,swarm|batch|bc1|h1|pso|r1|N30|c10,syn-logical_syntactic-arrays_vectors-r0,logical_syntactic,arrays_vectors,0,1,14948705039163960895,2026-10-01T05:43:59.963+00:00,completed,epsilon,True,True,True,True,,331.394769,528.5433660028502,526.2984389992198,1,58,0.4856184373133194,0.02008255859137359,233.900342009731,,code,2-1-1-1-0-0-1-1,0.505700995904693,True,10,batch,True,pso,30,1,swarm
oe4-pilot-v2,oe4,swarm|batch|bc1|h1|pso|r1|N30|c10,syn-logical_syntactic-repetitive-r4,logical_syntactic,repetitive,0,1,3613547958009930106,2026-10-01T05:43:59.943+00:00,completed,epsilon,True,True,True,True,,422.833807,562.3680369972135,560.3593480009295,2,62,0.42431599984481977,0.02008255859137359,692.654275983652,,code,2-1-0-1-1-1-0-1,0.44439855843619336,True,10,batch,True,pso,30,1,swarm
oe4-pilot-v2,oe4,swarm|batch|bc1|h1|pso|r1|N30|c10,syn-logical_syntactic-arrays_vectors-r2,logical_syntactic,arrays_vectors,0,1,7678510444233138347,2026-10-01T05:44:00.162+00:00,completed,epsilon,True,True,True,True,,215.235315,414.8421470017638,412.977341999067,1,61,0.49083069767651405,0.027875012652007147,499.2078309997777,,code,2-1-1-1-0-1-0-1,0.5187057103285212,True,10,batch,True,pso,30,1,swarm
oe4-pilot-v2,oe4,swarm|batch|bc1|h1|pso|r1|N30|c10,syn-logical_syntactic-arrays_vectors-r3,logical_syntactic,arrays_vectors,0,1,3475821061836782133,2026-10-01T05:44:00.165+00:00,completed,epsilon,True,True,True,True,,234.554478,426.5479309979128,424.8690849999548,2,65,0.5279095277556373,1.472828643489521e-07,798.9652679800688,,code,2-0-1-2-1-0-1-1,0.5279096750385016,True,10,batch,True,pso,30,1,swarm
oe4-pilot-v2,oe4,swarm|batch|bc1|h1|pso|r1|N30|c10,syn-logical_syntactic-arrays_vectors-r4,logical_syntactic,arrays_vectors,0,1,15069723113616053544,2026-10-01T05:44:00.192+00:00,completed,epsilon,True,True,True,True,,309.388786,505.4555660026381,503.42675499996403,1,61,0.45823969583330176,0.008847809425137798,1612.7410620032597,,code,2-0-1-1-0-1-1-0,0.46708750525843956,True,10,batch,True,pso,30,1,swarm
oe4-pilot-v2,oe4,swarm|batch|bc1|h1|pso|r1|N30|c10,syn-logical_syntactic-repetitive-r3,logical_syntactic,repetitive,0,1,6665076571321463288,2026-10-01T05:43:59.934+00:00,completed,epsilon,True,True,True,True,,672.374544,848.8261769998644,845.4743020010937,2,65,0.46208578639800935,0.020082362214221106,478.7275650189473,,code,2-1-1-0-1-1-0-1,0.48216814861223045,True,10,batch,True,pso,30,1,swarm
oe4-pilot-v2,oe4,swarm|batch|bc1|h1|pso|r1|N30|c10,syn-logical_syntactic-arrays_vectors-r1,logical_syntactic,arrays_vectors,0,1,13327273701071249688,2026-10-01T05:44:00.148+00:00,completed,epsilon,True,True,True,True,,493.480688,682.0806249997986,679.6887570017134,3,69,0.47410405901537916,0.00994067049648667,195.71809198963766,,code,2-2-1-0-1-0-0-1,0.48404472951186583,True,10,batch,True,pso,30,1,swarm
oe4-pilot-v2,oe4,swarm|batch|bc1|h1|pso|r1|N30|c10,syn-logical_syntactic-functions-r1,logical_syntactic,functions,0,1,7545233351544256523,2026-10-01T05:44:00.292+00:00,completed,epsilon,True,True,True,True,,463.90726,556.8445669996436,554.2558179986372,2,65,0.4952348885551682,1.9637715242826204e-07,1362.8817529908024,,code,2-0-1-1-1-0-0-1,0.4952350849323206,True,10,batch,True,pso,30,1,swarm
oe4-pilot-v2,oe4,swarm|batch|bc1|h1|pso|r1|N30|c10,syn-logical_syntactic-functions-r0,logical_syntactic,functions,0,1,15105445333404857368,2026-10-01T05:44:00.198+00:00,completed,epsilon,True,True,True,True,,496.917589,665.4958899998746,663.5450569992827,2,63,0.5077822418422905,0.007792650437785986,1465.963524003048,,code,2-0-1-1-1-1-0-1,0.5155748922800765,True,10,batch,True,pso,30,1,swarm
oe4-pilot-v2,oe4,swarm|batch|bc1|h1|pso|r1|N30|c10,syn-logical_syntactic-functions-r2,logical_syntactic,functions,0,1,6130147880867857550,2026-10-01T05:44:00.311+00:00,completed,epsilon,True,True,True,True,,527.590225,616.1603229993489,613.5275230008119,5,77,0.4982072075606626,1.9637715242826204e-07,1463.5113650132848,,code,2-0-0-1-1-0-1-1,0.49820740393781504,True,10,batch,True,pso,30,1,swarm
oe4-pilot-v2,oe4,swarm|batch|bc1|h1|pso|r1|N30|c10,syn-explanatory_conceptual-sequential-r1,explanatory_conceptual,sequential,0,1,3272787541859846898,2026-10-01T05:44:00.591+00:00,completed,epsilon,True,True,True,True,,288.340074,451.4276070003689,444.832282999414,1,56,0.45267043074923324,0.006749225258040281,451.3182790070497,,text,0-1-0-1-2-1-0-1,0.4594196560072735,True,10,batch,True,pso,30,1,swarm
oe4-pilot-v2,oe4,swarm|batch|bc1|h1|pso|r1|N30|c10,syn-logical_syntactic-functions-r3,logical_syntactic,functions,0,1,4820333934433401313,2026-10-01T05:44:00.492+00:00,completed,epsilon,True,True,True,True,,354.972821,592.383281000366,590.2093080003397,2,63,0.48636013268759803,0.0,421.6303319923999,,code,2-0-1-0-1-1-0-1,0.48636013268759803,True,10,batch,True,pso,30,1,swarm
oe4-pilot-v2,oe4,swarm|batch|bc1|h1|pso|r1|N30|c10,syn-explanatory_conceptual-sequential-r0,explanatory_conceptual,sequential,0,1,14947352377729861017,2026-10-01T05:44:00.576+00:00,completed,epsilon,True,True,True,True,,390.743174,546.6363830018963,544.0989589988021,3,66,0.4486181798628388,0.018837465195685188,552.4993079904801,,text,1-0-0-0-2-0-0-1,0.467455645058524,True,10,batch,True,pso,30,1,swarm
oe4-pilot-v2,oe4,swarm|batch|bc1|h1|pso|r1|N30|c10,syn-explanatory_conceptual-sequential-r2,explanatory_conceptual,sequential,0,1,7023970792698232399,2026-10-01T05:44:00.697+00:00,completed,epsilon,True,True,True,True,,351.131902,447.52872299795854,445.5240090028383,2,65,0.46174206660316464,0.0009320597035671341,482.843422014598,,text,0-0-1-1-2-0-1-1,0.46267412630673177,True,10,batch,True,pso,30,1,swarm
oe4-pilot-v2,oe4,swarm|batch|bc1|h1|pso|r1|N30|c10,syn-explanatory_conceptual-sequential-r3,explanatory_conceptual,sequential,0,1,15905282458092997945,2026-10-01T05:44:00.782+00:00,completed,epsilon,True,True,True,True,,191.298586,400.7936910020362,398.77675300158444,2,62,0.4489765705985682,1.9637715242826204e-07,209.83732600033684,,text,1-0-1-1-2-1-1-1,0.44897676697572064,True,10,batch,True,pso,30,1,swarm
oe4-pilot-v2,oe4,swarm|batch|bc1|h1|pso|r1|N30|c10,syn-logical_syntactic-functions-r4,logical_syntactic,functions,0,1,10275058418311301455,2026-10-01T05:44:00.505+00:00,completed,epsilon,True,True,True,True,,450.147987,680.3681419987697,676.2991810028325,4,70,0.4530924129093758,0.0029587093058543457,746.0714680154463,,code,2-2-0-0-1-0-0-1,0.45605112221523014,True,10,batch,True,pso,30,1,swarm
oe4-pilot-v2,oe4,swarm|batch|bc1|h1|pso|r1|N30|c10,syn-explanatory_conceptual-conditional-r0,explanatory_conceptual,conditional,0,1,5916953307552671090,2026-10-01T05:44:00.849+00:00,completed,epsilon,True,True,True,True,,272.568239,498.0440090002958,489.28653099937947,2,63,0.49552996804696203,0.0,393.6195170124866,,code,2-1-1-0-2-0-1-1,0.49552996804696203,True,10,batch,True,pso,30,1,swarm
oe4-pilot-v2,oe4,swarm|batch|bc1|h1|pso|r1|N30|c10,syn-explanatory_conceptual-sequential-r4,explanatory_conceptual,sequential,0,1,16212943396658008924,2026-10-01T05:44:00.830+00:00,completed,epsilon,True,True,True,True,,362.082943,552.9194080008892,551.0286540011293,4,70,0.4665029999409801,0.0,416.3970190093605,,text,1-1-1-0-2-0-1-1,0.4665029999409801,True,10,batch,True,pso,30,1,swarm
oe4-pilot-v2,oe4,swarm|batch|bc1|h1|pso|r1|N30|c10,syn-explanatory_conceptual-conditional-r4,explanatory_conceptual,conditional,0,1,8670080275324173838,2026-10-01T05:44:01.084+00:00,completed,epsilon,True,True,True,True,,207.275352,406.40706900012447,404.6352730001672,2,65,0.46408094218044915,0.0010551589873517564,692.7539420156564,,text,1-1-1-0-2-0-0-0,0.4651361011678009,True,10,batch,True,pso,30,1,swarm
oe4-pilot-v2,oe4,swarm|batch|bc1|h1|pso|r1|N30|c10,syn-explanatory_conceptual-conditional-r2,explanatory_conceptual,conditional,0,1,1341896759769893857,2026-10-01T05:44:00.927+00:00,completed,epsilon,True,True,True,True,,585.066255,710.6441639989498,707.954632001929,3,66,0.49030473008974373,0.0,813.2791919884081,,diagram,1-1-2-0-2-0-1-1,0.49030473008974373,True,10,batch,True,pso,30,1,swarm
oe4-pilot-v2,oe4,swarm|batch|bc1|h1|pso|r1|N30|c10,syn-explanatory_conceptual-conditional-r1,explanatory_conceptual,conditional,0,1,18124705353368190302,2026-10-01T05:44:00.864+00:00,completed,epsilon,True,True,True,True,,595.703694,778.5841400000209,775.9827939989918,2,62,0.4788636419583419,1.963771524837732e-07,850.0301100009211,,text,1-1-1-1-2-0-1-1,0.4788638383354944,True,10,batch,True,pso,30,1,swarm
oe4-pilot-v2,oe4,swarm|batch|bc1|h1|pso|r1|N30|c10,syn-explanatory_conceptual-conditional-r3,explanatory_conceptual,conditional,0,1,11332394261640184133,2026-10-01T05:44:01.043+00:00,completed,epsilon,True,True,True,True,,350.954342,602.7541830007976,600.7640919997357,2,63,0.43096390169879784,0.003654523026150769,446.6317579890539,,text,1-1-0-0-2-1-0-1,0.4346184247249486,True,10,batch,True,pso,30,1,swarm
oe4-pilot-v2,oe4,swarm|batch|bc1|h1|pso|r1|N30|c10,syn-explanatory_conceptual-repetitive-r0,explanatory_conceptual,repetitive,0,1,3237454591878846868,2026-10-01T05:44:01.123+00:00,completed,epsilon,True,True,True,True,,345.111462,524.9203400016995,520.8088910003426,2,62,0.4460986935462345,0.02008255859137359,585.5298579857686,,text,1-1-1-1-2-1-0-1,0.4661812521376081,True,10,batch,True,pso,30,1,swarm
oe4-pilot-v2,oe4,swarm|batch|bc1|h1|pso|r1|N30|c10,syn-explanatory_conceptual-repetitive-r2,explanatory_conceptual,repetitive,0,1,10189736659373836677,2026-10-01T05:44:01.183+00:00,completed,epsilon,True,True,True,True,,352.005114,469.3818090017885,467.0766230010486,1,58,0.49088145414572526,0.0017991482131319847,1204.5076929813201,,text,1-0-1-1-2-1-1-1,0.49268060235885724,True,10,batch,True,pso,30,1,swarm
oe4-pilot-v2,oe4,swarm|batch|bc1|h1|pso|r1|N30|c10,syn-explanatory_conceptual-repetitive-r4,explanatory_conceptual,repetitive,0,1,615434091092212846,2026-10-01T05:44:01.347+00:00,completed,epsilon,True,True,True,True,,124.11617,359.31460200299625,357.59150100057013,1,58,0.45405216601876935,0.02008255859137359,410.7545450043175,,text,1-1-0-1-2-1-1-1,0.47413472461014294,True,10,batch,True,pso,30,1,swarm
oe4-pilot-v2,oe4,swarm|batch|bc1|h1|pso|r1|N30|c10,syn-explanatory_conceptual-repetitive-r1,explanatory_conceptual,repetitive,0,1,10148232421566165977,2026-10-01T05:44:01.145+00:00,completed,epsilon,True,True,True,True,,481.005034,678.1609940007911,673.9393919997383,2,65,0.5255407002055713,1.9637715242826204e-07,1204.3376670014968,,text,1-0-1-1-2-1-1-1,0.5255408965827237,True,10,batch,True,pso,30,1,swarm
oe4-pilot-v2,oe4,swarm|batch|bc1|h1|pso|r1|N30|c10,syn-explanatory_conceptual-arrays_vectors-r0,explanatory_conceptual,arrays_vectors,0,1,8420274505294676143,2026-10-01T05:44:01.383+00:00,completed,epsilon,True,True,True,True,,222.271067,454.5858679994126,451.7055220021575,1,59,0.49778085910851905,0.027875012652007147,710.6214720029492,,text,1-1-1-1-2-1-0-1,0.5256558717605262,True,10,batch,True,pso,30,1,swarm
oe4-pilot-v2,oe4,swarm|batch|bc1|h1|pso|r1|N30|c10,syn-explanatory_conceptual-arrays_vectors-r1,explanatory_conceptual,arrays_vectors,0,1,11621185609108110648,2026-10-01T05:44:01.491+00:00,completed,epsilon,True,True,True,True,,244.733499,356.8412870008615,355.27031699893996,1,59,0.4615647597787113,0.028694684783154678,332.5749049989677,,text,0-1-0-1-2-1-1-1,0.490259444561866,True,10,batch,True,pso,30,1,swarm
oe4-pilot-v2,oe4,swarm|batch|bc1|h1|pso|r1|N30|c10,syn-explanatory_conceptual-repetitive-r3,explanatory_conceptual,repetitive,0,1,5679236231213962541,2026-10-01T05:44:01.185+00:00,completed,epsilon,True,True,True,True,,559.144812,665.5397789982089,663.790277998487,2,65,0.47773671108267024,0.009947252053144284,1071.9360080118213,,text,1-0-1-0-2-1-1-1,0.4876839631358145,True,10,batch,True,pso,30,1,swarm
oe4-pilot-v2,oe4,swarm|batch|bc1|h1|pso|r1|N30|c10,syn-explanatory_conceptual-arrays_vectors-r2,explanatory_conceptual,arrays_vectors,0,1,3616904053699891200,2026-10-01T05:44:01.638+00:00,completed,epsilon,True,True,True,True,,177.482134,304.8480469988135,302.91950199898565,1,56,0.5002467392530876,0.027875012652007203,582.3552939932713,,diagram,0-1-2-1-2-1-1-1,0.5281217519050948,True,10,batch,True,pso,30,1,swarm
oe4-pilot-v2,oe4,swarm|batch|bc1|h1|pso|r1|N30|c10,syn-explanatory_conceptual-arrays_vectors-r3,explanatory_conceptual,arrays_vectors,0,1,9640228565651749554,2026-10-01T05:44:01.642+00:00,completed,epsilon,True,True,True,True,,177.330687,303.49242800002685,301.58159600250656,1,56,0.4899428394838256,0.017498999281390593,570.1229489984713,,text,0-1-1-1-2-1-0-1,0.5074418387652162,True,10,batch,True,pso,30,1,swarm
oe4-pilot-v2,oe4,swarm|batch|bc1|h1|pso|r1|N30|c10,syn-explanatory_conceptual-arrays_vectors-r4,explanatory_conceptual,arrays_vectors,0,1,12383051168938743430,2026-10-01T05:44:01.646+00:00,completed,epsilon,True,True,True,True,,267.047978,423.91430199859315,418.59474400189356,3,62,0.5167327431150519,0.0010555026473685336,771.3682550060016,,text,1-0-1-2-2-0-1-0,0.5177882457624204,True,10,batch,True,pso,30,1,swarm
oe4-pilot-v2,oe4,swarm|batch|bc1|h1|pso|r1|N30|c10,syn-explanatory_conceptual-functions-r0,explanatory_conceptual,functions,0,1,4847129841761666601,2026-10-01T05:44:01.648+00:00,completed,epsilon,True,True,True,True,,307.423205,464.6386410022387,462.1813999983715,1,57,0.4945698834876539,0.01617519995265254,810.0409869984633,,text,1-2-1-1-2-0-1-1,0.5107450834403064,True,10,batch,True,pso,30,1,swarm
oe4-pilot-v2,oe4,swarm|batch|bc1|h1|pso|r1|N30|c10,syn-explanatory_conceptual-functions-r2,explanatory_conceptual,functions,0,1,15850266999198055000,2026-10-01T05:44:01.706+00:00,completed,epsilon,True,True,True,True,,360.139748,426.86667399902944,424.95958099971176,1,56,0.46612651648152953,0.02008255859137359,813.8425579983136,,text,1-1-1-1-2-1-1-1,0.4862090750729031,True,10,batch,True,pso,30,1,swarm
oe4-pilot-v2,oe4,swarm|batch|bc1|h1|pso|r1|N30|c10,syn-explanatory_conceptual-functions-r1,explanatory_conceptual,functions,0,1,8968182148387190867,2026-10-01T05:44:01.653+00:00,completed,epsilon,True,True,True,True,,423.991886,536.5350770007353,534.5749740008614,4,73,0.5134225156367632,0.0,1452.1304979880126,,code,2-0-1-0-2-0-0-1,0.5134225156367632,True,10,batch,True,pso,30,1,swarm
oe4-pilot-v2,oe4,swarm|batch|bc1|h1|pso|r1|N30|c10,syn-explanatory_conceptual-functions-r3,explanatory_conceptual,functions,0,1,15409255459732107106,2026-10-01T05:44:01.823+00:00,completed,epsilon,True,True,True,True,,341.579177,572.0976199991128,569.6283680008492,1,59,0.4977771280697979,0.007792797720650335,516.8695920022554,,text,1-0-1-2-2-1-1-1,0.5055699257904482,True,10,batch,True,pso,30,1,swarm
oe4-pilot-v2,oe4,swarm|batch|bc1|h1|pso|r1|N30|c10,syn-balanced_multimodal-sequential-r1,balanced_multimodal,sequential,0,1,15851898587384579384,2026-10-01T05:44:01.851+00:00,completed,epsilon,True,True,True,True,,365.882574,558.2713519979734,555.9876530023757,2,63,0.46578051203228604,0.02008255859137359,1206.2658639932993,,code,2-1-2-1-1-1-1-1,0.48586307062365963,True,10,batch,True,pso,30,1,swarm
oe4-pilot-v2,oe4,swarm|batch|bc1|h1|pso|r1|N30|c10,syn-balanced_multimodal-sequential-r2,balanced_multimodal,sequential,0,1,9812259528755781404,2026-10-01T05:44:01.943+00:00,completed,epsilon,True,True,True,True,,378.696798,474.0389420003339,472.19136099738535,2,63,0.5195512786534427,1.9637715242826204e-07,1308.9981429950346,,code,2-0-1-1-1-1-1-1,0.5195514750305952,True,10,batch,True,pso,30,1,swarm
oe4-pilot-v2,oe4,swarm|batch|bc1|h1|pso|r1|N30|c10,syn-balanced_multimodal-sequential-r3,balanced_multimodal,sequential,0,1,17396203175820366605,2026-10-01T05:44:01.946+00:00,completed,epsilon,True,True,True,True,,388.372185,477.3283479989914,475.66630900109885,2,63,0.5055952816994697,0.0,1358.6737460216693,,text,1-0-1-0-2-1-1-1,0.5055952816994697,True,10,batch,True,pso,30,1,swarm
oe4-pilot-v2,oe4,swarm|batch|bc1|h1|pso|r1|N30|c10,syn-balanced_multimodal-conditional-r0,balanced_multimodal,conditional,0,1,9492171042143771967,2026-10-01T05:44:02.113+00:00,completed,epsilon,True,True,True,True,,181.365955,388.5787069993967,386.7670289982925,1,61,0.48780502665661635,0.0036547194033032526,422.79964700369294,,code,2-1-1-1-1-1-1-1,0.4914597460599196,True,10,batch,True,pso,30,1,swarm
oe4-pilot-v2,oe4,swarm|batch|bc1|h1|pso|r1|N30|c10,syn-balanced_multimodal-conditional-r1,balanced_multimodal,conditional,0,1,12567349465944861023,2026-10-01T05:44:02.133+00:00,completed,epsilon,True,True,True,True,,244.618551,478.35602199847926,473.67824299726635,1,61,0.4988095313719645,0.0,980.8511340040095,,code,1-1-1-0-1-0-1-1,0.4988095313719645,True,10,batch,True,pso,30,1,swarm
oe4-pilot-v2,oe4,swarm|batch|bc1|h1|pso|r1|N30|c10,syn-balanced_multimodal-sequential-r0,balanced_multimodal,sequential,0,1,12829628287881295465,2026-10-01T05:44:01.848+00:00,completed,epsilon,True,True,True,True,,535.957141,777.6766679999128,774.4830190022185,3,69,0.4948651175024352,0.0,1166.8949480076228,,diagram,1-0-2-0-1-1-1-1,0.4948651175024352,True,10,batch,True,pso,30,1,swarm
oe4-pilot-v2,oe4,swarm|batch|bc1|h1|pso|r1|N30|c10,syn-explanatory_conceptual-functions-r4,explanatory_conceptual,functions,0,1,13584105466744503536,2026-10-01T05:44:01.838+00:00,completed,epsilon,True,True,True,True,,553.011782,799.7880430011719,796.6273739984899,2,61,0.49970043101958095,0.0,393.8401830004327,,text,1-0-1-0-2-0-1-1,0.49970043101958095,True,10,batch,True,pso,30,1,swarm
oe4-pilot-v2,oe4,swarm|batch|bc1|h1|pso|r1|N30|c10,syn-balanced_multimodal-conditional-r2,balanced_multimodal,conditional,0,1,4742918314447581142,2026-10-01T05:44:02.189+00:00,completed,epsilon,True,True,True,True,,322.657237,474.46832599962363,472.757231000287,2,65,0.4993812836734506,0.0,461.7733760167395,,code,1-1-1-0-1-0-1-1,0.4993812836734506,True,10,batch,True,pso,30,1,swarm
oe4-pilot-v2,oe4,swarm|batch|bc1|h1|pso|r1|N30|c10,syn-balanced_multimodal-sequential-r4,balanced_multimodal,sequential,0,1,16072189927809315852,2026-10-01T05:44:02.070+00:00,completed,epsilon,True,True,True,True,,389.095794,598.9384330023313,596.8611889984459,4,73,0.5064313832719637,1.9637715242826204e-07,922.7716820192431,,code,2-0-2-1-2-1-2-1,0.5064315796491161,True,10,batch,True,pso,30,1,swarm
oe4-pilot-v2,oe4,swarm|batch|bc1|h1|pso|r1|N30|c10,syn-balanced_multimodal-conditional-r3,balanced_multimodal,conditional,0,1,11394639668150330671,2026-10-01T05:44:02.395+00:00,completed,epsilon,True,True,True,True,,207.175764,373.147478003375,370.9110670024529,2,65,0.47153478436590585,1.963771524837732e-07,481.2325880044095,,text,1-1-1-1-2-0-1-1,0.47153498074305833,True,10,batch,True,pso,30,1,swarm
oe4-pilot-v2,oe4,swarm|batch|bc1|h1|pso|r1|N30|c10,syn-balanced_multimodal-conditional-r4,balanced_multimodal,conditional,0,1,2277667993778051270,2026-10-01T05:44:02.409+00:00,completed,epsilon,True,True,True,True,,218.653208,366.7904139983875,365.1289400004316,1,59,0.49335718275037993,0.0036547194033032526,719.4637669999643,,code,2-1-1-1-2-1-2-1,0.4970119021536832,True,10,batch,True,pso,30,1,swarm
oe4-pilot-v2,oe4,swarm|batch|bc1|h1|pso|r1|N30|c10,syn-balanced_multimodal-repetitive-r0,balanced_multimodal,repetitive,0,1,3839617547738254315,2026-10-01T05:44:02.417+00:00,completed,epsilon,True,True,True,True,,266.331269,418.92304700013483,415.5208580014005,2,63,0.5583985455313946,1.9637715242826204e-07,648.4048159869621,,code,2-0-1-1-1-1-2-1,0.558398741908547,True,10,batch,True,pso,30,1,swarm
oe4-pilot-v2,oe4,swarm|batch|bc1|h1|pso|r1|N30|c10,syn-balanced_multimodal-repetitive-r2,balanced_multimodal,repetitive,0,1,12027688066564710874,2026-10-01T05:44:02.501+00:00,completed,epsilon,True,True,True,True,,352.298595,414.91151999798603,413.31166199961444,1,54,0.48695008664679024,0.02008255859137359,658.885634995957,,code,2-1-2-1-1-1-2-1,0.5070326452381638,True,10,batch,True,pso,30,1,swarm
oe4-pilot-v2,oe4,swarm|batch|bc1|h1|pso|r1|N30|c10,syn-balanced_multimodal-repetitive-r3,balanced_multimodal,repetitive,0,1,10665835498416014906,2026-10-01T05:44:02.612+00:00,completed,epsilon,True,True,True,True,,164.924519,384.94656100010616,383.3682749973377,1,53,0.498403614745411,0.02008255859137359,521.1658460003821,,diagram,1-1-2-1-2-1-1-1,0.5184861733367846,True,10,batch,True,pso,30,1,swarm
oe4-pilot-v2,oe4,swarm|batch|bc1|h1|pso|r1|N30|c10,syn-balanced_multimodal-repetitive-r4,balanced_multimodal,repetitive,0,1,16842203000296662102,2026-10-01T05:44:02.625+00:00,completed,epsilon,True,True,True,True,,178.129155,417.1547459991416,402.15565899779904,2,63,0.5555295985433403,0.0,609.2439979941315,,code,2-0-1-0-1-1-2-1,0.5555295985433403,True,10,batch,True,pso,30,1,swarm
oe4-pilot-v2,oe4,swarm|batch|bc1|h1|pso|r1|N30|c10,syn-balanced_multimodal-repetitive-r1,balanced_multimodal,repetitive,0,1,2659073220867155690,2026-10-01T05:44:02.423+00:00,completed,epsilon,True,True,True,True,,500.790858,642.2586389999196,640.4273419975652,1,56,0.5099655888622538,0.020082558591373645,1246.5037520061517,,code,2-1-2-1-2-1-1-1,0.5300481474536275,True,10,batch,True,pso,30,1,swarm
oe4-pilot-v2,oe4,swarm|batch|bc1|h1|pso|r1|N30|c10,syn-balanced_multimodal-arrays_vectors-r4,balanced_multimodal,arrays_vectors,0,1,7080146454937735062,2026-10-01T05:44:02.776+00:00,completed,epsilon,True,True,True,True,,362.793785,457.1063480034354,454.0212319989223,1,53,0.5231764212501887,0.0034158919247068154,1180.2579420029429,,code,2-1-1-1-1-0-1-1,0.5265923131748955,True,10,batch,True,pso,30,1,swarm
oe4-pilot-v2,oe4,swarm|batch|bc1|h1|pso|r1|N30|c10,syn-balanced_multimodal-arrays_vectors-r1,balanced_multimodal,arrays_vectors,0,1,1557390382835702406,2026-10-01T05:44:02.664+00:00,completed,epsilon,True,True,True,True,,409.229866,587.5257890002104,585.6979500022135,1,59,0.5096116990703786,0.010013934431594262,1030.804230009718,,code,1-0-1-0-1-1-1-1,0.5196256335019729,True,10,batch,True,pso,30,1,swarm
oe4-pilot-v2,oe4,swarm|batch|bc1|h1|pso|r1|N30|c10,syn-balanced_multimodal-arrays_vectors-r0,balanced_multimodal,arrays_vectors,0,1,8202019099685287209,2026-10-01T05:44:02.637+00:00,completed,epsilon,True,True,True,True,,412.927783,616.2628500023857,614.2349649999232,2,65,0.5214552573504015,0.007792454060633558,1143.6411849823237,,code,2-0-1-0-2-1-1-1,0.5292477114110351,True,10,batch,True,pso,30,1,swarm
oe4-pilot-v2,oe4,swarm|batch|bc1|h1|pso|r1|N30|c10,syn-balanced_multimodal-functions-r3,balanced_multimodal,functions,0,1,18228905326412579013,2026-10-01T05:44:03.042+00:00,completed,epsilon,True,True,True,True,,168.849657,342.04396199857,339.53049200135865,1,59,0.49300132682799114,0.024411447389422025,276.35330802000317,,code,1-0-1-1-1-1-0-1,0.5174127742174132,True,10,batch,True,pso,30,1,swarm
oe4-pilot-v2,oe4,swarm|batch|bc1|h1|pso|r1|N30|c10,syn-balanced_multimodal-arrays_vectors-r2,balanced_multimodal,arrays_vectors,0,1,1551228789342824201,2026-10-01T05:44:02.668+00:00,completed,epsilon,True,True,True,True,,552.432921,736.1357289992156,731.0890439985087,3,69,0.5407907180206968,0.007792454060633558,1068.7947060114861,,text,1-0-1-0-2-1-1-1,0.5485831720813303,True,10,batch,True,pso,30,1,swarm
oe4-pilot-v2,oe4,swarm|batch|bc1|h1|pso|r1|N30|c10,syn-balanced_multimodal-functions-r1,balanced_multimodal,functions,0,1,368220290834284782,2026-10-01T05:44:02.916+00:00,completed,epsilon,True,True,True,True,,242.687345,492.0290429981833,489.64420199990855,1,58,0.49177264213206817,0.020082362214221106,235.0425660104513,,code,2-1-1-0-1-1-2-1,0.5118550043462893,True,10,batch,True,pso,30,1,swarm
oe4-pilot-v2,oe4,swarm|batch|bc1|h1|pso|r1|N30|c10,syn-balanced_multimodal-functions-r2,balanced_multimodal,functions,0,1,8673480799685267205,2026-10-01T05:44:02.997+00:00,completed,epsilon,True,True,True,True,,271.931074,437.9379090023576,435.86505799976294,2,62,0.510395070984393,0.007792454060633558,331.4965910032256,,code,2-0-1-0-1-1-1-1,0.5181875250450265,True,10,batch,True,pso,30,1,swarm
oe4-pilot-v2,oe4,swarm|batch|bc1|h1|pso|r1|N30|c10,syn-balanced_multimodal-functions-r0,balanced_multimodal,functions,0,1,2933908082685948832,2026-10-01T05:44:02.836+00:00,completed,epsilon,True,True,True,True,,437.685806,614.6612589982396,612.4894740023592,3,69,0.5309809873500523,0.0,698.3650470215953,,code,2-0-2-0-1-0-1-1,0.5309809873500523,True,10,batch,True,pso,30,1,swarm
oe4-pilot-v2,oe4,swarm|batch|bc1|h1|pso|r1|N30|c10,syn-balanced_multimodal-functions-r4,balanced_multimodal,functions,0,1,4683180797726806680,2026-10-01T05:44:03.066+00:00,completed,epsilon,True,True,True,True,,240.04359,394.1648850013735,392.2912880007061,3,69,0.5037098665441013,0.0,515.383076996447,,diagram,1-0-2-0-1-0-1-1,0.5037098665441013,True,10,batch,True,pso,30,1,swarm
oe4-pilot-v2,oe4,swarm|batch|bc1|h1|pso|r1|N30|c10,syn-balanced_multimodal-arrays_vectors-r3,balanced_multimodal,arrays_vectors,0,1,11908930478528390133,2026-10-01T05:44:02.768+00:00,completed,epsilon,True,True,True,True,,631.081217,696.4393009984633,694.357668999146,6,81,0.5517303986475605,0.0,1171.9856140042173,,code,2-0-2-1-1-0-2-1,0.5517303986475605,True,10,batch,True,pso,30,1,swarm
oe4-pilot-v2,oe4,swarm|batch|bc1|h1|pso|r1|N30|c10,syn-visual_dominant-conditional-r1,visual_dominant,conditional,0,2,13928515270300365190,2026-10-01T05:44:03.468+00:00,completed,epsilon,True,True,True,True,,224.001411,258.6771759997646,255.83853500211262,4,73,0.4371315517815198,1.963771524837732e-07,446.6773310084251,,diagram,1-1-2-1-0-0-0-1,0.4371317481586723,True,10,batch,True,pso,30,1,swarm
oe4-pilot-v2,oe4,swarm|batch|bc1|h1|pso|r1|N30|c10,syn-visual_dominant-sequential-r2,visual_dominant,sequential,0,2,4355585619346073820,2026-10-01T05:44:03.466+00:00,completed,epsilon,True,True,True,True,,221.019472,266.8187550007133,264.55224199889926,3,66,0.4684960847891392,0.0,570.4690829996948,,diagram,1-0-2-0-0-1-0-1,0.4684960847891392,True,10,batch,True,pso,30,1,swarm
oe4-pilot-v2,oe4,swarm|batch|bc1|h1|pso|r1|N30|c10,syn-visual_dominant-conditional-r0,visual_dominant,conditional,0,2,11471567894967710186,2026-10-01T05:44:03.468+00:00,completed,epsilon,True,True,True,True,,261.579756,308.84165500174277,306.6980789990339,1,61,0.4683786250362893,0.007792650437786042,1125.2234789916322,,diagram,1-1-2-1-0-1-0-1,0.47617127547407534,True,10,batch,True,pso,30,1,swarm
oe4-pilot-v2,oe4,swarm|batch|bc1|h1|pso|r1|N30|c10,syn-visual_dominant-sequential-r1,visual_dominant,sequential,0,2,17048800117076641484,2026-10-01T05:44:03.466+00:00,completed,epsilon,True,True,True,True,,323.788334,353.7639879978087,351.91391999978805,1,53,0.44878503224528293,0.02008255859137359,859.4480540016586,,diagram,1-1-2-1-0-1-1-1,0.4688675908366565,True,10,batch,True,pso,30,1,swarm
oe4-pilot-v2,oe4,swarm|batch|bc1|h1|pso|r1|N30|c10,syn-visual_dominant-sequential-r3,visual_dominant,sequential,0,2,5551779150201999310,2026-10-01T05:44:03.467+00:00,completed,epsilon,True,True,True,True,,346.449344,393.78927100187866,391.82235399857746,3,63,0.4968930391220401,0.0,1154.9093879933075,,diagram,1-0-2-0-0-1-1-1,0.4968930391220401,True,10,batch,True,pso,30,1,swarm
oe4-pilot-v2,oe4,swarm|batch|bc1|h1|pso|r1|N30|c10,syn-visual_dominant-sequential-r4,visual_dominant,sequential,0,2,13994061115368628468,2026-10-01T05:44:03.467+00:00,completed,epsilon,True,True,True,True,,501.32626,559.5152030000463,557.1810950023064,2,65,0.45399075511807396,1.9637715242826204e-07,1038.402235995546,,diagram,1-0-2-1-1-1-0-1,0.4539909514952264,True,10,batch,True,pso,30,1,swarm
oe4-pilot-v2,oe4,swarm|batch|bc1|h1|pso|r1|N30|c10,syn-visual_dominant-conditional-r4,visual_dominant,conditional,0,2,7123775909059268369,2026-10-01T05:44:03.469+00:00,completed,epsilon,True,True,True,True,,503.603685,561.3401470000099,559.2017439994379,1,58,0.4486569413932807,0.0,1274.4105079929334,,diagram,1-1-2-0-1-0-0-1,0.4486569413932807,True,10,batch,True,pso,30,1,swarm
oe4-pilot-v2,oe4,swarm|batch|bc1|h1|pso|r1|N30|c10,syn-visual_dominant-sequential-r0,visual_dominant,sequential,0,2,8580140326324496627,2026-10-01T05:44:03.465+00:00,completed,epsilon,True,True,True,True,,523.286014,569.3144030010444,567.3749749985291,2,63,0.47580606727894714,0.0,1642.52825900677,,diagram,1-0-2-0-1-1-0-1,0.47580606727894714,True,10,batch,True,pso,30,1,swarm
oe4-pilot-v2,oe4,swarm|batch|bc1|h1|pso|r1|N30|c10,syn-visual_dominant-conditional-r2,visual_dominant,conditional,0,2,7530803405880337628,2026-10-01T05:44:03.469+00:00,completed,epsilon,True,True,True,True,,534.206781,580.2532320012688,577.9554039982031,2,65,0.47576325269917313,1.963771524837732e-07,1521.2655860039017,,code,2-1-2-1-1-0-1-1,0.4757634490763256,True,10,batch,True,pso,30,1,swarm
oe4-pilot-v2,oe4,swarm|batch|bc1|h1|pso|r1|N30|c10,syn-visual_dominant-conditional-r3,visual_dominant,conditional,0,2,12303691227522993195,2026-10-01T05:44:03.469+00:00,completed,epsilon,True,True,True,True,,564.866825,610.8728919971327,608.8667179974436,2,65,0.4537572043126114,0.0036547194033032526,1472.460590991129,,diagram,1-1-2-1-0-1-1-1,0.45741192371591466,True,10,batch,True,pso,30,1,swarm
oe4-pilot-v2,oe4,swarm|batch|bc1|h1|pso|r1|N30|c10,syn-visual_dominant-repetitive-r0,visual_dominant,repetitive,0,2,3652346516165016234,2026-10-01T05:44:03.727+00:00,completed,epsilon,True,True,True,True,,172.769078,390.84715499848244,388.7323839990131,1,59,0.46998170127395994,0.02008255859137359,492.7850889844649,,diagram,1-1-2-1-1-1-0-1,0.49006425986533353,True,10,batch,True,pso,30,1,swarm
oe4-pilot-v2,oe4,swarm|batch|bc1|h1|pso|r1|N30|c10,syn-visual_dominant-repetitive-r2,visual_dominant,repetitive,0,2,15577984090316381348,2026-10-01T05:44:03.777+00:00,completed,epsilon,True,True,True,True,,340.63546,540.2054900005169,537.6176989993837,2,63,0.5174510138160732,1.9637715242826204e-07,747.8641599853374,,code,2-0-2-1-1-1-0-1,0.5174512101932256,True,10,batch,True,pso,30,1,swarm
oe4-pilot-v2,oe4,swarm|batch|bc1|h1|pso|r1|N30|c10,syn-visual_dominant-repetitive-r3,visual_dominant,repetitive,0,2,13061490195280824700,2026-10-01T05:44:03.820+00:00,completed,epsilon,True,True,True,True,,355.956733,503.9265390005312,501.7403239980922,2,55,0.4931223664434585,0.012207742316518777,675.2820750104291,,diagram,1-0-2-1-0-0-0-1,0.5053301087599773,True,10,batch,True,pso,30,1,swarm
oe4-pilot-v2,oe4,swarm|batch|bc1|h1|pso|r1|N30|c10,syn-visual_dominant-repetitive-r4,visual_dominant,repetitive,0,2,5153165576748431564,2026-10-01T05:44:03.861+00:00,completed,epsilon,True,True,True,True,,376.681951,478.12875700037694,476.41298199960147,3,66,0.4676075053726938,0.0,756.0058659883193,,diagram,1-0-2-0-0-1-0-1,0.4676075053726938,True,10,batch,True,pso,30,1,swarm
oe4-pilot-v2,oe4,swarm|batch|bc1|h1|pso|r1|N30|c10,syn-visual_dominant-arrays_vectors-r0,visual_dominant,arrays_vectors,0,2,2484686855457110652,2026-10-01T05:44:04.027+00:00,completed,epsilon,True,True,True,True,,322.689281,520.5573229977745,516.3697829993907,1,54,0.46105976353153516,0.027875012652007147,432.97820099943226,,diagram,1-1-2-1-0-1-0-1,0.4889347761835423,True,10,batch,True,pso,30,1,swarm
oe4-pilot-v2,oe4,swarm|batch|bc1|h1|pso|r1|N30|c10,syn-visual_dominant-arrays_vectors-r4,visual_dominant,arrays_vectors,0,2,13236652181889018265,2026-10-01T05:44:04.080+00:00,completed,epsilon,True,True,True,True,,346.840781,482.8599069987831,480.71786199943745,1,58,0.49310999494245983,0.004471198194922976,1064.8960399937584,,diagram,1-1-2-2-1-0-0-0,0.4975811931373828,True,10,batch,True,pso,30,1,swarm
oe4-pilot-v2,oe4,swarm|batch|bc1|h1|pso|r1|N30|c10,syn-visual_dominant-arrays_vectors-r1,visual_dominant,arrays_vectors,0,2,14387502913323118724,2026-10-01T05:44:04.031+00:00,completed,epsilon,True,True,True,True,,377.685612,551.4256079986808,549.0425300013158,3,67,0.4531926066883153,0.0,958.8311159944315,,diagram,1-0-2-0-0-0-0-1,0.4531926066883153,True,10,batch,True,pso,30,1,swarm
oe4-pilot-v2,oe4,swarm|batch|bc1|h1|pso|r1|N30|c10,syn-visual_dominant-repetitive-r1,visual_dominant,repetitive,0,2,9493985239135120539,2026-10-01T05:44:03.733+00:00,completed,epsilon,True,True,True,True,,647.678954,875.1613779968466,857.5059149989102,5,74,0.49141108956712465,0.0,532.4189269979319,,code,2-0-2-0-1-1-1-1,0.49141108956712465,True,10,batch,True,pso,30,1,swarm
oe4-pilot-v2,oe4,swarm|batch|bc1|h1|pso|r1|N30|c10,syn-visual_dominant-arrays_vectors-r2,visual_dominant,arrays_vectors,0,2,18083930375172244621,2026-10-01T05:44:04.035+00:00,completed,epsilon,True,True,True,True,,395.105218,578.2589779992122,576.2585119991854,3,66,0.5218342851242742,1.9637715242826204e-07,829.9079210011095,,diagram,1-0-2-1-1-0-1-1,0.5218344815014266,True,10,batch,True,pso,30,1,swarm
oe4-pilot-v2,oe4,swarm|batch|bc1|h1|pso|r1|N30|c10,syn-visual_dominant-arrays_vectors-r3,visual_dominant,arrays_vectors,0,2,16074832408338533935,2026-10-01T05:44:04.049+00:00,completed,epsilon,True,True,True,True,,395.332197,570.7417429985071,568.0291720018431,3,69,0.5279373560844233,0.0,862.5149930012801,,diagram,0-0-2-1-1-0-0-1,0.5279373560844233,True,10,batch,True,pso,30,1,swarm
oe4-pilot-v2,oe4,swarm|batch|bc1|h1|pso|r1|N30|c10,syn-visual_dominant-functions-r0,visual_dominant,functions,0,2,11375697626506085209,2026-10-01T05:44:04.118+00:00,completed,epsilon,True,True,True,True,,520.26204,658.9378729986493,655.1886400011426,1,53,0.47770576352191013,0.02008255859137359,1143.624935990272,,diagram,1-1-2-1-1-1-0-1,0.4977883221132837,True,10,batch,True,pso,30,1,swarm
oe4-pilot-v2,oe4,swarm|batch|bc1|h1|pso|r1|N30|c10,syn-visual_dominant-functions-r1,visual_dominant,functions,0,2,12724222799605840855,2026-10-01T05:44:04.317+00:00,completed,epsilon,True,True,True,True,,271.833673,464.8622120002983,461.969230997056,2,63,0.49466746788594257,0.007230897594027896,576.731017006912,,code,2-2-2-1-1-0-0-1,0.5018983654799705,True,10,batch,True,pso,30,1,swarm
oe4-pilot-v2,oe4,swarm|batch|bc1|h1|pso|r1|N30|c10,syn-visual_dominant-functions-r3,visual_dominant,functions,0,2,15496158585802717903,2026-10-01T05:44:04.339+00:00,completed,epsilon,True,True,True,True,,308.261879,454.7939740004949,452.5919570005499,1,61,0.4525600963951378,0.027875012652007147,514.1208000022241,,diagram,1-1-2-1-0-1-1-1,0.4804351090471449,True,10,batch,True,pso,30,1,swarm
oe4-pilot-v2,oe4,swarm|batch|bc1|h1|pso|r1|N30|c10,syn-visual_dominant-functions-r2,visual_dominant,functions,0,2,2855966151648987497,2026-10-01T05:44:04.324+00:00,completed,epsilon,True,True,True,True,,326.086999,478.32489400025224,476.65628300092067,2,62,0.4624311814719705,0.008945025651836969,539.2094050063268,,diagram,1-0-2-1-0-1-1-1,0.47137620712380746,True,10,batch,True,pso,30,1,swarm
oe4-pilot-v2,oe4,swarm|batch|bc1|h1|pso|r1|N30|c10,syn-logical_syntactic-sequential-r0,logical_syntactic,sequential,0,2,13362044807751343064,2026-10-01T05:44:04.563+00:00,completed,epsilon,True,True,True,True,,207.008859,329.9947749983403,328.021520999755,1,61,0.4761348237523099,0.02008255859137359,1003.2766460005803,,code,2-1-1-1-0-1-0-1,0.4962173823436835,True,10,batch,True,pso,30,1,swarm
oe4-pilot-v2,oe4,swarm|batch|bc1|h1|pso|r1|N30|c10,syn-logical_syntactic-sequential-r1,logical_syntactic,sequential,0,2,14311645315440717423,2026-10-01T05:44:04.582+00:00,completed,epsilon,True,True,True,True,,269.199552,404.8316869993869,401.03510200060555,3,69,0.4825463618186212,0.0,969.5994610006137,,code,2-0-1-0-1-1-0-1,0.4825463618186212,True,10,batch,True,pso,30,1,swarm
oe4-pilot-v2,oe4,swarm|batch|bc1|h1|pso|r1|N30|c10,syn-logical_syntactic-sequential-r2,logical_syntactic,sequential,0,2,15643440995604996842,2026-10-01T05:44:04.608+00:00,completed,epsilon,True,True,True,True,,300.819858,414.6659819998604,410.1461969985394,1,57,0.5052479809084092,0.0034158919247069264,1179.5857449838193,,code,2-1-0-1-1-1-1-1,0.5086638728331161,True,10,batch,True,pso,30,1,swarm
oe4-pilot-v2,oe4,swarm|batch|bc1|h1|pso|r1|N30|c10,syn-visual_dominant-functions-r4,visual_dominant,functions,0,2,10259835321663512086,2026-10-01T05:44:04.547+00:00,completed,epsilon,True,True,True,True,,397.605184,539.9737879997701,534.1087599990715,2,60,0.48282466482518693,0.019803777820581292,589.87804199105,,code,2-2-2-1-1-1-1-1,0.5026284426457682,True,10,batch,True,pso,30,1,swarm
oe4-pilot-v2,oe4,swarm|batch|bc1|h1|pso|r1|N30|c10,syn-logical_syntactic-sequential-r3,logical_syntactic,sequential,0,2,16960600487627624599,2026-10-01T05:44:04.613+00:00,completed,epsilon,True,True,True,True,,414.736721,525.723807997565,523.1935779993364,3,66,0.47454058681115907,0.0,1639.6643700074303,,code,2-0-1-0-1-1-0-1,0.47454058681115907,True,10,batch,True,pso,30,1,swarm
oe4-pilot-v2,oe4,swarm|batch|bc1|h1|pso|r1|N30|c10,syn-logical_syntactic-sequential-r4,logical_syntactic,sequential,0,2,17250185977012485747,2026-10-01T05:44:04.620+00:00,completed,epsilon,True,True,True,True,,466.656438,551.1156339998706,548.7928510010534,4,70,0.4963874393518477,3.4366001677721414e-07,1225.5084690163574,,code,2-0-1-2-1-0-0-1,0.4963877830118645,True,10,batch,True,pso,30,1,swarm
oe4-pilot-v2,oe4,swarm|batch|bc1|h1|pso|r1|N30|c10,syn-logical_syntactic-conditional-r0,logical_syntactic,conditional,0,2,4732552759670585228,2026-10-01T05:44:04.777+00:00,completed,epsilon,True,True,True,True,,186.079894,407.34813200106146,404.5793940022122,1,59,0.4552126305749631,0.003654523026150769,562.0117370055297,,code,2-1-1-0-0-1-0-1,0.45886715360111385,True,10,batch,True,pso,30,1,swarm
oe4-pilot-v2,oe4,swarm|batch|bc1|h1|pso|r1|N30|c10,syn-logical_syntactic-conditional-r1,logical_syntactic,conditional,0,2,16767561851559065070,2026-10-01T05:44:04.782+00:00,completed,epsilon,True,True,True,True,,230.057526,451.44634200187284,449.42616100161104,2,63,0.44403176024746854,0.007792797720650391,507.25579301522095,,code,2-1-1-2-0-1-0-1,0.45182455796811893,True,10,batch,True,pso,30,1,swarm
oe4-pilot-v2,oe4,swarm|batch|bc1|h1|pso|r1|N30|c10,syn-logical_syntactic-conditional-r3,logical_syntactic,conditional,0,2,6626061848004110554,2026-10-01T05:44:04.802+00:00,completed,epsilon,True,True,True,True,,308.648687,527.5799590017414,525.3302849996544,1,59,0.4614734643861827,0.007792650437786042,1069.6017969962193,,code,2-1-1-1-0-1-0-1,0.46926611482396874,True,10,batch,True,pso,30,1,swarm
oe4-pilot-v2,oe4,swarm|batch|bc1|h1|pso|r1|N30|c10,syn-logical_syntactic-conditional-r4,logical_syntactic,conditional,0,2,2581103798954869873,2026-10-01T05:44:04.893+00:00,completed,epsilon,True,True,True,True,,344.005126,458.5008560025017,455.74551900062943,1,53,0.4839345737065493,0.0036547194033032526,919.8160810135179,,code,2-1-1-1-1-1-1-1,0.48758929310985255,True,10,batch,True,pso,30,1,swarm
oe4-pilot-v2,oe4,swarm|batch|bc1|h1|pso|r1|N30|c10,syn-logical_syntactic-repetitive-r0,logical_syntactic,repetitive,0,2,2563900073831829840,2026-10-01T05:44:04.987+00:00,completed,epsilon,True,True,True,True,,220.506005,420.1323669985868,418.1975399988005,1,58,0.45068774937313677,0.02008255859137359,329.92253597849617,,code,2-1-2-1-0-1-1-1,0.47077030796451036,True,10,batch,True,pso,30,1,swarm
oe4-pilot-v2,oe4,swarm|batch|bc1|h1|pso|r1|N30|c10,syn-logical_syntactic-repetitive-r1,logical_syntactic,repetitive,0,2,1690962082425471307,2026-10-01T05:44:05.023+00:00,completed,epsilon,True,True,True,True,,151.105097,398.26250599799096,396.72842499930994,1,56,0.46854772531455674,0.02008255859137359,300.04346098494995,,code,2-1-1-1-0-1-0-1,0.48863028390593033,True,10,batch,True,pso,30,1,swarm
oe4-pilot-v2,oe4,swarm|batch|bc1|h1|pso|r1|N30|c10,syn-logical_syntactic-conditional-r2,logical_syntactic,conditional,0,2,6973891702751108736,2026-10-01T05:44:04.794+00:00,completed,epsilon,True,True,True,True,,510.126167,712.2545009988244,710.1897970023856,2,62,0.4667613697407896,1.963771524837732e-07,905.0772159925964,,code,2-1-1-1-0-0-1-1,0.46676156611794206,True,10,batch,True,pso,30,1,swarm
oe4-pilot-v2,oe4,swarm|batch|bc1|h1|pso|r1|N30|c10,syn-logical_syntactic-repetitive-r2,logical_syntactic,repetitive,0,2,12298035747105259136,2026-10-01T05:44:05.087+00:00,completed,epsilon,True,True,True,True,,238.26885,423.87990499992156,422.32442399836145,1,59,0.48860682289608054,0.02008255859137359,669.6858409868546,,code,2-1-1-1-1-1-1-1,0.5086893814874541,True,10,batch,True,pso,30,1,swarm
oe4-pilot-v2,oe4,swarm|batch|bc1|h1|pso|r1|N30|c10,syn-logical_syntactic-arrays_vectors-r0,logical_syntactic,arrays_vectors,0,2,14948705039163960895,2026-10-01T05:44:05.184+00:00,completed,epsilon,True,True,True,True,,288.907334,468.7360060015635,466.603404001944,1,58,0.4856184373133194,0.02008255859137359,649.1520060006379,,code,2-1-1-1-0-0-1-1,0.505700995904693,True,10,batch,True,pso,30,1,swarm
oe4-pilot-v2,oe4,swarm|batch|bc1|h1|pso|r1|N30|c10,syn-logical_syntactic-repetitive-r4,logical_syntactic,repetitive,0,2,3613547958009930106,2026-10-01T05:44:05.171+00:00,completed,epsilon,True,True,True,True,,352.320737,536.8727089989989,534.9667400005274,2,62,0.42431599984481977,0.02008255859137359,314.53159901893935,,code,2-1-0-1-1-1-0-1,0.44439855843619336,True,10,batch,True,pso,30,1,swarm
oe4-pilot-v2,oe4,swarm|batch|bc1|h1|pso|r1|N30|c10,syn-logical_syntactic-arrays_vectors-r2,logical_syntactic,arrays_vectors,0,2,7678510444233138347,2026-10-01T05:44:05.329+00:00,completed,epsilon,True,True,True,True,,233.977068,385.38591799806454,383.6702830012655,1,61,0.49083069767651405,0.027875012652007147,347.92480101598704,,code,2-1-1-1-0-1-0-1,0.5187057103285212,True,10,batch,True,pso,30,1,swarm
oe4-pilot-v2,oe4,swarm|batch|bc1|h1|pso|r1|N30|c10,syn-logical_syntactic-arrays_vectors-r4,logical_syntactic,arrays_vectors,0,2,15069723113616053544,2026-10-01T05:44:05.407+00:00,completed,epsilon,True,True,True,True,,254.319221,436.65009400137933,434.2968029995973,1,61,0.45823969583330176,0.008847809425137798,508.6697180130779,,code,2-0-1-1-0-1-1-0,0.46708750525843956,True,10,batch,True,pso,30,1,swarm
oe4-pilot-v2,oe4,swarm|batch|bc1|h1|pso|r1|N30|c10,syn-logical_syntactic-arrays_vectors-r3,logical_syntactic,arrays_vectors,0,2,3475821061836782133,2026-10-01T05:44:05.351+00:00,completed,epsilon,True,True,True,True,,264.588626,500.6141990015749,498.72418100130744,2,65,0.5279095277556373,1.472828643489521e-07,381.0110329747508,,code,2-0-1-2-1-0-1-1,0.5279096750385016,True,10,batch,True,pso,30,1,swarm
oe4-pilot-v2,oe4,swarm|batch|bc1|h1|pso|r1|N30|c10,syn-logical_syntactic-arrays_vectors-r1,logical_syntactic,arrays_vectors,0,2,13327273701071249688,2026-10-01T05:44:05.233+00:00,completed,epsilon,True,True,True,True,,509.440349,638.9436580029724,620.6441899994388,3,69,0.47410405901537916,0.00994067049648667,650.6662140065324,,code,2-2-1-0-1-0-0-1,0.48404472951186583,True,10,batch,True,pso,30,1,swarm
oe4-pilot-v2,oe4,swarm|batch|bc1|h1|pso|r1|N30|c10,syn-logical_syntactic-repetitive-r3,logical_syntactic,repetitive,0,2,6665076571321463288,2026-10-01T05:44:05.139+00:00,completed,epsilon,True,True,True,True,,653.066931,806.4535629964666,804.431732998637,2,65,0.46208578639800935,0.020082362214221106,582.0029100101009,,code,2-1-1-0-1-1-0-1,0.48216814861223045,True,10,batch,True,pso,30,1,swarm
oe4-pilot-v2,oe4,swarm|batch|bc1|h1|pso|r1|N30|c10,syn-logical_syntactic-functions-r0,logical_syntactic,functions,0,2,15105445333404857368,2026-10-01T05:44:05.421+00:00,completed,epsilon,True,True,True,True,,430.874418,624.4621480000205,621.9311429995287,2,63,0.5077822418422905,0.007792650437785986,454.3519569892785,,code,2-0-1-1-1-1-0-1,0.5155748922800765,True,10,batch,True,pso,30,1,swarm
oe4-pilot-v2,oe4,swarm|batch|bc1|h1|pso|r1|N30|c10,syn-logical_syntactic-functions-r1,logical_syntactic,functions,0,2,7545233351544256523,2026-10-01T05:44:05.506+00:00,completed,epsilon,True,True,True,True,,394.519863,559.6118029970967,557.324184999743,2,65,0.4952348885551682,1.9637715242826204e-07,331.52900202050574,,code,2-0-1-1-1-0-0-1,0.4952350849323206,True,10,batch,True,pso,30,1,swarm
oe4-pilot-v2,oe4,swarm|batch|bc1|h1|pso|r1|N30|c10,syn-logical_syntactic-functions-r2,logical_syntactic,functions,0,2,6130147880867857550,2026-10-01T05:44:05.511+00:00,completed,epsilon,True,True,True,True,,462.256374,627.1400639998319,624.8799139975745,5,77,0.4982072075606626,1.9637715242826204e-07,375.1256929802778,,code,2-0-0-1-1-0-1-1,0.49820740393781504,True,10,batch,True,pso,30,1,swarm
oe4-pilot-v2,oe4,swarm|batch|bc1|h1|pso|r1|N30|c10,syn-explanatory_conceptual-sequential-r0,explanatory_conceptual,sequential,0,2,14947352377729861017,2026-10-01T05:44:05.715+00:00,completed,epsilon,True,True,True,True,,263.560459,483.8967280011275,481.84846300136996,3,66,0.4486181798628388,0.018837465195685188,373.0711369926169,,text,1-0-0-0-2-0-0-1,0.467455645058524,True,10,batch,True,pso,30,1,swarm
oe4-pilot-v2,oe4,swarm|batch|bc1|h1|pso|r1|N30|c10,syn-explanatory_conceptual-sequential-r1,explanatory_conceptual,sequential,0,2,3272787541859846898,2026-10-01T05:44:05.844+00:00,completed,epsilon,True,True,True,True,,272.364234,434.38940700070816,431.91034000119544,1,56,0.45267043074923324,0.006749225258040281,474.50247900508515,,text,0-1-0-1-2-1-0-1,0.4594196560072735,True,10,batch,True,pso,30,1,swarm
oe4-pilot-v2,oe4,swarm|batch|bc1|h1|pso|r1|N30|c10,syn-logical_syntactic-functions-r3,logical_syntactic,functions,0,2,4820333934433401313,2026-10-01T05:44:05.653+00:00,completed,epsilon,True,True,True,True,,464.290836,629.5653400011361,627.3853550010244,2,63,0.48636013268759803,0.0,202.71486299284112,,code,2-0-1-0-1-1-0-1,0.48636013268759803,True,10,batch,True,pso,30,1,swarm
oe4-pilot-v2,oe4,swarm|batch|bc1|h1|pso|r1|N30|c10,syn-explanatory_conceptual-sequential-r2,explanatory_conceptual,sequential,0,2,7023970792698232399,2026-10-01T05:44:05.852+00:00,completed,epsilon,True,True,True,True,,339.896216,507.52855999962776,505.3323409993027,2,65,0.46174206660316464,0.0009320597035671341,676.8085250058588,,text,0-0-1-1-2-0-1-1,0.46267412630673177,True,10,batch,True,pso,30,1,swarm
oe4-pilot-v2,oe4,swarm|batch|bc1|h1|pso|r1|N30|c10,syn-explanatory_conceptual-sequential-r3,explanatory_conceptual,sequential,0,2,15905282458092997945,2026-10-01T05:44:05.872+00:00,completed,epsilon,True,True,True,True,,365.671639,516.6233990021283,512.9719020005723,2,62,0.4489765705985682,1.9637715242826204e-07,699.9075369904525,,text,1-0-1-1-2-1-1-1,0.44897676697572064,True,10,batch,True,pso,30,1,swarm
oe4-pilot-v2,oe4,swarm|batch|bc1|h1|pso|r1|N30|c10,syn-logical_syntactic-functions-r4,logical_syntactic,functions,0,2,10275058418311301455,2026-10-01T05:44:05.708+00:00,completed,epsilon,True,True,True,True,,511.472309,749.9065939991851,747.0937039979617,4,70,0.4530924129093758,0.0029587093058543457,335.9629120026878,,code,2-2-0-0-1-0-0-1,0.45605112221523014,True,10,batch,True,pso,30,1,swarm
oe4-pilot-v2,oe4,swarm|batch|bc1|h1|pso|r1|N30|c10,syn-explanatory_conceptual-conditional-r0,explanatory_conceptual,conditional,0,2,5916953307552671090,2026-10-01T05:44:06.046+00:00,completed,epsilon,True,True,True,True,,270.526378,459.9480470023991,458.1686849996913,2,63,0.49552996804696203,0.0,455.7225680131445,,code,2-1-1-0-2-0-1-1,0.49552996804696203,True,10,batch,True,pso,30,1,swarm
oe4-pilot-v2,oe4,swarm|batch|bc1|h1|pso|r1|N30|c10,syn-explanatory_conceptual-sequential-r4,explanatory_conceptual,sequential,0,2,16212943396658008924,2026-10-01T05:44:05.945+00:00,completed,epsilon,True,True,True,True,,397.099756,581.2977599998703,578.8372409988369,4,70,0.4665029999409801,0.0,216.35518700424308,,text,1-1-1-0-2-0-1-1,0.4665029999409801,True,10,batch,True,pso,30,1,swarm
oe4-pilot-v2,oe4,swarm|batch|bc1|h1|pso|r1|N30|c10,syn-explanatory_conceptual-conditional-r4,explanatory_conceptual,conditional,0,2,8670080275324173838,2026-10-01T05:44:06.278+00:00,completed,epsilon,True,True,True,True,,246.749381,426.1563139989448,424.3189059998258,2,65,0.46408094218044915,0.0010551589873517564,416.4490050090598,,text,1-1-1-0-2-0-0-0,0.4651361011678009,True,10,batch,True,pso,30,1,swarm
oe4-pilot-v2,oe4,swarm|batch|bc1|h1|pso|r1|N30|c10,syn-explanatory_conceptual-conditional-r3,explanatory_conceptual,conditional,0,2,11332394261640184133,2026-10-01T05:44:06.199+00:00,completed,epsilon,True,True,True,True,,455.899954,602.428737001901,600.2677520009456,2,63,0.43096390169879784,0.003654523026150769,391.66052700297803,,text,1-1-0-0-2-1-0-1,0.4346184247249486,True,10,batch,True,pso,30,1,swarm
oe4-pilot-v2,oe4,swarm|batch|bc1|h1|pso|r1|N30|c10,syn-explanatory_conceptual-conditional-r2,explanatory_conceptual,conditional,0,2,1341896759769893857,2026-10-01T05:44:06.138+00:00,completed,epsilon,True,True,True,True,,460.911431,665.0202609998814,660.7645839976612,3,66,0.49030473008974373,0.0,289.60459200589503,,diagram,1-1-2-0-2-0-1-1,0.49030473008974373,True,10,batch,True,pso,30,1,swarm
oe4-pilot-v2,oe4,swarm|batch|bc1|h1|pso|r1|N30|c10,syn-explanatory_conceptual-repetitive-r2,explanatory_conceptual,repetitive,0,2,10189736659373836677,2026-10-01T05:44:06.389+00:00,completed,epsilon,True,True,True,True,,252.869653,427.00594299822114,424.68087100132834,1,58,0.49088145414572526,0.0017991482131319847,285.89238899348237,,text,1-0-1-1-2-1-1-1,0.49268060235885724,True,10,batch,True,pso,30,1,swarm
oe4-pilot-v2,oe4,swarm|batch|bc1|h1|pso|r1|N30|c10,syn-explanatory_conceptual-repetitive-r4,explanatory_conceptual,repetitive,0,2,615434091092212846,2026-10-01T05:44:06.506+00:00,completed,epsilon,True,True,True,True,,224.110185,415.4738620018179,405.3327840010752,1,58,0.45405216601876935,0.02008255859137359,289.0200640022953,,text,1-1-0-1-2-1-1-1,0.47413472461014294,True,10,batch,True,pso,30,1,swarm
oe4-pilot-v2,oe4,swarm|batch|bc1|h1|pso|r1|N30|c10,syn-explanatory_conceptual-conditional-r1,explanatory_conceptual,conditional,0,2,18124705353368190302,2026-10-01T05:44:06.065+00:00,completed,epsilon,True,True,True,True,,670.477206,889.5602570009942,885.7429809977475,2,62,0.4788636419583419,1.963771524837732e-07,564.027574015503,,text,1-1-1-1-2-0-1-1,0.4788638383354944,True,10,batch,True,pso,30,1,swarm
oe4-pilot-v2,oe4,swarm|batch|bc1|h1|pso|r1|N30|c10,syn-explanatory_conceptual-repetitive-r0,explanatory_conceptual,repetitive,0,2,3237454591878846868,2026-10-01T05:44:06.282+00:00,completed,epsilon,True,True,True,True,,455.175855,676.90443399988,670.8355560003838,2,62,0.4460986935462345,0.02008255859137359,648.621724003317,,text,1-1-1-1-2-1-0-1,0.4661812521376081,True,10,batch,True,pso,30,1,swarm
oe4-pilot-v2,oe4,swarm|batch|bc1|h1|pso|r1|N30|c10,syn-explanatory_conceptual-repetitive-r1,explanatory_conceptual,repetitive,0,2,10148232421566165977,2026-10-01T05:44:06.359+00:00,completed,epsilon,True,True,True,True,,371.283588,607.0150110026589,602.8909619999467,2,65,0.5255407002055713,1.9637715242826204e-07,283.39067599231606,,text,1-0-1-1-2-1-1-1,0.5255408965827237,True,10,batch,True,pso,30,1,swarm
oe4-pilot-v2,oe4,swarm|batch|bc1|h1|pso|r1|N30|c10,syn-explanatory_conceptual-arrays_vectors-r0,explanatory_conceptual,arrays_vectors,0,2,8420274505294676143,2026-10-01T05:44:06.526+00:00,completed,epsilon,True,True,True,True,,307.752706,450.4676299984567,448.76502999977674,1,59,0.49778085910851905,0.027875012652007147,431.45139399174855,,text,1-1-1-1-2-1-0-1,0.5256558717605262,True,10,batch,True,pso,30,1,swarm
oe4-pilot-v2,oe4,swarm|batch|bc1|h1|pso|r1|N30|c10,syn-explanatory_conceptual-repetitive-r3,explanatory_conceptual,repetitive,0,2,5679236231213962541,2026-10-01T05:44:06.458+00:00,completed,epsilon,True,True,True,True,,351.210242,545.3210929990746,543.0748580001818,2,65,0.47773671108267024,0.009947252053144284,328.88776100255984,,text,1-0-1-0-2-1-1-1,0.4876839631358145,True,10,batch,True,pso,30,1,swarm
oe4-pilot-v2,oe4,swarm|batch|bc1|h1|pso|r1|N30|c10,syn-explanatory_conceptual-arrays_vectors-r1,explanatory_conceptual,arrays_vectors,0,2,11621185609108110648,2026-10-01T05:44:06.704+00:00,completed,epsilon,True,True,True,True,,134.023382,316.92212800044217,314.5779440019396,1,59,0.4615647597787113,0.028694684783154678,358.9907920103768,,text,0-1-0-1-2-1-1-1,0.490259444561866,True,10,batch,True,pso,30,1,swarm
oe4-pilot-v2,oe4,swarm|batch|bc1|h1|pso|r1|N30|c10,syn-explanatory_conceptual-arrays_vectors-r3,explanatory_conceptual,arrays_vectors,0,2,9640228565651749554,2026-10-01T05:44:06.803+00:00,completed,epsilon,True,True,True,True,,245.243763,373.4241980018851,370.6853079966095,1,56,0.4899428394838256,0.017498999281390593,816.3536979947536,,text,0-1-1-1-2-1-0-1,0.5074418387652162,True,10,batch,True,pso,30,1,swarm
oe4-pilot-v2,oe4,swarm|batch|bc1|h1|pso|r1|N30|c10,syn-explanatory_conceptual-arrays_vectors-r2,explanatory_conceptual,arrays_vectors,0,2,3616904053699891200,2026-10-01T05:44:06.801+00:00,completed,epsilon,True,True,True,True,,272.570804,385.18542400197475,383.1527919974178,1,56,0.5002467392530876,0.027875012652007203,950.9041469972326,,diagram,0-1-2-1-2-1-1-1,0.5281217519050948,True,10,batch,True,pso,30,1,swarm
oe4-pilot-v2,oe4,swarm|batch|bc1|h1|pso|r1|N30|c10,syn-explanatory_conceptual-arrays_vectors-r4,explanatory_conceptual,arrays_vectors,0,2,12383051168938743430,2026-10-01T05:44:06.816+00:00,completed,epsilon,True,True,True,True,,329.178796,417.5774149989593,415.5502460016578,3,62,0.5167327431150519,0.0010555026473685336,442.175959997987,,text,1-0-1-2-2-0-1-0,0.5177882457624204,True,10,batch,True,pso,30,1,swarm
oe4-pilot-v2,oe4,swarm|batch|bc1|h1|pso|r1|N30|c10,syn-explanatory_conceptual-functions-r0,explanatory_conceptual,functions,0,2,4847129841761666601,2026-10-01T05:44:06.921+00:00,completed,epsilon,True,True,True,True,,142.978962,315.39963799878024,313.83751400062465,1,57,0.4945698834876539,0.01617519995265254,450.7846579860851,,text,1-2-1-1-2-0-1-1,0.5107450834403064,True,10,batch,True,pso,30,1,swarm
oe4-pilot-v2,oe4,swarm|batch|bc1|h1|pso|r1|N30|c10,syn-explanatory_conceptual-functions-r2,explanatory_conceptual,functions,0,2,15850266999198055000,2026-10-01T05:44:06.959+00:00,completed,epsilon,True,True,True,True,,236.782464,407.85269899788545,405.46520900170435,1,56,0.46612651648152953,0.02008255859137359,968.0393150087813,,text,1-1-1-1-2-1-1-1,0.4862090750729031,True,10,batch,True,pso,30,1,swarm
oe4-pilot-v2,oe4,swarm|batch|bc1|h1|pso|r1|N30|c10,syn-explanatory_conceptual-functions-r3,explanatory_conceptual,functions,0,2,15409255459732107106,2026-10-01T05:44:06.966+00:00,completed,epsilon,True,True,True,True,,379.689967,538.5563039999397,534.9526600002719,1,59,0.4977771280697979,0.007792797720650335,987.8663219905426,,text,1-0-1-2-2-1-1-1,0.5055699257904482,True,10,batch,True,pso,30,1,swarm
oe4-pilot-v2,oe4,swarm|batch|bc1|h1|pso|r1|N30|c10,syn-explanatory_conceptual-functions-r1,explanatory_conceptual,functions,0,2,8968182148387190867,2026-10-01T05:44:06.955+00:00,completed,epsilon,True,True,True,True,,413.426463,581.6406539997843,579.0634069999214,4,73,0.5134225156367632,0.0,1074.5688180162288,,code,2-0-1-0-2-0-0-1,0.5134225156367632,True,10,batch,True,pso,30,1,swarm
oe4-pilot-v2,oe4,swarm|batch|bc1|h1|pso|r1|N30|c10,syn-balanced_multimodal-sequential-r1,balanced_multimodal,sequential,0,2,15851898587384579384,2026-10-01T05:44:07.021+00:00,completed,epsilon,True,True,True,True,,446.16897,534.681240998907,532.7482600005169,2,63,0.46578051203228604,0.02008255859137359,1067.1613609985457,,code,2-1-2-1-1-1-1-1,0.48586307062365963,True,10,batch,True,pso,30,1,swarm
oe4-pilot-v2,oe4,swarm|batch|bc1|h1|pso|r1|N30|c10,syn-balanced_multimodal-sequential-r2,balanced_multimodal,sequential,0,2,9812259528755781404,2026-10-01T05:44:07.177+00:00,completed,epsilon,True,True,True,True,,167.925708,395.0230339978589,393.3682829992904,2,63,0.5195512786534427,1.9637715242826204e-07,580.1919499982505,,code,2-0-1-1-1-1-1-1,0.5195514750305952,True,10,batch,True,pso,30,1,swarm
oe4-pilot-v2,oe4,swarm|batch|bc1|h1|pso|r1|N30|c10,syn-balanced_multimodal-sequential-r3,balanced_multimodal,sequential,0,2,17396203175820366605,2026-10-01T05:44:07.186+00:00,completed,epsilon,True,True,True,True,,286.41421,547.9954250004084,543.7598110002,2,63,0.5055952816994697,0.0,1183.5250789787137,,text,1-0-1-0-2-1-1-1,0.5055952816994697,True,10,batch,True,pso,30,1,swarm
oe4-pilot-v2,oe4,swarm|batch|bc1|h1|pso|r1|N30|c10,syn-balanced_multimodal-conditional-r0,balanced_multimodal,conditional,0,2,9492171042143771967,2026-10-01T05:44:07.237+00:00,completed,epsilon,True,True,True,True,,283.51623,500.09240600047633,493.6600590008311,1,61,0.48780502665661635,0.0036547194033032526,904.4188540003628,,code,2-1-1-1-1-1-1-1,0.4914597460599196,True,10,batch,True,pso,30,1,swarm
oe4-pilot-v2,oe4,swarm|batch|bc1|h1|pso|r1|N30|c10,syn-explanatory_conceptual-functions-r4,explanatory_conceptual,functions,0,2,13584105466744503536,2026-10-01T05:44:06.977+00:00,completed,epsilon,True,True,True,True,,624.905519,795.7484949984064,791.4159520005342,2,61,0.49970043101958095,0.0,932.3315270013474,,text,1-0-1-0-2-0-1-1,0.49970043101958095,True,10,batch,True,pso,30,1,swarm
oe4-pilot-v2,oe4,swarm|batch|bc1|h1|pso|r1|N30|c10,syn-balanced_multimodal-sequential-r0,balanced_multimodal,sequential,0,2,12829628287881295465,2026-10-01T05:44:07.003+00:00,completed,epsilon,True,True,True,True,,653.701382,781.8133069995383,779.1339399991557,3,69,0.4948651175024352,0.0,1326.7764790010156,,diagram,1-0-2-0-1-1-1-1,0.4948651175024352,True,10,batch,True,pso,30,1,swarm
oe4-pilot-v2,oe4,swarm|batch|bc1|h1|pso|r1|N30|c10,syn-balanced_multimodal-conditional-r1,balanced_multimodal,conditional,0,2,12567349465944861023,2026-10-01T05:44:07.367+00:00,completed,epsilon,True,True,True,True,,353.418718,427.7732600021409,425.9878029988613,1,61,0.4988095313719645,0.0,1135.13069301321,,code,1-1-1-0-1-0-1-1,0.4988095313719645,True,10,batch,True,pso,30,1,swarm
oe4-pilot-v2,oe4,swarm|batch|bc1|h1|pso|r1|N30|c10,syn-balanced_multimodal-sequential-r4,balanced_multimodal,sequential,0,2,16072189927809315852,2026-10-01T05:44:07.233+00:00,completed,epsilon,True,True,True,True,,397.425603,575.7442489993991,573.7301799999841,4,73,0.5064313832719637,1.9637715242826204e-07,965.1124719846267,,code,2-0-2-1-2-1-2-1,0.5064315796491161,True,10,batch,True,pso,30,1,swarm
oe4-pilot-v2,oe4,swarm|batch|bc1|h1|pso|r1|N30|c10,syn-balanced_multimodal-conditional-r2,balanced_multimodal,conditional,0,2,4742918314447581142,2026-10-01T05:44:07.505+00:00,completed,epsilon,True,True,True,True,,188.446334,401.0140329992282,399.1281809976499,2,65,0.4993812836734506,0.0,596.9375160002614,,code,1-1-1-0-1-0-1-1,0.4993812836734506,True,10,batch,True,pso,30,1,swarm
oe4-pilot-v2,oe4,swarm|batch|bc1|h1|pso|r1|N30|c10,syn-balanced_multimodal-conditional-r3,balanced_multimodal,conditional,0,2,11394639668150330671,2026-10-01T05:44:07.537+00:00,completed,epsilon,True,True,True,True,,207.616431,400.18532799876994,397.3911689972738,2,65,0.47153478436590585,1.963771524837732e-07,545.375585004154,,text,1-1-1-1-2-0-1-1,0.47153498074305833,True,10,batch,True,pso,30,1,swarm
oe4-pilot-v2,oe4,swarm|batch|bc1|h1|pso|r1|N30|c10,syn-balanced_multimodal-conditional-r4,balanced_multimodal,conditional,0,2,2277667993778051270,2026-10-01T05:44:07.556+00:00,completed,epsilon,True,True,True,True,,320.453911,480.1901419996284,478.3026420009264,1,59,0.49335718275037993,0.0036547194033032526,1358.7051139824523,,code,2-1-1-1-2-1-2-1,0.4970119021536832,True,10,batch,True,pso,30,1,swarm
oe4-pilot-v2,oe4,swarm|batch|bc1|h1|pso|r1|N30|c10,syn-balanced_multimodal-repetitive-r0,balanced_multimodal,repetitive,0,2,3839617547738254315,2026-10-01T05:44:07.572+00:00,completed,epsilon,True,True,True,True,,353.263283,490.97046599854366,488.14012599905254,2,63,0.5583985455313946,1.9637715242826204e-07,1300.9901909900766,,code,2-0-1-1-1-1-2-1,0.558398741908547,True,10,batch,True,pso,30,1,swarm
oe4-pilot-v2,oe4,swarm|batch|bc1|h1|pso|r1|N30|c10,syn-balanced_multimodal-repetitive-r2,balanced_multimodal,repetitive,0,2,12027688066564710874,2026-10-01T05:44:07.737+00:00,completed,epsilon,True,True,True,True,,174.459696,380.5854379970697,378.29959699956817,1,54,0.48695008664679024,0.02008255859137359,601.0949910044249,,code,2-1-2-1-1-1-2-1,0.5070326452381638,True,10,batch,True,pso,30,1,swarm
oe4-pilot-v2,oe4,swarm|batch|bc1|h1|pso|r1|N30|c10,syn-balanced_multimodal-repetitive-r3,balanced_multimodal,repetitive,0,2,10665835498416014906,2026-10-01T05:44:07.773+00:00,completed,epsilon,True,True,True,True,,256.676382,432.630261999293,430.8647430007113,1,53,0.498403614745411,0.02008255859137359,968.2998260068366,,diagram,1-1-2-1-2-1-1-1,0.5184861733367846,True,10,batch,True,pso,30,1,swarm
oe4-pilot-v2,oe4,swarm|batch|bc1|h1|pso|r1|N30|c10,syn-balanced_multimodal-repetitive-r4,balanced_multimodal,repetitive,0,2,16842203000296662102,2026-10-01T05:44:07.785+00:00,completed,epsilon,True,True,True,True,,278.776639,470.78773799876217,468.64490499865497,2,63,0.5555295985433403,0.0,1062.4403420016893,,code,2-0-1-0-1-1-2-1,0.5555295985433403,True,10,batch,True,pso,30,1,swarm
oe4-pilot-v2,oe4,swarm|batch|bc1|h1|pso|r1|N30|c10,syn-balanced_multimodal-repetitive-r1,balanced_multimodal,repetitive,0,2,2659073220867155690,2026-10-01T05:44:07.734+00:00,completed,epsilon,True,True,True,True,,405.957382,643.568294999568,641.7994479998015,1,56,0.5099655888622538,0.020082558591373645,564.3610109936996,,code,2-1-2-1-2-1-1-1,0.5300481474536275,True,10,batch,True,pso,30,1,swarm
oe4-pilot-v2,oe4,swarm|batch|bc1|h1|pso|r1|N30|c10,syn-balanced_multimodal-arrays_vectors-r0,balanced_multimodal,arrays_vectors,0,2,8202019099685287209,2026-10-01T05:44:07.795+00:00,completed,epsilon,True,True,True,True,,410.760641,587.0055370032787,584.8642739983916,2,65,0.5214552573504015,0.007792454060633558,1133.1712500058413,,code,2-0-1-0-2-1-1-1,0.5292477114110351,True,10,batch,True,pso,30,1,swarm
oe4-pilot-v2,oe4,swarm|batch|bc1|h1|pso|r1|N30|c10,syn-balanced_multimodal-arrays_vectors-r1,balanced_multimodal,arrays_vectors,0,2,1557390382835702406,2026-10-01T05:44:07.809+00:00,completed,epsilon,True,True,True,True,,429.646421,589.6759400020528,586.7771459998039,1,59,0.5096116990703786,0.010013934431594262,1066.2732920051903,,code,1-0-1-0-1-1-1-1,0.5196256335019729,True,10,batch,True,pso,30,1,swarm
oe4-pilot-v2,oe4,swarm|batch|bc1|h1|pso|r1|N30|c10,syn-balanced_multimodal-arrays_vectors-r4,balanced_multimodal,arrays_vectors,0,2,7080146454937735062,2026-10-01T05:44:08.036+00:00,completed,epsilon,True,True,True,True,,168.620627,400.0145979989611,398.4624320000876,1,53,0.5231764212501887,0.0034158919247068154,284.2462420037203,,code,2-1-1-1-1-0-1-1,0.5265923131748955,True,10,batch,True,pso,30,1,swarm
oe4-pilot-v2,oe4,swarm|batch|bc1|h1|pso|r1|N30|c10,syn-balanced_multimodal-arrays_vectors-r2,balanced_multimodal,arrays_vectors,0,2,1551228789342824201,2026-10-01T05:44:07.906+00:00,completed,epsilon,True,True,True,True,,595.818402,659.7347429997171,657.7612789988052,3,69,0.5407907180206968,0.007792454060633558,1058.380368000913,,text,1-0-1-0-2-1-1-1,0.5485831720813303,True,10,batch,True,pso,30,1,swarm
oe4-pilot-v2,oe4,swarm|batch|bc1|h1|pso|r1|N30|c10,syn-balanced_multimodal-functions-r1,balanced_multimodal,functions,0,2,368220290834284782,2026-10-01T05:44:08.117+00:00,completed,epsilon,True,True,True,True,,238.904062,450.0120890006656,446.77237100040657,1,58,0.49177264213206817,0.020082362214221106,682.8036000044506,,code,2-1-1-0-1-1-2-1,0.5118550043462893,True,10,batch,True,pso,30,1,swarm
oe4-pilot-v2,oe4,swarm|batch|bc1|h1|pso|r1|N30|c10,syn-balanced_multimodal-functions-r3,balanced_multimodal,functions,0,2,18228905326412579013,2026-10-01T05:44:08.255+00:00,completed,epsilon,True,True,True,True,,243.219785,339.0909230001853,319.80951500008814,1,59,0.49300132682799114,0.024411447389422025,509.0821919887169,,code,1-0-1-1-1-1-0-1,0.5174127742174132,True,10,batch,True,pso,30,1,swarm
oe4-pilot-v2,oe4,swarm|batch|bc1|h1|pso|r1|N30|c10,syn-balanced_multimodal-functions-r2,balanced_multimodal,functions,0,2,8673480799685267205,2026-10-01T05:44:08.205+00:00,completed,epsilon,True,True,True,True,,286.294608,407.60651199889253,405.6584629979625,2,62,0.510395070984393,0.007792454060633558,626.3089170153731,,code,2-0-1-0-1-1-1-1,0.5181875250450265,True,10,batch,True,pso,30,1,swarm
oe4-pilot-v2,oe4,swarm|batch|bc1|h1|pso|r1|N30|c10,syn-balanced_multimodal-functions-r0,balanced_multimodal,functions,0,2,2933908082685948832,2026-10-01T05:44:08.063+00:00,completed,epsilon,True,True,True,True,,323.580952,586.0332219999691,583.7456289991678,3,69,0.5309809873500523,0.0,332.4078779879849,,code,2-0-2-0-1-0-1-1,0.5309809873500523,True,10,batch,True,pso,30,1,swarm
oe4-pilot-v2,oe4,swarm|batch|bc1|h1|pso|r1|N30|c10,syn-balanced_multimodal-functions-r4,balanced_multimodal,functions,0,2,4683180797726806680,2026-10-01T05:44:08.378+00:00,completed,epsilon,True,True,True,True,,148.213234,293.4243929994409,291.311239998322,3,69,0.5037098665441013,0.0,367.4501550013327,,diagram,1-0-2-0-1-0-1-1,0.5037098665441013,True,10,batch,True,pso,30,1,swarm
oe4-pilot-v2,oe4,swarm|batch|bc1|h1|pso|r1|N30|c10,syn-balanced_multimodal-arrays_vectors-r3,balanced_multimodal,arrays_vectors,0,2,11908930478528390133,2026-10-01T05:44:07.937+00:00,completed,epsilon,True,True,True,True,,635.384672,737.727552997967,735.5354299979808,6,81,0.5517303986475605,0.0,315.8697639935842,,code,2-0-2-1-1-0-2-1,0.5517303986475605,True,10,batch,True,pso,30,1,swarm
oe4-pilot-v2,oe4,swarm|batch|bc1|h1|pso|r1|N30|c10,syn-visual_dominant-conditional-r2,visual_dominant,conditional,0,3,7530803405880337628,2026-10-01T05:44:08.678+00:00,completed,epsilon,True,True,True,True,,175.73814,193.21562999903108,191.35626800198224,2,65,0.47576325269917313,1.963771524837732e-07,443.1088419889309,,code,2-1-2-1-1-0-1-1,0.4757634490763256,True,10,batch,True,pso,30,1,swarm
oe4-pilot-v2,oe4,swarm|batch|bc1|h1|pso|r1|N30|c10,syn-visual_dominant-sequential-r0,visual_dominant,sequential,0,3,8580140326324496627,2026-10-01T05:44:08.675+00:00,completed,epsilon,True,True,True,True,,185.206389,210.20726700226078,208.54543700261274,2,63,0.47580606727894714,0.0,632.994303987346,,diagram,1-0-2-0-1-1-0-1,0.47580606727894714,True,10,batch,True,pso,30,1,swarm
oe4-pilot-v2,oe4,swarm|batch|bc1|h1|pso|r1|N30|c10,syn-visual_dominant-sequential-r1,visual_dominant,sequential,0,3,17048800117076641484,2026-10-01T05:44:08.676+00:00,completed,epsilon,True,True,True,True,,283.487074,321.749645001546,315.58919999952195,1,53,0.44878503224528293,0.02008255859137359,971.8440969971044,,diagram,1-1-2-1-0-1-1-1,0.4688675908366565,True,10,batch,True,pso,30,1,swarm
oe4-pilot-v2,oe4,swarm|batch|bc1|h1|pso|r1|N30|c10,syn-visual_dominant-conditional-r0,visual_dominant,conditional,0,3,11471567894967710186,2026-10-01T05:44:08.677+00:00,completed,epsilon,True,True,True,True,,308.020004,338.41740999923786,336.2669160014775,1,61,0.4683786250362893,0.007792650437786042,994.237625996977,,diagram,1-1-2-1-0-1-0-1,0.47617127547407534,True,10,batch,True,pso,30,1,swarm
oe4-pilot-v2,oe4,swarm|batch|bc1|h1|pso|r1|N30|c10,syn-visual_dominant-sequential-r3,visual_dominant,sequential,0,3,5551779150201999310,2026-10-01T05:44:08.677+00:00,completed,epsilon,True,True,True,True,,327.793958,386.23194899992086,384.19255500048166,3,63,0.4968930391220401,0.0,936.9981000097479,,diagram,1-0-2-0-0-1-1-1,0.4968930391220401,True,10,batch,True,pso,30,1,swarm
oe4-pilot-v2,oe4,swarm|batch|bc1|h1|pso|r1|N30|c10,syn-visual_dominant-sequential-r4,visual_dominant,sequential,0,3,13994061115368628468,2026-10-01T05:44:08.677+00:00,completed,epsilon,True,True,True,True,,469.085773,538.8318000004801,530.340976001753,2,65,0.45399075511807396,1.9637715242826204e-07,1111.23161101159,,diagram,1-0-2-1-1-1-0-1,0.4539909514952264,True,10,batch,True,pso,30,1,swarm
oe4-pilot-v2,oe4,swarm|batch|bc1|h1|pso|r1|N30|c10,syn-visual_dominant-conditional-r4,visual_dominant,conditional,0,3,7123775909059268369,2026-10-01T05:44:08.679+00:00,completed,epsilon,True,True,True,True,,501.015622,556.5730490015994,553.6525509996864,1,58,0.4486569413932807,0.0,1213.9811470125562,,diagram,1-1-2-0-1-0-0-1,0.4486569413932807,True,10,batch,True,pso,30,1,swarm
oe4-pilot-v2,oe4,swarm|batch|bc1|h1|pso|r1|N30|c10,syn-visual_dominant-sequential-r2,visual_dominant,sequential,0,3,4355585619346073820,2026-10-01T05:44:08.676+00:00,completed,epsilon,True,True,True,True,,529.447042,568.1848009990063,565.772552999988,3,66,0.4684960847891392,0.0,1457.4357919981705,,diagram,1-0-2-0-0-1-0-1,0.4684960847891392,True,10,batch,True,pso,30,1,swarm
oe4-pilot-v2,oe4,swarm|batch|bc1|h1|pso|r1|N30|c10,syn-visual_dominant-conditional-r3,visual_dominant,conditional,0,3,12303691227522993195,2026-10-01T05:44:08.679+00:00,completed,epsilon,True,True,True,True,,521.712058,567.5887640027213,563.2014619986876,2,65,0.4537572043126114,0.0036547194033032526,1330.7610970136886,,diagram,1-1-2-1-0-1-1-1,0.45741192371591466,True,10,batch,True,pso,30,1,swarm
oe4-pilot-v2,oe4,swarm|batch|bc1|h1|pso|r1|N30|c10,syn-visual_dominant-conditional-r1,visual_dominant,conditional,0,3,13928515270300365190,2026-10-01T05:44:08.678+00:00,completed,epsilon,True,True,True,True,,585.273093,626.2498930009315,624.1139379999368,4,73,0.4371315517815198,1.963771524837732e-07,1518.3012210091033,,diagram,1-1-2-1-0-0-0-1,0.4371317481586723,True,10,batch,True,pso,30,1,swarm
oe4-pilot-v2,oe4,swarm|batch|bc1|h1|pso|r1|N30|c10,syn-visual_dominant-repetitive-r0,visual_dominant,repetitive,0,3,3652346516165016234,2026-10-01T05:44:08.872+00:00,completed,epsilon,True,True,True,True,,201.945843,448.23606200225186,445.6681670017133,1,59,0.46998170127395994,0.02008255859137359,626.9238160033896,,diagram,1-1-2-1-1-1-0-1,0.49006425986533353,True,10,batch,True,pso,30,1,swarm
oe4-pilot-v2,oe4,swarm|batch|bc1|h1|pso|r1|N30|c10,syn-visual_dominant-repetitive-r2,visual_dominant,repetitive,0,3,15577984090316381348,2026-10-01T05:44:08.997+00:00,completed,epsilon,True,True,True,True,,366.944663,498.0935630010208,495.9562730000471,2,63,0.5174510138160732,1.9637715242826204e-07,1129.2270810115822,,code,2-0-2-1-1-1-0-1,0.5174512101932256,True,10,batch,True,pso,30,1,swarm
oe4-pilot-v2,oe4,swarm|batch|bc1|h1|pso|r1|N30|c10,syn-visual_dominant-repetitive-r3,visual_dominant,repetitive,0,3,13061490195280824700,2026-10-01T05:44:09.016+00:00,completed,epsilon,True,True,True,True,,362.555733,485.6754270003876,483.9865659996576,2,55,0.4931223664434585,0.012207742316518777,664.7638730074455,,diagram,1-0-2-1-0-0-0-1,0.5053301087599773,True,10,batch,True,pso,30,1,swarm
oe4-pilot-v2,oe4,swarm|batch|bc1|h1|pso|r1|N30|c10,syn-visual_dominant-repetitive-r4,visual_dominant,repetitive,0,3,5153165576748431564,2026-10-01T05:44:09.063+00:00,completed,epsilon,True,True,True,True,,412.70454,490.17107200052124,488.1998550008575,3,66,0.4676075053726938,0.0,747.1257059982763,,diagram,1-0-2-0-0-1-0-1,0.4676075053726938,True,10,batch,True,pso,30,1,swarm
oe4-pilot-v2,oe4,swarm|batch|bc1|h1|pso|r1|N30|c10,syn-visual_dominant-arrays_vectors-r0,visual_dominant,arrays_vectors,0,3,2484686855457110652,2026-10-01T05:44:09.216+00:00,completed,epsilon,True,True,True,True,,316.215034,524.4480069995916,522.3629720021563,1,54,0.46105976353153516,0.027875012652007147,489.98141499219764,,diagram,1-1-2-1-0-1-0-1,0.4889347761835423,True,10,batch,True,pso,30,1,swarm
oe4-pilot-v2,oe4,swarm|batch|bc1|h1|pso|r1|N30|c10,syn-visual_dominant-arrays_vectors-r4,visual_dominant,arrays_vectors,0,3,13236652181889018265,2026-10-01T05:44:09.304+00:00,completed,epsilon,True,True,True,True,,336.73244,451.3312119997863,448.2294589979574,1,58,0.49310999494245983,0.004471198194922976,1177.3844189909166,,diagram,1-1-2-2-1-0-0-0,0.4975811931373828,True,10,batch,True,pso,30,1,swarm
oe4-pilot-v2,oe4,swarm|batch|bc1|h1|pso|r1|N30|c10,syn-visual_dominant-arrays_vectors-r1,visual_dominant,arrays_vectors,0,3,14387502913323118724,2026-10-01T05:44:09.236+00:00,completed,epsilon,True,True,True,True,,368.874726,555.6909959996119,536.7176949985151,3,67,0.4531926066883153,0.0,422.238487003284,,diagram,1-0-2-0-0-0-0-1,0.4531926066883153,True,10,batch,True,pso,30,1,swarm
oe4-pilot-v2,oe4,swarm|batch|bc1|h1|pso|r1|N30|c10,syn-visual_dominant-repetitive-r1,visual_dominant,repetitive,0,3,9493985239135120539,2026-10-01T05:44:08.885+00:00,completed,epsilon,True,True,True,True,,678.352647,920.7811119995313,918.5867489977682,5,74,0.49141108956712465,0.0,372.21466001143625,,code,2-0-2-0-1-1-1-1,0.49141108956712465,True,10,batch,True,pso,30,1,swarm
oe4-pilot-v2,oe4,swarm|batch|bc1|h1|pso|r1|N30|c10,syn-visual_dominant-arrays_vectors-r2,visual_dominant,arrays_vectors,0,3,18083930375172244621,2026-10-01T05:44:09.244+00:00,completed,epsilon,True,True,True,True,,410.529091,571.4994360023411,568.9559499987809,3,66,0.5218342851242742,1.9637715242826204e-07,1085.8907139955215,,diagram,1-0-2-1-1-0-1-1,0.5218344815014266,True,10,batch,True,pso,30,1,swarm
oe4-pilot-v2,oe4,swarm|batch|bc1|h1|pso|r1|N30|c10,syn-visual_dominant-arrays_vectors-r3,visual_dominant,arrays_vectors,0,3,16074832408338533935,2026-10-01T05:44:09.246+00:00,completed,epsilon,True,True,True,True,,410.702888,573.8959800000885,571.4137299983122,3,69,0.5279373560844233,0.0,1057.9566690012457,,diagram,0-0-2-1-1-0-0-1,0.5279373560844233,True,10,batch,True,pso,30,1,swarm
oe4-pilot-v2,oe4,swarm|batch|bc1|h1|pso|r1|N30|c10,syn-visual_dominant-functions-r1,visual_dominant,functions,0,3,12724222799605840855,2026-10-01T05:44:09.496+00:00,completed,epsilon,True,True,True,True,,214.390537,406.4443509996636,396.0708300000988,2,63,0.49466746788594257,0.007230897594027896,596.7174869984251,,code,2-2-2-1-1-0-0-1,0.5018983654799705,True,10,batch,True,pso,30,1,swarm
oe4-pilot-v2,oe4,swarm|batch|bc1|h1|pso|r1|N30|c10,syn-visual_dominant-functions-r0,visual_dominant,functions,0,3,11375697626506085209,2026-10-01T05:44:09.320+00:00,completed,epsilon,True,True,True,True,,511.894771,650.4815329972189,647.6214860012988,1,53,0.47770576352191013,0.02008255859137359,853.5408879870793,,diagram,1-1-2-1-1-1-0-1,0.4977883221132837,True,10,batch,True,pso,30,1,swarm
oe4-pilot-v2,oe4,swarm|batch|bc1|h1|pso|r1|N30|c10,syn-visual_dominant-functions-r3,visual_dominant,functions,0,3,15496158585802717903,2026-10-01T05:44:09.553+00:00,completed,epsilon,True,True,True,True,,305.847212,430.94171499978984,429.0257569991809,1,61,0.4525600963951378,0.027875012652007147,815.6563630049443,,diagram,1-1-2-1-0-1-1-1,0.4804351090471449,True,10,batch,True,pso,30,1,swarm
oe4-pilot-v2,oe4,swarm|batch|bc1|h1|pso|r1|N30|c10,syn-visual_dominant-functions-r2,visual_dominant,functions,0,3,2855966151648987497,2026-10-01T05:44:09.502+00:00,completed,epsilon,True,True,True,True,,327.929843,490.97607499788865,489.3309310027689,2,62,0.4624311814719705,0.008945025651836969,541.7849220064526,,diagram,1-0-2-1-0-1-1-1,0.47137620712380746,True,10,batch,True,pso,30,1,swarm
oe4-pilot-v2,oe4,swarm|batch|bc1|h1|pso|r1|N30|c10,syn-logical_syntactic-sequential-r0,logical_syntactic,sequential,0,3,13362044807751343064,2026-10-01T05:44:09.756+00:00,completed,epsilon,True,True,True,True,,190.08029,325.8224170022004,323.70496400108095,1,61,0.4761348237523099,0.02008255859137359,656.6148260076591,,code,2-1-1-1-0-1-0-1,0.4962173823436835,True,10,batch,True,pso,30,1,swarm
oe4-pilot-v2,oe4,swarm|batch|bc1|h1|pso|r1|N30|c10,syn-logical_syntactic-sequential-r1,logical_syntactic,sequential,0,3,14311645315440717423,2026-10-01T05:44:09.791+00:00,completed,epsilon,True,True,True,True,,292.827351,420.2571470013936,416.56523200072115,3,69,0.4825463618186212,0.0,1065.1945919994375,,code,2-0-1-0-1-1-0-1,0.4825463618186212,True,10,batch,True,pso,30,1,swarm
oe4-pilot-v2,oe4,swarm|batch|bc1|h1|pso|r1|N30|c10,syn-logical_syntactic-sequential-r2,logical_syntactic,sequential,0,3,15643440995604996842,2026-10-01T05:44:09.806+00:00,completed,epsilon,True,True,True,True,,316.173211,440.9976960014319,438.6874439987878,1,57,0.5052479809084092,0.0034158919247069264,1180.686161008492,,code,2-1-0-1-1-1-1-1,0.5086638728331161,True,10,batch,True,pso,30,1,swarm
oe4-pilot-v2,oe4,swarm|batch|bc1|h1|pso|r1|N30|c10,syn-visual_dominant-functions-r4,visual_dominant,functions,0,3,10259835321663512086,2026-10-01T05:44:09.740+00:00,completed,epsilon,True,True,True,True,,388.454727,552.8557030011143,550.7804799999576,2,60,0.48282466482518693,0.019803777820581292,569.6190739959469,,code,2-2-2-1-1-1-1-1,0.5026284426457682,True,10,batch,True,pso,30,1,swarm
oe4-pilot-v2,oe4,swarm|batch|bc1|h1|pso|r1|N30|c10,syn-logical_syntactic-sequential-r3,logical_syntactic,sequential,0,3,16960600487627624599,2026-10-01T05:44:09.816+00:00,completed,epsilon,True,True,True,True,,423.11736,498.6408750010014,496.51211200034595,3,66,0.47454058681115907,0.0,1546.5269209973014,,code,2-0-1-0-1-1-0-1,0.47454058681115907,True,10,batch,True,pso,30,1,swarm
oe4-pilot-v2,oe4,swarm|batch|bc1|h1|pso|r1|N30|c10,syn-logical_syntactic-conditional-r0,logical_syntactic,conditional,0,3,4732552759670585228,2026-10-01T05:44:09.902+00:00,completed,epsilon,True,True,True,True,,149.92191,422.5431619997835,420.8600500023749,1,59,0.4552126305749631,0.003654523026150769,440.0359320003255,,code,2-1-1-0-0-1-0-1,0.45886715360111385,True,10,batch,True,pso,30,1,swarm
oe4-pilot-v2,oe4,swarm|batch|bc1|h1|pso|r1|N30|c10,syn-logical_syntactic-sequential-r4,logical_syntactic,sequential,0,3,17250185977012485747,2026-10-01T05:44:09.820+00:00,completed,epsilon,True,True,True,True,,443.528817,510.5928280027001,508.80517000041436,4,70,0.4963874393518477,3.4366001677721414e-07,1438.3982770072007,,code,2-0-1-2-1-0-0-1,0.4963877830118645,True,10,batch,True,pso,30,1,swarm
oe4-pilot-v2,oe4,swarm|batch|bc1|h1|pso|r1|N30|c10,syn-logical_syntactic-conditional-r3,logical_syntactic,conditional,0,3,6626061848004110554,2026-10-01T05:44:09.993+00:00,completed,epsilon,True,True,True,True,,338.367169,530.0995520010474,527.4162909990991,1,59,0.4614734643861827,0.007792650437786042,988.4168410108643,,code,2-1-1-1-0-1-0-1,0.46926611482396874,True,10,batch,True,pso,30,1,swarm
oe4-pilot-v2,oe4,swarm|batch|bc1|h1|pso|r1|N30|c10,syn-logical_syntactic-conditional-r1,logical_syntactic,conditional,0,3,16767561851559065070,2026-10-01T05:44:09.970+00:00,completed,epsilon,True,True,True,True,,345.378364,555.1709930005018,553.4079009994457,2,63,0.44403176024746854,0.007792797720650391,965.1241160028325,,code,2-1-1-2-0-1-0-1,0.45182455796811893,True,10,batch,True,pso,30,1,swarm
oe4-pilot-v2,oe4,swarm|batch|bc1|h1|pso|r1|N30|c10,syn-logical_syntactic-conditional-r4,logical_syntactic,conditional,0,3,2581103798954869873,2026-10-01T05:44:10.081+00:00,completed,epsilon,True,True,True,True,,342.658494,446.9812190000084,445.4307409978355,1,53,0.4839345737065493,0.0036547194033032526,861.2778959940815,,code,2-1-1-1-1-1-1-1,0.48758929310985255,True,10,batch,True,pso,30,1,swarm
oe4-pilot-v2,oe4,swarm|batch|bc1|h1|pso|r1|N30|c10,syn-logical_syntactic-repetitive-r0,logical_syntactic,repetitive,0,3,2563900073831829840,2026-10-01T05:44:10.212+00:00,completed,epsilon,True,True,True,True,,165.292157,383.5284020024119,381.9481499995163,1,58,0.45068774937313677,0.02008255859137359,590.44038900141,,code,2-1-2-1-0-1-1-1,0.47077030796451036,True,10,batch,True,pso,30,1,swarm
oe4-pilot-v2,oe4,swarm|batch|bc1|h1|pso|r1|N30|c10,syn-logical_syntactic-repetitive-r1,logical_syntactic,repetitive,0,3,1690962082425471307,2026-10-01T05:44:10.247+00:00,completed,epsilon,True,True,True,True,,166.342131,352.4268069995742,350.6341649990645,1,56,0.46854772531455674,0.02008255859137359,447.8196730074838,,code,2-1-1-1-0-1-0-1,0.48863028390593033,True,10,batch,True,pso,30,1,swarm
oe4-pilot-v2,oe4,swarm|batch|bc1|h1|pso|r1|N30|c10,syn-logical_syntactic-repetitive-r2,logical_syntactic,repetitive,0,3,12298035747105259136,2026-10-01T05:44:10.293+00:00,completed,epsilon,True,True,True,True,,283.673537,467.48117599781835,463.2469399984984,1,59,0.48860682289608054,0.02008255859137359,1306.466716002872,,code,2-1-1-1-1-1-1-1,0.5086893814874541,True,10,batch,True,pso,30,1,swarm
oe4-pilot-v2,oe4,swarm|batch|bc1|h1|pso|r1|N30|c10,syn-logical_syntactic-conditional-r2,logical_syntactic,conditional,0,3,6973891702751108736,2026-10-01T05:44:09.984+00:00,completed,epsilon,True,True,True,True,,571.588713,807.3852579982486,804.0308060008101,2,62,0.4667613697407896,1.963771524837732e-07,942.9420249969507,,code,2-1-1-1-0-0-1-1,0.46676156611794206,True,10,batch,True,pso,30,1,swarm
oe4-pilot-v2,oe4,swarm|batch|bc1|h1|pso|r1|N30|c10,syn-logical_syntactic-arrays_vectors-r0,logical_syntactic,arrays_vectors,0,3,14948705039163960895,2026-10-01T05:44:10.331+00:00,completed,epsilon,True,True,True,True,,363.231491,470.3228139987914,468.7842029998137,1,58,0.4856184373133194,0.02008255859137359,987.3519909988155,,code,2-1-1-1-0-0-1-1,0.505700995904693,True,10,batch,True,pso,30,1,swarm
oe4-pilot-v2,oe4,swarm|batch|bc1|h1|pso|r1|N30|c10,syn-logical_syntactic-arrays_vectors-r2,logical_syntactic,arrays_vectors,0,3,7678510444233138347,2026-10-01T05:44:10.525+00:00,completed,epsilon,True,True,True,True,,190.70089,382.104973999958,380.1537269973778,1,61,0.49083069767651405,0.027875012652007147,626.0676600023119,,code,2-1-1-1-0-1-0-1,0.5187057103285212,True,10,batch,True,pso,30,1,swarm
oe4-pilot-v2,oe4,swarm|batch|bc1|h1|pso|r1|N30|c10,syn-logical_syntactic-arrays_vectors-r3,logical_syntactic,arrays_vectors,0,3,3475821061836782133,2026-10-01T05:44:10.528+00:00,completed,epsilon,True,True,True,True,,220.551107,438.6465360003058,429.5249499991769,2,65,0.5279095277556373,1.472828643489521e-07,587.3833339860955,,code,2-0-1-2-1-0-1-1,0.5279096750385016,True,10,batch,True,pso,30,1,swarm
oe4-pilot-v2,oe4,swarm|batch|bc1|h1|pso|r1|N30|c10,syn-logical_syntactic-repetitive-r4,logical_syntactic,repetitive,0,3,3613547958009930106,2026-10-01T05:44:10.325+00:00,completed,epsilon,True,True,True,True,,576.554215,725.2402789999906,722.4373390017718,2,62,0.42431599984481977,0.02008255859137359,1074.1316139988473,,code,2-1-0-1-1-1-0-1,0.44439855843619336,True,10,batch,True,pso,30,1,swarm
oe4-pilot-v2,oe4,swarm|batch|bc1|h1|pso|r1|N30|c10,syn-logical_syntactic-repetitive-r3,logical_syntactic,repetitive,0,3,6665076571321463288,2026-10-01T05:44:10.315+00:00,completed,epsilon,True,True,True,True,,588.320135,746.660028999031,743.4191699976509,2,65,0.46208578639800935,0.020082362214221106,1114.7531099967832,,code,2-1-1-0-1-1-0-1,0.48216814861223045,True,10,batch,True,pso,30,1,swarm
oe4-pilot-v2,oe4,swarm|batch|bc1|h1|pso|r1|N30|c10,syn-logical_syntactic-arrays_vectors-r4,logical_syntactic,arrays_vectors,0,3,15069723113616053544,2026-10-01T05:44:10.595+00:00,completed,epsilon,True,True,True,True,,329.108286,473.0509709988837,470.5490650012507,1,61,0.45823969583330176,0.008847809425137798,1456.288691003189,,code,2-0-1-1-0-1-1-0,0.46708750525843956,True,10,batch,True,pso,30,1,swarm
oe4-pilot-v2,oe4,swarm|batch|bc1|h1|pso|r1|N30|c10,syn-logical_syntactic-arrays_vectors-r1,logical_syntactic,arrays_vectors,0,3,13327273701071249688,2026-10-01T05:44:10.523+00:00,completed,epsilon,True,True,True,True,,383.2244,576.6997129976517,573.5001650027698,3,69,0.47410405901537916,0.00994067049648667,555.6227989952331,,code,2-2-1-0-1-0-0-1,0.48404472951186583,True,10,batch,True,pso,30,1,swarm
oe4-pilot-v2,oe4,swarm|batch|bc1|h1|pso|r1|N30|c10,syn-logical_syntactic-functions-r0,logical_syntactic,functions,0,3,15105445333404857368,2026-10-01T05:44:10.600+00:00,completed,epsilon,True,True,True,True,,525.156307,665.638767000928,659.9607370008016,2,63,0.5077822418422905,0.007792650437785986,1125.6592710014345,,code,2-0-1-1-1-1-0-1,0.5155748922800765,True,10,batch,True,pso,30,1,swarm
oe4-pilot-v2,oe4,swarm|batch|bc1|h1|pso|r1|N30|c10,syn-logical_syntactic-functions-r3,logical_syntactic,functions,0,3,4820333934433401313,2026-10-01T05:44:10.801+00:00,completed,epsilon,True,True,True,True,,339.174707,555.4422960012744,535.9641750001174,2,63,0.48636013268759803,0.0,513.5577849919056,,code,2-0-1-0-1-1-0-1,0.48636013268759803,True,10,batch,True,pso,30,1,swarm
oe4-pilot-v2,oe4,swarm|batch|bc1|h1|pso|r1|N30|c10,syn-logical_syntactic-functions-r2,logical_syntactic,functions,0,3,6130147880867857550,2026-10-01T05:44:10.791+00:00,completed,epsilon,True,True,True,True,,349.661635,569.4153959993855,566.8344749974494,5,77,0.4982072075606626,1.9637715242826204e-07,546.0662009787376,,code,2-0-0-1-1-0-1-1,0.49820740393781504,True,10,batch,True,pso,30,1,swarm
oe4-pilot-v2,oe4,swarm|batch|bc1|h1|pso|r1|N30|c10,syn-logical_syntactic-functions-r1,logical_syntactic,functions,0,3,7545233351544256523,2026-10-01T05:44:10.761+00:00,completed,epsilon,True,True,True,True,,376.070769,607.2701529992628,604.46696100189,2,65,0.4952348885551682,1.9637715242826204e-07,579.4466759992578,,code,2-0-1-1-1-0-0-1,0.4952350849323206,True,10,batch,True,pso,30,1,swarm
oe4-pilot-v2,oe4,swarm|batch|bc1|h1|pso|r1|N30|c10,syn-explanatory_conceptual-sequential-r0,explanatory_conceptual,sequential,0,3,14947352377729861017,2026-10-01T05:44:10.967+00:00,completed,epsilon,True,True,True,True,,310.240918,443.9810519979801,442.23383399730665,3,66,0.4486181798628388,0.018837465195685188,301.9896750005448,,text,1-0-0-0-2-0-0-1,0.467455645058524,True,10,batch,True,pso,30,1,swarm
oe4-pilot-v2,oe4,swarm|batch|bc1|h1|pso|r1|N30|c10,syn-explanatory_conceptual-sequential-r1,explanatory_conceptual,sequential,0,3,3272787541859846898,2026-10-01T05:44:11.050+00:00,completed,epsilon,True,True,True,True,,207.42914,363.6493199992401,361.7600340003264,1,56,0.45267043074923324,0.006749225258040281,413.8610690031317,,text,0-1-0-1-2-1-0-1,0.4594196560072735,True,10,batch,True,pso,30,1,swarm
oe4-pilot-v2,oe4,swarm|batch|bc1|h1|pso|r1|N30|c10,syn-explanatory_conceptual-sequential-r2,explanatory_conceptual,sequential,0,3,7023970792698232399,2026-10-01T05:44:11.061+00:00,completed,epsilon,True,True,True,True,,298.034427,539.4491609986289,535.3745339998568,2,65,0.46174206660316464,0.0009320597035671341,666.9142449957247,,text,0-0-1-1-2-0-1-1,0.46267412630673177,True,10,batch,True,pso,30,1,swarm
oe4-pilot-v2,oe4,swarm|batch|bc1|h1|pso|r1|N30|c10,syn-logical_syntactic-functions-r4,logical_syntactic,functions,0,3,10275058418311301455,2026-10-01T05:44:10.908+00:00,completed,epsilon,True,True,True,True,,639.879524,767.5312680003117,765.1415140026074,4,70,0.4530924129093758,0.0029587093058543457,466.04167000816085,,code,2-2-0-0-1-0-0-1,0.45605112221523014,True,10,batch,True,pso,30,1,swarm
oe4-pilot-v2,oe4,swarm|batch|bc1|h1|pso|r1|N30|c10,syn-explanatory_conceptual-sequential-r3,explanatory_conceptual,sequential,0,3,15905282458092997945,2026-10-01T05:44:11.068+00:00,completed,epsilon,True,True,True,True,,430.322924,608.9114349997544,604.2933049975545,2,62,0.4489765705985682,1.9637715242826204e-07,597.3722360079475,,text,1-0-1-1-2-1-1-1,0.44897676697572064,True,10,batch,True,pso,30,1,swarm
oe4-pilot-v2,oe4,swarm|batch|bc1|h1|pso|r1|N30|c10,syn-explanatory_conceptual-conditional-r0,explanatory_conceptual,conditional,0,3,5916953307552671090,2026-10-01T05:44:11.265+00:00,completed,epsilon,True,True,True,True,,276.542361,464.05793499798165,461.8394610006362,2,63,0.49552996804696203,0.0,181.59618701456543,,code,2-1-1-0-2-0-1-1,0.49552996804696203,True,10,batch,True,pso,30,1,swarm
oe4-pilot-v2,oe4,swarm|batch|bc1|h1|pso|r1|N30|c10,syn-explanatory_conceptual-sequential-r4,explanatory_conceptual,sequential,0,3,16212943396658008924,2026-10-01T05:44:11.099+00:00,completed,epsilon,True,True,True,True,,434.00785,634.8419130008551,632.6745349979319,4,70,0.4665029999409801,0.0,259.3271989964885,,text,1-1-1-0-2-0-1-1,0.4665029999409801,True,10,batch,True,pso,30,1,swarm
oe4-pilot-v2,oe4,swarm|batch|bc1|h1|pso|r1|N30|c10,syn-explanatory_conceptual-conditional-r3,explanatory_conceptual,conditional,0,3,11332394261640184133,2026-10-01T05:44:11.368+00:00,completed,epsilon,True,True,True,True,,435.363304,590.3398100017512,587.9525950003881,2,63,0.43096390169879784,0.003654523026150769,687.2559399874463,,text,1-1-0-0-2-1-0-1,0.4346184247249486,True,10,batch,True,pso,30,1,swarm
oe4-pilot-v2,oe4,swarm|batch|bc1|h1|pso|r1|N30|c10,syn-explanatory_conceptual-conditional-r2,explanatory_conceptual,conditional,0,3,1341896759769893857,2026-10-01T05:44:11.361+00:00,completed,epsilon,True,True,True,True,,440.327178,601.3827749993652,598.8183219997154,3,66,0.49030473008974373,0.0,2313.8894359899946,,diagram,1-1-2-0-2-0-1-1,0.49030473008974373,True,10,batch,True,pso,30,1,swarm
oe4-pilot-v2,oe4,swarm|batch|bc1|h1|pso|r1|N30|c10,syn-explanatory_conceptual-conditional-r4,explanatory_conceptual,conditional,0,3,8670080275324173838,2026-10-01T05:44:11.411+00:00,completed,epsilon,True,True,True,True,,457.005695,562.5414230016759,560.587972002395,2,65,0.46408094218044915,0.0010551589873517564,1184.8205950246247,,text,1-1-1-0-2-0-0-0,0.4651361011678009,True,10,batch,True,pso,30,1,swarm
oe4-pilot-v2,oe4,swarm|batch|bc1|h1|pso|r1|N30|c10,syn-explanatory_conceptual-repetitive-r2,explanatory_conceptual,repetitive,0,3,10189736659373836677,2026-10-01T05:44:11.675+00:00,completed,epsilon,True,True,True,True,,267.810378,502.273646001413,499.1317160020117,1,58,0.49088145414572526,0.0017991482131319847,1051.2791000036045,,text,1-0-1-1-2-1-1-1,0.49268060235885724,True,10,batch,True,pso,30,1,swarm
oe4-pilot-v2,oe4,swarm|batch|bc1|h1|pso|r1|N30|c10,syn-explanatory_conceptual-conditional-r1,explanatory_conceptual,conditional,0,3,18124705353368190302,2026-10-01T05:44:11.357+00:00,completed,epsilon,True,True,True,True,,633.399316,824.3748170025356,821.6084699997737,2,62,0.4788636419583419,1.963771524837732e-07,2114.8719989973656,,text,1-1-1-1-2-0-1-1,0.4788638383354944,True,10,batch,True,pso,30,1,swarm
oe4-pilot-v2,oe4,swarm|batch|bc1|h1|pso|r1|N30|c10,syn-explanatory_conceptual-repetitive-r0,explanatory_conceptual,repetitive,0,3,3237454591878846868,2026-10-01T05:44:11.413+00:00,completed,epsilon,True,True,True,True,,633.598724,770.7542669995746,765.730472998257,2,62,0.4460986935462345,0.02008255859137359,1110.9773579947873,,text,1-1-1-1-2-1-0-1,0.4661812521376081,True,10,batch,True,pso,30,1,swarm
oe4-pilot-v2,oe4,swarm|batch|bc1|h1|pso|r1|N30|c10,syn-explanatory_conceptual-repetitive-r1,explanatory_conceptual,repetitive,0,3,10148232421566165977,2026-10-01T05:44:11.601+00:00,completed,epsilon,True,True,True,True,,312.880404,593.8864669988106,590.9896560006018,2,65,0.5255407002055713,1.9637715242826204e-07,816.9726639737535,,text,1-0-1-1-2-1-1-1,0.5255408965827237,True,10,batch,True,pso,30,1,swarm
oe4-pilot-v2,oe4,swarm|batch|bc1|h1|pso|r1|N30|c10,syn-explanatory_conceptual-repetitive-r4,explanatory_conceptual,repetitive,0,3,615434091092212846,2026-10-01T05:44:11.729+00:00,completed,epsilon,True,True,True,True,,305.139029,467.0891159985331,462.4053300030937,1,58,0.45405216601876935,0.02008255859137359,970.6075530070145,,text,1-1-0-1-2-1-1-1,0.47413472461014294,True,10,batch,True,pso,30,1,swarm
oe4-pilot-v2,oe4,swarm|batch|bc1|h1|pso|r1|N30|c10,syn-explanatory_conceptual-arrays_vectors-r0,explanatory_conceptual,arrays_vectors,0,3,8420274505294676143,2026-10-01T05:44:11.734+00:00,completed,epsilon,True,True,True,True,,321.89861,470.6557249992329,468.60249300152645,1,59,0.49778085910851905,0.027875012652007147,832.9759259697884,,text,1-1-1-1-2-1-0-1,0.5256558717605262,True,10,batch,True,pso,30,1,swarm
oe4-pilot-v2,oe4,swarm|batch|bc1|h1|pso|r1|N30|c10,syn-explanatory_conceptual-repetitive-r3,explanatory_conceptual,repetitive,0,3,5679236231213962541,2026-10-01T05:44:11.677+00:00,completed,epsilon,True,True,True,True,,343.760253,535.3826530008519,533.4737849989324,2,65,0.47773671108267024,0.009947252053144284,447.40121100744807,,text,1-0-1-0-2-1-1-1,0.4876839631358145,True,10,batch,True,pso,30,1,swarm
oe4-pilot-v2,oe4,swarm|batch|bc1|h1|pso|r1|N30|c10,syn-explanatory_conceptual-arrays_vectors-r1,explanatory_conceptual,arrays_vectors,0,3,11621185609108110648,2026-10-01T05:44:11.958+00:00,completed,epsilon,True,True,True,True,,161.413929,335.53825700073503,333.1788270006655,1,59,0.4615647597787113,0.028694684783154678,369.40918200275064,,text,0-1-0-1-2-1-1-1,0.490259444561866,True,10,batch,True,pso,30,1,swarm
oe4-pilot-v2,oe4,swarm|batch|bc1|h1|pso|r1|N30|c10,syn-explanatory_conceptual-arrays_vectors-r2,explanatory_conceptual,arrays_vectors,0,3,3616904053699891200,2026-10-01T05:44:11.962+00:00,completed,epsilon,True,True,True,True,,188.784557,388.35818200095673,383.1828750007844,1,56,0.5002467392530876,0.027875012652007203,477.9793759949779,,diagram,0-1-2-1-2-1-1-1,0.5281217519050948,True,10,batch,True,pso,30,1,swarm
oe4-pilot-v2,oe4,swarm|batch|bc1|h1|pso|r1|N30|c10,syn-explanatory_conceptual-arrays_vectors-r3,explanatory_conceptual,arrays_vectors,0,3,9640228565651749554,2026-10-01T05:44:11.974+00:00,completed,epsilon,True,True,True,True,,284.04604,440.72723600038444,438.85362000219175,1,56,0.4899428394838256,0.017498999281390593,917.2137630060013,,text,0-1-1-1-2-1-0-1,0.5074418387652162,True,10,batch,True,pso,30,1,swarm
oe4-pilot-v2,oe4,swarm|batch|bc1|h1|pso|r1|N30|c10,syn-explanatory_conceptual-functions-r0,explanatory_conceptual,functions,0,3,4847129841761666601,2026-10-01T05:44:12.181+00:00,completed,epsilon,True,True,True,True,,182.110924,307.21124800038524,305.5039730024873,1,57,0.4945698834876539,0.01617519995265254,462.576018009873,,text,1-2-1-1-2-0-1-1,0.5107450834403064,True,10,batch,True,pso,30,1,swarm
oe4-pilot-v2,oe4,swarm|batch|bc1|h1|pso|r1|N30|c10,syn-explanatory_conceptual-arrays_vectors-r4,explanatory_conceptual,arrays_vectors,0,3,12383051168938743430,2026-10-01T05:44:12.177+00:00,completed,epsilon,True,True,True,True,,202.366701,343.42877099697944,324.5209650012839,3,62,0.5167327431150519,0.0010555026473685336,433.0233980151634,,text,1-0-1-2-2-0-1-0,0.5177882457624204,True,10,batch,True,pso,30,1,swarm
oe4-pilot-v2,oe4,swarm|batch|bc1|h1|pso|r1|N30|c10,syn-explanatory_conceptual-functions-r2,explanatory_conceptual,functions,0,3,15850266999198055000,2026-10-01T05:44:12.195+00:00,completed,epsilon,True,True,True,True,,299.20322,413.127493000502,411.0524069983512,1,56,0.46612651648152953,0.02008255859137359,1017.951237997417,,text,1-1-1-1-2-1-1-1,0.4862090750729031,True,10,batch,True,pso,30,1,swarm
oe4-pilot-v2,oe4,swarm|batch|bc1|h1|pso|r1|N30|c10,syn-explanatory_conceptual-functions-r3,explanatory_conceptual,functions,0,3,15409255459732107106,2026-10-01T05:44:12.196+00:00,completed,epsilon,True,True,True,True,,432.218894,566.445650998503,563.8767599994026,1,59,0.4977771280697979,0.007792797720650335,1008.267869994005,,text,1-0-1-2-2-1-1-1,0.5055699257904482,True,10,batch,True,pso,30,1,swarm
oe4-pilot-v2,oe4,swarm|batch|bc1|h1|pso|r1|N30|c10,syn-explanatory_conceptual-functions-r1,explanatory_conceptual,functions,0,3,8968182148387190867,2026-10-01T05:44:12.184+00:00,completed,epsilon,True,True,True,True,,449.25048,587.3653210001066,580.9151500034204,4,73,0.5134225156367632,0.0,1146.0530299813004,,code,2-0-1-0-2-0-0-1,0.5134225156367632,True,10,batch,True,pso,30,1,swarm
oe4-pilot-v2,oe4,swarm|batch|bc1|h1|pso|r1|N30|c10,syn-balanced_multimodal-sequential-r1,balanced_multimodal,sequential,0,3,15851898587384579384,2026-10-01T05:44:12.294+00:00,completed,epsilon,True,True,True,True,,468.478595,525.1921970011608,523.0153999982576,2,63,0.46578051203228604,0.02008255859137359,824.8749269913515,,code,2-1-2-1-1-1-1-1,0.48586307062365963,True,10,batch,True,pso,30,1,swarm
oe4-pilot-v2,oe4,swarm|batch|bc1|h1|pso|r1|N30|c10,syn-balanced_multimodal-sequential-r2,balanced_multimodal,sequential,0,3,9812259528755781404,2026-10-01T05:44:12.351+00:00,completed,epsilon,True,True,True,True,,220.351909,500.6648939997831,498.5695890027273,2,63,0.5195512786534427,1.9637715242826204e-07,1063.2436000109574,,code,2-0-1-1-1-1-1-1,0.5195514750305952,True,10,batch,True,pso,30,1,swarm
oe4-pilot-v2,oe4,swarm|batch|bc1|h1|pso|r1|N30|c10,syn-balanced_multimodal-sequential-r3,balanced_multimodal,sequential,0,3,17396203175820366605,2026-10-01T05:44:12.414+00:00,completed,epsilon,True,True,True,True,,243.161188,517.2949689986126,515.1933659981296,2,63,0.5055952816994697,0.0,590.6429990051358,,text,1-0-1-0-2-1-1-1,0.5055952816994697,True,10,batch,True,pso,30,1,swarm
oe4-pilot-v2,oe4,swarm|batch|bc1|h1|pso|r1|N30|c10,syn-balanced_multimodal-conditional-r0,balanced_multimodal,conditional,0,3,9492171042143771967,2026-10-01T05:44:12.521+00:00,completed,epsilon,True,True,True,True,,275.2726,463.7408210001013,461.163026997383,1,61,0.48780502665661635,0.0036547194033032526,761.3028529976237,,code,2-1-1-1-1-1-1-1,0.4914597460599196,True,10,batch,True,pso,30,1,swarm
oe4-pilot-v2,oe4,swarm|batch|bc1|h1|pso|r1|N30|c10,syn-explanatory_conceptual-functions-r4,explanatory_conceptual,functions,0,3,13584105466744503536,2026-10-01T05:44:12.205+00:00,completed,epsilon,True,True,True,True,,689.92518,842.4207979987841,835.714762997668,2,61,0.49970043101958095,0.0,879.6894990015576,,text,1-0-1-0-2-0-1-1,0.49970043101958095,True,10,batch,True,pso,30,1,swarm
oe4-pilot-v2,oe4,swarm|batch|bc1|h1|pso|r1|N30|c10,syn-balanced_multimodal-sequential-r0,balanced_multimodal,sequential,0,3,12829628287881295465,2026-10-01T05:44:12.213+00:00,completed,epsilon,True,True,True,True,,706.06866,851.9765860000916,848.8745300019218,3,69,0.4948651175024352,0.0,1559.8155799896729,,diagram,1-0-2-0-1-1-1-1,0.4948651175024352,True,10,batch,True,pso,30,1,swarm
oe4-pilot-v2,oe4,swarm|batch|bc1|h1|pso|r1|N30|c10,syn-balanced_multimodal-conditional-r1,balanced_multimodal,conditional,0,3,12567349465944861023,2026-10-01T05:44:12.608+00:00,completed,epsilon,True,True,True,True,,366.112392,468.9883770006418,467.23391900013667,1,61,0.4988095313719645,0.0,491.2434459897339,,code,1-1-1-0-1-0-1-1,0.4988095313719645,True,10,batch,True,pso,30,1,swarm
oe4-pilot-v2,oe4,swarm|batch|bc1|h1|pso|r1|N30|c10,syn-balanced_multimodal-sequential-r4,balanced_multimodal,sequential,0,3,16072189927809315852,2026-10-01T05:44:12.488+00:00,completed,epsilon,True,True,True,True,,407.955946,619.9705090002681,617.8887770001893,4,73,0.5064313832719637,1.9637715242826204e-07,796.2371419835664,,code,2-0-2-1-2-1-2-1,0.5064315796491161,True,10,batch,True,pso,30,1,swarm
oe4-pilot-v2,oe4,swarm|batch|bc1|h1|pso|r1|N30|c10,syn-balanced_multimodal-conditional-r2,balanced_multimodal,conditional,0,3,4742918314447581142,2026-10-01T05:44:12.763+00:00,completed,epsilon,True,True,True,True,,209.715832,417.8136379996431,415.77728699849104,2,65,0.4993812836734506,0.0,626.3950469898376,,code,1-1-1-0-1-0-1-1,0.4993812836734506,True,10,batch,True,pso,30,1,swarm
oe4-pilot-v2,oe4,swarm|batch|bc1|h1|pso|r1|N30|c10,syn-balanced_multimodal-conditional-r3,balanced_multimodal,conditional,0,3,11394639668150330671,2026-10-01T05:44:12.772+00:00,completed,epsilon,True,True,True,True,,211.72618,434.29843799822265,432.0832789999258,2,65,0.47153478436590585,1.963771524837732e-07,581.2785999933503,,text,1-1-1-1-2-0-1-1,0.47153498074305833,True,10,batch,True,pso,30,1,swarm
oe4-pilot-v2,oe4,swarm|batch|bc1|h1|pso|r1|N30|c10,syn-balanced_multimodal-conditional-r4,balanced_multimodal,conditional,0,3,2277667993778051270,2026-10-01T05:44:12.819+00:00,completed,epsilon,True,True,True,True,,290.75748,485.8927860004769,481.37463300008676,1,59,0.49335718275037993,0.0036547194033032526,1115.525352985199,,code,2-1-1-1-2-1-2-1,0.4970119021536832,True,10,batch,True,pso,30,1,swarm
oe4-pilot-v2,oe4,swarm|batch|bc1|h1|pso|r1|N30|c10,syn-balanced_multimodal-repetitive-r0,balanced_multimodal,repetitive,0,3,3839617547738254315,2026-10-01T05:44:12.851+00:00,completed,epsilon,True,True,True,True,,372.450867,520.6857100019988,517.2374510002555,2,63,0.5583985455313946,1.9637715242826204e-07,1038.8666720147833,,code,2-0-1-1-1-1-2-1,0.558398741908547,True,10,batch,True,pso,30,1,swarm
oe4-pilot-v2,oe4,swarm|batch|bc1|h1|pso|r1|N30|c10,syn-balanced_multimodal-repetitive-r2,balanced_multimodal,repetitive,0,3,12027688066564710874,2026-10-01T05:44:12.985+00:00,completed,epsilon,True,True,True,True,,237.033933,403.9744490000885,402.5691069982713,1,54,0.48695008664679024,0.02008255859137359,361.02016401236693,,code,2-1-2-1-1-1-2-1,0.5070326452381638,True,10,batch,True,pso,30,1,swarm
oe4-pilot-v2,oe4,swarm|batch|bc1|h1|pso|r1|N30|c10,syn-balanced_multimodal-repetitive-r3,balanced_multimodal,repetitive,0,3,10665835498416014906,2026-10-01T05:44:13.047+00:00,completed,epsilon,True,True,True,True,,190.011957,429.6976129990071,413.0350749983336,1,53,0.498403614745411,0.02008255859137359,364.5113179845799,,diagram,1-1-2-1-2-1-1-1,0.5184861733367846,True,10,batch,True,pso,30,1,swarm
oe4-pilot-v2,oe4,swarm|batch|bc1|h1|pso|r1|N30|c10,syn-balanced_multimodal-repetitive-r4,balanced_multimodal,repetitive,0,3,16842203000296662102,2026-10-01T05:44:13.065+00:00,completed,epsilon,True,True,True,True,,244.210489,467.57197600163636,465.2053780009737,2,63,0.5555295985433403,0.0,391.2622850113354,,code,2-0-1-0-1-1-2-1,0.5555295985433403,True,10,batch,True,pso,30,1,swarm
oe4-pilot-v2,oe4,swarm|batch|bc1|h1|pso|r1|N30|c10,syn-balanced_multimodal-repetitive-r1,balanced_multimodal,repetitive,0,3,2659073220867155690,2026-10-01T05:44:12.932+00:00,completed,epsilon,True,True,True,True,,525.083355,604.6834580010909,602.3231419967487,1,56,0.5099655888622538,0.020082558591373645,578.3124929989699,,code,2-1-2-1-2-1-1-1,0.5300481474536275,True,10,batch,True,pso,30,1,swarm
oe4-pilot-v2,oe4,swarm|batch|bc1|h1|pso|r1|N30|c10,syn-balanced_multimodal-arrays_vectors-r1,balanced_multimodal,arrays_vectors,0,3,1557390382835702406,2026-10-01T05:44:13.108+00:00,completed,epsilon,True,True,True,True,,397.083779,584.5657989993924,582.2345220003626,1,59,0.5096116990703786,0.010013934431594262,911.742493996876,,code,1-0-1-0-1-1-1-1,0.5196256335019729,True,10,batch,True,pso,30,1,swarm
oe4-pilot-v2,oe4,swarm|batch|bc1|h1|pso|r1|N30|c10,syn-balanced_multimodal-arrays_vectors-r0,balanced_multimodal,arrays_vectors,0,3,8202019099685287209,2026-10-01T05:44:13.077+00:00,completed,epsilon,True,True,True,True,,406.207069,619.6560880016477,617.4870270006068,2,65,0.5214552573504015,0.007792454060633558,998.3390420021974,,code,2-0-1-0-2-1-1-1,0.5292477114110351,True,10,batch,True,pso,30,1,swarm
oe4-pilot-v2,oe4,swarm|batch|bc1|h1|pso|r1|N30|c10,syn-balanced_multimodal-arrays_vectors-r4,balanced_multimodal,arrays_vectors,0,3,7080146454937735062,2026-10-01T05:44:13.305+00:00,completed,epsilon,True,True,True,True,,190.644618,395.46357200015336,394.05002200146555,1,53,0.5231764212501887,0.0034158919247068154,258.06438800673277,,code,2-1-1-1-1-0-1-1,0.5265923131748955,True,10,batch,True,pso,30,1,swarm
oe4-pilot-v2,oe4,swarm|batch|bc1|h1|pso|r1|N30|c10,syn-balanced_multimodal-functions-r1,balanced_multimodal,functions,0,3,368220290834284782,2026-10-01T05:44:13.389+00:00,completed,epsilon,True,True,True,True,,274.221455,496.2435590023233,493.605142000888,1,58,0.49177264213206817,0.020082362214221106,456.04702000353655,,code,2-1-1-0-1-1-2-1,0.5118550043462893,True,10,batch,True,pso,30,1,swarm
oe4-pilot-v2,oe4,swarm|batch|bc1|h1|pso|r1|N30|c10,syn-balanced_multimodal-functions-r3,balanced_multimodal,functions,0,3,18228905326412579013,2026-10-01T05:44:13.532+00:00,completed,epsilon,True,True,True,True,,208.07795,353.99914599838667,350.0124689999211,1,59,0.49300132682799114,0.024411447389422025,308.27499499971884,,code,1-0-1-1-1-1-0-1,0.5174127742174132,True,10,batch,True,pso,30,1,swarm
oe4-pilot-v2,oe4,swarm|batch|bc1|h1|pso|r1|N30|c10,syn-balanced_multimodal-arrays_vectors-r2,balanced_multimodal,arrays_vectors,0,3,1551228789342824201,2026-10-01T05:44:13.181+00:00,completed,epsilon,True,True,True,True,,518.440444,709.1405690007377,706.2823150008626,3,69,0.5407907180206968,0.007792454060633558,260.5968850156637,,text,1-0-1-0-2-1-1-1,0.5485831720813303,True,10,batch,True,pso,30,1,swarm
oe4-pilot-v2,oe4,swarm|batch|bc1|h1|pso|r1|N30|c10,syn-balanced_multimodal-functions-r2,balanced_multimodal,functions,0,3,8673480799685267205,2026-10-01T05:44:13.477+00:00,completed,epsilon,True,True,True,True,,309.09364,439.0283440006897,436.6998199984664,2,62,0.510395070984393,0.007792454060633558,479.1320679830879,,code,2-0-1-0-1-1-1-1,0.5181875250450265,True,10,batch,True,pso,30,1,swarm
oe4-pilot-v2,oe4,swarm|batch|bc1|h1|pso|r1|N30|c10,syn-balanced_multimodal-functions-r0,balanced_multimodal,functions,0,3,2933908082685948832,2026-10-01T05:44:13.372+00:00,completed,epsilon,True,True,True,True,,335.946498,558.2648290001089,556.1856990025262,3,69,0.5309809873500523,0.0,426.3783380082128,,code,2-0-2-0-1-0-1-1,0.5309809873500523,True,10,batch,True,pso,30,1,swarm
oe4-pilot-v2,oe4,swarm|batch|bc1|h1|pso|r1|N30|c10,syn-balanced_multimodal-functions-r4,balanced_multimodal,functions,0,3,4683180797726806680,2026-10-01T05:44:13.536+00:00,completed,epsilon,True,True,True,True,,279.237998,405.103990000498,403.1321910006227,3,69,0.5037098665441013,0.0,372.8028629903205,,diagram,1-0-2-0-1-0-1-1,0.5037098665441013,True,10,batch,True,pso,30,1,swarm
oe4-pilot-v2,oe4,swarm|batch|bc1|h1|pso|r1|N30|c10,syn-balanced_multimodal-arrays_vectors-r3,balanced_multimodal,arrays_vectors,0,3,11908930478528390133,2026-10-01T05:44:13.206+00:00,completed,epsilon,True,True,True,True,,593.900351,740.7168050012842,738.6816819998785,6,81,0.5517303986475605,0.0,391.7803340083596,,code,2-0-2-1-1-0-2-1,0.5517303986475605,True,10,batch,True,pso,30,1,swarm
oe4-pilot-v2,oe4,swarm|batch|bc1|h1|pso|r1|N30|c50,syn-visual_dominant-repetitive-r0,visual_dominant,repetitive,0,0,3652346516165016234,2026-10-01T05:44:15.901+00:00,completed,epsilon,True,True,True,True,,638.177465,719.5417159964563,716.9180989985762,1,59,0.46998170127395994,0.02008255859137359,501.97280999372356,,diagram,1-1-2-1-1-1-0-1,0.49006425986533353,True,50,batch,True,pso,30,1,swarm
oe4-pilot-v2,oe4,swarm|batch|bc1|h1|pso|r1|N30|c50,syn-visual_dominant-functions-r3,visual_dominant,functions,0,0,15496158585802717903,2026-10-01T05:44:15.907+00:00,completed,epsilon,True,True,True,True,,718.327867,804.2123569975956,802.2991030011326,1,61,0.4525600963951378,0.027875012652007147,1143.8383140225785,,diagram,1-1-2-1-0-1-1-1,0.4804351090471449,True,50,batch,True,pso,30,1,swarm
oe4-pilot-v2,oe4,swarm|batch|bc1|h1|pso|r1|N30|c50,syn-logical_syntactic-conditional-r0,logical_syntactic,conditional,0,0,4732552759670585228,2026-10-01T05:44:15.910+00:00,completed,epsilon,True,True,True,True,,730.330135,812.7734570007306,811.0355970020464,1,59,0.4552126305749631,0.003654523026150769,1413.4125519988193,,code,2-1-1-0-0-1-0-1,0.45886715360111385,True,50,batch,True,pso,30,1,swarm
oe4-pilot-v2,oe4,swarm|batch|bc1|h1|pso|r1|N30|c50,syn-logical_syntactic-arrays_vectors-r0,logical_syntactic,arrays_vectors,0,0,14948705039163960895,2026-10-01T05:44:15.914+00:00,completed,epsilon,True,True,True,True,,805.446119,904.0618159997393,901.634109999577,1,58,0.4856184373133194,0.02008255859137359,1642.5790960046147,,code,2-1-1-1-0-0-1-1,0.505700995904693,True,50,batch,True,pso,30,1,swarm
oe4-pilot-v2,oe4,swarm|batch|bc1|h1|pso|r1|N30|c50,syn-visual_dominant-sequential-r1,visual_dominant,sequential,0,0,17048800117076641484,2026-10-01T05:44:15.896+00:00,completed,epsilon,True,True,True,True,,809.523374,928.7085849973664,926.9597620004788,1,53,0.44878503224528293,0.02008255859137359,2010.4163189971703,,diagram,1-1-2-1-0-1-1-1,0.4688675908366565,True,50,batch,True,pso,30,1,swarm
oe4-pilot-v2,oe4,swarm|batch|bc1|h1|pso|r1|N30|c50,syn-visual_dominant-sequential-r3,visual_dominant,sequential,0,0,5551779150201999310,2026-10-01T05:44:15.897+00:00,completed,epsilon,True,True,True,True,,874.935313,975.5582479992881,973.0288549981196,3,63,0.4968930391220401,0.0,2142.080688012331,,diagram,1-0-2-0-0-1-1-1,0.4968930391220401,True,50,batch,True,pso,30,1,swarm
oe4-pilot-v2,oe4,swarm|batch|bc1|h1|pso|r1|N30|c50,syn-visual_dominant-sequential-r2,visual_dominant,sequential,0,0,4355585619346073820,2026-10-01T05:44:15.896+00:00,completed,epsilon,True,True,True,True,,875.553134,982.1360499990988,980.2532600006089,3,66,0.4684960847891392,0.0,2724.229476000267,,diagram,1-0-2-0-0-1-0-1,0.4684960847891392,True,50,batch,True,pso,30,1,swarm
oe4-pilot-v2,oe4,swarm|batch|bc1|h1|pso|r1|N30|c50,syn-visual_dominant-conditional-r0,visual_dominant,conditional,0,0,11471567894967710186,2026-10-01T05:44:15.898+00:00,completed,epsilon,True,True,True,True,,983.022984,1103.8502199990035,1101.6475210017234,1,61,0.4683786250362893,0.007792650437786042,4102.825192999099,,diagram,1-1-2-1-0-1-0-1,0.47617127547407534,True,50,batch,True,pso,30,1,swarm
oe4-pilot-v2,oe4,swarm|batch|bc1|h1|pso|r1|N30|c50,syn-visual_dominant-sequential-r0,visual_dominant,sequential,0,0,8580140326324496627,2026-10-01T05:44:15.895+00:00,completed,epsilon,True,True,True,True,,997.93133,1114.5824770028412,1112.5395849994675,2,63,0.47580606727894714,0.0,2888.2292079852764,,diagram,1-0-2-0-1-1-0-1,0.47580606727894714,True,50,batch,True,pso,30,1,swarm
oe4-pilot-v2,oe4,swarm|batch|bc1|h1|pso|r1|N30|c50,syn-visual_dominant-conditional-r2,visual_dominant,conditional,0,0,7530803405880337628,2026-10-01T05:44:15.900+00:00,completed,epsilon,True,True,True,True,,1011.105238,1134.6021960016515,1127.4252069997601,2,65,0.47576325269917313,1.963771524837732e-07,4335.376599004403,,code,2-1-2-1-1-0-1-1,0.4757634490763256,True,50,batch,True,pso,30,1,swarm
oe4-pilot-v2,oe4,swarm|batch|bc1|h1|pso|r1|N30|c50,syn-visual_dominant-conditional-r1,visual_dominant,conditional,0,0,13928515270300365190,2026-10-01T05:44:15.898+00:00,completed,epsilon,True,True,True,True,,1022.415491,1153.1151320014033,1151.0724190011388,4,73,0.4371315517815198,1.963771524837732e-07,3647.860200005895,,diagram,1-1-2-1-0-0-0-1,0.4371317481586723,True,50,batch,True,pso,30,1,swarm
oe4-pilot-v2,oe4,swarm|batch|bc1|h1|pso|r1|N30|c50,syn-visual_dominant-conditional-r4,visual_dominant,conditional,0,0,7123775909059268369,2026-10-01T05:44:15.901+00:00,completed,epsilon,True,True,True,True,,1112.01712,1256.9215210023685,1254.4672330004687,1,58,0.4486569413932807,0.0,3684.963776010129,,diagram,1-1-2-0-1-0-0-1,0.4486569413932807,True,50,batch,True,pso,30,1,swarm
oe4-pilot-v2,oe4,swarm|batch|bc1|h1|pso|r1|N30|c50,syn-visual_dominant-repetitive-r3,visual_dominant,repetitive,0,0,13061490195280824700,2026-10-01T05:44:15.902+00:00,completed,epsilon,True,True,True,True,,1143.36785,1287.5653250011965,1286.0521059992607,2,55,0.4931223664434585,0.012207742316518777,3466.4501879934755,,diagram,1-0-2-1-0-0-0-1,0.5053301087599773,True,50,batch,True,pso,30,1,swarm
oe4-pilot-v2,oe4,swarm|batch|bc1|h1|pso|r1|N30|c50,syn-visual_dominant-conditional-r3,visual_dominant,conditional,0,0,12303691227522993195,2026-10-01T05:44:15.900+00:00,completed,epsilon,True,True,True,True,,1164.341672,1294.0882780021639,1292.0186330011347,2,65,0.4537572043126114,0.0036547194033032526,5431.682452007873,,diagram,1-1-2-1-0-1-1-1,0.45741192371591466,True,50,batch,True,pso,30,1,swarm
oe4-pilot-v2,oe4,swarm|batch|bc1|h1|pso|r1|N30|c50,syn-visual_dominant-repetitive-r2,visual_dominant,repetitive,0,0,15577984090316381348,2026-10-01T05:44:15.902+00:00,completed,epsilon,True,True,True,True,,1264.896743,1422.7988479979103,1420.9956340018834,2,63,0.5174510138160732,1.9637715242826204e-07,4695.0351420120305,,code,2-0-2-1-1-1-0-1,0.5174512101932256,True,50,batch,True,pso,30,1,swarm
oe4-pilot-v2,oe4,swarm|batch|bc1|h1|pso|r1|N30|c50,syn-visual_dominant-repetitive-r4,visual_dominant,repetitive,0,0,5153165576748431564,2026-10-01T05:44:15.903+00:00,completed,epsilon,True,True,True,True,,1268.315668,1439.3759539998427,1437.6123059992096,3,66,0.4676075053726938,0.0,4836.9421930083445,,diagram,1-0-2-0-0-1-0-1,0.4676075053726938,True,50,batch,True,pso,30,1,swarm
oe4-pilot-v2,oe4,swarm|batch|bc1|h1|pso|r1|N30|c50,syn-visual_dominant-arrays_vectors-r4,visual_dominant,arrays_vectors,0,0,13236652181889018265,2026-10-01T05:44:15.905+00:00,completed,epsilon,True,True,True,True,,1345.802869,1544.8475160010275,1542.8167280006164,1,58,0.49310999494245983,0.004471198194922976,5248.948681995343,,diagram,1-1-2-2-1-0-0-0,0.4975811931373828,True,50,batch,True,pso,30,1,swarm
oe4-pilot-v2,oe4,swarm|batch|bc1|h1|pso|r1|N30|c50,syn-visual_dominant-functions-r1,visual_dominant,functions,0,0,12724222799605840855,2026-10-01T05:44:15.906+00:00,completed,epsilon,True,True,True,True,,1364.12417,1561.7425409982388,1560.1237429982575,2,63,0.49466746788594257,0.007230897594027896,5718.893420998484,,code,2-2-2-1-1-0-0-1,0.5018983654799705,True,50,batch,True,pso,30,1,swarm
oe4-pilot-v2,oe4,swarm|batch|bc1|h1|pso|r1|N30|c50,syn-logical_syntactic-sequential-r1,logical_syntactic,sequential,0,0,14311645315440717423,2026-10-01T05:44:15.908+00:00,completed,epsilon,True,True,True,True,,1473.982382,1708.1179819979297,1699.6120309995604,3,69,0.4825463618186212,0.0,6105.665189007271,,code,2-0-1-0-1-1-0-1,0.4825463618186212,True,50,batch,True,pso,30,1,swarm
oe4-pilot-v2,oe4,swarm|batch|bc1|h1|pso|r1|N30|c50,syn-logical_syntactic-sequential-r3,logical_syntactic,sequential,0,0,16960600487627624599,2026-10-01T05:44:15.909+00:00,completed,epsilon,True,True,True,True,,1460.706911,1712.9245500000252,1711.0122500016587,3,66,0.47454058681115907,0.0,5492.675417992292,,code,2-0-1-0-1-1-0-1,0.47454058681115907,True,50,batch,True,pso,30,1,swarm
oe4-pilot-v2,oe4,swarm|batch|bc1|h1|pso|r1|N30|c50,syn-logical_syntactic-sequential-r0,logical_syntactic,sequential,0,0,13362044807751343064,2026-10-01T05:44:15.908+00:00,completed,epsilon,True,True,True,True,,1560.018813,1842.0736299995042,1839.335052001843,1,61,0.4761348237523099,0.02008255859137359,6020.756860995175,,code,2-1-1-1-0-1-0-1,0.4962173823436835,True,50,batch,True,pso,30,1,swarm
oe4-pilot-v2,oe4,swarm|batch|bc1|h1|pso|r1|N30|c50,syn-logical_syntactic-sequential-r2,logical_syntactic,sequential,0,0,15643440995604996842,2026-10-01T05:44:15.908+00:00,completed,epsilon,True,True,True,True,,1571.527633,1849.8649499997555,1847.8976510014036,1,57,0.5052479809084092,0.0034158919247069264,5590.827216991409,,code,2-1-0-1-1-1-1-1,0.5086638728331161,True,50,batch,True,pso,30,1,swarm
oe4-pilot-v2,oe4,swarm|batch|bc1|h1|pso|r1|N30|c50,syn-logical_syntactic-conditional-r1,logical_syntactic,conditional,0,0,16767561851559065070,2026-10-01T05:44:15.910+00:00,completed,epsilon,True,True,True,True,,1595.077762,1871.7089480014693,1869.9396679985512,2,63,0.44403176024746854,0.007792797720650391,5746.568688996666,,code,2-1-1-2-0-1-0-1,0.45182455796811893,True,50,batch,True,pso,30,1,swarm
oe4-pilot-v2,oe4,swarm|batch|bc1|h1|pso|r1|N30|c50,syn-logical_syntactic-sequential-r4,logical_syntactic,sequential,0,0,17250185977012485747,2026-10-01T05:44:15.909+00:00,completed,epsilon,True,True,True,True,,1623.133448,1900.8176249990356,1898.81447299922,4,70,0.4963874393518477,3.4366001677721414e-07,5456.1326339869365,,code,2-0-1-2-1-0-0-1,0.4963877830118645,True,50,batch,True,pso,30,1,swarm
oe4-pilot-v2,oe4,swarm|batch|bc1|h1|pso|r1|N30|c50,syn-logical_syntactic-conditional-r4,logical_syntactic,conditional,0,0,2581103798954869873,2026-10-01T05:44:15.912+00:00,completed,epsilon,True,True,True,True,,1685.379212,2011.7339990028995,2009.721171001729,1,53,0.4839345737065493,0.0036547194033032526,4490.679534999737,,code,2-1-1-1-1-1-1-1,0.48758929310985255,True,50,batch,True,pso,30,1,swarm
oe4-pilot-v2,oe4,swarm|batch|bc1|h1|pso|r1|N30|c50,syn-logical_syntactic-repetitive-r1,logical_syntactic,repetitive,0,0,1690962082425471307,2026-10-01T05:44:15.912+00:00,completed,epsilon,True,True,True,True,,1690.39039,2021.225003998552,2018.8822950003669,1,56,0.46854772531455674,0.02008255859137359,5117.084729003259,,code,2-1-1-1-0-1-0-1,0.48863028390593033,True,50,batch,True,pso,30,1,swarm
oe4-pilot-v2,oe4,swarm|batch|bc1|h1|pso|r1|N30|c50,syn-logical_syntactic-repetitive-r2,logical_syntactic,repetitive,0,0,12298035747105259136,2026-10-01T05:44:15.913+00:00,completed,epsilon,True,True,True,True,,1692.860497,2026.1790479999036,2024.4033210001362,1,59,0.48860682289608054,0.02008255859137359,5439.429779003471,,code,2-1-1-1-1-1-1-1,0.5086893814874541,True,50,batch,True,pso,30,1,swarm
oe4-pilot-v2,oe4,swarm|batch|bc1|h1|pso|r1|N30|c50,syn-logical_syntactic-conditional-r3,logical_syntactic,conditional,0,0,6626061848004110554,2026-10-01T05:44:15.911+00:00,completed,epsilon,True,True,True,True,,1783.436536,2132.282986000064,2130.4731849995733,1,59,0.4614734643861827,0.007792650437786042,5467.400065997841,,code,2-1-1-1-0-1-0-1,0.46926611482396874,True,50,batch,True,pso,30,1,swarm
oe4-pilot-v2,oe4,swarm|batch|bc1|h1|pso|r1|N30|c50,syn-logical_syntactic-repetitive-r0,logical_syntactic,repetitive,0,0,2563900073831829840,2026-10-01T05:44:15.912+00:00,completed,epsilon,True,True,True,True,,1780.820705,2157.0202500006417,2139.4076630022028,1,58,0.45068774937313677,0.02008255859137359,5106.553826990056,,code,2-1-2-1-0-1-1-1,0.47077030796451036,True,50,batch,True,pso,30,1,swarm
oe4-pilot-v2,oe4,swarm|batch|bc1|h1|pso|r1|N30|c50,syn-logical_syntactic-arrays_vectors-r4,logical_syntactic,arrays_vectors,0,0,15069723113616053544,2026-10-01T05:44:15.916+00:00,completed,epsilon,True,True,True,True,,1887.294053,2279.5666749989323,2265.444467000634,1,61,0.45823969583330176,0.008847809425137798,5624.456839995342,,code,2-0-1-1-0-1-1-0,0.46708750525843956,True,50,batch,True,pso,30,1,swarm
oe4-pilot-v2,oe4,swarm|batch|bc1|h1|pso|r1|N30|c50,syn-logical_syntactic-arrays_vectors-r3,logical_syntactic,arrays_vectors,0,0,3475821061836782133,2026-10-01T05:44:15.916+00:00,completed,epsilon,True,True,True,True,,1902.160526,2286.6144470026484,2284.464599000785,2,65,0.5279095277556373,1.472828643489521e-07,5680.068844010397,,code,2-0-1-2-1-0-1-1,0.5279096750385016,True,50,batch,True,pso,30,1,swarm
oe4-pilot-v2,oe4,swarm|batch|bc1|h1|pso|r1|N30|c50,syn-logical_syntactic-arrays_vectors-r2,logical_syntactic,arrays_vectors,0,0,7678510444233138347,2026-10-01T05:44:15.915+00:00,completed,epsilon,True,True,True,True,,1997.366226,2415.9301290019357,2408.7416069996834,1,61,0.49083069767651405,0.027875012652007147,5417.221390001691,,code,2-1-1-1-0-1-0-1,0.5187057103285212,True,50,batch,True,pso,30,1,swarm
oe4-pilot-v2,oe4,swarm|batch|bc1|h1|pso|r1|N30|c50,syn-visual_dominant-sequential-r4,visual_dominant,sequential,0,0,13994061115368628468,2026-10-01T05:44:15.897+00:00,completed,epsilon,True,True,True,True,,2407.269718,2599.0986070028157,2589.0120000003662,2,65,0.45399075511807396,1.9637715242826204e-07,552.5107100057633,,diagram,1-0-2-1-1-1-0-1,0.4539909514952264,True,50,batch,True,pso,30,1,swarm
oe4-pilot-v2,oe4,swarm|batch|bc1|h1|pso|r1|N30|c50,syn-visual_dominant-arrays_vectors-r0,visual_dominant,arrays_vectors,0,0,2484686855457110652,2026-10-01T05:44:15.903+00:00,completed,epsilon,True,True,True,True,,2414.087886,2628.7673040023947,2617.071209999267,1,54,0.46105976353153516,0.027875012652007147,956.7118539961084,,diagram,1-1-2-1-0-1-0-1,0.4889347761835423,True,50,batch,True,pso,30,1,swarm
oe4-pilot-v2,oe4,swarm|batch|bc1|h1|pso|r1|N30|c50,syn-visual_dominant-functions-r0,visual_dominant,functions,0,0,11375697626506085209,2026-10-01T05:44:15.905+00:00,completed,epsilon,True,True,True,True,,2522.734312,2861.84687900095,2848.5833129998355,1,53,0.47770576352191013,0.02008255859137359,4146.3703359975325,,diagram,1-1-2-1-1-1-0-1,0.4977883221132837,True,50,batch,True,pso,30,1,swarm
oe4-pilot-v2,oe4,swarm|batch|bc1|h1|pso|r1|N30|c50,syn-logical_syntactic-conditional-r2,logical_syntactic,conditional,0,0,6973891702751108736,2026-10-01T05:44:15.911+00:00,completed,epsilon,True,True,True,True,,2540.393648,2947.714508001809,2941.592920000403,2,62,0.4667613697407896,1.963771524837732e-07,4428.975336997564,,code,2-1-1-1-0-0-1-1,0.46676156611794206,True,50,batch,True,pso,30,1,swarm
oe4-pilot-v2,oe4,swarm|batch|bc1|h1|pso|r1|N30|c50,syn-visual_dominant-arrays_vectors-r1,visual_dominant,arrays_vectors,0,0,14387502913323118724,2026-10-01T05:44:15.904+00:00,completed,epsilon,True,True,True,True,,2699.648482,2960.5631419981364,2955.6728880015726,3,67,0.4531926066883153,0.0,5172.221136993622,,diagram,1-0-2-0-0-0-0-1,0.4531926066883153,True,50,batch,True,pso,30,1,swarm
oe4-pilot-v2,oe4,swarm|batch|bc1|h1|pso|r1|N30|c50,syn-logical_syntactic-repetitive-r4,logical_syntactic,repetitive,0,0,3613547958009930106,2026-10-01T05:44:15.914+00:00,completed,epsilon,True,True,True,True,,2562.342842,2982.850997999776,2977.2701729998516,2,62,0.42431599984481977,0.02008255859137359,5205.647172002082,,code,2-1-0-1-1-1-0-1,0.44439855843619336,True,50,batch,True,pso,30,1,swarm
oe4-pilot-v2,oe4,swarm|batch|bc1|h1|pso|r1|N30|c50,syn-visual_dominant-functions-r2,visual_dominant,functions,0,0,2855966151648987497,2026-10-01T05:44:15.906+00:00,completed,epsilon,True,True,True,True,,2699.092053,2999.868412000069,2993.810308002139,2,62,0.4624311814719705,0.008945025651836969,4838.28110100628,,diagram,1-0-2-1-0-1-1-1,0.47137620712380746,True,50,batch,True,pso,30,1,swarm
oe4-pilot-v2,oe4,swarm|batch|bc1|h1|pso|r1|N30|c50,syn-visual_dominant-functions-r4,visual_dominant,functions,0,0,10259835321663512086,2026-10-01T05:44:15.907+00:00,completed,epsilon,True,True,True,True,,2723.769842,3014.963458001148,3011.694789998728,2,60,0.48282466482518693,0.019803777820581292,5102.595876010813,,code,2-2-2-1-1-1-1-1,0.5026284426457682,True,50,batch,True,pso,30,1,swarm
oe4-pilot-v2,oe4,swarm|batch|bc1|h1|pso|r1|N30|c50,syn-logical_syntactic-functions-r3,logical_syntactic,functions,0,0,4820333934433401313,2026-10-01T05:44:15.918+00:00,completed,epsilon,True,True,True,True,,2581.617801,3030.026672000531,3026.147246000619,2,63,0.48636013268759803,0.0,4759.512296008218,,code,2-0-1-0-1-1-0-1,0.48636013268759803,True,50,batch,True,pso,30,1,swarm
oe4-pilot-v2,oe4,swarm|batch|bc1|h1|pso|r1|N30|c50,syn-visual_dominant-arrays_vectors-r2,visual_dominant,arrays_vectors,0,0,18083930375172244621,2026-10-01T05:44:15.904+00:00,completed,epsilon,True,True,True,True,,2831.364992,3084.9378099992464,3078.9891269996588,3,66,0.5218342851242742,1.9637715242826204e-07,4416.363254992723,,diagram,1-0-2-1-1-0-1-1,0.5218344815014266,True,50,batch,True,pso,30,1,swarm
oe4-pilot-v2,oe4,swarm|batch|bc1|h1|pso|r1|N30|c50,syn-visual_dominant-arrays_vectors-r3,visual_dominant,arrays_vectors,0,0,16074832408338533935,2026-10-01T05:44:15.905+00:00,completed,epsilon,True,True,True,True,,2832.574844,3099.468265998439,3092.7854260007734,3,69,0.5279373560844233,0.0,5161.978126987468,,diagram,0-0-2-1-1-0-0-1,0.5279373560844233,True,50,batch,True,pso,30,1,swarm
oe4-pilot-v2,oe4,swarm|batch|bc1|h1|pso|r1|N30|c50,syn-logical_syntactic-arrays_vectors-r1,logical_syntactic,arrays_vectors,0,0,13327273701071249688,2026-10-01T05:44:15.915+00:00,completed,epsilon,True,True,True,True,,2702.59875,3095.54443199886,3093.636825997237,3,69,0.47410405901537916,0.00994067049648667,5084.95018900103,,code,2-2-1-0-1-0-0-1,0.48404472951186583,True,50,batch,True,pso,30,1,swarm
oe4-pilot-v2,oe4,swarm|batch|bc1|h1|pso|r1|N30|c50,syn-logical_syntactic-functions-r1,logical_syntactic,functions,0,0,7545233351544256523,2026-10-01T05:44:15.917+00:00,completed,epsilon,True,True,True,True,,2689.97789,3097.856338998099,3094.4854359986493,2,65,0.4952348885551682,1.9637715242826204e-07,4723.924926007827,,code,2-0-1-1-1-0-0-1,0.4952350849323206,True,50,batch,True,pso,30,1,swarm
oe4-pilot-v2,oe4,swarm|batch|bc1|h1|pso|r1|N30|c50,syn-logical_syntactic-functions-r2,logical_syntactic,functions,0,0,6130147880867857550,2026-10-01T05:44:15.917+00:00,completed,epsilon,True,True,True,True,,2684.133581,3106.780524001806,3100.073084999167,5,77,0.4982072075606626,1.9637715242826204e-07,5392.287643993509,,code,2-0-0-1-1-0-1-1,0.49820740393781504,True,50,batch,True,pso,30,1,swarm
oe4-pilot-v2,oe4,swarm|batch|bc1|h1|pso|r1|N30|c50,syn-explanatory_conceptual-sequential-r0,explanatory_conceptual,sequential,0,0,14947352377729861017,2026-10-01T05:44:16.621+00:00,completed,epsilon,True,True,True,True,,728.273849,2436.5047840001353,2434.4785469984345,3,66,0.4486181798628388,0.018837465195685188,451.9669850075033,,text,1-0-0-0-2-0-0-1,0.467455645058524,True,50,batch,True,pso,30,1,swarm
oe4-pilot-v2,oe4,swarm|batch|bc1|h1|pso|r1|N30|c50,syn-explanatory_conceptual-sequential-r1,explanatory_conceptual,sequential,0,0,3272787541859846898,2026-10-01T05:44:16.711+00:00,completed,epsilon,True,True,True,True,,824.745475,2451.8036369991023,2449.8847399991064,1,56,0.45267043074923324,0.006749225258040281,1761.044049011339,,text,0-1-0-1-2-1-0-1,0.4594196560072735,True,50,batch,True,pso,30,1,swarm
oe4-pilot-v2,oe4,swarm|batch|bc1|h1|pso|r1|N30|c50,syn-explanatory_conceptual-sequential-r2,explanatory_conceptual,sequential,0,0,7023970792698232399,2026-10-01T05:44:16.723+00:00,completed,epsilon,True,True,True,True,,850.786407,2463.9915600018867,2461.6215780006314,2,65,0.46174206660316464,0.0009320597035671341,2141.185191996955,,text,0-0-1-1-2-0-1-1,0.46267412630673177,True,50,batch,True,pso,30,1,swarm
oe4-pilot-v2,oe4,swarm|batch|bc1|h1|pso|r1|N30|c50,syn-explanatory_conceptual-sequential-r3,explanatory_conceptual,sequential,0,0,15905282458092997945,2026-10-01T05:44:16.818+00:00,completed,epsilon,True,True,True,True,,848.274055,2371.441731000232,2369.843853997736,2,62,0.4489765705985682,1.9637715242826204e-07,1880.7266910092435,,text,1-0-1-1-2-1-1-1,0.44897676697572064,True,50,batch,True,pso,30,1,swarm
oe4-pilot-v2,oe4,swarm|batch|bc1|h1|pso|r1|N30|c50,syn-explanatory_conceptual-conditional-r0,explanatory_conceptual,conditional,0,0,5916953307552671090,2026-10-01T05:44:16.873+00:00,completed,epsilon,True,True,True,True,,963.591943,2455.461527002626,2453.280690999236,2,63,0.49552996804696203,0.0,3227.463327986168,,code,2-1-1-0-2-0-1-1,0.49552996804696203,True,50,batch,True,pso,30,1,swarm
oe4-pilot-v2,oe4,swarm|batch|bc1|h1|pso|r1|N30|c50,syn-explanatory_conceptual-sequential-r4,explanatory_conceptual,sequential,0,0,16212943396658008924,2026-10-01T05:44:16.825+00:00,completed,epsilon,True,True,True,True,,1003.374478,2520.486973997322,2518.6963609994564,4,70,0.4665029999409801,0.0,2319.44327400147,,text,1-1-1-0-2-0-1-1,0.4665029999409801,True,50,batch,True,pso,30,1,swarm
oe4-pilot-v2,oe4,swarm|batch|bc1|h1|pso|r1|N30|c50,syn-explanatory_conceptual-conditional-r4,explanatory_conceptual,conditional,0,0,8670080275324173838,2026-10-01T05:44:17.034+00:00,completed,epsilon,True,True,True,True,,1114.243542,2459.5330400006787,2457.6902270018763,2,65,0.46408094218044915,0.0010551589873517564,3742.7887499990484,,text,1-1-1-0-2-0-0-0,0.4651361011678009,True,50,batch,True,pso,30,1,swarm
oe4-pilot-v2,oe4,swarm|batch|bc1|h1|pso|r1|N30|c50,syn-logical_syntactic-functions-r4,logical_syntactic,functions,0,0,10275058418311301455,2026-10-01T05:44:15.921+00:00,completed,epsilon,True,True,True,True,,3184.715652,3627.557034000347,3625.3741630025615,4,70,0.4530924129093758,0.0029587093058543457,4767.547031004091,,code,2-2-0-0-1-0-0-1,0.45605112221523014,True,50,batch,True,pso,30,1,swarm
oe4-pilot-v2,oe4,swarm|batch|bc1|h1|pso|r1|N30|c50,syn-logical_syntactic-functions-r0,logical_syntactic,functions,0,0,15105445333404857368,2026-10-01T05:44:15.917+00:00,completed,epsilon,True,True,True,True,,3283.035089,3706.5942079971137,3704.401188999327,2,63,0.5077822418422905,0.007792650437785986,4997.245415002575,,code,2-0-1-1-1-1-0-1,0.5155748922800765,True,50,batch,True,pso,30,1,swarm
oe4-pilot-v2,oe4,swarm|batch|bc1|h1|pso|r1|N30|c50,syn-explanatory_conceptual-repetitive-r2,explanatory_conceptual,repetitive,0,0,10189736659373836677,2026-10-01T05:44:17.190+00:00,completed,epsilon,True,True,True,True,,1184.586831,2435.4537010003696,2433.5762890004844,1,58,0.49088145414572526,0.0017991482131319847,4003.5895049903065,,text,1-0-1-1-2-1-1-1,0.49268060235885724,True,50,batch,True,pso,30,1,swarm
oe4-pilot-v2,oe4,swarm|batch|bc1|h1|pso|r1|N30|c50,syn-explanatory_conceptual-repetitive-r4,explanatory_conceptual,repetitive,0,0,615434091092212846,2026-10-01T05:44:17.325+00:00,completed,epsilon,True,True,True,True,,1148.465761,2305.2208270019037,2303.519002001849,1,58,0.45405216601876935,0.02008255859137359,3213.082222000568,,text,1-1-0-1-2-1-1-1,0.47413472461014294,True,50,batch,True,pso,30,1,swarm
oe4-pilot-v2,oe4,swarm|batch|bc1|h1|pso|r1|N30|c50,syn-explanatory_conceptual-arrays_vectors-r0,explanatory_conceptual,arrays_vectors,0,0,8420274505294676143,2026-10-01T05:44:17.342+00:00,completed,epsilon,True,True,True,True,,1235.483529,2395.529194000119,2393.1842950005375,1,59,0.49778085910851905,0.027875012652007147,4129.69416800779,,text,1-1-1-1-2-1-0-1,0.5256558717605262,True,50,batch,True,pso,30,1,swarm
oe4-pilot-v2,oe4,swarm|batch|bc1|h1|pso|r1|N30|c50,syn-explanatory_conceptual-arrays_vectors-r1,explanatory_conceptual,arrays_vectors,0,0,11621185609108110648,2026-10-01T05:44:17.450+00:00,completed,epsilon,True,True,True,True,,1210.431495,2296.5534270006174,2292.595151997375,1,59,0.4615647597787113,0.028694684783154678,4168.021537006725,,text,0-1-0-1-2-1-1-1,0.490259444561866,True,50,batch,True,pso,30,1,swarm
oe4-pilot-v2,oe4,swarm|batch|bc1|h1|pso|r1|N30|c50,syn-explanatory_conceptual-arrays_vectors-r2,explanatory_conceptual,arrays_vectors,0,0,3616904053699891200,2026-10-01T05:44:17.467+00:00,completed,epsilon,True,True,True,True,,1207.334349,2283.740281000064,2282.041460999608,1,56,0.5002467392530876,0.027875012652007203,3696.0021700078155,,diagram,0-1-2-1-2-1-1-1,0.5281217519050948,True,50,batch,True,pso,30,1,swarm
oe4-pilot-v2,oe4,swarm|batch|bc1|h1|pso|r1|N30|c50,syn-visual_dominant-repetitive-r1,visual_dominant,repetitive,0,0,9493985239135120539,2026-10-01T05:44:15.902+00:00,completed,epsilon,True,True,True,True,,3710.079663,3851.6580860014074,3848.2161880019703,5,74,0.49141108956712465,0.0,3903.2735240017428,,code,2-0-2-0-1-1-1-1,0.49141108956712465,True,50,batch,True,pso,30,1,swarm
oe4-pilot-v2,oe4,swarm|batch|bc1|h1|pso|r1|N30|c50,syn-explanatory_conceptual-arrays_vectors-r3,explanatory_conceptual,arrays_vectors,0,0,9640228565651749554,2026-10-01T05:44:17.616+00:00,completed,epsilon,True,True,True,True,,1282.89075,2253.5964159978903,2250.2931879971584,1,56,0.4899428394838256,0.017498999281390593,3052.7909339988787,,text,0-1-1-1-2-1-0-1,0.5074418387652162,True,50,batch,True,pso,30,1,swarm
oe4-pilot-v2,oe4,swarm|batch|bc1|h1|pso|r1|N30|c50,syn-explanatory_conceptual-functions-r0,explanatory_conceptual,functions,0,0,4847129841761666601,2026-10-01T05:44:17.750+00:00,completed,epsilon,True,True,True,True,,1310.033899,2150.9955330002413,2149.124015999405,1,57,0.4945698834876539,0.01617519995265254,4256.569439000045,,text,1-2-1-1-2-0-1-1,0.5107450834403064,True,50,batch,True,pso,30,1,swarm
oe4-pilot-v2,oe4,swarm|batch|bc1|h1|pso|r1|N30|c50,syn-explanatory_conceptual-arrays_vectors-r4,explanatory_conceptual,arrays_vectors,0,0,12383051168938743430,2026-10-01T05:44:17.622+00:00,completed,epsilon,True,True,True,True,,1347.51093,2324.269276999985,2322.0119059988065,3,62,0.5167327431150519,0.0010555026473685336,3981.4574690081986,,text,1-0-1-2-2-0-1-0,0.5177882457624204,True,50,batch,True,pso,30,1,swarm
oe4-pilot-v2,oe4,swarm|batch|bc1|h1|pso|r1|N30|c50,syn-explanatory_conceptual-functions-r1,explanatory_conceptual,functions,0,0,8968182148387190867,2026-10-01T05:44:17.758+00:00,completed,epsilon,True,True,True,True,,1432.826551,2269.2993040000147,2267.0195889986644,4,73,0.5134225156367632,0.0,4366.085954000432,,code,2-0-1-0-2-0-0-1,0.5134225156367632,True,50,batch,True,pso,30,1,swarm
oe4-pilot-v2,oe4,swarm|batch|bc1|h1|pso|r1|N30|c50,syn-explanatory_conceptual-functions-r2,explanatory_conceptual,functions,0,0,15850266999198055000,2026-10-01T05:44:17.782+00:00,completed,epsilon,True,True,True,True,,1403.575059,2252.9605370000354,2251.329528000497,1,56,0.46612651648152953,0.02008255859137359,3629.5960859998486,,text,1-1-1-1-2-1-1-1,0.4862090750729031,True,50,batch,True,pso,30,1,swarm
oe4-pilot-v2,oe4,swarm|batch|bc1|h1|pso|r1|N30|c50,syn-balanced_multimodal-sequential-r1,balanced_multimodal,sequential,0,0,15851898587384579384,2026-10-01T05:44:17.939+00:00,completed,epsilon,True,True,True,True,,1507.354705,2310.4299410006206,2307.182168999134,2,63,0.46578051203228604,0.02008255859137359,4220.046497012556,,code,2-1-2-1-1-1-1-1,0.48586307062365963,True,50,batch,True,pso,30,1,swarm
oe4-pilot-v2,oe4,swarm|batch|bc1|h1|pso|r1|N30|c50,syn-balanced_multimodal-sequential-r2,balanced_multimodal,sequential,0,0,9812259528755781404,2026-10-01T05:44:18.044+00:00,completed,epsilon,True,True,True,True,,1522.300378,2237.289302996942,2225.569264999649,2,63,0.5195512786534427,1.9637715242826204e-07,3691.411903015153,,code,2-0-1-1-1-1-1-1,0.5195514750305952,True,50,batch,True,pso,30,1,swarm
oe4-pilot-v2,oe4,swarm|batch|bc1|h1|pso|r1|N30|c50,syn-balanced_multimodal-sequential-r3,balanced_multimodal,sequential,0,0,17396203175820366605,2026-10-01T05:44:18.069+00:00,completed,epsilon,True,True,True,True,,1533.465142,2253.8366459993995,2246.3948970034835,2,63,0.5055952816994697,0.0,3351.441075990457,,text,1-0-1-0-2-1-1-1,0.5055952816994697,True,50,batch,True,pso,30,1,swarm
oe4-pilot-v2,oe4,swarm|batch|bc1|h1|pso|r1|N30|c50,syn-logical_syntactic-repetitive-r3,logical_syntactic,repetitive,0,0,6665076571321463288,2026-10-01T05:44:15.913+00:00,completed,epsilon,True,True,True,True,,4010.453691,4424.508170999616,4419.567500000994,2,65,0.46208578639800935,0.020082362214221106,5140.272776998242,,code,2-1-1-0-1-1-0-1,0.48216814861223045,True,50,batch,True,pso,30,1,swarm
oe4-pilot-v2,oe4,swarm|batch|bc1|h1|pso|r1|N30|c50,syn-balanced_multimodal-conditional-r0,balanced_multimodal,conditional,0,0,9492171042143771967,2026-10-01T05:44:18.202+00:00,completed,epsilon,True,True,True,True,,1556.731853,2172.954611000023,2168.4193370019784,1,61,0.48780502665661635,0.0036547194033032526,3251.0895390046976,,code,2-1-1-1-1-1-1-1,0.4914597460599196,True,50,batch,True,pso,30,1,swarm
oe4-pilot-v2,oe4,swarm|batch|bc1|h1|pso|r1|N30|c50,syn-explanatory_conceptual-conditional-r2,explanatory_conceptual,conditional,0,0,1341896759769893857,2026-10-01T05:44:17.002+00:00,completed,epsilon,True,True,True,True,,2070.250305,3448.3264310001687,3446.02973200017,3,66,0.49030473008974373,0.0,2437.055206016126,,diagram,1-1-2-0-2-0-1-1,0.49030473008974373,True,50,batch,True,pso,30,1,swarm
oe4-pilot-v2,oe4,swarm|batch|bc1|h1|pso|r1|N30|c50,syn-balanced_multimodal-conditional-r1,balanced_multimodal,conditional,0,0,12567349465944861023,2026-10-01T05:44:18.331+00:00,completed,epsilon,True,True,True,True,,1405.426192,2156.7547990016465,2154.3461959990964,1,61,0.4988095313719645,0.0,368.59511900310486,,code,1-1-1-0-1-0-1-1,0.4988095313719645,True,50,batch,True,pso,30,1,swarm
oe4-pilot-v2,oe4,swarm|batch|bc1|h1|pso|r1|N30|c50,syn-explanatory_conceptual-conditional-r3,explanatory_conceptual,conditional,0,0,11332394261640184133,2026-10-01T05:44:17.010+00:00,completed,epsilon,True,True,True,True,,2118.758049,3484.8023319973436,3482.6340500003425,2,63,0.43096390169879784,0.003654523026150769,2916.4800520062117,,text,1-1-0-0-2-1-0-1,0.4346184247249486,True,50,batch,True,pso,30,1,swarm
oe4-pilot-v2,oe4,swarm|batch|bc1|h1|pso|r1|N30|c50,syn-explanatory_conceptual-repetitive-r0,explanatory_conceptual,repetitive,0,0,3237454591878846868,2026-10-01T05:44:17.051+00:00,completed,epsilon,True,True,True,True,,2119.051493,3460.5264750025526,3458.2891350000864,2,62,0.4460986935462345,0.02008255859137359,3062.269987005912,,text,1-1-1-1-2-1-0-1,0.4661812521376081,True,50,batch,True,pso,30,1,swarm
oe4-pilot-v2,oe4,swarm|batch|bc1|h1|pso|r1|N30|c50,syn-explanatory_conceptual-repetitive-r1,explanatory_conceptual,repetitive,0,0,10148232421566165977,2026-10-01T05:44:17.158+00:00,completed,epsilon,True,True,True,True,,2082.907111,3356.4032670001325,3352.5139979974483,2,65,0.5255407002055713,1.9637715242826204e-07,2805.781579990428,,text,1-0-1-1-2-1-1-1,0.5255408965827237,True,50,batch,True,pso,30,1,swarm
oe4-pilot-v2,oe4,swarm|batch|bc1|h1|pso|r1|N30|c50,syn-balanced_multimodal-conditional-r2,balanced_multimodal,conditional,0,0,4742918314447581142,2026-10-01T05:44:18.497+00:00,completed,epsilon,True,True,True,True,,1106.943298,2066.5232719984488,2064.087363996805,2,65,0.4993812836734506,0.0,296.8191580131835,,code,1-1-1-0-1-0-1-1,0.4993812836734506,True,50,batch,True,pso,30,1,swarm
oe4-pilot-v2,oe4,swarm|batch|bc1|h1|pso|r1|N30|c50,syn-explanatory_conceptual-repetitive-r3,explanatory_conceptual,repetitive,0,0,5679236231213962541,2026-10-01T05:44:17.194+00:00,completed,epsilon,True,True,True,True,,2150.838253,3413.2282999999006,3410.453952001262,2,65,0.47773671108267024,0.009947252053144284,3833.4856020058905,,text,1-0-1-0-2-1-1-1,0.4876839631358145,True,50,batch,True,pso,30,1,swarm
oe4-pilot-v2,oe4,swarm|batch|bc1|h1|pso|r1|N30|c50,syn-explanatory_conceptual-functions-r3,explanatory_conceptual,functions,0,0,15409255459732107106,2026-10-01T05:44:17.810+00:00,completed,epsilon,True,True,True,True,,1984.110638,2817.6423229997454,2815.680464002071,1,59,0.4977771280697979,0.007792797720650335,4021.938049016007,,text,1-0-1-2-2-1-1-1,0.5055699257904482,True,50,batch,True,pso,30,1,swarm
oe4-pilot-v2,oe4,swarm|batch|bc1|h1|pso|r1|N30|c50,syn-balanced_multimodal-conditional-r3,balanced_multimodal,conditional,0,0,11394639668150330671,2026-10-01T05:44:18.532+00:00,completed,epsilon,True,True,True,True,,1107.794909,2098.044447000575,2095.8550159994047,2,65,0.47153478436590585,1.963771524837732e-07,350.5932369977968,,text,1-1-1-1-2-0-1-1,0.47153498074305833,True,50,batch,True,pso,30,1,swarm
oe4-pilot-v2,oe4,swarm|batch|bc1|h1|pso|r1|N30|c50,syn-balanced_multimodal-conditional-r4,balanced_multimodal,conditional,0,0,2277667993778051270,2026-10-01T05:44:18.767+00:00,completed,epsilon,True,True,True,True,,769.854993,1867.370509000466,1865.8056570020563,1,59,0.49335718275037993,0.0036547194033032526,495.4800070032429,,code,2-1-1-1-2-1-2-1,0.4970119021536832,True,50,batch,True,pso,30,1,swarm
oe4-pilot-v2,oe4,swarm|batch|bc1|h1|pso|r1|N30|c50,syn-balanced_multimodal-sequential-r0,balanced_multimodal,sequential,0,0,12829628287881295465,2026-10-01T05:44:17.934+00:00,completed,epsilon,True,True,True,True,,2003.527134,2765.0763769997866,2763.2237639991217,3,69,0.4948651175024352,0.0,3146.6533079900955,,diagram,1-0-2-0-1-1-1-1,0.4948651175024352,True,50,batch,True,pso,30,1,swarm
oe4-pilot-v2,oe4,swarm|batch|bc1|h1|pso|r1|N30|c50,syn-balanced_multimodal-repetitive-r0,balanced_multimodal,repetitive,0,0,3839617547738254315,2026-10-01T05:44:18.859+00:00,completed,epsilon,True,True,True,True,,687.368921,1890.9059159996104,1873.0664220020117,2,63,0.5583985455313946,1.9637715242826204e-07,930.823080999148,,code,2-0-1-1-1-1-2-1,0.558398741908547,True,50,batch,True,pso,30,1,swarm
oe4-pilot-v2,oe4,swarm|batch|bc1|h1|pso|r1|N30|c50,syn-balanced_multimodal-repetitive-r3,balanced_multimodal,repetitive,0,0,10665835498416014906,2026-10-01T05:44:18.906+00:00,completed,epsilon,True,True,True,True,,629.283874,1864.7340230018017,1863.1614049991185,1,53,0.498403614745411,0.02008255859137359,410.26740301252556,,diagram,1-1-2-1-2-1-1-1,0.5184861733367846,True,50,batch,True,pso,30,1,swarm
oe4-pilot-v2,oe4,swarm|batch|bc1|h1|pso|r1|N30|c50,syn-balanced_multimodal-repetitive-r2,balanced_multimodal,repetitive,0,0,12027688066564710874,2026-10-01T05:44:18.897+00:00,completed,epsilon,True,True,True,True,,632.566473,1876.7870470001071,1875.3097079970757,1,54,0.48695008664679024,0.02008255859137359,432.9781150023467,,code,2-1-2-1-1-1-2-1,0.5070326452381638,True,50,batch,True,pso,30,1,swarm
oe4-pilot-v2,oe4,swarm|batch|bc1|h1|pso|r1|N30|c50,syn-balanced_multimodal-repetitive-r4,balanced_multimodal,repetitive,0,0,16842203000296662102,2026-10-01T05:44:18.922+00:00,completed,epsilon,True,True,True,True,,598.849311,1930.0019339971186,1928.0843300002743,2,63,0.5555295985433403,0.0,506.92071200559747,,code,2-0-1-0-1-1-2-1,0.5555295985433403,True,50,batch,True,pso,30,1,swarm
oe4-pilot-v2,oe4,swarm|batch|bc1|h1|pso|r1|N30|c50,syn-balanced_multimodal-arrays_vectors-r4,balanced_multimodal,arrays_vectors,0,0,7080146454937735062,2026-10-01T05:44:19.015+00:00,completed,epsilon,True,True,True,True,,728.082272,1984.8962309988565,1982.9100540009676,1,53,0.5231764212501887,0.0034158919247068154,944.0859490006775,,code,2-1-1-1-1-0-1-1,0.5265923131748955,True,50,batch,True,pso,30,1,swarm
oe4-pilot-v2,oe4,swarm|batch|bc1|h1|pso|r1|N30|c50,syn-balanced_multimodal-sequential-r4,balanced_multimodal,sequential,0,0,16072189927809315852,2026-10-01T05:44:18.196+00:00,completed,epsilon,True,True,True,True,,2224.207173,2818.850596999255,2816.943130001164,4,73,0.5064313832719637,1.9637715242826204e-07,3432.995779991909,,code,2-0-2-1-2-1-2-1,0.5064315796491161,True,50,batch,True,pso,30,1,swarm
oe4-pilot-v2,oe4,swarm|batch|bc1|h1|pso|r1|N30|c50,syn-explanatory_conceptual-conditional-r1,explanatory_conceptual,conditional,0,0,18124705353368190302,2026-10-01T05:44:16.879+00:00,completed,epsilon,True,True,True,True,,2787.236507,4300.788136999472,4297.697313999379,2,62,0.4788636419583419,1.963771524837732e-07,2180.12423799657,,text,1-1-1-1-2-0-1-1,0.4788638383354944,True,50,batch,True,pso,30,1,swarm
oe4-pilot-v2,oe4,swarm|batch|bc1|h1|pso|r1|N30|c50,syn-balanced_multimodal-functions-r3,balanced_multimodal,functions,0,0,18228905326412579013,2026-10-01T05:44:19.187+00:00,completed,epsilon,True,True,True,True,,767.594824,1995.1367959984054,1990.2597889995377,1,59,0.49300132682799114,0.024411447389422025,682.496968995783,,code,1-0-1-1-1-1-0-1,0.5174127742174132,True,50,batch,True,pso,30,1,swarm
oe4-pilot-v2,oe4,swarm|batch|bc1|h1|pso|r1|N30|c50,syn-explanatory_conceptual-functions-r4,explanatory_conceptual,functions,0,0,13584105466744503536,2026-10-01T05:44:17.923+00:00,completed,epsilon,True,True,True,True,,2488.451976,3262.457203003578,3259.444376999454,2,61,0.49970043101958095,0.0,2852.1956270090973,,text,1-0-1-0-2-0-1-1,0.49970043101958095,True,50,batch,True,pso,30,1,swarm
oe4-pilot-v2,oe4,swarm|batch|bc1|h1|pso|r1|N30|c50,syn-balanced_multimodal-repetitive-r1,balanced_multimodal,repetitive,0,0,2659073220867155690,2026-10-01T05:44:18.864+00:00,completed,epsilon,True,True,True,True,,1120.214121,2327.143963000708,2324.114114002441,1,56,0.5099655888622538,0.020082558591373645,875.0993910120549,,code,2-1-2-1-2-1-1-1,0.5300481474536275,True,50,batch,True,pso,30,1,swarm
oe4-pilot-v2,oe4,swarm|batch|bc1|h1|pso|r1|N30|c50,syn-balanced_multimodal-arrays_vectors-r0,balanced_multimodal,arrays_vectors,0,0,8202019099685287209,2026-10-01T05:44:18.948+00:00,completed,epsilon,True,True,True,True,,917.363967,2246.22667299991,2243.636704999517,2,65,0.5214552573504015,0.007792454060633558,786.2953270063161,,code,2-0-1-0-2-1-1-1,0.5292477114110351,True,50,batch,True,pso,30,1,swarm
oe4-pilot-v2,oe4,swarm|batch|bc1|h1|pso|r1|N30|c50,syn-balanced_multimodal-arrays_vectors-r1,balanced_multimodal,arrays_vectors,0,0,1557390382835702406,2026-10-01T05:44:18.989+00:00,completed,epsilon,True,True,True,True,,919.512751,2211.8265839999367,2206.2708970006497,1,59,0.5096116990703786,0.010013934431594262,1253.068316008219,,code,1-0-1-0-1-1-1-1,0.5196256335019729,True,50,batch,True,pso,30,1,swarm
oe4-pilot-v2,oe4,swarm|batch|bc1|h1|pso|r1|N30|c50,syn-balanced_multimodal-functions-r1,balanced_multimodal,functions,0,0,368220290834284782,2026-10-01T05:44:19.057+00:00,completed,epsilon,True,True,True,True,,819.136414,2157.36977999768,2154.764331997285,1,58,0.49177264213206817,0.020082362214221106,484.95675599294833,,code,2-1-1-0-1-1-2-1,0.5118550043462893,True,50,batch,True,pso,30,1,swarm
oe4-pilot-v2,oe4,swarm|batch|bc1|h1|pso|r1|N30|c50,syn-balanced_multimodal-functions-r2,balanced_multimodal,functions,0,0,8673480799685267205,2026-10-01T05:44:19.163+00:00,completed,epsilon,True,True,True,True,,861.07313,2089.9060900010227,2087.818481002614,2,62,0.510395070984393,0.007792454060633558,663.6487759825354,,code,2-0-1-0-1-1-1-1,0.5181875250450265,True,50,batch,True,pso,30,1,swarm
oe4-pilot-v2,oe4,swarm|batch|bc1|h1|pso|r1|N30|c50,syn-balanced_multimodal-arrays_vectors-r2,balanced_multimodal,arrays_vectors,0,0,1551228789342824201,2026-10-01T05:44:19.004+00:00,completed,epsilon,True,True,True,True,,985.593717,2251.6514919989277,2249.4261730025755,3,69,0.5407907180206968,0.007792454060633558,1233.1771360010778,,text,1-0-1-0-2-1-1-1,0.5485831720813303,True,50,batch,True,pso,30,1,swarm
oe4-pilot-v2,oe4,swarm|batch|bc1|h1|pso|r1|N30|c50,syn-balanced_multimodal-functions-r0,balanced_multimodal,functions,0,0,2933908082685948832,2026-10-01T05:44:19.024+00:00,completed,epsilon,True,True,True,True,,1004.739744,2248.5916650002764,2246.2627019995125,3,69,0.5309809873500523,0.0,1389.1764399908873,,code,2-0-2-0-1-0-1-1,0.5309809873500523,True,50,batch,True,pso,30,1,swarm
oe4-pilot-v2,oe4,swarm|batch|bc1|h1|pso|r1|N30|c50,syn-balanced_multimodal-functions-r4,balanced_multimodal,functions,0,0,4683180797726806680,2026-10-01T05:44:19.190+00:00,completed,epsilon,True,True,True,True,,891.879027,2087.354097999196,2083.785111000907,3,69,0.5037098665441013,0.0,684.4367570080482,,diagram,1-0-2-0-1-0-1-1,0.5037098665441013,True,50,batch,True,pso,30,1,swarm
oe4-pilot-v2,oe4,swarm|batch|bc1|h1|pso|r1|N30|c50,syn-balanced_multimodal-arrays_vectors-r3,balanced_multimodal,arrays_vectors,0,0,11908930478528390133,2026-10-01T05:44:19.010+00:00,completed,epsilon,True,True,True,True,,1031.13304,2279.0544900017267,2276.944730998366,6,81,0.5517303986475605,0.0,963.5258620168944,,code,2-0-2-1-1-0-2-1,0.5517303986475605,True,50,batch,True,pso,30,1,swarm
oe4-pilot-v2,oe4,swarm|batch|bc1|h1|pso|r1|N30|c50,syn-visual_dominant-repetitive-r0,visual_dominant,repetitive,0,1,3652346516165016234,2026-10-01T05:44:21.295+00:00,completed,epsilon,True,True,True,True,,600.615783,659.9139160025516,658.2378060011251,1,59,0.46998170127395994,0.02008255859137359,679.5793549906169,,diagram,1-1-2-1-1-1-0-1,0.49006425986533353,True,50,batch,True,pso,30,1,swarm
oe4-pilot-v2,oe4,swarm|batch|bc1|h1|pso|r1|N30|c50,syn-visual_dominant-functions-r1,visual_dominant,functions,0,1,12724222799605840855,2026-10-01T05:44:21.300+00:00,completed,epsilon,True,True,True,True,,631.454561,698.7501189978502,696.9473230019503,2,63,0.49466746788594257,0.007230897594027896,693.3456269974046,,code,2-2-2-1-1-0-0-1,0.5018983654799705,True,50,batch,True,pso,30,1,swarm
oe4-pilot-v2,oe4,swarm|batch|bc1|h1|pso|r1|N30|c50,syn-visual_dominant-sequential-r1,visual_dominant,sequential,0,1,17048800117076641484,2026-10-01T05:44:21.291+00:00,completed,epsilon,True,True,True,True,,709.212757,799.191617003089,796.892217000277,1,53,0.44878503224528293,0.02008255859137359,1147.6028580024747,,diagram,1-1-2-1-0-1-1-1,0.4688675908366565,True,50,batch,True,pso,30,1,swarm
oe4-pilot-v2,oe4,swarm|batch|bc1|h1|pso|r1|N30|c50,syn-visual_dominant-conditional-r0,visual_dominant,conditional,0,1,11471567894967710186,2026-10-01T05:44:21.292+00:00,completed,epsilon,True,True,True,True,,716.786927,804.8707089983509,801.5060360012285,1,61,0.4683786250362893,0.007792650437786042,1409.919573008636,,diagram,1-1-2-1-0-1-0-1,0.47617127547407534,True,50,batch,True,pso,30,1,swarm
oe4-pilot-v2,oe4,swarm|batch|bc1|h1|pso|r1|N30|c50,syn-visual_dominant-sequential-r2,visual_dominant,sequential,0,1,4355585619346073820,2026-10-01T05:44:21.291+00:00,completed,epsilon,True,True,True,True,,738.749058,824.3964670000423,822.3637279988907,3,66,0.4684960847891392,0.0,1132.6229589924246,,diagram,1-0-2-0-0-1-0-1,0.4684960847891392,True,50,batch,True,pso,30,1,swarm
oe4-pilot-v2,oe4,swarm|batch|bc1|h1|pso|r1|N30|c50,syn-visual_dominant-conditional-r2,visual_dominant,conditional,0,1,7530803405880337628,2026-10-01T05:44:21.293+00:00,completed,epsilon,True,True,True,True,,856.353858,952.382559000398,950.2413740010525,2,65,0.47576325269917313,1.963771524837732e-07,1641.174369013448,,code,2-1-2-1-1-0-1-1,0.4757634490763256,True,50,batch,True,pso,30,1,swarm
oe4-pilot-v2,oe4,swarm|batch|bc1|h1|pso|r1|N30|c50,syn-visual_dominant-sequential-r0,visual_dominant,sequential,0,1,8580140326324496627,2026-10-01T05:44:21.290+00:00,completed,epsilon,True,True,True,True,,884.040379,986.9836610014318,983.8101689965697,2,63,0.47580606727894714,0.0,2345.4988900100334,,diagram,1-0-2-0-1-1-0-1,0.47580606727894714,True,50,batch,True,pso,30,1,swarm
oe4-pilot-v2,oe4,swarm|batch|bc1|h1|pso|r1|N30|c50,syn-visual_dominant-sequential-r3,visual_dominant,sequential,0,1,5551779150201999310,2026-10-01T05:44:21.292+00:00,completed,epsilon,True,True,True,True,,894.759852,991.9810140017944,990.1177499996265,3,63,0.4968930391220401,0.0,2099.6787659928927,,diagram,1-0-2-0-0-1-1-1,0.4968930391220401,True,50,batch,True,pso,30,1,swarm
oe4-pilot-v2,oe4,swarm|batch|bc1|h1|pso|r1|N30|c50,syn-visual_dominant-conditional-r1,visual_dominant,conditional,0,1,13928515270300365190,2026-10-01T05:44:21.293+00:00,completed,epsilon,True,True,True,True,,908.794932,997.9123910015915,996.015492000879,4,73,0.4371315517815198,1.963771524837732e-07,2513.8155820182938,,diagram,1-1-2-1-0-0-0-1,0.4371317481586723,True,50,batch,True,pso,30,1,swarm
oe4-pilot-v2,oe4,swarm|batch|bc1|h1|pso|r1|N30|c50,syn-visual_dominant-conditional-r4,visual_dominant,conditional,0,1,7123775909059268369,2026-10-01T05:44:21.295+00:00,completed,epsilon,True,True,True,True,,1005.987068,1116.3936529992498,1114.6215929984464,1,58,0.4486569413932807,0.0,3116.985119995118,,diagram,1-1-2-0-1-0-0-1,0.4486569413932807,True,50,batch,True,pso,30,1,swarm
oe4-pilot-v2,oe4,swarm|batch|bc1|h1|pso|r1|N30|c50,syn-visual_dominant-conditional-r3,visual_dominant,conditional,0,1,12303691227522993195,2026-10-01T05:44:21.294+00:00,completed,epsilon,True,True,True,True,,1012.873998,1125.0674189977872,1122.876435998478,2,65,0.4537572043126114,0.0036547194033032526,2808.9474519698388,,diagram,1-1-2-1-0-1-1-1,0.45741192371591466,True,50,batch,True,pso,30,1,swarm
oe4-pilot-v2,oe4,swarm|batch|bc1|h1|pso|r1|N30|c50,syn-visual_dominant-repetitive-r3,visual_dominant,repetitive,0,1,13061490195280824700,2026-10-01T05:44:21.297+00:00,completed,epsilon,True,True,True,True,,1020.017584,1133.9203930001531,1132.3467109978083,2,55,0.4931223664434585,0.012207742316518777,3035.738353983252,,diagram,1-0-2-1-0-0-0-1,0.5053301087599773,True,50,batch,True,pso,30,1,swarm
oe4-pilot-v2,oe4,swarm|batch|bc1|h1|pso|r1|N30|c50,syn-visual_dominant-repetitive-r2,visual_dominant,repetitive,0,1,15577984090316381348,2026-10-01T05:44:21.296+00:00,completed,epsilon,True,True,True,True,,1145.455796,1266.0870789986802,1263.885617001506,2,63,0.5174510138160732,1.9637715242826204e-07,3844.158696998328,,code,2-0-2-1-1-1-0-1,0.5174512101932256,True,50,batch,True,pso,30,1,swarm
oe4-pilot-v2,oe4,swarm|batch|bc1|h1|pso|r1|N30|c50,syn-visual_dominant-repetitive-r4,visual_dominant,repetitive,0,1,5153165576748431564,2026-10-01T05:44:21.297+00:00,completed,epsilon,True,True,True,True,,1150.158296,1282.059274999483,1280.3525009985606,3,66,0.4676075053726938,0.0,3590.3035760019998,,diagram,1-0-2-0-0-1-0-1,0.4676075053726938,True,50,batch,True,pso,30,1,swarm
oe4-pilot-v2,oe4,swarm|batch|bc1|h1|pso|r1|N30|c50,syn-visual_dominant-arrays_vectors-r4,visual_dominant,arrays_vectors,0,1,13236652181889018265,2026-10-01T05:44:21.299+00:00,completed,epsilon,True,True,True,True,,1240.884352,1397.6503049998428,1395.5323500013037,1,58,0.49310999494245983,0.004471198194922976,4655.026774005072,,diagram,1-1-2-2-1-0-0-0,0.4975811931373828,True,50,batch,True,pso,30,1,swarm
oe4-pilot-v2,oe4,swarm|batch|bc1|h1|pso|r1|N30|c50,syn-logical_syntactic-conditional-r3,logical_syntactic,conditional,0,1,6626061848004110554,2026-10-01T05:44:21.305+00:00,completed,epsilon,True,True,True,True,,1336.667052,1525.6976259988733,1523.557410997455,1,59,0.4614734643861827,0.007792650437786042,5242.328356007539,,code,2-1-1-1-0-1-0-1,0.46926611482396874,True,50,batch,True,pso,30,1,swarm
oe4-pilot-v2,oe4,swarm|batch|bc1|h1|pso|r1|N30|c50,syn-logical_syntactic-conditional-r1,logical_syntactic,conditional,0,1,16767561851559065070,2026-10-01T05:44:21.304+00:00,completed,epsilon,True,True,True,True,,1345.19428,1529.9170950020198,1528.0267550006101,2,63,0.44403176024746854,0.007792797720650391,5251.192457992536,,code,2-1-1-2-0-1-0-1,0.45182455796811893,True,50,batch,True,pso,30,1,swarm
oe4-pilot-v2,oe4,swarm|batch|bc1|h1|pso|r1|N30|c50,syn-logical_syntactic-conditional-r4,logical_syntactic,conditional,0,1,2581103798954869873,2026-10-01T05:44:21.305+00:00,completed,epsilon,True,True,True,True,,1334.867414,1531.0262099992542,1529.5519699975557,1,53,0.4839345737065493,0.0036547194033032526,4441.372791996258,,code,2-1-1-1-1-1-1-1,0.48758929310985255,True,50,batch,True,pso,30,1,swarm
oe4-pilot-v2,oe4,swarm|batch|bc1|h1|pso|r1|N30|c50,syn-logical_syntactic-repetitive-r0,logical_syntactic,repetitive,0,1,2563900073831829840,2026-10-01T05:44:21.306+00:00,completed,epsilon,True,True,True,True,,1415.801039,1630.314082998666,1628.222953000659,1,58,0.45068774937313677,0.02008255859137359,5314.318181008682,,code,2-1-2-1-0-1-1-1,0.47077030796451036,True,50,batch,True,pso,30,1,swarm
oe4-pilot-v2,oe4,swarm|batch|bc1|h1|pso|r1|N30|c50,syn-logical_syntactic-sequential-r0,logical_syntactic,sequential,0,1,13362044807751343064,2026-10-01T05:44:21.302+00:00,completed,epsilon,True,True,True,True,,1416.838534,1641.8286100015393,1639.5656140011852,1,61,0.4761348237523099,0.02008255859137359,5567.64293100898,,code,2-1-1-1-0-1-0-1,0.4962173823436835,True,50,batch,True,pso,30,1,swarm
oe4-pilot-v2,oe4,swarm|batch|bc1|h1|pso|r1|N30|c50,syn-logical_syntactic-sequential-r1,logical_syntactic,sequential,0,1,14311645315440717423,2026-10-01T05:44:21.302+00:00,completed,epsilon,True,True,True,True,,1441.070761,1711.9749140001659,1685.045825997804,3,69,0.4825463618186212,0.0,5650.160618975746,,code,2-0-1-0-1-1-0-1,0.4825463618186212,True,50,batch,True,pso,30,1,swarm
oe4-pilot-v2,oe4,swarm|batch|bc1|h1|pso|r1|N30|c50,syn-logical_syntactic-repetitive-r1,logical_syntactic,repetitive,0,1,1690962082425471307,2026-10-01T05:44:21.306+00:00,completed,epsilon,True,True,True,True,,1537.816609,1775.1890510007797,1770.5661020008847,1,56,0.46854772531455674,0.02008255859137359,4963.446662019817,,code,2-1-1-1-0-1-0-1,0.48863028390593033,True,50,batch,True,pso,30,1,swarm
oe4-pilot-v2,oe4,swarm|batch|bc1|h1|pso|r1|N30|c50,syn-logical_syntactic-repetitive-r2,logical_syntactic,repetitive,0,1,12298035747105259136,2026-10-01T05:44:21.307+00:00,completed,epsilon,True,True,True,True,,1538.811801,1780.5436100024963,1778.1776530027855,1,59,0.48860682289608054,0.02008255859137359,5556.182696021422,,code,2-1-1-1-1-1-1-1,0.5086893814874541,True,50,batch,True,pso,30,1,swarm
oe4-pilot-v2,oe4,swarm|batch|bc1|h1|pso|r1|N30|c50,syn-logical_syntactic-arrays_vectors-r0,logical_syntactic,arrays_vectors,0,1,14948705039163960895,2026-10-01T05:44:21.308+00:00,completed,epsilon,True,True,True,True,,1617.878916,1892.7259199990658,1890.4352199970162,1,58,0.4856184373133194,0.02008255859137359,4949.081414990462,,code,2-1-1-1-0-0-1-1,0.505700995904693,True,50,batch,True,pso,30,1,swarm
oe4-pilot-v2,oe4,swarm|batch|bc1|h1|pso|r1|N30|c50,syn-logical_syntactic-arrays_vectors-r2,logical_syntactic,arrays_vectors,0,1,7678510444233138347,2026-10-01T05:44:21.309+00:00,completed,epsilon,True,True,True,True,,1626.694363,1911.0703320002358,1909.0831159992376,1,61,0.49083069767651405,0.027875012652007147,5495.273706993697,,code,2-1-1-1-0-1-0-1,0.5187057103285212,True,50,batch,True,pso,30,1,swarm
oe4-pilot-v2,oe4,swarm|batch|bc1|h1|pso|r1|N30|c50,syn-logical_syntactic-arrays_vectors-r3,logical_syntactic,arrays_vectors,0,1,3475821061836782133,2026-10-01T05:44:21.309+00:00,completed,epsilon,True,True,True,True,,1638.331917,1923.4431789991504,1921.5970179975557,2,65,0.5279095277556373,1.472828643489521e-07,5502.47944198224,,code,2-0-1-2-1-0-1-1,0.5279096750385016,True,50,batch,True,pso,30,1,swarm
oe4-pilot-v2,oe4,swarm|batch|bc1|h1|pso|r1|N30|c50,syn-logical_syntactic-arrays_vectors-r4,logical_syntactic,arrays_vectors,0,1,15069723113616053544,2026-10-01T05:44:21.310+00:00,completed,epsilon,True,True,True,True,,1720.939584,2027.91229200011,2025.8971319999546,1,61,0.45823969583330176,0.008847809425137798,5690.540884997488,,code,2-0-1-1-0-1-1-0,0.46708750525843956,True,50,batch,True,pso,30,1,swarm
oe4-pilot-v2,oe4,swarm|batch|bc1|h1|pso|r1|N30|c50,syn-visual_dominant-functions-r3,visual_dominant,functions,0,1,15496158585802717903,2026-10-01T05:44:21.301+00:00,completed,epsilon,True,True,True,True,,1839.425766,2218.1097629982105,2216.0021510026127,1,61,0.4525600963951378,0.027875012652007147,5657.751164008641,,diagram,1-1-2-1-0-1-1-1,0.4804351090471449,True,50,batch,True,pso,30,1,swarm
oe4-pilot-v2,oe4,swarm|batch|bc1|h1|pso|r1|N30|c50,syn-logical_syntactic-functions-r2,logical_syntactic,functions,0,1,6130147880867857550,2026-10-01T05:44:21.311+00:00,completed,epsilon,True,True,True,True,,1888.430185,2233.1734050021623,2229.5960320007,5,77,0.4982072075606626,1.9637715242826204e-07,5463.216745995985,,code,2-0-0-1-1-0-1-1,0.49820740393781504,True,50,batch,True,pso,30,1,swarm
oe4-pilot-v2,oe4,swarm|batch|bc1|h1|pso|r1|N30|c50,syn-logical_syntactic-sequential-r2,logical_syntactic,sequential,0,1,15643440995604996842,2026-10-01T05:44:21.303+00:00,completed,epsilon,True,True,True,True,,1931.844254,2323.7084040010814,2320.382552999945,1,57,0.5052479809084092,0.0034158919247069264,5141.141763002802,,code,2-1-0-1-1-1-1-1,0.5086638728331161,True,50,batch,True,pso,30,1,swarm
oe4-pilot-v2,oe4,swarm|batch|bc1|h1|pso|r1|N30|c50,syn-logical_syntactic-conditional-r0,logical_syntactic,conditional,0,1,4732552759670585228,2026-10-01T05:44:21.304+00:00,completed,epsilon,True,True,True,True,,1950.804108,2344.274745999428,2338.687600000412,1,59,0.4552126305749631,0.003654523026150769,5251.680097004189,,code,2-1-1-0-0-1-0-1,0.45886715360111385,True,50,batch,True,pso,30,1,swarm
oe4-pilot-v2,oe4,swarm|batch|bc1|h1|pso|r1|N30|c50,syn-logical_syntactic-sequential-r4,logical_syntactic,sequential,0,1,17250185977012485747,2026-10-01T05:44:21.303+00:00,completed,epsilon,True,True,True,True,,1975.073859,2347.0397889977903,2339.1899160014873,4,70,0.4963874393518477,3.4366001677721414e-07,5311.739769018752,,code,2-0-1-2-1-0-0-1,0.4963877830118645,True,50,batch,True,pso,30,1,swarm
oe4-pilot-v2,oe4,swarm|batch|bc1|h1|pso|r1|N30|c50,syn-visual_dominant-sequential-r4,visual_dominant,sequential,0,1,13994061115368628468,2026-10-01T05:44:21.292+00:00,completed,epsilon,True,True,True,True,,2369.460064,2582.9839639991405,2568.3252830021956,2,65,0.45399075511807396,1.9637715242826204e-07,3170.9975549874866,,diagram,1-0-2-1-1-1-0-1,0.4539909514952264,True,50,batch,True,pso,30,1,swarm
oe4-pilot-v2,oe4,swarm|batch|bc1|h1|pso|r1|N30|c50,syn-visual_dominant-arrays_vectors-r0,visual_dominant,arrays_vectors,0,1,2484686855457110652,2026-10-01T05:44:21.297+00:00,completed,epsilon,True,True,True,True,,2391.60759,2670.8705310011283,2663.5655399986717,1,54,0.46105976353153516,0.027875012652007147,4355.183204001344,,diagram,1-1-2-1-0-1-0-1,0.4889347761835423,True,50,batch,True,pso,30,1,swarm
oe4-pilot-v2,oe4,swarm|batch|bc1|h1|pso|r1|N30|c50,syn-visual_dominant-functions-r0,visual_dominant,functions,0,1,11375697626506085209,2026-10-01T05:44:21.300+00:00,completed,epsilon,True,True,True,True,,2402.173945,2684.507599002245,2675.6690030015307,1,53,0.47770576352191013,0.02008255859137359,3474.630868994168,,diagram,1-1-2-1-1-1-0-1,0.4977883221132837,True,50,batch,True,pso,30,1,swarm
oe4-pilot-v2,oe4,swarm|batch|bc1|h1|pso|r1|N30|c50,syn-logical_syntactic-conditional-r2,logical_syntactic,conditional,0,1,6973891702751108736,2026-10-01T05:44:21.305+00:00,completed,epsilon,True,True,True,True,,2430.584814,2731.9868599988695,2721.1892300001637,2,62,0.4667613697407896,1.963771524837732e-07,4100.729946004021,,code,2-1-1-1-0-0-1-1,0.46676156611794206,True,50,batch,True,pso,30,1,swarm
oe4-pilot-v2,oe4,swarm|batch|bc1|h1|pso|r1|N30|c50,syn-logical_syntactic-repetitive-r4,logical_syntactic,repetitive,0,1,3613547958009930106,2026-10-01T05:44:21.308+00:00,completed,epsilon,True,True,True,True,,2461.417016,2818.199569999706,2812.216673999501,2,62,0.42431599984481977,0.02008255859137359,5100.976548003009,,code,2-1-0-1-1-1-0-1,0.44439855843619336,True,50,batch,True,pso,30,1,swarm
oe4-pilot-v2,oe4,swarm|batch|bc1|h1|pso|r1|N30|c50,syn-visual_dominant-arrays_vectors-r1,visual_dominant,arrays_vectors,0,1,14387502913323118724,2026-10-01T05:44:21.298+00:00,completed,epsilon,True,True,True,True,,2625.853632,2869.1494510021585,2862.2917120010243,3,67,0.4531926066883153,0.0,4810.810752990122,,diagram,1-0-2-0-0-0-0-1,0.4531926066883153,True,50,batch,True,pso,30,1,swarm
oe4-pilot-v2,oe4,swarm|batch|bc1|h1|pso|r1|N30|c50,syn-logical_syntactic-functions-r0,logical_syntactic,functions,0,1,15105445333404857368,2026-10-01T05:44:21.310+00:00,completed,epsilon,True,True,True,True,,2516.524448,2895.806171000004,2883.222707998357,2,63,0.5077822418422905,0.007792650437785986,4640.320497009449,,code,2-0-1-1-1-1-0-1,0.5155748922800765,True,50,batch,True,pso,30,1,swarm
oe4-pilot-v2,oe4,swarm|batch|bc1|h1|pso|r1|N30|c50,syn-logical_syntactic-functions-r3,logical_syntactic,functions,0,1,4820333934433401313,2026-10-01T05:44:21.312+00:00,completed,epsilon,True,True,True,True,,2518.368177,2903.549573999044,2898.102604998712,2,63,0.48636013268759803,0.0,4945.996084997889,,code,2-0-1-0-1-1-0-1,0.48636013268759803,True,50,batch,True,pso,30,1,swarm
oe4-pilot-v2,oe4,swarm|batch|bc1|h1|pso|r1|N30|c50,syn-visual_dominant-arrays_vectors-r2,visual_dominant,arrays_vectors,0,1,18083930375172244621,2026-10-01T05:44:21.298+00:00,completed,epsilon,True,True,True,True,,2729.006381,2929.5417120010825,2925.3999030006526,3,66,0.5218342851242742,1.9637715242826204e-07,3521.3634460102808,,diagram,1-0-2-1-1-0-1-1,0.5218344815014266,True,50,batch,True,pso,30,1,swarm
oe4-pilot-v2,oe4,swarm|batch|bc1|h1|pso|r1|N30|c50,syn-logical_syntactic-sequential-r3,logical_syntactic,sequential,0,1,16960600487627624599,2026-10-01T05:44:21.303+00:00,completed,epsilon,True,True,True,True,,2490.493162,2935.209433999262,2930.9221539988357,3,66,0.47454058681115907,0.0,5131.554674999034,,code,2-0-1-0-1-1-0-1,0.47454058681115907,True,50,batch,True,pso,30,1,swarm
oe4-pilot-v2,oe4,swarm|batch|bc1|h1|pso|r1|N30|c50,syn-visual_dominant-arrays_vectors-r3,visual_dominant,arrays_vectors,0,1,16074832408338533935,2026-10-01T05:44:21.299+00:00,completed,epsilon,True,True,True,True,,2755.078509,2944.8051470026257,2941.328181001154,3,69,0.5279373560844233,0.0,3944.6387319770533,,diagram,0-0-2-1-1-0-0-1,0.5279373560844233,True,50,batch,True,pso,30,1,swarm
oe4-pilot-v2,oe4,swarm|batch|bc1|h1|pso|r1|N30|c50,syn-logical_syntactic-arrays_vectors-r1,logical_syntactic,arrays_vectors,0,1,13327273701071249688,2026-10-01T05:44:21.308+00:00,completed,epsilon,True,True,True,True,,2610.343768,2938.2061140022415,2932.4031799988006,3,69,0.47410405901537916,0.00994067049648667,4887.479886015014,,code,2-2-1-0-1-0-0-1,0.48404472951186583,True,50,batch,True,pso,30,1,swarm
oe4-pilot-v2,oe4,swarm|batch|bc1|h1|pso|r1|N30|c50,syn-logical_syntactic-functions-r1,logical_syntactic,functions,0,1,7545233351544256523,2026-10-01T05:44:21.311+00:00,completed,epsilon,True,True,True,True,,2597.739787,2943.898468001862,2940.923322999879,2,65,0.4952348885551682,1.9637715242826204e-07,5070.287580991024,,code,2-0-1-1-1-0-0-1,0.4952350849323206,True,50,batch,True,pso,30,1,swarm
oe4-pilot-v2,oe4,swarm|batch|bc1|h1|pso|r1|N30|c50,syn-visual_dominant-functions-r2,visual_dominant,functions,0,1,2855966151648987497,2026-10-01T05:44:21.300+00:00,completed,epsilon,True,True,True,True,,2576.511205,2984.678557000734,2965.6216639996273,2,62,0.4624311814719705,0.008945025651836969,4878.659196990931,,diagram,1-0-2-1-0-1-1-1,0.47137620712380746,True,50,batch,True,pso,30,1,swarm
oe4-pilot-v2,oe4,swarm|batch|bc1|h1|pso|r1|N30|c50,syn-visual_dominant-functions-r4,visual_dominant,functions,0,1,10259835321663512086,2026-10-01T05:44:21.301+00:00,completed,epsilon,True,True,True,True,,2572.896674,2986.6758420030237,2982.1158650011057,2,60,0.48282466482518693,0.019803777820581292,4623.6916359768,,code,2-2-2-1-1-1-1-1,0.5026284426457682,True,50,batch,True,pso,30,1,swarm
oe4-pilot-v2,oe4,swarm|batch|bc1|h1|pso|r1|N30|c50,syn-logical_syntactic-functions-r4,logical_syntactic,functions,0,1,10275058418311301455,2026-10-01T05:44:21.312+00:00,completed,epsilon,True,True,True,True,,2658.198501,2988.0118660003063,2985.805722000805,4,70,0.4530924129093758,0.0029587093058543457,4960.550657988332,,code,2-2-0-0-1-0-0-1,0.45605112221523014,True,50,batch,True,pso,30,1,swarm
oe4-pilot-v2,oe4,swarm|batch|bc1|h1|pso|r1|N30|c50,syn-explanatory_conceptual-sequential-r0,explanatory_conceptual,sequential,0,1,14947352377729861017,2026-10-01T05:44:21.955+00:00,completed,epsilon,True,True,True,True,,697.247588,2372.7758259992697,2370.8873319992563,3,66,0.4486181798628388,0.018837465195685188,686.85217498158,,text,1-0-0-0-2-0-0-1,0.467455645058524,True,50,batch,True,pso,30,1,swarm
oe4-pilot-v2,oe4,swarm|batch|bc1|h1|pso|r1|N30|c50,syn-explanatory_conceptual-sequential-r1,explanatory_conceptual,sequential,0,1,3272787541859846898,2026-10-01T05:44:21.999+00:00,completed,epsilon,True,True,True,True,,797.900805,2459.123977001582,2453.9861569974164,1,56,0.45267043074923324,0.006749225258040281,1551.1257430072678,,text,0-1-0-1-2-1-0-1,0.4594196560072735,True,50,batch,True,pso,30,1,swarm
oe4-pilot-v2,oe4,swarm|batch|bc1|h1|pso|r1|N30|c50,syn-explanatory_conceptual-sequential-r2,explanatory_conceptual,sequential,0,1,7023970792698232399,2026-10-01T05:44:22.090+00:00,completed,epsilon,True,True,True,True,,844.586252,2391.8527669993637,2388.939428001322,2,65,0.46174206660316464,0.0009320597035671341,1543.475193007148,,text,0-0-1-1-2-0-1-1,0.46267412630673177,True,50,batch,True,pso,30,1,swarm
oe4-pilot-v2,oe4,swarm|batch|bc1|h1|pso|r1|N30|c50,syn-explanatory_conceptual-sequential-r3,explanatory_conceptual,sequential,0,1,15905282458092997945,2026-10-01T05:44:22.097+00:00,completed,epsilon,True,True,True,True,,846.083876,2387.8450809970673,2386.1065870005405,2,62,0.4489765705985682,1.9637715242826204e-07,1548.3390250200232,,text,1-0-1-1-2-1-1-1,0.44897676697572064,True,50,batch,True,pso,30,1,swarm
oe4-pilot-v2,oe4,swarm|batch|bc1|h1|pso|r1|N30|c50,syn-explanatory_conceptual-conditional-r0,explanatory_conceptual,conditional,0,1,5916953307552671090,2026-10-01T05:44:22.246+00:00,completed,epsilon,True,True,True,True,,999.3209,2405.4118790008943,2402.6580400022794,2,63,0.49552996804696203,0.0,2638.043747013853,,code,2-1-1-0-2-0-1-1,0.49552996804696203,True,50,batch,True,pso,30,1,swarm
oe4-pilot-v2,oe4,swarm|batch|bc1|h1|pso|r1|N30|c50,syn-explanatory_conceptual-sequential-r4,explanatory_conceptual,sequential,0,1,16212943396658008924,2026-10-01T05:44:22.116+00:00,completed,epsilon,True,True,True,True,,1028.162978,2551.011400999414,2549.190338002518,4,70,0.4665029999409801,0.0,1635.168869008124,,text,1-1-1-0-2-0-1-1,0.4665029999409801,True,50,batch,True,pso,30,1,swarm
oe4-pilot-v2,oe4,swarm|batch|bc1|h1|pso|r1|N30|c50,syn-explanatory_conceptual-conditional-r4,explanatory_conceptual,conditional,0,1,8670080275324173838,2026-10-01T05:44:22.411+00:00,completed,epsilon,True,True,True,True,,1075.251951,2352.5699820020236,2350.77330599961,2,65,0.46408094218044915,0.0010551589873517564,2778.7153340048612,,text,1-1-1-0-2-0-0-0,0.4651361011678009,True,50,batch,True,pso,30,1,swarm
oe4-pilot-v2,oe4,swarm|batch|bc1|h1|pso|r1|N30|c50,syn-explanatory_conceptual-repetitive-r2,explanatory_conceptual,repetitive,0,1,10189736659373836677,2026-10-01T05:44:22.562+00:00,completed,epsilon,True,True,True,True,,1109.248875,2289.123604998167,2286.8154600000707,1,58,0.49088145414572526,0.0017991482131319847,2912.877914003275,,text,1-0-1-1-2-1-1-1,0.49268060235885724,True,50,batch,True,pso,30,1,swarm
oe4-pilot-v2,oe4,swarm|batch|bc1|h1|pso|r1|N30|c50,syn-explanatory_conceptual-repetitive-r4,explanatory_conceptual,repetitive,0,1,615434091092212846,2026-10-01T05:44:22.697+00:00,completed,epsilon,True,True,True,True,,1056.505441,2175.207849999424,2173.116555000888,1,58,0.45405216601876935,0.02008255859137359,2206.110262018511,,text,1-1-0-1-2-1-1-1,0.47413472461014294,True,50,batch,True,pso,30,1,swarm
oe4-pilot-v2,oe4,swarm|batch|bc1|h1|pso|r1|N30|c50,syn-visual_dominant-repetitive-r1,visual_dominant,repetitive,0,1,9493985239135120539,2026-10-01T05:44:21.296+00:00,completed,epsilon,True,True,True,True,,3454.392518,3582.5599179988785,3580.4950689998805,5,74,0.49141108956712465,0.0,3740.6526409915878,,code,2-0-2-0-1-1-1-1,0.49141108956712465,True,50,batch,True,pso,30,1,swarm
oe4-pilot-v2,oe4,swarm|batch|bc1|h1|pso|r1|N30|c50,syn-explanatory_conceptual-arrays_vectors-r0,explanatory_conceptual,arrays_vectors,0,1,8420274505294676143,2026-10-01T05:44:22.831+00:00,completed,epsilon,True,True,True,True,,1151.037938,2161.830244000157,2158.418762002839,1,59,0.49778085910851905,0.027875012652007147,2131.9076309961806,,text,1-1-1-1-2-1-0-1,0.5256558717605262,True,50,batch,True,pso,30,1,swarm
oe4-pilot-v2,oe4,swarm|batch|bc1|h1|pso|r1|N30|c50,syn-explanatory_conceptual-arrays_vectors-r1,explanatory_conceptual,arrays_vectors,0,1,11621185609108110648,2026-10-01T05:44:22.834+00:00,completed,epsilon,True,True,True,True,,1158.900578,2168.269349000184,2166.3661769998726,1,59,0.4615647597787113,0.028694684783154678,2654.1254720111524,,text,0-1-0-1-2-1-1-1,0.490259444561866,True,50,batch,True,pso,30,1,swarm
oe4-pilot-v2,oe4,swarm|batch|bc1|h1|pso|r1|N30|c50,syn-explanatory_conceptual-arrays_vectors-r2,explanatory_conceptual,arrays_vectors,0,1,3616904053699891200,2026-10-01T05:44:22.836+00:00,completed,epsilon,True,True,True,True,,1160.86508,2170.001233000221,2168.5271130008914,1,56,0.5002467392530876,0.027875012652007203,2300.626083009713,,diagram,0-1-2-1-2-1-1-1,0.5281217519050948,True,50,batch,True,pso,30,1,swarm
oe4-pilot-v2,oe4,swarm|batch|bc1|h1|pso|r1|N30|c50,syn-explanatory_conceptual-arrays_vectors-r3,explanatory_conceptual,arrays_vectors,0,1,9640228565651749554,2026-10-01T05:44:22.936+00:00,completed,epsilon,True,True,True,True,,1146.883248,2073.0676419989322,2071.430602998589,1,56,0.4899428394838256,0.017498999281390593,2349.6016800110897,,text,0-1-1-1-2-1-0-1,0.5074418387652162,True,50,batch,True,pso,30,1,swarm
oe4-pilot-v2,oe4,swarm|batch|bc1|h1|pso|r1|N30|c50,syn-explanatory_conceptual-functions-r0,explanatory_conceptual,functions,0,1,4847129841761666601,2026-10-01T05:44:23.014+00:00,completed,epsilon,True,True,True,True,,1243.98182,2125.4967730019416,2122.8950490003626,1,57,0.4945698834876539,0.01617519995265254,3418.094498014084,,text,1-2-1-1-2-0-1-1,0.5107450834403064,True,50,batch,True,pso,30,1,swarm
oe4-pilot-v2,oe4,swarm|batch|bc1|h1|pso|r1|N30|c50,syn-explanatory_conceptual-arrays_vectors-r4,explanatory_conceptual,arrays_vectors,0,1,12383051168938743430,2026-10-01T05:44:22.943+00:00,completed,epsilon,True,True,True,True,,1326.111877,2269.152957996994,2266.7265310010407,3,62,0.5167327431150519,0.0010555026473685336,2922.37132600812,,text,1-0-1-2-2-0-1-0,0.5177882457624204,True,50,batch,True,pso,30,1,swarm
oe4-pilot-v2,oe4,swarm|batch|bc1|h1|pso|r1|N30|c50,syn-explanatory_conceptual-functions-r2,explanatory_conceptual,functions,0,1,15850266999198055000,2026-10-01T05:44:23.087+00:00,completed,epsilon,True,True,True,True,,1347.66007,2182.485342000291,2180.469834998803,1,56,0.46612651648152953,0.02008255859137359,3015.057978988183,,text,1-1-1-1-2-1-1-1,0.4862090750729031,True,50,batch,True,pso,30,1,swarm
oe4-pilot-v2,oe4,swarm|batch|bc1|h1|pso|r1|N30|c50,syn-logical_syntactic-repetitive-r3,logical_syntactic,repetitive,0,1,6665076571321463288,2026-10-01T05:44:21.307+00:00,completed,epsilon,True,True,True,True,,3718.770058,3966.444121000677,3964.4027079993975,2,65,0.46208578639800935,0.020082362214221106,5022.403806996309,,code,2-1-1-0-1-1-0-1,0.48216814861223045,True,50,batch,True,pso,30,1,swarm
oe4-pilot-v2,oe4,swarm|batch|bc1|h1|pso|r1|N30|c50,syn-explanatory_conceptual-functions-r1,explanatory_conceptual,functions,0,1,8968182148387190867,2026-10-01T05:44:23.082+00:00,completed,epsilon,True,True,True,True,,1361.148082,2196.0763089991815,2194.0035410007113,4,73,0.5134225156367632,0.0,2951.8135870009387,,code,2-0-1-0-2-0-0-1,0.5134225156367632,True,50,batch,True,pso,30,1,swarm
oe4-pilot-v2,oe4,swarm|batch|bc1|h1|pso|r1|N30|c50,syn-balanced_multimodal-sequential-r1,balanced_multimodal,sequential,0,1,15851898587384579384,2026-10-01T05:44:23.338+00:00,completed,epsilon,True,True,True,True,,1399.092976,2205.8249360015907,2200.0597740006924,2,63,0.46578051203228604,0.02008255859137359,2440.176000000346,,code,2-1-2-1-1-1-1-1,0.48586307062365963,True,50,batch,True,pso,30,1,swarm
oe4-pilot-v2,oe4,swarm|batch|bc1|h1|pso|r1|N30|c50,syn-balanced_multimodal-sequential-r2,balanced_multimodal,sequential,0,1,9812259528755781404,2026-10-01T05:44:23.519+00:00,completed,epsilon,True,True,True,True,,1375.633801,2088.79421200254,2080.9974599978887,2,63,0.5195512786534427,1.9637715242826204e-07,1448.3120149912406,,code,2-0-1-1-1-1-1-1,0.5195514750305952,True,50,batch,True,pso,30,1,swarm
oe4-pilot-v2,oe4,swarm|batch|bc1|h1|pso|r1|N30|c50,syn-balanced_multimodal-sequential-r3,balanced_multimodal,sequential,0,1,17396203175820366605,2026-10-01T05:44:23.544+00:00,completed,epsilon,True,True,True,True,,1514.083363,2095.997863001685,2092.0237619975524,2,63,0.5055952816994697,0.0,1659.600810998983,,text,1-0-1-0-2-1-1-1,0.5055952816994697,True,50,batch,True,pso,30,1,swarm
oe4-pilot-v2,oe4,swarm|batch|bc1|h1|pso|r1|N30|c50,syn-explanatory_conceptual-conditional-r3,explanatory_conceptual,conditional,0,1,11332394261640184133,2026-10-01T05:44:22.291+00:00,completed,epsilon,True,True,True,True,,2103.166544,3483.145513000636,3480.6784350003,2,63,0.43096390169879784,0.003654523026150769,2304.104706988448,,text,1-1-0-0-2-1-0-1,0.4346184247249486,True,50,batch,True,pso,30,1,swarm
oe4-pilot-v2,oe4,swarm|batch|bc1|h1|pso|r1|N30|c50,syn-explanatory_conceptual-conditional-r2,explanatory_conceptual,conditional,0,1,1341896759769893857,2026-10-01T05:44:22.284+00:00,completed,epsilon,True,True,True,True,,2108.683199,3493.788300002052,3490.452345002268,3,66,0.49030473008974373,0.0,2428.420688005931,,diagram,1-1-2-0-2-0-1-1,0.49030473008974373,True,50,batch,True,pso,30,1,swarm
oe4-pilot-v2,oe4,swarm|batch|bc1|h1|pso|r1|N30|c50,syn-explanatory_conceptual-repetitive-r0,explanatory_conceptual,repetitive,0,1,3237454591878846868,2026-10-01T05:44:22.419+00:00,completed,epsilon,True,True,True,True,,2072.955409,3360.2817280007002,3356.9299219998356,2,62,0.4460986935462345,0.02008255859137359,2598.0831459842184,,text,1-1-1-1-2-1-0-1,0.4661812521376081,True,50,batch,True,pso,30,1,swarm
oe4-pilot-v2,oe4,swarm|batch|bc1|h1|pso|r1|N30|c50,syn-explanatory_conceptual-repetitive-r1,explanatory_conceptual,repetitive,0,1,10148232421566165977,2026-10-01T05:44:22.430+00:00,completed,epsilon,True,True,True,True,,2068.59914,3351.3481259979017,3348.7416269999812,2,65,0.5255407002055713,1.9637715242826204e-07,2691.9437830163897,,text,1-0-1-1-2-1-1-1,0.5255408965827237,True,50,batch,True,pso,30,1,swarm
oe4-pilot-v2,oe4,swarm|batch|bc1|h1|pso|r1|N30|c50,syn-balanced_multimodal-conditional-r0,balanced_multimodal,conditional,0,1,9492171042143771967,2026-10-01T05:44:23.648+00:00,completed,epsilon,True,True,True,True,,1343.009416,2136.7336269977386,2134.781157998077,1,61,0.48780502665661635,0.0036547194033032526,632.1907640019109,,code,2-1-1-1-1-1-1-1,0.4914597460599196,True,50,batch,True,pso,30,1,swarm
oe4-pilot-v2,oe4,swarm|batch|bc1|h1|pso|r1|N30|c50,syn-balanced_multimodal-conditional-r1,balanced_multimodal,conditional,0,1,12567349465944861023,2026-10-01T05:44:23.650+00:00,completed,epsilon,True,True,True,True,,1356.852407,2157.995724999637,2156.0363360003976,1,61,0.4988095313719645,0.0,641.9911020132945,,code,1-1-1-0-1-0-1-1,0.4988095313719645,True,50,batch,True,pso,30,1,swarm
oe4-pilot-v2,oe4,swarm|batch|bc1|h1|pso|r1|N30|c50,syn-explanatory_conceptual-repetitive-r3,explanatory_conceptual,repetitive,0,1,5679236231213962541,2026-10-01T05:44:22.579+00:00,completed,epsilon,True,True,True,True,,2071.299176,3236.9410829996923,3235.1285260010627,2,65,0.47773671108267024,0.009947252053144284,2792.466092006169,,text,1-0-1-0-2-1-1-1,0.4876839631358145,True,50,batch,True,pso,30,1,swarm
oe4-pilot-v2,oe4,swarm|batch|bc1|h1|pso|r1|N30|c50,syn-balanced_multimodal-conditional-r2,balanced_multimodal,conditional,0,1,4742918314447581142,2026-10-01T05:44:23.875+00:00,completed,epsilon,True,True,True,True,,983.339058,1996.45463500201,1994.0813870016427,2,65,0.4993812836734506,0.0,237.22734999497467,,code,1-1-1-0-1-0-1-1,0.4993812836734506,True,50,batch,True,pso,30,1,swarm
oe4-pilot-v2,oe4,swarm|batch|bc1|h1|pso|r1|N30|c50,syn-balanced_multimodal-conditional-r4,balanced_multimodal,conditional,0,1,2277667993778051270,2026-10-01T05:44:23.984+00:00,completed,epsilon,True,True,True,True,,909.53852,1957.2488769990741,1954.726975000085,1,59,0.49335718275037993,0.0036547194033032526,899.2707260150502,,code,2-1-1-1-2-1-2-1,0.4970119021536832,True,50,batch,True,pso,30,1,swarm
oe4-pilot-v2,oe4,swarm|batch|bc1|h1|pso|r1|N30|c50,syn-balanced_multimodal-conditional-r3,balanced_multimodal,conditional,0,1,11394639668150330671,2026-10-01T05:44:23.968+00:00,completed,epsilon,True,True,True,True,,926.367562,1987.176108003041,1984.8639560004813,2,65,0.47153478436590585,1.963771524837732e-07,851.5990769990469,,text,1-1-1-1-2-0-1-1,0.47153498074305833,True,50,batch,True,pso,30,1,swarm
oe4-pilot-v2,oe4,swarm|batch|bc1|h1|pso|r1|N30|c50,syn-explanatory_conceptual-functions-r3,explanatory_conceptual,functions,0,1,15409255459732107106,2026-10-01T05:44:23.201+00:00,completed,epsilon,True,True,True,True,,1986.521764,2757.861062000302,2755.9303420021024,1,59,0.4977771280697979,0.007792797720650335,2734.0929570101744,,text,1-0-1-2-2-1-1-1,0.5055699257904482,True,50,batch,True,pso,30,1,swarm
oe4-pilot-v2,oe4,swarm|batch|bc1|h1|pso|r1|N30|c50,syn-balanced_multimodal-sequential-r0,balanced_multimodal,sequential,0,1,12829628287881295465,2026-10-01T05:44:23.233+00:00,completed,epsilon,True,True,True,True,,2019.667675,2768.42549399953,2766.5222590003395,3,69,0.4948651175024352,0.0,2739.222885020554,,diagram,1-0-2-0-1-1-1-1,0.4948651175024352,True,50,batch,True,pso,30,1,swarm
oe4-pilot-v2,oe4,swarm|batch|bc1|h1|pso|r1|N30|c50,syn-balanced_multimodal-repetitive-r0,balanced_multimodal,repetitive,0,1,3839617547738254315,2026-10-01T05:44:24.037+00:00,completed,epsilon,True,True,True,True,,879.260954,1984.52349499712,1982.602822001354,2,63,0.5583985455313946,1.9637715242826204e-07,235.33381498380476,,code,2-0-1-1-1-1-2-1,0.558398741908547,True,50,batch,True,pso,30,1,swarm
oe4-pilot-v2,oe4,swarm|batch|bc1|h1|pso|r1|N30|c50,syn-balanced_multimodal-repetitive-r2,balanced_multimodal,repetitive,0,1,12027688066564710874,2026-10-01T05:44:24.167+00:00,completed,epsilon,True,True,True,True,,667.129501,1885.6127990002278,1883.8417190017935,1,54,0.48695008664679024,0.02008255859137359,211.8967670164074,,code,2-1-2-1-1-1-2-1,0.5070326452381638,True,50,batch,True,pso,30,1,swarm
oe4-pilot-v2,oe4,swarm|batch|bc1|h1|pso|r1|N30|c50,syn-balanced_multimodal-repetitive-r3,balanced_multimodal,repetitive,0,1,10665835498416014906,2026-10-01T05:44:24.206+00:00,completed,epsilon,True,True,True,True,,644.128997,1861.1123959999532,1859.6573579998221,1,53,0.498403614745411,0.02008255859137359,1148.85851700399,,diagram,1-1-2-1-2-1-1-1,0.5184861733367846,True,50,batch,True,pso,30,1,swarm
oe4-pilot-v2,oe4,swarm|batch|bc1|h1|pso|r1|N30|c50,syn-balanced_multimodal-repetitive-r4,balanced_multimodal,repetitive,0,1,16842203000296662102,2026-10-01T05:44:24.215+00:00,completed,epsilon,True,True,True,True,,740.205206,1949.9450849980349,1948.231302001659,2,63,0.5555295985433403,0.0,3601.146971001895,,code,2-0-1-0-1-1-2-1,0.5555295985433403,True,50,batch,True,pso,30,1,swarm
oe4-pilot-v2,oe4,swarm|batch|bc1|h1|pso|r1|N30|c50,syn-balanced_multimodal-arrays_vectors-r4,balanced_multimodal,arrays_vectors,0,1,7080146454937735062,2026-10-01T05:44:24.255+00:00,completed,epsilon,True,True,True,True,,830.264865,2033.6147369998798,2031.844633998844,1,53,0.5231764212501887,0.0034158919247068154,1548.1783500055492,,code,2-1-1-1-1-0-1-1,0.5265923131748955,True,50,batch,True,pso,30,1,swarm
oe4-pilot-v2,oe4,swarm|batch|bc1|h1|pso|r1|N30|c50,syn-balanced_multimodal-functions-r3,balanced_multimodal,functions,0,1,18228905326412579013,2026-10-01T05:44:24.328+00:00,completed,epsilon,True,True,True,True,,843.056007,2100.5111880003824,2093.0276200015214,1,59,0.49300132682799114,0.024411447389422025,1955.929053020496,,code,1-0-1-1-1-1-0-1,0.5174127742174132,True,50,batch,True,pso,30,1,swarm
oe4-pilot-v2,oe4,swarm|batch|bc1|h1|pso|r1|N30|c50,syn-explanatory_conceptual-conditional-r1,explanatory_conceptual,conditional,0,1,18124705353368190302,2026-10-01T05:44:22.277+00:00,completed,epsilon,True,True,True,True,,2789.017492,4187.209353996877,4183.895373997075,2,62,0.4788636419583419,1.963771524837732e-07,1963.5773100045833,,text,1-1-1-1-2-0-1-1,0.4788638383354944,True,50,batch,True,pso,30,1,swarm
oe4-pilot-v2,oe4,swarm|batch|bc1|h1|pso|r1|N30|c50,syn-explanatory_conceptual-functions-r4,explanatory_conceptual,functions,0,1,13584105466744503536,2026-10-01T05:44:23.220+00:00,completed,epsilon,True,True,True,True,,2477.319028,3248.413987003005,3245.657842999208,2,61,0.49970043101958095,0.0,2082.980521011503,,text,1-0-1-0-2-0-1-1,0.49970043101958095,True,50,batch,True,pso,30,1,swarm
oe4-pilot-v2,oe4,swarm|batch|bc1|h1|pso|r1|N30|c50,syn-balanced_multimodal-repetitive-r1,balanced_multimodal,repetitive,0,1,2659073220867155690,2026-10-01T05:44:24.126+00:00,completed,epsilon,True,True,True,True,,1163.930766,2346.7942499992205,2343.917704998603,1,56,0.5099655888622538,0.020082558591373645,584.1159420032649,,code,2-1-2-1-2-1-1-1,0.5300481474536275,True,50,batch,True,pso,30,1,swarm
oe4-pilot-v2,oe4,swarm|batch|bc1|h1|pso|r1|N30|c50,syn-balanced_multimodal-arrays_vectors-r1,balanced_multimodal,arrays_vectors,0,1,1557390382835702406,2026-10-01T05:44:24.238+00:00,completed,epsilon,True,True,True,True,,1030.618842,2237.5263380017714,2235.184081000625,1,59,0.5096116990703786,0.010013934431594262,3421.581368007208,,code,1-0-1-0-1-1-1-1,0.5196256335019729,True,50,batch,True,pso,30,1,swarm
oe4-pilot-v2,oe4,swarm|batch|bc1|h1|pso|r1|N30|c50,syn-balanced_multimodal-arrays_vectors-r0,balanced_multimodal,arrays_vectors,0,1,8202019099685287209,2026-10-01T05:44:24.228+00:00,completed,epsilon,True,True,True,True,,1033.374879,2251.1260360006418,2247.9776719992515,2,65,0.5214552573504015,0.007792454060633558,3543.4413849935913,,code,2-0-1-0-2-1-1-1,0.5292477114110351,True,50,batch,True,pso,30,1,swarm
oe4-pilot-v2,oe4,swarm|batch|bc1|h1|pso|r1|N30|c50,syn-balanced_multimodal-sequential-r4,balanced_multimodal,sequential,0,1,16072189927809315852,2026-10-01T05:44:23.626+00:00,completed,epsilon,True,True,True,True,,2295.197013,2862.6565339982335,2856.290298001113,4,73,0.5064313832719637,1.9637715242826204e-07,913.6301110009248,,code,2-0-2-1-2-1-2-1,0.5064315796491161,True,50,batch,True,pso,30,1,swarm
oe4-pilot-v2,oe4,swarm|batch|bc1|h1|pso|r1|N30|c50,syn-balanced_multimodal-functions-r1,balanced_multimodal,functions,0,1,368220290834284782,2026-10-01T05:44:24.288+00:00,completed,epsilon,True,True,True,True,,1020.124924,2206.219642001088,2203.874734997953,1,58,0.49177264213206817,0.020082362214221106,1743.0345570081386,,code,2-1-1-0-1-1-2-1,0.5118550043462893,True,50,batch,True,pso,30,1,swarm
oe4-pilot-v2,oe4,swarm|batch|bc1|h1|pso|r1|N30|c50,syn-balanced_multimodal-functions-r2,balanced_multimodal,functions,0,1,8673480799685267205,2026-10-01T05:44:24.300+00:00,completed,epsilon,True,True,True,True,,1063.49615,2228.224415001023,2225.9395900000527,2,62,0.510395070984393,0.007792454060633558,1911.7208029999429,,code,2-0-1-0-1-1-1-1,0.5181875250450265,True,50,batch,True,pso,30,1,swarm
oe4-pilot-v2,oe4,swarm|batch|bc1|h1|pso|r1|N30|c50,syn-balanced_multimodal-arrays_vectors-r2,balanced_multimodal,arrays_vectors,0,1,1551228789342824201,2026-10-01T05:44:24.244+00:00,completed,epsilon,True,True,True,True,,1088.43078,2294.1405689998646,2289.422177000233,3,69,0.5407907180206968,0.007792454060633558,1443.4285720145426,,text,1-0-1-0-2-1-1-1,0.5485831720813303,True,50,batch,True,pso,30,1,swarm
oe4-pilot-v2,oe4,swarm|batch|bc1|h1|pso|r1|N30|c50,syn-balanced_multimodal-functions-r0,balanced_multimodal,functions,0,1,2933908082685948832,2026-10-01T05:44:24.285+00:00,completed,epsilon,True,True,True,True,,1103.403819,2266.231682999205,2263.855137000064,3,69,0.5309809873500523,0.0,1877.6133169919524,,code,2-0-2-0-1-0-1-1,0.5309809873500523,True,50,batch,True,pso,30,1,swarm
oe4-pilot-v2,oe4,swarm|batch|bc1|h1|pso|r1|N30|c50,syn-balanced_multimodal-functions-r4,balanced_multimodal,functions,0,1,4683180797726806680,2026-10-01T05:44:24.458+00:00,completed,epsilon,True,True,True,True,,843.62449,2097.4109359995055,2093.7426460004644,3,69,0.5037098665441013,0.0,451.1659100136285,,diagram,1-0-2-0-1-0-1-1,0.5037098665441013,True,50,batch,True,pso,30,1,swarm
oe4-pilot-v2,oe4,swarm|batch|bc1|h1|pso|r1|N30|c50,syn-balanced_multimodal-arrays_vectors-r3,balanced_multimodal,arrays_vectors,0,1,11908930478528390133,2026-10-01T05:44:24.247+00:00,completed,epsilon,True,True,True,True,,1126.897969,2320.4462460016657,2318.1323429998884,6,81,0.5517303986475605,0.0,1667.2364249762136,,code,2-0-2-1-1-0-2-1,0.5517303986475605,True,50,batch,True,pso,30,1,swarm
oe4-pilot-v2,oe4,swarm|batch|bc1|h1|pso|r1|N30|c50,syn-visual_dominant-sequential-r2,visual_dominant,sequential,0,2,4355585619346073820,2026-10-01T05:44:26.569+00:00,completed,epsilon,True,True,True,True,,638.367289,699.3945610010996,697.4727029992209,3,66,0.4684960847891392,0.0,541.8238569981303,,diagram,1-0-2-0-0-1-0-1,0.4684960847891392,True,50,batch,True,pso,30,1,swarm
oe4-pilot-v2,oe4,swarm|batch|bc1|h1|pso|r1|N30|c50,syn-visual_dominant-sequential-r1,visual_dominant,sequential,0,2,17048800117076641484,2026-10-01T05:44:26.568+00:00,completed,epsilon,True,True,True,True,,625.241175,702.9317339984118,701.3318720019015,1,53,0.44878503224528293,0.02008255859137359,525.5366670060899,,diagram,1-1-2-1-0-1-1-1,0.4688675908366565,True,50,batch,True,pso,30,1,swarm
oe4-pilot-v2,oe4,swarm|batch|bc1|h1|pso|r1|N30|c50,syn-visual_dominant-repetitive-r2,visual_dominant,repetitive,0,2,15577984090316381348,2026-10-01T05:44:26.573+00:00,completed,epsilon,True,True,True,True,,750.358935,832.1170170020196,828.6970330009353,2,63,0.5174510138160732,1.9637715242826204e-07,1203.3656920062124,,code,2-0-2-1-1-1-0-1,0.5174512101932256,True,50,batch,True,pso,30,1,swarm
oe4-pilot-v2,oe4,swarm|batch|bc1|h1|pso|r1|N30|c50,syn-visual_dominant-repetitive-r3,visual_dominant,repetitive,0,2,13061490195280824700,2026-10-01T05:44:26.574+00:00,completed,epsilon,True,True,True,True,,753.932623,835.9126830000605,834.2281110017211,2,55,0.4931223664434585,0.012207742316518777,935.3126709919947,,diagram,1-0-2-1-0-0-0-1,0.5053301087599773,True,50,batch,True,pso,30,1,swarm
oe4-pilot-v2,oe4,swarm|batch|bc1|h1|pso|r1|N30|c50,syn-visual_dominant-repetitive-r4,visual_dominant,repetitive,0,2,5153165576748431564,2026-10-01T05:44:26.574+00:00,completed,epsilon,True,True,True,True,,774.158354,849.4944720005151,847.8175650016055,3,66,0.4676075053726938,0.0,920.2733750102335,,diagram,1-0-2-0-0-1-0-1,0.4676075053726938,True,50,batch,True,pso,30,1,swarm
oe4-pilot-v2,oe4,swarm|batch|bc1|h1|pso|r1|N30|c50,syn-visual_dominant-repetitive-r0,visual_dominant,repetitive,0,2,3652346516165016234,2026-10-01T05:44:26.572+00:00,completed,epsilon,True,True,True,True,,852.238372,939.6257039988996,938.0047500017099,1,59,0.46998170127395994,0.02008255859137359,2131.398984974947,,diagram,1-1-2-1-1-1-0-1,0.49006425986533353,True,50,batch,True,pso,30,1,swarm
oe4-pilot-v2,oe4,swarm|batch|bc1|h1|pso|r1|N30|c50,syn-visual_dominant-arrays_vectors-r4,visual_dominant,arrays_vectors,0,2,13236652181889018265,2026-10-01T05:44:26.576+00:00,completed,epsilon,True,True,True,True,,955.631842,1054.392904999986,1052.4405809992459,1,58,0.49310999494245983,0.004471198194922976,2915.3411000023802,,diagram,1-1-2-2-1-0-0-0,0.4975811931373828,True,50,batch,True,pso,30,1,swarm
oe4-pilot-v2,oe4,swarm|batch|bc1|h1|pso|r1|N30|c50,syn-visual_dominant-conditional-r3,visual_dominant,conditional,0,2,12303691227522993195,2026-10-01T05:44:26.571+00:00,completed,epsilon,True,True,True,True,,963.715956,1063.283882001997,1061.342914999841,2,65,0.4537572043126114,0.0036547194033032526,2495.5685559978274,,diagram,1-1-2-1-0-1-1-1,0.45741192371591466,True,50,batch,True,pso,30,1,swarm
oe4-pilot-v2,oe4,swarm|batch|bc1|h1|pso|r1|N30|c50,syn-visual_dominant-functions-r3,visual_dominant,functions,0,2,15496158585802717903,2026-10-01T05:44:26.578+00:00,completed,epsilon,True,True,True,True,,1058.018611,1179.1619950017775,1176.489973000571,1,61,0.4525600963951378,0.027875012652007147,3840.6617269886383,,diagram,1-1-2-1-0-1-1-1,0.4804351090471449,True,50,batch,True,pso,30,1,swarm
oe4-pilot-v2,oe4,swarm|batch|bc1|h1|pso|r1|N30|c50,syn-visual_dominant-functions-r1,visual_dominant,functions,0,2,12724222799605840855,2026-10-01T05:44:26.577+00:00,completed,epsilon,True,True,True,True,,1066.657454,1182.9766939990805,1181.1777809998603,2,63,0.49466746788594257,0.007230897594027896,3147.7586799954843,,code,2-2-2-1-1-0-0-1,0.5018983654799705,True,50,batch,True,pso,30,1,swarm
oe4-pilot-v2,oe4,swarm|batch|bc1|h1|pso|r1|N30|c50,syn-logical_syntactic-sequential-r0,logical_syntactic,sequential,0,2,13362044807751343064,2026-10-01T05:44:26.579+00:00,completed,epsilon,True,True,True,True,,1162.288953,1299.1613560006954,1297.034095001436,1,61,0.4761348237523099,0.02008255859137359,4335.173067992878,,code,2-1-1-1-0-1-0-1,0.4962173823436835,True,50,batch,True,pso,30,1,swarm
oe4-pilot-v2,oe4,swarm|batch|bc1|h1|pso|r1|N30|c50,syn-logical_syntactic-sequential-r2,logical_syntactic,sequential,0,2,15643440995604996842,2026-10-01T05:44:26.580+00:00,completed,epsilon,True,True,True,True,,1164.911919,1320.109340002091,1318.4893970028497,1,57,0.5052479809084092,0.0034158919247069264,4850.472995996862,,code,2-1-0-1-1-1-1-1,0.5086638728331161,True,50,batch,True,pso,30,1,swarm
oe4-pilot-v2,oe4,swarm|batch|bc1|h1|pso|r1|N30|c50,syn-logical_syntactic-sequential-r1,logical_syntactic,sequential,0,2,14311645315440717423,2026-10-01T05:44:26.579+00:00,completed,epsilon,True,True,True,True,,1199.895436,1343.9498150000873,1341.8318260009983,3,69,0.4825463618186212,0.0,5189.267545977031,,code,2-0-1-0-1-1-0-1,0.4825463618186212,True,50,batch,True,pso,30,1,swarm
oe4-pilot-v2,oe4,swarm|batch|bc1|h1|pso|r1|N30|c50,syn-logical_syntactic-sequential-r3,logical_syntactic,sequential,0,2,16960600487627624599,2026-10-01T05:44:26.580+00:00,completed,epsilon,True,True,True,True,,1191.255497,1351.3507329989807,1349.5434660035244,3,66,0.47454058681115907,0.0,4454.121909000918,,code,2-0-1-0-1-1-0-1,0.47454058681115907,True,50,batch,True,pso,30,1,swarm
oe4-pilot-v2,oe4,swarm|batch|bc1|h1|pso|r1|N30|c50,syn-logical_syntactic-conditional-r0,logical_syntactic,conditional,0,2,4732552759670585228,2026-10-01T05:44:26.581+00:00,completed,epsilon,True,True,True,True,,1291.70625,1472.734726001363,1470.3554090010584,1,59,0.4552126305749631,0.003654523026150769,5368.03120900269,,code,2-1-1-0-0-1-0-1,0.45886715360111385,True,50,batch,True,pso,30,1,swarm
oe4-pilot-v2,oe4,swarm|batch|bc1|h1|pso|r1|N30|c50,syn-logical_syntactic-conditional-r1,logical_syntactic,conditional,0,2,16767561851559065070,2026-10-01T05:44:26.581+00:00,completed,epsilon,True,True,True,True,,1315.705739,1493.2605540016084,1491.2788359979459,2,63,0.44403176024746854,0.007792797720650391,5164.786830994339,,code,2-1-1-2-0-1-0-1,0.45182455796811893,True,50,batch,True,pso,30,1,swarm
oe4-pilot-v2,oe4,swarm|batch|bc1|h1|pso|r1|N30|c50,syn-logical_syntactic-sequential-r4,logical_syntactic,sequential,0,2,17250185977012485747,2026-10-01T05:44:26.581+00:00,completed,epsilon,True,True,True,True,,1335.609997,1503.5701730012079,1501.5992680018826,4,70,0.4963874393518477,3.4366001677721414e-07,4827.282429006071,,code,2-0-1-2-1-0-0-1,0.4963877830118645,True,50,batch,True,pso,30,1,swarm
oe4-pilot-v2,oe4,swarm|batch|bc1|h1|pso|r1|N30|c50,syn-logical_syntactic-conditional-r3,logical_syntactic,conditional,0,2,6626061848004110554,2026-10-01T05:44:26.582+00:00,completed,epsilon,True,True,True,True,,1416.336164,1611.8573650019243,1606.6394330009643,1,59,0.4614734643861827,0.007792650437786042,5891.773082997623,,code,2-1-1-1-0-1-0-1,0.46926611482396874,True,50,batch,True,pso,30,1,swarm
oe4-pilot-v2,oe4,swarm|batch|bc1|h1|pso|r1|N30|c50,syn-logical_syntactic-conditional-r4,logical_syntactic,conditional,0,2,2581103798954869873,2026-10-01T05:44:26.583+00:00,completed,epsilon,True,True,True,True,,1411.205348,1619.1134109976701,1616.388153997832,1,53,0.4839345737065493,0.0036547194033032526,4817.902278005318,,code,2-1-1-1-1-1-1-1,0.48758929310985255,True,50,batch,True,pso,30,1,swarm
oe4-pilot-v2,oe4,swarm|batch|bc1|h1|pso|r1|N30|c50,syn-logical_syntactic-repetitive-r0,logical_syntactic,repetitive,0,2,2563900073831829840,2026-10-01T05:44:26.583+00:00,completed,epsilon,True,True,True,True,,1413.878754,1625.8485809994454,1623.4981430025073,1,58,0.45068774937313677,0.02008255859137359,5172.366751997185,,code,2-1-2-1-0-1-1-1,0.47077030796451036,True,50,batch,True,pso,30,1,swarm
oe4-pilot-v2,oe4,swarm|batch|bc1|h1|pso|r1|N30|c50,syn-logical_syntactic-repetitive-r1,logical_syntactic,repetitive,0,2,1690962082425471307,2026-10-01T05:44:26.584+00:00,completed,epsilon,True,True,True,True,,1412.767426,1628.8854589984112,1627.1642049978254,1,56,0.46854772531455674,0.02008255859137359,5152.446904991368,,code,2-1-1-1-0-1-0-1,0.48863028390593033,True,50,batch,True,pso,30,1,swarm
oe4-pilot-v2,oe4,swarm|batch|bc1|h1|pso|r1|N30|c50,syn-logical_syntactic-repetitive-r2,logical_syntactic,repetitive,0,2,12298035747105259136,2026-10-01T05:44:26.584+00:00,completed,epsilon,True,True,True,True,,1507.536216,1736.5024350001477,1733.658863002347,1,59,0.48860682289608054,0.02008255859137359,5827.795348990245,,code,2-1-1-1-1-1-1-1,0.5086893814874541,True,50,batch,True,pso,30,1,swarm
oe4-pilot-v2,oe4,swarm|batch|bc1|h1|pso|r1|N30|c50,syn-logical_syntactic-arrays_vectors-r0,logical_syntactic,arrays_vectors,0,2,14948705039163960895,2026-10-01T05:44:26.585+00:00,completed,epsilon,True,True,True,True,,1502.628358,1746.649451997655,1745.0462429987965,1,58,0.4856184373133194,0.02008255859137359,5389.845575004574,,code,2-1-1-1-0-0-1-1,0.505700995904693,True,50,batch,True,pso,30,1,swarm
oe4-pilot-v2,oe4,swarm|batch|bc1|h1|pso|r1|N30|c50,syn-logical_syntactic-arrays_vectors-r2,logical_syntactic,arrays_vectors,0,2,7678510444233138347,2026-10-01T05:44:26.586+00:00,completed,epsilon,True,True,True,True,,1569.547731,1842.702713001927,1840.6593679974321,1,61,0.49083069767651405,0.027875012652007147,5774.90283100045,,code,2-1-1-1-0-1-0-1,0.5187057103285212,True,50,batch,True,pso,30,1,swarm
oe4-pilot-v2,oe4,swarm|batch|bc1|h1|pso|r1|N30|c50,syn-logical_syntactic-arrays_vectors-r3,logical_syntactic,arrays_vectors,0,2,3475821061836782133,2026-10-01T05:44:26.587+00:00,completed,epsilon,True,True,True,True,,1592.140928,1860.8886859983613,1858.9475240005413,2,65,0.5279095277556373,1.472828643489521e-07,5866.155076002499,,code,2-0-1-2-1-0-1-1,0.5279096750385016,True,50,batch,True,pso,30,1,swarm
oe4-pilot-v2,oe4,swarm|batch|bc1|h1|pso|r1|N30|c50,syn-logical_syntactic-arrays_vectors-r4,logical_syntactic,arrays_vectors,0,2,15069723113616053544,2026-10-01T05:44:26.587+00:00,completed,epsilon,True,True,True,True,,1678.466876,1966.2038850001409,1963.831802000641,1,61,0.45823969583330176,0.008847809425137798,6111.247740000328,,code,2-0-1-1-0-1-1-0,0.46708750525843956,True,50,batch,True,pso,30,1,swarm
oe4-pilot-v2,oe4,swarm|batch|bc1|h1|pso|r1|N30|c50,syn-visual_dominant-conditional-r0,visual_dominant,conditional,0,2,11471567894967710186,2026-10-01T05:44:26.570+00:00,completed,epsilon,True,True,True,True,,1769.301997,2151.963797998178,2149.43973499976,1,61,0.4683786250362893,0.007792650437786042,5699.397092999159,,diagram,1-1-2-1-0-1-0-1,0.47617127547407534,True,50,batch,True,pso,30,1,swarm
oe4-pilot-v2,oe4,swarm|batch|bc1|h1|pso|r1|N30|c50,syn-logical_syntactic-functions-r2,logical_syntactic,functions,0,2,6130147880867857550,2026-10-01T05:44:26.588+00:00,completed,epsilon,True,True,True,True,,1835.247008,2177.5803260024986,2171.95594399891,5,77,0.4982072075606626,1.9637715242826204e-07,5517.313099008897,,code,2-0-0-1-1-0-1-1,0.49820740393781504,True,50,batch,True,pso,30,1,swarm
oe4-pilot-v2,oe4,swarm|batch|bc1|h1|pso|r1|N30|c50,syn-visual_dominant-sequential-r0,visual_dominant,sequential,0,2,8580140326324496627,2026-10-01T05:44:26.568+00:00,completed,epsilon,True,True,True,True,,1925.627247,2350.209164000262,2339.3388420008705,2,63,0.47580606727894714,0.0,5328.918426016271,,diagram,1-0-2-0-1-1-0-1,0.47580606727894714,True,50,batch,True,pso,30,1,swarm
oe4-pilot-v2,oe4,swarm|batch|bc1|h1|pso|r1|N30|c50,syn-visual_dominant-arrays_vectors-r0,visual_dominant,arrays_vectors,0,2,2484686855457110652,2026-10-01T05:44:26.574+00:00,completed,epsilon,True,True,True,True,,2286.608993,2470.58634700079,2458.709017999354,1,54,0.46105976353153516,0.027875012652007147,1115.5034219997765,,diagram,1-1-2-1-0-1-0-1,0.4889347761835423,True,50,batch,True,pso,30,1,swarm
oe4-pilot-v2,oe4,swarm|batch|bc1|h1|pso|r1|N30|c50,syn-visual_dominant-functions-r0,visual_dominant,functions,0,2,11375697626506085209,2026-10-01T05:44:26.577+00:00,completed,epsilon,True,True,True,True,,2373.702597,2600.36072100047,2586.717411999416,1,53,0.47770576352191013,0.02008255859137359,2302.8216360002207,,diagram,1-1-2-1-1-1-0-1,0.4977883221132837,True,50,batch,True,pso,30,1,swarm
oe4-pilot-v2,oe4,swarm|batch|bc1|h1|pso|r1|N30|c50,syn-visual_dominant-conditional-r2,visual_dominant,conditional,0,2,7530803405880337628,2026-10-01T05:44:26.571+00:00,completed,epsilon,True,True,True,True,,2104.668921,2611.002601999644,2595.569578003051,2,65,0.47576325269917313,1.963771524837732e-07,5170.738738010705,,code,2-1-2-1-1-0-1-1,0.4757634490763256,True,50,batch,True,pso,30,1,swarm
oe4-pilot-v2,oe4,swarm|batch|bc1|h1|pso|r1|N30|c50,syn-visual_dominant-conditional-r4,visual_dominant,conditional,0,2,7123775909059268369,2026-10-01T05:44:26.572+00:00,completed,epsilon,True,True,True,True,,2142.743083,2661.712813001941,2643.5702630005835,1,58,0.4486569413932807,0.0,4891.888163001628,,diagram,1-1-2-0-1-0-0-1,0.4486569413932807,True,50,batch,True,pso,30,1,swarm
oe4-pilot-v2,oe4,swarm|batch|bc1|h1|pso|r1|N30|c50,syn-visual_dominant-sequential-r3,visual_dominant,sequential,0,2,5551779150201999310,2026-10-01T05:44:26.569+00:00,completed,epsilon,True,True,True,True,,2230.633155,2731.9282809985452,2722.1844980012975,3,63,0.4968930391220401,0.0,4282.5011689931725,,diagram,1-0-2-0-0-1-1-1,0.4968930391220401,True,50,batch,True,pso,30,1,swarm
oe4-pilot-v2,oe4,swarm|batch|bc1|h1|pso|r1|N30|c50,syn-logical_syntactic-conditional-r2,logical_syntactic,conditional,0,2,6973891702751108736,2026-10-01T05:44:26.582+00:00,completed,epsilon,True,True,True,True,,2434.736014,2729.6129200003634,2720.4746030001843,2,62,0.4667613697407896,1.963771524837732e-07,4340.594135006322,,code,2-1-1-1-0-0-1-1,0.46676156611794206,True,50,batch,True,pso,30,1,swarm
oe4-pilot-v2,oe4,swarm|batch|bc1|h1|pso|r1|N30|c50,syn-visual_dominant-arrays_vectors-r1,visual_dominant,arrays_vectors,0,2,14387502913323118724,2026-10-01T05:44:26.575+00:00,completed,epsilon,True,True,True,True,,2557.675612,2760.660469000868,2751.190459999634,3,67,0.4531926066883153,0.0,2195.9514129990594,,diagram,1-0-2-0-0-0-0-1,0.4531926066883153,True,50,batch,True,pso,30,1,swarm
oe4-pilot-v2,oe4,swarm|batch|bc1|h1|pso|r1|N30|c50,syn-logical_syntactic-repetitive-r4,logical_syntactic,repetitive,0,2,3613547958009930106,2026-10-01T05:44:26.585+00:00,completed,epsilon,True,True,True,True,,2463.755616,2792.393160998472,2784.5827769997413,2,62,0.42431599984481977,0.02008255859137359,5157.5317090007475,,code,2-1-0-1-1-1-0-1,0.44439855843619336,True,50,batch,True,pso,30,1,swarm
oe4-pilot-v2,oe4,swarm|batch|bc1|h1|pso|r1|N30|c50,syn-visual_dominant-functions-r2,visual_dominant,functions,0,2,2855966151648987497,2026-10-01T05:44:26.578+00:00,completed,epsilon,True,True,True,True,,2601.219066,2811.814209999284,2797.7680880030675,2,62,0.4624311814719705,0.008945025651836969,3481.945354017656,,diagram,1-0-2-1-0-1-1-1,0.47137620712380746,True,50,batch,True,pso,30,1,swarm
oe4-pilot-v2,oe4,swarm|batch|bc1|h1|pso|r1|N30|c50,syn-visual_dominant-functions-r4,visual_dominant,functions,0,2,10259835321663512086,2026-10-01T05:44:26.578+00:00,completed,epsilon,True,True,True,True,,2605.460369,2823.73096900119,2815.1473570032977,2,60,0.48282466482518693,0.019803777820581292,3272.4942029960303,,code,2-2-2-1-1-1-1-1,0.5026284426457682,True,50,batch,True,pso,30,1,swarm
oe4-pilot-v2,oe4,swarm|batch|bc1|h1|pso|r1|N30|c50,syn-visual_dominant-conditional-r1,visual_dominant,conditional,0,2,13928515270300365190,2026-10-01T05:44:26.570+00:00,completed,epsilon,True,True,True,True,,2371.28249,2834.2809210007545,2823.2319679991633,4,73,0.4371315517815198,1.963771524837732e-07,5390.87475899639,,diagram,1-1-2-1-0-0-0-1,0.4371317481586723,True,50,batch,True,pso,30,1,swarm
oe4-pilot-v2,oe4,swarm|batch|bc1|h1|pso|r1|N30|c50,syn-logical_syntactic-functions-r0,logical_syntactic,functions,0,2,15105445333404857368,2026-10-01T05:44:26.588+00:00,completed,epsilon,True,True,True,True,,2501.869585,2861.9819179984916,2858.0697429970314,2,63,0.5077822418422905,0.007792650437785986,5011.891472002927,,code,2-0-1-1-1-1-0-1,0.5155748922800765,True,50,batch,True,pso,30,1,swarm
oe4-pilot-v2,oe4,swarm|batch|bc1|h1|pso|r1|N30|c50,syn-visual_dominant-arrays_vectors-r2,visual_dominant,arrays_vectors,0,2,18083930375172244621,2026-10-01T05:44:26.575+00:00,completed,epsilon,True,True,True,True,,2744.035454,2880.2222820013412,2875.858822000737,3,66,0.5218342851242742,1.9637715242826204e-07,2104.765670981162,,diagram,1-0-2-1-1-0-1-1,0.5218344815014266,True,50,batch,True,pso,30,1,swarm
oe4-pilot-v2,oe4,swarm|batch|bc1|h1|pso|r1|N30|c50,syn-logical_syntactic-functions-r3,logical_syntactic,functions,0,2,4820333934433401313,2026-10-01T05:44:26.589+00:00,completed,epsilon,True,True,True,True,,2503.966801,2869.878396002605,2864.463784000691,2,63,0.48636013268759803,0.0,5012.67758800008,,code,2-0-1-0-1-1-0-1,0.48636013268759803,True,50,batch,True,pso,30,1,swarm
oe4-pilot-v2,oe4,swarm|batch|bc1|h1|pso|r1|N30|c50,syn-visual_dominant-arrays_vectors-r3,visual_dominant,arrays_vectors,0,2,16074832408338533935,2026-10-01T05:44:26.576+00:00,completed,epsilon,True,True,True,True,,2750.138292,2895.3127530003258,2887.6317720023508,3,69,0.5279373560844233,0.0,3049.885253991481,,diagram,0-0-2-1-1-0-0-1,0.5279373560844233,True,50,batch,True,pso,30,1,swarm
oe4-pilot-v2,oe4,swarm|batch|bc1|h1|pso|r1|N30|c50,syn-logical_syntactic-arrays_vectors-r1,logical_syntactic,arrays_vectors,0,2,13327273701071249688,2026-10-01T05:44:26.586+00:00,completed,epsilon,True,True,True,True,,2606.44149,2899.7054589999607,2896.3701450011285,3,69,0.47410405901537916,0.00994067049648667,5286.660092012689,,code,2-2-1-0-1-0-0-1,0.48404472951186583,True,50,batch,True,pso,30,1,swarm
oe4-pilot-v2,oe4,swarm|batch|bc1|h1|pso|r1|N30|c50,syn-logical_syntactic-functions-r1,logical_syntactic,functions,0,2,7545233351544256523,2026-10-01T05:44:26.588+00:00,completed,epsilon,True,True,True,True,,2581.118804,2902.2152659999847,2900.032180998096,2,65,0.4952348885551682,1.9637715242826204e-07,5354.162650001196,,code,2-0-1-1-1-0-0-1,0.4952350849323206,True,50,batch,True,pso,30,1,swarm
oe4-pilot-v2,oe4,swarm|batch|bc1|h1|pso|r1|N30|c50,syn-logical_syntactic-functions-r4,logical_syntactic,functions,0,2,10275058418311301455,2026-10-01T05:44:26.589+00:00,completed,epsilon,True,True,True,True,,2622.990818,2960.257154001738,2957.536837999214,4,70,0.4530924129093758,0.0029587093058543457,5123.222043987421,,code,2-2-0-0-1-0-0-1,0.45605112221523014,True,50,batch,True,pso,30,1,swarm
oe4-pilot-v2,oe4,swarm|batch|bc1|h1|pso|r1|N30|c50,syn-explanatory_conceptual-sequential-r1,explanatory_conceptual,sequential,0,2,3272787541859846898,2026-10-01T05:44:27.271+00:00,completed,epsilon,True,True,True,True,,702.517393,2303.8343509979313,2301.971607001178,1,56,0.45267043074923324,0.006749225258040281,1157.1405169971936,,text,0-1-0-1-2-1-0-1,0.4594196560072735,True,50,batch,True,pso,30,1,swarm
oe4-pilot-v2,oe4,swarm|batch|bc1|h1|pso|r1|N30|c50,syn-explanatory_conceptual-sequential-r0,explanatory_conceptual,sequential,0,2,14947352377729861017,2026-10-01T05:44:27.268+00:00,completed,epsilon,True,True,True,True,,721.905867,2317.4926659994526,2315.688916001818,3,66,0.4486181798628388,0.018837465195685188,845.5864680003026,,text,1-0-0-0-2-0-0-1,0.467455645058524,True,50,batch,True,pso,30,1,swarm
oe4-pilot-v2,oe4,swarm|batch|bc1|h1|pso|r1|N30|c50,syn-explanatory_conceptual-sequential-r2,explanatory_conceptual,sequential,0,2,7023970792698232399,2026-10-01T05:44:27.405+00:00,completed,epsilon,True,True,True,True,,851.599576,2339.4550699995307,2337.403347999498,2,65,0.46174206660316464,0.0009320597035671341,2042.9253720001425,,text,0-0-1-1-2-0-1-1,0.46267412630673177,True,50,batch,True,pso,30,1,swarm
oe4-pilot-v2,oe4,swarm|batch|bc1|h1|pso|r1|N30|c50,syn-explanatory_conceptual-sequential-r3,explanatory_conceptual,sequential,0,2,15905282458092997945,2026-10-01T05:44:27.410+00:00,completed,epsilon,True,True,True,True,,857.799634,2341.8426169992017,2340.0365419984155,2,62,0.4489765705985682,1.9637715242826204e-07,1611.6901530000591,,text,1-0-1-1-2-1-1-1,0.44897676697572064,True,50,batch,True,pso,30,1,swarm
oe4-pilot-v2,oe4,swarm|batch|bc1|h1|pso|r1|N30|c50,syn-explanatory_conceptual-sequential-r4,explanatory_conceptual,sequential,0,2,16212943396658008924,2026-10-01T05:44:27.424+00:00,completed,epsilon,True,True,True,True,,937.843317,2414.3509380010073,2411.876663001749,4,70,0.4665029999409801,0.0,1618.8348260037817,,text,1-1-1-0-2-0-1-1,0.4665029999409801,True,50,batch,True,pso,30,1,swarm
oe4-pilot-v2,oe4,swarm|batch|bc1|h1|pso|r1|N30|c50,syn-explanatory_conceptual-conditional-r0,explanatory_conceptual,conditional,0,2,5916953307552671090,2026-10-01T05:44:27.512+00:00,completed,epsilon,True,True,True,True,,936.015825,2349.8834689999057,2347.812754996994,2,63,0.49552996804696203,0.0,1514.9470029970948,,code,2-1-1-0-2-0-1-1,0.49552996804696203,True,50,batch,True,pso,30,1,swarm
oe4-pilot-v2,oe4,swarm|batch|bc1|h1|pso|r1|N30|c50,syn-explanatory_conceptual-conditional-r4,explanatory_conceptual,conditional,0,2,8670080275324173838,2026-10-01T05:44:27.760+00:00,completed,epsilon,True,True,True,True,,1003.089926,2250.1813389972085,2248.3284029985953,2,65,0.46408094218044915,0.0010551589873517564,2479.67072399393,,text,1-1-1-0-2-0-0-0,0.4651361011678009,True,50,batch,True,pso,30,1,swarm
oe4-pilot-v2,oe4,swarm|batch|bc1|h1|pso|r1|N30|c50,syn-visual_dominant-sequential-r4,visual_dominant,sequential,0,2,13994061115368628468,2026-10-01T05:44:26.570+00:00,completed,epsilon,True,True,True,True,,3108.614892,3517.115770999226,3514.6400019984867,2,65,0.45399075511807396,1.9637715242826204e-07,5202.156763995901,,diagram,1-0-2-1-1-1-0-1,0.4539909514952264,True,50,batch,True,pso,30,1,swarm
oe4-pilot-v2,oe4,swarm|batch|bc1|h1|pso|r1|N30|c50,syn-explanatory_conceptual-repetitive-r2,explanatory_conceptual,repetitive,0,2,10189736659373836677,2026-10-01T05:44:27.923+00:00,completed,epsilon,True,True,True,True,,1062.949125,2179.421272001491,2177.395234000869,1,58,0.49088145414572526,0.0017991482131319847,3243.5554610037357,,text,1-0-1-1-2-1-1-1,0.49268060235885724,True,50,batch,True,pso,30,1,swarm
oe4-pilot-v2,oe4,swarm|batch|bc1|h1|pso|r1|N30|c50,syn-explanatory_conceptual-repetitive-r4,explanatory_conceptual,repetitive,0,2,615434091092212846,2026-10-01T05:44:28.054+00:00,completed,epsilon,True,True,True,True,,1069.948382,2065.5360180026037,2063.8890499976696,1,58,0.45405216601876935,0.02008255859137359,3246.671023983068,,text,1-1-0-1-2-1-1-1,0.47413472461014294,True,50,batch,True,pso,30,1,swarm
oe4-pilot-v2,oe4,swarm|batch|bc1|h1|pso|r1|N30|c50,syn-explanatory_conceptual-arrays_vectors-r0,explanatory_conceptual,arrays_vectors,0,2,8420274505294676143,2026-10-01T05:44:28.075+00:00,completed,epsilon,True,True,True,True,,1183.264663,2207.3721189990465,2205.02386699809,1,59,0.49778085910851905,0.027875012652007147,3331.4055889948163,,text,1-1-1-1-2-1-0-1,0.5256558717605262,True,50,batch,True,pso,30,1,swarm
oe4-pilot-v2,oe4,swarm|batch|bc1|h1|pso|r1|N30|c50,syn-explanatory_conceptual-arrays_vectors-r1,explanatory_conceptual,arrays_vectors,0,2,11621185609108110648,2026-10-01T05:44:28.084+00:00,completed,epsilon,True,True,True,True,,1184.910114,2204.3735070001276,2202.2027219973097,1,59,0.4615647597787113,0.028694684783154678,4154.0084220140625,,text,0-1-0-1-2-1-1-1,0.490259444561866,True,50,batch,True,pso,30,1,swarm
oe4-pilot-v2,oe4,swarm|batch|bc1|h1|pso|r1|N30|c50,syn-explanatory_conceptual-arrays_vectors-r2,explanatory_conceptual,arrays_vectors,0,2,3616904053699891200,2026-10-01T05:44:28.194+00:00,completed,epsilon,True,True,True,True,,1184.579638,2097.467127001437,2095.907980001357,1,56,0.5002467392530876,0.027875012652007203,3593.6227950029556,,diagram,0-1-2-1-2-1-1-1,0.5281217519050948,True,50,batch,True,pso,30,1,swarm
oe4-pilot-v2,oe4,swarm|batch|bc1|h1|pso|r1|N30|c50,syn-explanatory_conceptual-arrays_vectors-r3,explanatory_conceptual,arrays_vectors,0,2,9640228565651749554,2026-10-01T05:44:28.202+00:00,completed,epsilon,True,True,True,True,,1184.409484,2096.686996999779,2094.0648959985992,1,56,0.4899428394838256,0.017498999281390593,3444.7490950042225,,text,0-1-1-1-2-1-0-1,0.5074418387652162,True,50,batch,True,pso,30,1,swarm
oe4-pilot-v2,oe4,swarm|batch|bc1|h1|pso|r1|N30|c50,syn-explanatory_conceptual-functions-r0,explanatory_conceptual,functions,0,2,4847129841761666601,2026-10-01T05:44:28.213+00:00,completed,epsilon,True,True,True,True,,1271.479689,2207.6497319976625,2203.9084829993953,1,57,0.4945698834876539,0.01617519995265254,4574.76609797991,,text,1-2-1-1-2-0-1-1,0.5107450834403064,True,50,batch,True,pso,30,1,swarm
oe4-pilot-v2,oe4,swarm|batch|bc1|h1|pso|r1|N30|c50,syn-explanatory_conceptual-arrays_vectors-r4,explanatory_conceptual,arrays_vectors,0,2,12383051168938743430,2026-10-01T05:44:28.209+00:00,completed,epsilon,True,True,True,True,,1339.537928,2271.862064997549,2269.494070998917,3,62,0.5167327431150519,0.0010555026473685336,3968.1100989922215,,text,1-0-1-2-2-0-1-0,0.5177882457624204,True,50,batch,True,pso,30,1,swarm
oe4-pilot-v2,oe4,swarm|batch|bc1|h1|pso|r1|N30|c50,syn-logical_syntactic-repetitive-r3,logical_syntactic,repetitive,0,2,6665076571321463288,2026-10-01T05:44:26.584+00:00,completed,epsilon,True,True,True,True,,3736.928923,3992.0635879971087,3983.4437529971183,2,65,0.46208578639800935,0.020082362214221106,5444.930828989491,,code,2-1-1-0-1-1-0-1,0.48216814861223045,True,50,batch,True,pso,30,1,swarm
oe4-pilot-v2,oe4,swarm|batch|bc1|h1|pso|r1|N30|c50,syn-explanatory_conceptual-functions-r2,explanatory_conceptual,functions,0,2,15850266999198055000,2026-10-01T05:44:28.332+00:00,completed,epsilon,True,True,True,True,,1365.548237,2258.437963999313,2255.09000600141,1,56,0.46612651648152953,0.02008255859137359,3725.9329259992114,,text,1-1-1-1-2-1-1-1,0.4862090750729031,True,50,batch,True,pso,30,1,swarm
oe4-pilot-v2,oe4,swarm|batch|bc1|h1|pso|r1|N30|c50,syn-explanatory_conceptual-functions-r1,explanatory_conceptual,functions,0,2,8968182148387190867,2026-10-01T05:44:28.321+00:00,completed,epsilon,True,True,True,True,,1404.310696,2276.416345001053,2272.961438000493,4,73,0.5134225156367632,0.0,4161.37868499099,,code,2-0-1-0-2-0-0-1,0.5134225156367632,True,50,batch,True,pso,30,1,swarm
oe4-pilot-v2,oe4,swarm|batch|bc1|h1|pso|r1|N30|c50,syn-balanced_multimodal-sequential-r1,balanced_multimodal,sequential,0,2,15851898587384579384,2026-10-01T05:44:28.722+00:00,completed,epsilon,True,True,True,True,,1491.779514,2132.9122520000965,2130.0363080008538,2,63,0.46578051203228604,0.02008255859137359,1994.9603100142108,,code,2-1-2-1-1-1-1-1,0.48586307062365963,True,50,batch,True,pso,30,1,swarm
oe4-pilot-v2,oe4,swarm|batch|bc1|h1|pso|r1|N30|c50,syn-balanced_multimodal-sequential-r2,balanced_multimodal,sequential,0,2,9812259528755781404,2026-10-01T05:44:28.766+00:00,completed,epsilon,True,True,True,True,,1504.924075,2107.996701000957,2105.398575000436,2,63,0.5195512786534427,1.9637715242826204e-07,2058.820491004009,,code,2-0-1-1-1-1-1-1,0.5195514750305952,True,50,batch,True,pso,30,1,swarm
oe4-pilot-v2,oe4,swarm|batch|bc1|h1|pso|r1|N30|c50,syn-visual_dominant-repetitive-r1,visual_dominant,repetitive,0,2,9493985239135120539,2026-10-01T05:44:26.573+00:00,completed,epsilon,True,True,True,True,,3941.623822,4303.926005002722,4301.315472999704,5,74,0.49141108956712465,0.0,4750.99549401257,,code,2-0-2-0-1-1-1-1,0.49141108956712465,True,50,batch,True,pso,30,1,swarm
oe4-pilot-v2,oe4,swarm|batch|bc1|h1|pso|r1|N30|c50,syn-explanatory_conceptual-conditional-r2,explanatory_conceptual,conditional,0,2,1341896759769893857,2026-10-01T05:44:27.635+00:00,completed,epsilon,True,True,True,True,,1882.460231,3244.462393999129,3240.239050002856,3,66,0.49030473008974373,0.0,1565.9962110061665,,diagram,1-1-2-0-2-0-1-1,0.49030473008974373,True,50,batch,True,pso,30,1,swarm
oe4-pilot-v2,oe4,swarm|batch|bc1|h1|pso|r1|N30|c50,syn-explanatory_conceptual-conditional-r3,explanatory_conceptual,conditional,0,2,11332394261640184133,2026-10-01T05:44:27.757+00:00,completed,epsilon,True,True,True,True,,1929.006781,3179.1319619987917,3176.2789849999535,2,63,0.43096390169879784,0.003654523026150769,1660.9744829984456,,text,1-1-0-0-2-1-0-1,0.4346184247249486,True,50,batch,True,pso,30,1,swarm
oe4-pilot-v2,oe4,swarm|batch|bc1|h1|pso|r1|N30|c50,syn-explanatory_conceptual-repetitive-r0,explanatory_conceptual,repetitive,0,2,3237454591878846868,2026-10-01T05:44:27.878+00:00,completed,epsilon,True,True,True,True,,1926.909037,3070.632173999911,3068.3850269997492,2,62,0.4460986935462345,0.02008255859137359,2250.3309559987997,,text,1-1-1-1-2-1-0-1,0.4661812521376081,True,50,batch,True,pso,30,1,swarm
oe4-pilot-v2,oe4,swarm|batch|bc1|h1|pso|r1|N30|c50,syn-explanatory_conceptual-repetitive-r1,explanatory_conceptual,repetitive,0,2,10148232421566165977,2026-10-01T05:44:27.900+00:00,completed,epsilon,True,True,True,True,,1916.579431,3050.8093330026895,3047.0927089991164,2,65,0.5255407002055713,1.9637715242826204e-07,2159.753837009624,,text,1-0-1-1-2-1-1-1,0.5255408965827237,True,50,batch,True,pso,30,1,swarm
oe4-pilot-v2,oe4,swarm|batch|bc1|h1|pso|r1|N30|c50,syn-balanced_multimodal-sequential-r3,balanced_multimodal,sequential,0,2,17396203175820366605,2026-10-01T05:44:28.918+00:00,completed,epsilon,True,True,True,True,,1241.244741,2037.3121480006375,2035.1689729977807,2,63,0.5055952816994697,0.0,552.874515010875,,text,1-0-1-0-2-1-1-1,0.5055952816994697,True,50,batch,True,pso,30,1,swarm
oe4-pilot-v2,oe4,swarm|batch|bc1|h1|pso|r1|N30|c50,syn-explanatory_conceptual-repetitive-r3,explanatory_conceptual,repetitive,0,2,5679236231213962541,2026-10-01T05:44:27.932+00:00,completed,epsilon,True,True,True,True,,1947.977732,3056.7061280016787,3054.605831999652,2,65,0.47773671108267024,0.009947252053144284,3100.4435049848,,text,1-0-1-0-2-1-1-1,0.4876839631358145,True,50,batch,True,pso,30,1,swarm
oe4-pilot-v2,oe4,swarm|batch|bc1|h1|pso|r1|N30|c50,syn-balanced_multimodal-conditional-r0,balanced_multimodal,conditional,0,2,9492171042143771967,2026-10-01T05:44:29.177+00:00,completed,epsilon,True,True,True,True,,897.466607,1823.6860139986675,1821.1081180015753,1,61,0.48780502665661635,0.0036547194033032526,227.20913600069784,,code,2-1-1-1-1-1-1-1,0.4914597460599196,True,50,batch,True,pso,30,1,swarm
oe4-pilot-v2,oe4,swarm|batch|bc1|h1|pso|r1|N30|c50,syn-balanced_multimodal-conditional-r1,balanced_multimodal,conditional,0,2,12567349465944861023,2026-10-01T05:44:29.182+00:00,completed,epsilon,True,True,True,True,,919.818637,1897.6880160007568,1895.6330239998351,1,61,0.4988095313719645,0.0,1063.7282140055424,,code,1-1-1-0-1-0-1-1,0.4988095313719645,True,50,batch,True,pso,30,1,swarm
oe4-pilot-v2,oe4,swarm|batch|bc1|h1|pso|r1|N30|c50,syn-balanced_multimodal-conditional-r2,balanced_multimodal,conditional,0,2,4742918314447581142,2026-10-01T05:44:29.234+00:00,completed,epsilon,True,True,True,True,,950.388412,1865.1026629995613,1863.124465002329,2,65,0.4993812836734506,0.0,1056.0846309844678,,code,1-1-1-0-1-0-1-1,0.4993812836734506,True,50,batch,True,pso,30,1,swarm
oe4-pilot-v2,oe4,swarm|batch|bc1|h1|pso|r1|N30|c50,syn-balanced_multimodal-conditional-r3,balanced_multimodal,conditional,0,2,11394639668150330671,2026-10-01T05:44:29.301+00:00,completed,epsilon,True,True,True,True,,817.274575,1855.699789000937,1853.5055100001046,2,65,0.47153478436590585,1.963771524837732e-07,260.90478499456566,,text,1-1-1-1-2-0-1-1,0.47153498074305833,True,50,batch,True,pso,30,1,swarm
oe4-pilot-v2,oe4,swarm|batch|bc1|h1|pso|r1|N30|c50,syn-explanatory_conceptual-functions-r3,explanatory_conceptual,functions,0,2,15409255459732107106,2026-10-01T05:44:28.429+00:00,completed,epsilon,True,True,True,True,,1964.380348,2759.652978998929,2757.778971001244,1,59,0.4977771280697979,0.007792797720650335,3200.1158200088776,,text,1-0-1-2-2-1-1-1,0.5055699257904482,True,50,batch,True,pso,30,1,swarm
oe4-pilot-v2,oe4,swarm|batch|bc1|h1|pso|r1|N30|c50,syn-balanced_multimodal-conditional-r4,balanced_multimodal,conditional,0,2,2277667993778051270,2026-10-01T05:44:29.311+00:00,completed,epsilon,True,True,True,True,,801.887239,1880.8626069985621,1879.166709997662,1,59,0.49335718275037993,0.0036547194033032526,529.2784040022964,,code,2-1-1-1-2-1-2-1,0.4970119021536832,True,50,batch,True,pso,30,1,swarm
oe4-pilot-v2,oe4,swarm|batch|bc1|h1|pso|r1|N30|c50,syn-balanced_multimodal-repetitive-r0,balanced_multimodal,repetitive,0,2,3839617547738254315,2026-10-01T05:44:29.336+00:00,completed,epsilon,True,True,True,True,,824.963697,1879.1613560024416,1877.295611997397,2,63,0.5583985455313946,1.9637715242826204e-07,538.0420159838812,,code,2-0-1-1-1-1-2-1,0.558398741908547,True,50,batch,True,pso,30,1,swarm
oe4-pilot-v2,oe4,swarm|batch|bc1|h1|pso|r1|N30|c50,syn-balanced_multimodal-repetitive-r2,balanced_multimodal,repetitive,0,2,12027688066564710874,2026-10-01T05:44:29.389+00:00,completed,epsilon,True,True,True,True,,753.028111,1930.205536998983,1928.4777969987772,1,54,0.48695008664679024,0.02008255859137359,410.7836490113697,,code,2-1-2-1-1-1-2-1,0.5070326452381638,True,50,batch,True,pso,30,1,swarm
oe4-pilot-v2,oe4,swarm|batch|bc1|h1|pso|r1|N30|c50,syn-balanced_multimodal-repetitive-r4,balanced_multimodal,repetitive,0,2,16842203000296662102,2026-10-01T05:44:29.405+00:00,completed,epsilon,True,True,True,True,,791.666166,1935.7136250000622,1932.9240770020988,2,63,0.5555295985433403,0.0,500.8689910055583,,code,2-0-1-0-1-1-2-1,0.5555295985433403,True,50,batch,True,pso,30,1,swarm
oe4-pilot-v2,oe4,swarm|batch|bc1|h1|pso|r1|N30|c50,syn-balanced_multimodal-repetitive-r3,balanced_multimodal,repetitive,0,2,10665835498416014906,2026-10-01T05:44:29.402+00:00,completed,epsilon,True,True,True,True,,743.487973,1940.1549359972705,1938.7433369993232,1,53,0.498403614745411,0.02008255859137359,701.4378950082242,,diagram,1-1-2-1-2-1-1-1,0.5184861733367846,True,50,batch,True,pso,30,1,swarm
oe4-pilot-v2,oe4,swarm|batch|bc1|h1|pso|r1|N30|c50,syn-balanced_multimodal-arrays_vectors-r4,balanced_multimodal,arrays_vectors,0,2,7080146454937735062,2026-10-01T05:44:29.485+00:00,completed,epsilon,True,True,True,True,,844.799202,2032.052164999186,2030.0118189989007,1,53,0.5231764212501887,0.0034158919247068154,1352.875197992381,,code,2-1-1-1-1-0-1-1,0.5265923131748955,True,50,batch,True,pso,30,1,swarm
oe4-pilot-v2,oe4,swarm|batch|bc1|h1|pso|r1|N30|c50,syn-balanced_multimodal-sequential-r0,balanced_multimodal,sequential,0,2,12829628287881295465,2026-10-01T05:44:28.553+00:00,completed,epsilon,True,True,True,True,,2279.372317,3020.778830999916,3016.267039998638,3,69,0.4948651175024352,0.0,2145.7684119872006,,diagram,1-0-2-0-1-1-1-1,0.4948651175024352,True,50,batch,True,pso,30,1,swarm
oe4-pilot-v2,oe4,swarm|batch|bc1|h1|pso|r1|N30|c50,syn-balanced_multimodal-functions-r3,balanced_multimodal,functions,0,2,18228905326412579013,2026-10-01T05:44:29.586+00:00,completed,epsilon,True,True,True,True,,911.275158,2047.0398030010983,2038.3745040016947,1,59,0.49300132682799114,0.024411447389422025,1927.296883002897,,code,1-0-1-1-1-1-0-1,0.5174127742174132,True,50,batch,True,pso,30,1,swarm
oe4-pilot-v2,oe4,swarm|batch|bc1|h1|pso|r1|N30|c50,syn-explanatory_conceptual-conditional-r1,explanatory_conceptual,conditional,0,2,18124705353368190302,2026-10-01T05:44:27.631+00:00,completed,epsilon,True,True,True,True,,2686.012484,4055.306259997451,4051.6798729986476,2,62,0.4788636419583419,1.963771524837732e-07,1450.498575990673,,text,1-1-1-1-2-0-1-1,0.4788638383354944,True,50,batch,True,pso,30,1,swarm
oe4-pilot-v2,oe4,swarm|batch|bc1|h1|pso|r1|N30|c50,syn-explanatory_conceptual-functions-r4,explanatory_conceptual,functions,0,2,13584105466744503536,2026-10-01T05:44:28.447+00:00,completed,epsilon,True,True,True,True,,2441.674272,3243.921327000862,3241.0944219991507,2,61,0.49970043101958095,0.0,2615.6681779932246,,text,1-0-1-0-2-0-1-1,0.49970043101958095,True,50,batch,True,pso,30,1,swarm
oe4-pilot-v2,oe4,swarm|batch|bc1|h1|pso|r1|N30|c50,syn-balanced_multimodal-repetitive-r1,balanced_multimodal,repetitive,0,2,2659073220867155690,2026-10-01T05:44:29.377+00:00,completed,epsilon,True,True,True,True,,1127.358209,2318.671707998874,2315.678865001246,1,56,0.5099655888622538,0.020082558591373645,484.2211540084517,,code,2-1-2-1-2-1-1-1,0.5300481474536275,True,50,batch,True,pso,30,1,swarm
oe4-pilot-v2,oe4,swarm|batch|bc1|h1|pso|r1|N30|c50,syn-balanced_multimodal-arrays_vectors-r1,balanced_multimodal,arrays_vectors,0,2,1557390382835702406,2026-10-01T05:44:29.455+00:00,completed,epsilon,True,True,True,True,,1012.657703,2244.460522000736,2241.828282996721,1,59,0.5096116990703786,0.010013934431594262,565.2697809888812,,code,1-0-1-0-1-1-1-1,0.5196256335019729,True,50,batch,True,pso,30,1,swarm
oe4-pilot-v2,oe4,swarm|batch|bc1|h1|pso|r1|N30|c50,syn-balanced_multimodal-arrays_vectors-r0,balanced_multimodal,arrays_vectors,0,2,8202019099685287209,2026-10-01T05:44:29.450+00:00,completed,epsilon,True,True,True,True,,1017.6123,2256.2169390002964,2250.5347309997887,2,65,0.5214552573504015,0.007792454060633558,613.3160470161256,,code,2-0-1-0-2-1-1-1,0.5292477114110351,True,50,batch,True,pso,30,1,swarm
oe4-pilot-v2,oe4,swarm|batch|bc1|h1|pso|r1|N30|c50,syn-balanced_multimodal-functions-r1,balanced_multimodal,functions,0,2,368220290834284782,2026-10-01T05:44:29.549+00:00,completed,epsilon,True,True,True,True,,1018.886502,2179.5971450010256,2176.854765999451,1,58,0.49177264213206817,0.020082362214221106,1467.0472559993118,,code,2-1-1-0-1-1-2-1,0.5118550043462893,True,50,batch,True,pso,30,1,swarm
oe4-pilot-v2,oe4,swarm|batch|bc1|h1|pso|r1|N30|c50,syn-balanced_multimodal-arrays_vectors-r2,balanced_multimodal,arrays_vectors,0,2,1551228789342824201,2026-10-01T05:44:29.459+00:00,completed,epsilon,True,True,True,True,,1078.421745,2297.2956810008327,2293.512593001651,3,69,0.5407907180206968,0.007792454060633558,910.4760040181365,,text,1-0-1-0-2-1-1-1,0.5485831720813303,True,50,batch,True,pso,30,1,swarm
oe4-pilot-v2,oe4,swarm|batch|bc1|h1|pso|r1|N30|c50,syn-balanced_multimodal-functions-r2,balanced_multimodal,functions,0,2,8673480799685267205,2026-10-01T05:44:29.575+00:00,completed,epsilon,True,True,True,True,,1067.187853,2186.7371989974345,2184.766383998067,2,62,0.510395070984393,0.007792454060633558,1834.477291002964,,code,2-0-1-0-1-1-1-1,0.5181875250450265,True,50,batch,True,pso,30,1,swarm
oe4-pilot-v2,oe4,swarm|batch|bc1|h1|pso|r1|N30|c50,syn-balanced_multimodal-sequential-r4,balanced_multimodal,sequential,0,2,16072189927809315852,2026-10-01T05:44:29.045+00:00,completed,epsilon,True,True,True,True,,1783.828953,2723.740690998966,2718.431233002775,4,73,0.5064313832719637,1.9637715242826204e-07,268.6082450049868,,code,2-0-2-1-2-1-2-1,0.5064315796491161,True,50,batch,True,pso,30,1,swarm
oe4-pilot-v2,oe4,swarm|batch|bc1|h1|pso|r1|N30|c50,syn-balanced_multimodal-functions-r0,balanced_multimodal,functions,0,2,2933908082685948832,2026-10-01T05:44:29.490+00:00,completed,epsilon,True,True,True,True,,1101.996935,2292.6343719991564,2290.3623069978494,3,69,0.5309809873500523,0.0,1312.613880010431,,code,2-0-2-0-1-0-1-1,0.5309809873500523,True,50,batch,True,pso,30,1,swarm
oe4-pilot-v2,oe4,swarm|batch|bc1|h1|pso|r1|N30|c50,syn-balanced_multimodal-functions-r4,balanced_multimodal,functions,0,2,4683180797726806680,2026-10-01T05:44:29.745+00:00,completed,epsilon,True,True,True,True,,951.003327,2041.1066169981495,2038.9776080010051,3,69,0.5037098665441013,0.0,283.27307598716715,,diagram,1-0-2-0-1-0-1-1,0.5037098665441013,True,50,batch,True,pso,30,1,swarm
oe4-pilot-v2,oe4,swarm|batch|bc1|h1|pso|r1|N30|c50,syn-balanced_multimodal-arrays_vectors-r3,balanced_multimodal,arrays_vectors,0,2,11908930478528390133,2026-10-01T05:44:29.471+00:00,completed,epsilon,True,True,True,True,,1131.115581,2328.6015539997607,2326.4851060012006,6,81,0.5517303986475605,0.0,1763.7251899778114,,code,2-0-2-1-1-0-2-1,0.5517303986475605,True,50,batch,True,pso,30,1,swarm
oe4-pilot-v2,oe4,swarm|batch|bc1|h1|pso|r1|N30|c50,syn-visual_dominant-sequential-r0,visual_dominant,sequential,0,3,8580140326324496627,2026-10-01T05:44:31.800+00:00,completed,epsilon,True,True,True,True,,626.764956,690.9250229982717,688.9196290030668,2,63,0.47580606727894714,0.0,583.3633769720357,,diagram,1-0-2-0-1-1-0-1,0.47580606727894714,True,50,batch,True,pso,30,1,swarm
oe4-pilot-v2,oe4,swarm|batch|bc1|h1|pso|r1|N30|c50,syn-visual_dominant-repetitive-r3,visual_dominant,repetitive,0,3,13061490195280824700,2026-10-01T05:44:31.807+00:00,completed,epsilon,True,True,True,True,,623.849655,694.408293999004,692.9477439989569,2,55,0.4931223664434585,0.012207742316518777,498.0070929935499,,diagram,1-0-2-1-0-0-0-1,0.5053301087599773,True,50,batch,True,pso,30,1,swarm
oe4-pilot-v2,oe4,swarm|batch|bc1|h1|pso|r1|N30|c50,syn-visual_dominant-repetitive-r2,visual_dominant,repetitive,0,3,15577984090316381348,2026-10-01T05:44:31.806+00:00,completed,epsilon,True,True,True,True,,715.415956,794.1158339999674,792.1031229998334,2,63,0.5174510138160732,1.9637715242826204e-07,1245.692438001736,,code,2-0-2-1-1-1-0-1,0.5174512101932256,True,50,batch,True,pso,30,1,swarm
oe4-pilot-v2,oe4,swarm|batch|bc1|h1|pso|r1|N30|c50,syn-visual_dominant-repetitive-r4,visual_dominant,repetitive,0,3,5153165576748431564,2026-10-01T05:44:31.807+00:00,completed,epsilon,True,True,True,True,,731.313083,809.1250369980116,807.0508839991817,3,66,0.4676075053726938,0.0,1073.5661220072755,,diagram,1-0-2-0-0-1-0-1,0.4676075053726938,True,50,batch,True,pso,30,1,swarm
oe4-pilot-v2,oe4,swarm|batch|bc1|h1|pso|r1|N30|c50,syn-visual_dominant-arrays_vectors-r4,visual_dominant,arrays_vectors,0,3,13236652181889018265,2026-10-01T05:44:31.809+00:00,completed,epsilon,True,True,True,True,,841.824205,936.4485269979923,934.7885440001846,1,58,0.49310999494245983,0.004471198194922976,1788.175990003251,,diagram,1-1-2-2-1-0-0-0,0.4975811931373828,True,50,batch,True,pso,30,1,swarm
oe4-pilot-v2,oe4,swarm|batch|bc1|h1|pso|r1|N30|c50,syn-visual_dominant-functions-r3,visual_dominant,functions,0,3,15496158585802717903,2026-10-01T05:44:31.811+00:00,completed,epsilon,True,True,True,True,,909.686136,1031.4134250002098,1029.7607239990612,1,61,0.4525600963951378,0.027875012652007147,2460.5695739947837,,diagram,1-1-2-1-0-1-1-1,0.4804351090471449,True,50,batch,True,pso,30,1,swarm
oe4-pilot-v2,oe4,swarm|batch|bc1|h1|pso|r1|N30|c50,syn-visual_dominant-functions-r1,visual_dominant,functions,0,3,12724222799605840855,2026-10-01T05:44:31.810+00:00,completed,epsilon,True,True,True,True,,930.935191,1034.4684539995797,1030.7574370017392,2,63,0.49466746788594257,0.007230897594027896,2942.8177949882725,,code,2-2-2-1-1-0-0-1,0.5018983654799705,True,50,batch,True,pso,30,1,swarm
oe4-pilot-v2,oe4,swarm|batch|bc1|h1|pso|r1|N30|c50,syn-logical_syntactic-sequential-r0,logical_syntactic,sequential,0,3,13362044807751343064,2026-10-01T05:44:31.812+00:00,completed,epsilon,True,True,True,True,,1025.674946,1158.9997629998834,1156.7125340006896,1,61,0.4761348237523099,0.02008255859137359,3414.654541020011,,code,2-1-1-1-0-1-0-1,0.4962173823436835,True,50,batch,True,pso,30,1,swarm
oe4-pilot-v2,oe4,swarm|batch|bc1|h1|pso|r1|N30|c50,syn-logical_syntactic-sequential-r1,logical_syntactic,sequential,0,3,14311645315440717423,2026-10-01T05:44:31.812+00:00,completed,epsilon,True,True,True,True,,1062.506641,1196.6700699995272,1194.0078799998446,3,69,0.4825463618186212,0.0,3201.210209989898,,code,2-0-1-0-1-1-0-1,0.4825463618186212,True,50,batch,True,pso,30,1,swarm
oe4-pilot-v2,oe4,swarm|batch|bc1|h1|pso|r1|N30|c50,syn-logical_syntactic-sequential-r3,logical_syntactic,sequential,0,3,16960600487627624599,2026-10-01T05:44:31.813+00:00,completed,epsilon,True,True,True,True,,1046.681485,1198.9914420009882,1196.9582489982713,3,66,0.47454058681115907,0.0,3133.1398280028143,,code,2-0-1-0-1-1-0-1,0.47454058681115907,True,50,batch,True,pso,30,1,swarm
oe4-pilot-v2,oe4,swarm|batch|bc1|h1|pso|r1|N30|c50,syn-logical_syntactic-sequential-r2,logical_syntactic,sequential,0,3,15643440995604996842,2026-10-01T05:44:31.813+00:00,completed,epsilon,True,True,True,True,,1145.084244,1300.7304319980904,1298.679720999644,1,57,0.5052479809084092,0.0034158919247069264,3843.0129010158525,,code,2-1-0-1-1-1-1-1,0.5086638728331161,True,50,batch,True,pso,30,1,swarm
oe4-pilot-v2,oe4,swarm|batch|bc1|h1|pso|r1|N30|c50,syn-logical_syntactic-conditional-r0,logical_syntactic,conditional,0,3,4732552759670585228,2026-10-01T05:44:31.814+00:00,completed,epsilon,True,True,True,True,,1148.873932,1322.151971002313,1319.8814220013446,1,59,0.4552126305749631,0.003654523026150769,3876.349401988147,,code,2-1-1-0-0-1-0-1,0.45886715360111385,True,50,batch,True,pso,30,1,swarm
oe4-pilot-v2,oe4,swarm|batch|bc1|h1|pso|r1|N30|c50,syn-logical_syntactic-conditional-r1,logical_syntactic,conditional,0,3,16767561851559065070,2026-10-01T05:44:31.814+00:00,completed,epsilon,True,True,True,True,,1165.176226,1340.9926999993331,1338.9806220002356,2,63,0.44403176024746854,0.007792797720650391,3923.3462910071744,,code,2-1-1-2-0-1-0-1,0.45182455796811893,True,50,batch,True,pso,30,1,swarm
oe4-pilot-v2,oe4,swarm|batch|bc1|h1|pso|r1|N30|c50,syn-logical_syntactic-sequential-r4,logical_syntactic,sequential,0,3,17250185977012485747,2026-10-01T05:44:31.814+00:00,completed,epsilon,True,True,True,True,,1189.728887,1350.14449099981,1348.197308001545,4,70,0.4963874393518477,3.4366001677721414e-07,3999.3261780038665,,code,2-0-1-2-1-0-0-1,0.4963877830118645,True,50,batch,True,pso,30,1,swarm
oe4-pilot-v2,oe4,swarm|batch|bc1|h1|pso|r1|N30|c50,syn-logical_syntactic-conditional-r3,logical_syntactic,conditional,0,3,6626061848004110554,2026-10-01T05:44:31.815+00:00,completed,epsilon,True,True,True,True,,1278.714508,1460.628742002882,1458.7007349982741,1,59,0.4614734643861827,0.007792650437786042,4809.925333990324,,code,2-1-1-1-0-1-0-1,0.46926611482396874,True,50,batch,True,pso,30,1,swarm
oe4-pilot-v2,oe4,swarm|batch|bc1|h1|pso|r1|N30|c50,syn-logical_syntactic-conditional-r4,logical_syntactic,conditional,0,3,2581103798954869873,2026-10-01T05:44:31.816+00:00,completed,epsilon,True,True,True,True,,1277.701352,1465.1367229998868,1462.883216998307,1,53,0.4839345737065493,0.0036547194033032526,3920.177184987556,,code,2-1-1-1-1-1-1-1,0.48758929310985255,True,50,batch,True,pso,30,1,swarm
oe4-pilot-v2,oe4,swarm|batch|bc1|h1|pso|r1|N30|c50,syn-logical_syntactic-repetitive-r0,logical_syntactic,repetitive,0,3,2563900073831829840,2026-10-01T05:44:31.816+00:00,completed,epsilon,True,True,True,True,,1272.578334,1468.892387001688,1466.954530998919,1,58,0.45068774937313677,0.02008255859137359,4526.793567008096,,code,2-1-2-1-0-1-1-1,0.47077030796451036,True,50,batch,True,pso,30,1,swarm
oe4-pilot-v2,oe4,swarm|batch|bc1|h1|pso|r1|N30|c50,syn-logical_syntactic-repetitive-r1,logical_syntactic,repetitive,0,3,1690962082425471307,2026-10-01T05:44:31.817+00:00,completed,epsilon,True,True,True,True,,1380.614264,1591.304276000301,1587.4995599988324,1,56,0.46854772531455674,0.02008255859137359,4621.117191998917,,code,2-1-1-1-0-1-0-1,0.48863028390593033,True,50,batch,True,pso,30,1,swarm
oe4-pilot-v2,oe4,swarm|batch|bc1|h1|pso|r1|N30|c50,syn-logical_syntactic-repetitive-r2,logical_syntactic,repetitive,0,3,12298035747105259136,2026-10-01T05:44:31.817+00:00,completed,epsilon,True,True,True,True,,1379.573709,1598.326139999699,1596.1671879995265,1,59,0.48860682289608054,0.02008255859137359,5019.7858939934495,,code,2-1-1-1-1-1-1-1,0.5086893814874541,True,50,batch,True,pso,30,1,swarm
oe4-pilot-v2,oe4,swarm|batch|bc1|h1|pso|r1|N30|c50,syn-logical_syntactic-arrays_vectors-r0,logical_syntactic,arrays_vectors,0,3,14948705039163960895,2026-10-01T05:44:31.818+00:00,completed,epsilon,True,True,True,True,,1467.913425,1715.131561999442,1712.8665170021122,1,58,0.4856184373133194,0.02008255859137359,4900.839041020168,,code,2-1-1-1-0-0-1-1,0.505700995904693,True,50,batch,True,pso,30,1,swarm
oe4-pilot-v2,oe4,swarm|batch|bc1|h1|pso|r1|N30|c50,syn-logical_syntactic-arrays_vectors-r2,logical_syntactic,arrays_vectors,0,3,7678510444233138347,2026-10-01T05:44:31.819+00:00,completed,epsilon,True,True,True,True,,1487.589031,1736.989953002194,1732.1545300001162,1,61,0.49083069767651405,0.027875012652007147,5252.959945002275,,code,2-1-1-1-0-1-0-1,0.5187057103285212,True,50,batch,True,pso,30,1,swarm
oe4-pilot-v2,oe4,swarm|batch|bc1|h1|pso|r1|N30|c50,syn-logical_syntactic-arrays_vectors-r3,logical_syntactic,arrays_vectors,0,3,3475821061836782133,2026-10-01T05:44:31.820+00:00,completed,epsilon,True,True,True,True,,1495.963867,1747.3027769992768,1745.5376649995742,2,65,0.5279095277556373,1.472828643489521e-07,5230.683875989961,,code,2-0-1-2-1-0-1-1,0.5279096750385016,True,50,batch,True,pso,30,1,swarm
oe4-pilot-v2,oe4,swarm|batch|bc1|h1|pso|r1|N30|c50,syn-logical_syntactic-arrays_vectors-r4,logical_syntactic,arrays_vectors,0,3,15069723113616053544,2026-10-01T05:44:31.820+00:00,completed,epsilon,True,True,True,True,,1553.632443,1851.1318630007736,1849.3218629992043,1,61,0.45823969583330176,0.008847809425137798,4818.5063649844615,,code,2-0-1-1-0-1-1-0,0.46708750525843956,True,50,batch,True,pso,30,1,swarm
oe4-pilot-v2,oe4,swarm|batch|bc1|h1|pso|r1|N30|c50,syn-logical_syntactic-functions-r2,logical_syntactic,functions,0,3,6130147880867857550,2026-10-01T05:44:31.821+00:00,completed,epsilon,True,True,True,True,,1695.28586,2006.466761999036,2003.6311900003057,5,77,0.4982072075606626,1.9637715242826204e-07,4617.183013006721,,code,2-0-0-1-1-0-1-1,0.49820740393781504,True,50,batch,True,pso,30,1,swarm
oe4-pilot-v2,oe4,swarm|batch|bc1|h1|pso|r1|N30|c50,syn-visual_dominant-sequential-r1,visual_dominant,sequential,0,3,17048800117076641484,2026-10-01T05:44:31.801+00:00,completed,epsilon,True,True,True,True,,1678.42415,2034.2428500007372,2032.4065150016395,1,53,0.44878503224528293,0.02008255859137359,4221.227678005859,,diagram,1-1-2-1-0-1-1-1,0.4688675908366565,True,50,batch,True,pso,30,1,swarm
oe4-pilot-v2,oe4,swarm|batch|bc1|h1|pso|r1|N30|c50,syn-visual_dominant-conditional-r1,visual_dominant,conditional,0,3,13928515270300365190,2026-10-01T05:44:31.803+00:00,completed,epsilon,True,True,True,True,,1806.494804,2180.7334359982633,2178.0084959973465,4,73,0.4371315517815198,1.963771524837732e-07,5025.57476900576,,diagram,1-1-2-1-0-0-0-1,0.4371317481586723,True,50,batch,True,pso,30,1,swarm
oe4-pilot-v2,oe4,swarm|batch|bc1|h1|pso|r1|N30|c50,syn-visual_dominant-repetitive-r0,visual_dominant,repetitive,0,3,3652346516165016234,2026-10-01T05:44:31.805+00:00,completed,epsilon,True,True,True,True,,1793.404456,2181.6506539980765,2179.115348000778,1,59,0.46998170127395994,0.02008255859137359,4920.478853992459,,diagram,1-1-2-1-1-1-0-1,0.49006425986533353,True,50,batch,True,pso,30,1,swarm
oe4-pilot-v2,oe4,swarm|batch|bc1|h1|pso|r1|N30|c50,syn-visual_dominant-conditional-r2,visual_dominant,conditional,0,3,7530803405880337628,2026-10-01T05:44:31.804+00:00,completed,epsilon,True,True,True,True,,1803.628461,2200.2459739996993,2181.821244001185,2,65,0.47576325269917313,1.963771524837732e-07,5052.085013983957,,code,2-1-2-1-1-0-1-1,0.4757634490763256,True,50,batch,True,pso,30,1,swarm
oe4-pilot-v2,oe4,swarm|batch|bc1|h1|pso|r1|N30|c50,syn-visual_dominant-conditional-r3,visual_dominant,conditional,0,3,12303691227522993195,2026-10-01T05:44:31.804+00:00,completed,epsilon,True,True,True,True,,1818.160083,2224.9973670004692,2206.9245319980837,2,65,0.4537572043126114,0.0036547194033032526,4915.563512003521,,diagram,1-1-2-1-0-1-1-1,0.45741192371591466,True,50,batch,True,pso,30,1,swarm
oe4-pilot-v2,oe4,swarm|batch|bc1|h1|pso|r1|N30|c50,syn-visual_dominant-conditional-r0,visual_dominant,conditional,0,3,11471567894967710186,2026-10-01T05:44:31.803+00:00,completed,epsilon,True,True,True,True,,1918.606663,2361.252794002212,2348.940757998207,1,61,0.4683786250362893,0.007792650437786042,4712.392690009158,,diagram,1-1-2-1-0-1-0-1,0.47617127547407534,True,50,batch,True,pso,30,1,swarm
oe4-pilot-v2,oe4,swarm|batch|bc1|h1|pso|r1|N30|c50,syn-visual_dominant-conditional-r4,visual_dominant,conditional,0,3,7123775909059268369,2026-10-01T05:44:31.805+00:00,completed,epsilon,True,True,True,True,,1948.12297,2422.963704997528,2417.0402140007354,1,58,0.4486569413932807,0.0,4533.499627006658,,diagram,1-1-2-0-1-0-0-1,0.4486569413932807,True,50,batch,True,pso,30,1,swarm
oe4-pilot-v2,oe4,swarm|batch|bc1|h1|pso|r1|N30|c50,syn-visual_dominant-arrays_vectors-r0,visual_dominant,arrays_vectors,0,3,2484686855457110652,2026-10-01T05:44:31.807+00:00,completed,epsilon,True,True,True,True,,2306.937285,2473.0714529978286,2457.1037860005163,1,54,0.46105976353153516,0.027875012652007147,899.2146500050342,,diagram,1-1-2-1-0-1-0-1,0.4889347761835423,True,50,batch,True,pso,30,1,swarm
oe4-pilot-v2,oe4,swarm|batch|bc1|h1|pso|r1|N30|c50,syn-visual_dominant-functions-r0,visual_dominant,functions,0,3,11375697626506085209,2026-10-01T05:44:31.810+00:00,completed,epsilon,True,True,True,True,,2352.949133,2590.6805349986826,2581.3450220011873,1,53,0.47770576352191013,0.02008255859137359,1635.3848300019724,,diagram,1-1-2-1-1-1-0-1,0.4977883221132837,True,50,batch,True,pso,30,1,swarm
oe4-pilot-v2,oe4,swarm|batch|bc1|h1|pso|r1|N30|c50,syn-visual_dominant-sequential-r2,visual_dominant,sequential,0,3,4355585619346073820,2026-10-01T05:44:31.801+00:00,completed,epsilon,True,True,True,True,,2163.031893,2659.406504997605,2649.925975001679,3,66,0.4684960847891392,0.0,4524.417180003791,,diagram,1-0-2-0-0-1-0-1,0.4684960847891392,True,50,batch,True,pso,30,1,swarm
oe4-pilot-v2,oe4,swarm|batch|bc1|h1|pso|r1|N30|c50,syn-logical_syntactic-conditional-r2,logical_syntactic,conditional,0,3,6973891702751108736,2026-10-01T05:44:31.815+00:00,completed,epsilon,True,True,True,True,,2430.183458,2705.469009000808,2699.6225350012537,2,62,0.4667613697407896,1.963771524837732e-07,3721.5688879899344,,code,2-1-1-1-0-0-1-1,0.46676156611794206,True,50,batch,True,pso,30,1,swarm
oe4-pilot-v2,oe4,swarm|batch|bc1|h1|pso|r1|N30|c50,syn-visual_dominant-arrays_vectors-r1,visual_dominant,arrays_vectors,0,3,14387502913323118724,2026-10-01T05:44:31.808+00:00,completed,epsilon,True,True,True,True,,2565.26683,2757.21841700215,2749.263923000399,3,67,0.4531926066883153,0.0,1451.5165239974365,,diagram,1-0-2-0-0-0-0-1,0.4531926066883153,True,50,batch,True,pso,30,1,swarm
oe4-pilot-v2,oe4,swarm|batch|bc1|h1|pso|r1|N30|c50,syn-logical_syntactic-repetitive-r4,logical_syntactic,repetitive,0,3,3613547958009930106,2026-10-01T05:44:31.818+00:00,completed,epsilon,True,True,True,True,,2434.47346,2759.156907999568,2752.48215800093,2,62,0.42431599984481977,0.02008255859137359,4571.23664899774,,code,2-1-0-1-1-1-0-1,0.44439855843619336,True,50,batch,True,pso,30,1,swarm
oe4-pilot-v2,oe4,swarm|batch|bc1|h1|pso|r1|N30|c50,syn-visual_dominant-functions-r2,visual_dominant,functions,0,3,2855966151648987497,2026-10-01T05:44:31.811+00:00,completed,epsilon,True,True,True,True,,2579.471376,2777.774040998338,2767.554451998876,2,62,0.4624311814719705,0.008945025651836969,2642.7933849814453,,diagram,1-0-2-1-0-1-1-1,0.47137620712380746,True,50,batch,True,pso,30,1,swarm
oe4-pilot-v2,oe4,swarm|batch|bc1|h1|pso|r1|N30|c50,syn-visual_dominant-functions-r4,visual_dominant,functions,0,3,10259835321663512086,2026-10-01T05:44:31.811+00:00,completed,epsilon,True,True,True,True,,2581.036357,2803.515679999691,2794.2727070003457,2,60,0.48282466482518693,0.019803777820581292,2386.262772987167,,code,2-2-2-1-1-1-1-1,0.5026284426457682,True,50,batch,True,pso,30,1,swarm
oe4-pilot-v2,oe4,swarm|batch|bc1|h1|pso|r1|N30|c50,syn-logical_syntactic-functions-r0,logical_syntactic,functions,0,3,15105445333404857368,2026-10-01T05:44:31.821+00:00,completed,epsilon,True,True,True,True,,2465.889372,2848.460678000265,2841.2277399984305,2,63,0.5077822418422905,0.007792650437785986,3704.7602600207015,,code,2-0-1-1-1-1-0-1,0.5155748922800765,True,50,batch,True,pso,30,1,swarm
oe4-pilot-v2,oe4,swarm|batch|bc1|h1|pso|r1|N30|c50,syn-logical_syntactic-functions-r3,logical_syntactic,functions,0,3,4820333934433401313,2026-10-01T05:44:31.822+00:00,completed,epsilon,True,True,True,True,,2476.3155,2858.894765002333,2854.0607590002764,2,63,0.48636013268759803,0.0,4831.41745598494,,code,2-0-1-0-1-1-0-1,0.48636013268759803,True,50,batch,True,pso,30,1,swarm
oe4-pilot-v2,oe4,swarm|batch|bc1|h1|pso|r1|N30|c50,syn-visual_dominant-arrays_vectors-r2,visual_dominant,arrays_vectors,0,3,18083930375172244621,2026-10-01T05:44:31.808+00:00,completed,epsilon,True,True,True,True,,2721.798973,2876.684210001258,2870.5878330001724,3,66,0.5218342851242742,1.9637715242826204e-07,1895.3335239996507,,diagram,1-0-2-1-1-0-1-1,0.5218344815014266,True,50,batch,True,pso,30,1,swarm
oe4-pilot-v2,oe4,swarm|batch|bc1|h1|pso|r1|N30|c50,syn-visual_dominant-arrays_vectors-r3,visual_dominant,arrays_vectors,0,3,16074832408338533935,2026-10-01T05:44:31.809+00:00,completed,epsilon,True,True,True,True,,2730.313199,2883.49522900171,2877.781010000035,3,69,0.5279373560844233,0.0,1759.826418007148,,diagram,0-0-2-1-1-0-0-1,0.5279373560844233,True,50,batch,True,pso,30,1,swarm
oe4-pilot-v2,oe4,swarm|batch|bc1|h1|pso|r1|N30|c50,syn-visual_dominant-sequential-r3,visual_dominant,sequential,0,3,5551779150201999310,2026-10-01T05:44:31.802+00:00,completed,epsilon,True,True,True,True,,2435.747464,2901.4340180001454,2897.4173809983768,3,63,0.4968930391220401,0.0,4134.566955997856,,diagram,1-0-2-0-0-1-1-1,0.4968930391220401,True,50,batch,True,pso,30,1,swarm
oe4-pilot-v2,oe4,swarm|batch|bc1|h1|pso|r1|N30|c50,syn-logical_syntactic-arrays_vectors-r1,logical_syntactic,arrays_vectors,0,3,13327273701071249688,2026-10-01T05:44:31.819+00:00,completed,epsilon,True,True,True,True,,2618.372124,2897.1869599990896,2894.379140001547,3,69,0.47410405901537916,0.00994067049648667,4909.588867999055,,code,2-2-1-0-1-0-0-1,0.48404472951186583,True,50,batch,True,pso,30,1,swarm
oe4-pilot-v2,oe4,swarm|batch|bc1|h1|pso|r1|N30|c50,syn-logical_syntactic-functions-r1,logical_syntactic,functions,0,3,7545233351544256523,2026-10-01T05:44:31.821+00:00,completed,epsilon,True,True,True,True,,2572.632012,2904.4663720014796,2901.480756001547,2,65,0.4952348885551682,1.9637715242826204e-07,4253.491352998568,,code,2-0-1-1-1-0-0-1,0.4952350849323206,True,50,batch,True,pso,30,1,swarm
oe4-pilot-v2,oe4,swarm|batch|bc1|h1|pso|r1|N30|c50,syn-logical_syntactic-functions-r4,logical_syntactic,functions,0,3,10275058418311301455,2026-10-01T05:44:31.822+00:00,completed,epsilon,True,True,True,True,,2618.154039,2955.5755040018994,2953.546587999881,4,70,0.4530924129093758,0.0029587093058543457,4762.138097998665,,code,2-2-0-0-1-0-0-1,0.45605112221523014,True,50,batch,True,pso,30,1,swarm
oe4-pilot-v2,oe4,swarm|batch|bc1|h1|pso|r1|N30|c50,syn-explanatory_conceptual-sequential-r1,explanatory_conceptual,sequential,0,3,3272787541859846898,2026-10-01T05:44:32.501+00:00,completed,epsilon,True,True,True,True,,684.246241,2307.571714001824,2306.044529999781,1,56,0.45267043074923324,0.006749225258040281,658.5623500021114,,text,0-1-0-1-2-1-0-1,0.4594196560072735,True,50,batch,True,pso,30,1,swarm
oe4-pilot-v2,oe4,swarm|batch|bc1|h1|pso|r1|N30|c50,syn-explanatory_conceptual-sequential-r0,explanatory_conceptual,sequential,0,3,14947352377729861017,2026-10-01T05:44:32.491+00:00,completed,epsilon,True,True,True,True,,737.809934,2377.997970001161,2375.631048998912,3,66,0.4486181798628388,0.018837465195685188,804.7252900080067,,text,1-0-0-0-2-0-0-1,0.467455645058524,True,50,batch,True,pso,30,1,swarm
oe4-pilot-v2,oe4,swarm|batch|bc1|h1|pso|r1|N30|c50,syn-explanatory_conceptual-sequential-r2,explanatory_conceptual,sequential,0,3,7023970792698232399,2026-10-01T05:44:32.600+00:00,completed,epsilon,True,True,True,True,,771.831508,2310.455789000116,2307.7988869990804,2,65,0.46174206660316464,0.0009320597035671341,1184.531769995538,,text,0-0-1-1-2-0-1-1,0.46267412630673177,True,50,batch,True,pso,30,1,swarm
oe4-pilot-v2,oe4,swarm|batch|bc1|h1|pso|r1|N30|c50,syn-explanatory_conceptual-sequential-r3,explanatory_conceptual,sequential,0,3,15905282458092997945,2026-10-01T05:44:32.616+00:00,completed,epsilon,True,True,True,True,,768.240036,2299.391743999877,2297.303908999311,2,62,0.4489765705985682,1.9637715242826204e-07,1021.3230640201234,,text,1-0-1-1-2-1-1-1,0.44897676697572064,True,50,batch,True,pso,30,1,swarm
oe4-pilot-v2,oe4,swarm|batch|bc1|h1|pso|r1|N30|c50,syn-explanatory_conceptual-conditional-r0,explanatory_conceptual,conditional,0,3,5916953307552671090,2026-10-01T05:44:32.842+00:00,completed,epsilon,True,True,True,True,,831.839649,2193.857122998452,2191.79077499939,2,63,0.49552996804696203,0.0,1713.1469779942927,,code,2-1-1-0-2-0-1-1,0.49552996804696203,True,50,batch,True,pso,30,1,swarm
oe4-pilot-v2,oe4,swarm|batch|bc1|h1|pso|r1|N30|c50,syn-explanatory_conceptual-sequential-r4,explanatory_conceptual,sequential,0,3,16212943396658008924,2026-10-01T05:44:32.746+00:00,completed,epsilon,True,True,True,True,,857.698097,2318.5556680000445,2316.28740999804,4,70,0.4665029999409801,0.0,1274.1926859941768,,text,1-1-1-0-2-0-1-1,0.4665029999409801,True,50,batch,True,pso,30,1,swarm
oe4-pilot-v2,oe4,swarm|batch|bc1|h1|pso|r1|N30|c50,syn-explanatory_conceptual-conditional-r4,explanatory_conceptual,conditional,0,3,8670080275324173838,2026-10-01T05:44:33.012+00:00,completed,epsilon,True,True,True,True,,957.637757,2178.9533970004413,2177.276834998338,2,65,0.46408094218044915,0.0010551589873517564,3260.2353159833547,,text,1-1-1-0-2-0-0-0,0.4651361011678009,True,50,batch,True,pso,30,1,swarm
oe4-pilot-v2,oe4,swarm|batch|bc1|h1|pso|r1|N30|c50,syn-explanatory_conceptual-repetitive-r2,explanatory_conceptual,repetitive,0,3,10189736659373836677,2026-10-01T05:44:33.155+00:00,completed,epsilon,True,True,True,True,,1037.497193,2145.2804900000046,2143.406004001008,1,58,0.49088145414572526,0.0017991482131319847,3085.3827360118516,,text,1-0-1-1-2-1-1-1,0.49268060235885724,True,50,batch,True,pso,30,1,swarm
oe4-pilot-v2,oe4,swarm|batch|bc1|h1|pso|r1|N30|c50,syn-explanatory_conceptual-repetitive-r4,explanatory_conceptual,repetitive,0,3,615434091092212846,2026-10-01T05:44:33.276+00:00,completed,epsilon,True,True,True,True,,981.511116,2032.3661550028191,2029.958921000798,1,58,0.45405216601876935,0.02008255859137359,2125.241084993983,,text,1-1-0-1-2-1-1-1,0.47413472461014294,True,50,batch,True,pso,30,1,swarm
oe4-pilot-v2,oe4,swarm|batch|bc1|h1|pso|r1|N30|c50,syn-visual_dominant-sequential-r4,visual_dominant,sequential,0,3,13994061115368628468,2026-10-01T05:44:31.802+00:00,completed,epsilon,True,True,True,True,,3190.552974,3633.1064779988083,3629.6448539978883,2,65,0.45399075511807396,1.9637715242826204e-07,4997.764454999786,,diagram,1-0-2-1-1-1-0-1,0.4539909514952264,True,50,batch,True,pso,30,1,swarm
oe4-pilot-v2,oe4,swarm|batch|bc1|h1|pso|r1|N30|c50,syn-explanatory_conceptual-arrays_vectors-r0,explanatory_conceptual,arrays_vectors,0,3,8420274505294676143,2026-10-01T05:44:33.281+00:00,completed,epsilon,True,True,True,True,,1093.167634,2166.9058759980544,2164.7397710003133,1,59,0.49778085910851905,0.027875012652007147,3226.3604790220897,,text,1-1-1-1-2-1-0-1,0.5256558717605262,True,50,batch,True,pso,30,1,swarm
oe4-pilot-v2,oe4,swarm|batch|bc1|h1|pso|r1|N30|c50,syn-explanatory_conceptual-arrays_vectors-r1,explanatory_conceptual,arrays_vectors,0,3,11621185609108110648,2026-10-01T05:44:33.285+00:00,completed,epsilon,True,True,True,True,,1102.748331,2168.402135997894,2165.428278996842,1,59,0.4615647597787113,0.028694684783154678,3346.349054989783,,text,0-1-0-1-2-1-1-1,0.490259444561866,True,50,batch,True,pso,30,1,swarm
oe4-pilot-v2,oe4,swarm|batch|bc1|h1|pso|r1|N30|c50,syn-explanatory_conceptual-arrays_vectors-r2,explanatory_conceptual,arrays_vectors,0,3,3616904053699891200,2026-10-01T05:44:33.408+00:00,completed,epsilon,True,True,True,True,,1099.166291,2050.586003999342,2047.717448000185,1,56,0.5002467392530876,0.027875012652007203,2688.1943759960177,,diagram,0-1-2-1-2-1-1-1,0.5281217519050948,True,50,batch,True,pso,30,1,swarm
oe4-pilot-v2,oe4,swarm|batch|bc1|h1|pso|r1|N30|c50,syn-explanatory_conceptual-arrays_vectors-r3,explanatory_conceptual,arrays_vectors,0,3,9640228565651749554,2026-10-01T05:44:33.416+00:00,completed,epsilon,True,True,True,True,,1171.528349,2139.381738001248,2136.552138999832,1,56,0.4899428394838256,0.017498999281390593,3556.2549590175136,,text,0-1-1-1-2-1-0-1,0.5074418387652162,True,50,batch,True,pso,30,1,swarm
oe4-pilot-v2,oe4,swarm|batch|bc1|h1|pso|r1|N30|c50,syn-explanatory_conceptual-functions-r0,explanatory_conceptual,functions,0,3,4847129841761666601,2026-10-01T05:44:33.556+00:00,completed,epsilon,True,True,True,True,,1135.840889,2011.0882939989096,2009.5851669975673,1,57,0.4945698834876539,0.01617519995265254,2949.443075993011,,text,1-2-1-1-2-0-1-1,0.5107450834403064,True,50,batch,True,pso,30,1,swarm
oe4-pilot-v2,oe4,swarm|batch|bc1|h1|pso|r1|N30|c50,syn-explanatory_conceptual-arrays_vectors-r4,explanatory_conceptual,arrays_vectors,0,3,12383051168938743430,2026-10-01T05:44:33.534+00:00,completed,epsilon,True,True,True,True,,1154.853606,2044.6601229996304,2042.9936990003625,3,62,0.5167327431150519,0.0010555026473685336,2822.249563011518,,text,1-0-1-2-2-0-1-0,0.5177882457624204,True,50,batch,True,pso,30,1,swarm
oe4-pilot-v2,oe4,swarm|batch|bc1|h1|pso|r1|N30|c50,syn-logical_syntactic-repetitive-r3,logical_syntactic,repetitive,0,3,6665076571321463288,2026-10-01T05:44:31.818+00:00,completed,epsilon,True,True,True,True,,3614.64384,3856.278974999441,3853.8336789970344,2,65,0.46208578639800935,0.020082362214221106,4495.224580000636,,code,2-1-1-0-1-1-0-1,0.48216814861223045,True,50,batch,True,pso,30,1,swarm
oe4-pilot-v2,oe4,swarm|batch|bc1|h1|pso|r1|N30|c50,syn-explanatory_conceptual-functions-r2,explanatory_conceptual,functions,0,3,15850266999198055000,2026-10-01T05:44:33.671+00:00,completed,epsilon,True,True,True,True,,1193.661644,2052.704748002725,2049.1429870016873,1,56,0.46612651648152953,0.02008255859137359,2231.289665009909,,text,1-1-1-1-2-1-1-1,0.4862090750729031,True,50,batch,True,pso,30,1,swarm
oe4-pilot-v2,oe4,swarm|batch|bc1|h1|pso|r1|N30|c50,syn-explanatory_conceptual-functions-r1,explanatory_conceptual,functions,0,3,8968182148387190867,2026-10-01T05:44:33.567+00:00,completed,epsilon,True,True,True,True,,1360.7668,2260.348163999879,2257.149994999054,4,73,0.5134225156367632,0.0,3083.8370059901163,,code,2-0-1-0-2-0-0-1,0.5134225156367632,True,50,batch,True,pso,30,1,swarm
oe4-pilot-v2,oe4,swarm|batch|bc1|h1|pso|r1|N30|c50,syn-balanced_multimodal-sequential-r1,balanced_multimodal,sequential,0,3,15851898587384579384,2026-10-01T05:44:33.987+00:00,completed,epsilon,True,True,True,True,,1438.194376,2045.1046759990277,2040.6378519983264,2,63,0.46578051203228604,0.02008255859137359,2144.460324991993,,code,2-1-2-1-1-1-1-1,0.48586307062365963,True,50,batch,True,pso,30,1,swarm
oe4-pilot-v2,oe4,swarm|batch|bc1|h1|pso|r1|N30|c50,syn-balanced_multimodal-sequential-r2,balanced_multimodal,sequential,0,3,9812259528755781404,2026-10-01T05:44:34.004+00:00,completed,epsilon,True,True,True,True,,1448.406734,2051.2409769980877,2047.997542002122,2,63,0.5195512786534427,1.9637715242826204e-07,2278.3529910077077,,code,2-0-1-1-1-1-1-1,0.5195514750305952,True,50,batch,True,pso,30,1,swarm
oe4-pilot-v2,oe4,swarm|batch|bc1|h1|pso|r1|N30|c50,syn-balanced_multimodal-sequential-r3,balanced_multimodal,sequential,0,3,17396203175820366605,2026-10-01T05:44:34.029+00:00,completed,epsilon,True,True,True,True,,1504.318929,2074.668779001513,2050.965159000043,2,63,0.5055952816994697,0.0,2541.237646001725,,text,1-0-1-0-2-1-1-1,0.5055952816994697,True,50,batch,True,pso,30,1,swarm
oe4-pilot-v2,oe4,swarm|batch|bc1|h1|pso|r1|N30|c50,syn-visual_dominant-repetitive-r1,visual_dominant,repetitive,0,3,9493985239135120539,2026-10-01T05:44:31.806+00:00,completed,epsilon,True,True,True,True,,3902.383899,4303.480038000998,4297.818539002037,5,74,0.49141108956712465,0.0,4170.366970984197,,code,2-0-2-0-1-1-1-1,0.49141108956712465,True,50,batch,True,pso,30,1,swarm
oe4-pilot-v2,oe4,swarm|batch|bc1|h1|pso|r1|N30|c50,syn-balanced_multimodal-conditional-r0,balanced_multimodal,conditional,0,3,9492171042143771967,2026-10-01T05:44:34.228+00:00,completed,epsilon,True,True,True,True,,1159.48919,1956.1349519972282,1953.4758490008244,1,61,0.48780502665661635,0.0036547194033032526,269.8948169891544,,code,2-1-1-1-1-1-1-1,0.4914597460599196,True,50,batch,True,pso,30,1,swarm
oe4-pilot-v2,oe4,swarm|batch|bc1|h1|pso|r1|N30|c50,syn-explanatory_conceptual-conditional-r3,explanatory_conceptual,conditional,0,3,11332394261640184133,2026-10-01T05:44:33.009+00:00,completed,epsilon,True,True,True,True,,1965.110376,3199.57934699778,3197.0630190007796,2,63,0.43096390169879784,0.003654523026150769,2704.3020199934895,,text,1-1-0-0-2-1-0-1,0.4346184247249486,True,50,batch,True,pso,30,1,swarm
oe4-pilot-v2,oe4,swarm|batch|bc1|h1|pso|r1|N30|c50,syn-explanatory_conceptual-conditional-r2,explanatory_conceptual,conditional,0,3,1341896759769893857,2026-10-01T05:44:32.971+00:00,completed,epsilon,True,True,True,True,,1971.845708,3240.0397830024303,3235.51152300206,3,66,0.49030473008974373,0.0,1523.5695109894184,,diagram,1-1-2-0-2-0-1-1,0.49030473008974373,True,50,batch,True,pso,30,1,swarm
oe4-pilot-v2,oe4,swarm|batch|bc1|h1|pso|r1|N30|c50,syn-explanatory_conceptual-repetitive-r0,explanatory_conceptual,repetitive,0,3,3237454591878846868,2026-10-01T05:44:33.114+00:00,completed,epsilon,True,True,True,True,,1955.286333,3099.358575000224,3095.326410999405,2,62,0.4460986935462345,0.02008255859137359,2489.01644498581,,text,1-1-1-1-2-1-0-1,0.4661812521376081,True,50,batch,True,pso,30,1,swarm
oe4-pilot-v2,oe4,swarm|batch|bc1|h1|pso|r1|N30|c50,syn-explanatory_conceptual-repetitive-r1,explanatory_conceptual,repetitive,0,3,10148232421566165977,2026-10-01T05:44:33.136+00:00,completed,epsilon,True,True,True,True,,1959.4263,3081.5971909978543,3078.9898289986013,2,65,0.5255407002055713,1.9637715242826204e-07,3261.242575011829,,text,1-0-1-1-2-1-1-1,0.5255408965827237,True,50,batch,True,pso,30,1,swarm
oe4-pilot-v2,oe4,swarm|batch|bc1|h1|pso|r1|N30|c50,syn-balanced_multimodal-conditional-r1,balanced_multimodal,conditional,0,3,12567349465944861023,2026-10-01T05:44:34.281+00:00,completed,epsilon,True,True,True,True,,1076.152473,1961.9846220011823,1959.955654998339,1,61,0.4988095313719645,0.0,469.33815701948083,,code,1-1-1-0-1-0-1-1,0.4988095313719645,True,50,batch,True,pso,30,1,swarm
oe4-pilot-v2,oe4,swarm|batch|bc1|h1|pso|r1|N30|c50,syn-explanatory_conceptual-repetitive-r3,explanatory_conceptual,repetitive,0,3,5679236231213962541,2026-10-01T05:44:33.164+00:00,completed,epsilon,True,True,True,True,,1976.127697,3084.7066169990285,3082.715377997374,2,65,0.47773671108267024,0.009947252053144284,2673.274152001306,,text,1-0-1-0-2-1-1-1,0.4876839631358145,True,50,batch,True,pso,30,1,swarm
oe4-pilot-v2,oe4,swarm|batch|bc1|h1|pso|r1|N30|c50,syn-balanced_multimodal-conditional-r2,balanced_multimodal,conditional,0,3,4742918314447581142,2026-10-01T05:44:34.400+00:00,completed,epsilon,True,True,True,True,,986.992663,1913.2406809985696,1911.2504170007014,2,65,0.4993812836734506,0.0,290.0552200009545,,code,1-1-1-0-1-0-1-1,0.4993812836734506,True,50,batch,True,pso,30,1,swarm
oe4-pilot-v2,oe4,swarm|batch|bc1|h1|pso|r1|N30|c50,syn-balanced_multimodal-conditional-r3,balanced_multimodal,conditional,0,3,11394639668150330671,2026-10-01T05:44:34.461+00:00,completed,epsilon,True,True,True,True,,932.211152,1877.1284899994498,1875.3579719996196,2,65,0.47153478436590585,1.963771524837732e-07,330.42848198874714,,text,1-1-1-1-2-0-1-1,0.47153498074305833,True,50,batch,True,pso,30,1,swarm
oe4-pilot-v2,oe4,swarm|batch|bc1|h1|pso|r1|N30|c50,syn-balanced_multimodal-conditional-r4,balanced_multimodal,conditional,0,3,2277667993778051270,2026-10-01T05:44:34.520+00:00,completed,epsilon,True,True,True,True,,810.168378,1821.2165759978234,1819.6067969984142,1,59,0.49335718275037993,0.0036547194033032526,358.632124002477,,code,2-1-1-1-2-1-2-1,0.4970119021536832,True,50,batch,True,pso,30,1,swarm
oe4-pilot-v2,oe4,swarm|batch|bc1|h1|pso|r1|N30|c50,syn-explanatory_conceptual-functions-r3,explanatory_conceptual,functions,0,3,15409255459732107106,2026-10-01T05:44:33.828+00:00,completed,epsilon,True,True,True,True,,1868.497204,2580.265270000382,2578.4096579991456,1,59,0.4977771280697979,0.007792797720650335,1970.846049991126,,text,1-0-1-2-2-1-1-1,0.5055699257904482,True,50,batch,True,pso,30,1,swarm
oe4-pilot-v2,oe4,swarm|batch|bc1|h1|pso|r1|N30|c50,syn-balanced_multimodal-repetitive-r0,balanced_multimodal,repetitive,0,3,3839617547738254315,2026-10-01T05:44:34.565+00:00,completed,epsilon,True,True,True,True,,837.5525,1890.5034870003874,1888.3315389975905,2,63,0.5583985455313946,1.9637715242826204e-07,844.5819489895075,,code,2-0-1-1-1-1-2-1,0.558398741908547,True,50,batch,True,pso,30,1,swarm
oe4-pilot-v2,oe4,swarm|batch|bc1|h1|pso|r1|N30|c50,syn-balanced_multimodal-repetitive-r2,balanced_multimodal,repetitive,0,3,12027688066564710874,2026-10-01T05:44:34.588+00:00,completed,epsilon,True,True,True,True,,810.374366,1924.849250997795,1923.0030530015938,1,54,0.48695008664679024,0.02008255859137359,326.5039260022085,,code,2-1-2-1-1-1-2-1,0.5070326452381638,True,50,batch,True,pso,30,1,swarm
oe4-pilot-v2,oe4,swarm|batch|bc1|h1|pso|r1|N30|c50,syn-balanced_multimodal-repetitive-r3,balanced_multimodal,repetitive,0,3,10665835498416014906,2026-10-01T05:44:34.615+00:00,completed,epsilon,True,True,True,True,,810.775909,1900.5201189975196,1898.708822001936,1,53,0.498403614745411,0.02008255859137359,290.4413779883267,,diagram,1-1-2-1-2-1-1-1,0.5184861733367846,True,50,batch,True,pso,30,1,swarm
oe4-pilot-v2,oe4,swarm|batch|bc1|h1|pso|r1|N30|c50,syn-balanced_multimodal-repetitive-r4,balanced_multimodal,repetitive,0,3,16842203000296662102,2026-10-01T05:44:34.669+00:00,completed,epsilon,True,True,True,True,,731.083527,1892.7171409995935,1890.6277800015232,2,63,0.5555295985433403,0.0,222.61154000293044,,code,2-0-1-0-1-1-2-1,0.5555295985433403,True,50,batch,True,pso,30,1,swarm
oe4-pilot-v2,oe4,swarm|batch|bc1|h1|pso|r1|N30|c50,syn-balanced_multimodal-arrays_vectors-r4,balanced_multimodal,arrays_vectors,0,3,7080146454937735062,2026-10-01T05:44:34.716+00:00,completed,epsilon,True,True,True,True,,832.5616,2035.4322769999271,2033.4804490012175,1,53,0.5231764212501887,0.0034158919247068154,691.9418509832359,,code,2-1-1-1-1-0-1-1,0.5265923131748955,True,50,batch,True,pso,30,1,swarm
oe4-pilot-v2,oe4,swarm|batch|bc1|h1|pso|r1|N30|c50,syn-balanced_multimodal-sequential-r0,balanced_multimodal,sequential,0,3,12829628287881295465,2026-10-01T05:44:33.984+00:00,completed,epsilon,True,True,True,True,,2201.77622,2773.6263320002763,2771.738972998719,3,69,0.4948651175024352,0.0,2266.719206992523,,diagram,1-0-2-0-1-1-1-1,0.4948651175024352,True,50,batch,True,pso,30,1,swarm
oe4-pilot-v2,oe4,swarm|batch|bc1|h1|pso|r1|N30|c50,syn-balanced_multimodal-functions-r3,balanced_multimodal,functions,0,3,18228905326412579013,2026-10-01T05:44:34.869+00:00,completed,epsilon,True,True,True,True,,801.225754,1981.3199780001014,1975.6678869998723,1,59,0.49300132682799114,0.024411447389422025,476.66918399993466,,code,1-0-1-1-1-1-0-1,0.5174127742174132,True,50,batch,True,pso,30,1,swarm
oe4-pilot-v2,oe4,swarm|batch|bc1|h1|pso|r1|N30|c50,syn-explanatory_conceptual-conditional-r1,explanatory_conceptual,conditional,0,3,18124705353368190302,2026-10-01T05:44:32.845+00:00,completed,epsilon,True,True,True,True,,2658.679287,4060.3126419991895,4056.6915519993927,2,62,0.4788636419583419,1.963771524837732e-07,1417.1022869863514,,text,1-1-1-1-2-0-1-1,0.4788638383354944,True,50,batch,True,pso,30,1,swarm
oe4-pilot-v2,oe4,swarm|batch|bc1|h1|pso|r1|N30|c50,syn-balanced_multimodal-repetitive-r1,balanced_multimodal,repetitive,0,3,2659073220867155690,2026-10-01T05:44:34.577+00:00,completed,epsilon,True,True,True,True,,1277.523889,2331.916254999669,2329.0703100028622,1,56,0.5099655888622538,0.020082558591373645,749.1864479903783,,code,2-1-2-1-2-1-1-1,0.5300481474536275,True,50,batch,True,pso,30,1,swarm
oe4-pilot-v2,oe4,swarm|batch|bc1|h1|pso|r1|N30|c50,syn-explanatory_conceptual-functions-r4,explanatory_conceptual,functions,0,3,13584105466744503536,2026-10-01T05:44:33.835+00:00,completed,epsilon,True,True,True,True,,2346.383032,3078.8730479980586,3075.4692000009527,2,61,0.49970043101958095,0.0,1816.422667992434,,text,1-0-1-0-2-0-1-1,0.49970043101958095,True,50,batch,True,pso,30,1,swarm
oe4-pilot-v2,oe4,swarm|batch|bc1|h1|pso|r1|N30|c50,syn-balanced_multimodal-arrays_vectors-r0,balanced_multimodal,arrays_vectors,0,3,8202019099685287209,2026-10-01T05:44:34.681+00:00,completed,epsilon,True,True,True,True,,1042.743455,2236.16576600034,2233.3317049997277,2,65,0.5214552573504015,0.007792454060633558,646.6668409990014,,code,2-0-1-0-2-1-1-1,0.5292477114110351,True,50,batch,True,pso,30,1,swarm
oe4-pilot-v2,oe4,swarm|batch|bc1|h1|pso|r1|N30|c50,syn-balanced_multimodal-arrays_vectors-r1,balanced_multimodal,arrays_vectors,0,3,1557390382835702406,2026-10-01T05:44:34.685+00:00,completed,epsilon,True,True,True,True,,1044.991889,2239.1479319994687,2232.8889109994634,1,59,0.5096116990703786,0.010013934431594262,1116.774193988748,,code,1-0-1-0-1-1-1-1,0.5196256335019729,True,50,batch,True,pso,30,1,swarm
oe4-pilot-v2,oe4,swarm|batch|bc1|h1|pso|r1|N30|c50,syn-balanced_multimodal-functions-r1,balanced_multimodal,functions,0,3,368220290834284782,2026-10-01T05:44:34.778+00:00,completed,epsilon,True,True,True,True,,988.467808,2163.492789000884,2161.030916002346,1,58,0.49177264213206817,0.020082362214221106,894.0705929979091,,code,2-1-1-0-1-1-2-1,0.5118550043462893,True,50,batch,True,pso,30,1,swarm
oe4-pilot-v2,oe4,swarm|batch|bc1|h1|pso|r1|N30|c50,syn-balanced_multimodal-arrays_vectors-r2,balanced_multimodal,arrays_vectors,0,3,1551228789342824201,2026-10-01T05:44:34.692+00:00,completed,epsilon,True,True,True,True,,1108.314343,2282.859525999811,2280.7365160006157,3,69,0.5407907180206968,0.007792454060633558,1143.2516089844528,,text,1-0-1-0-2-1-1-1,0.5485831720813303,True,50,batch,True,pso,30,1,swarm
oe4-pilot-v2,oe4,swarm|batch|bc1|h1|pso|r1|N30|c50,syn-balanced_multimodal-functions-r2,balanced_multimodal,functions,0,3,8673480799685267205,2026-10-01T05:44:34.809+00:00,completed,epsilon,True,True,True,True,,1039.369882,2170.997881999938,2166.532253002515,2,62,0.510395070984393,0.007792454060633558,1205.2159420101873,,code,2-0-1-0-1-1-1-1,0.5181875250450265,True,50,batch,True,pso,30,1,swarm
oe4-pilot-v2,oe4,swarm|batch|bc1|h1|pso|r1|N30|c50,syn-balanced_multimodal-sequential-r4,balanced_multimodal,sequential,0,3,16072189927809315852,2026-10-01T05:44:34.164+00:00,completed,epsilon,True,True,True,True,,2094.024153,2818.3714829974633,2816.0575590009103,4,73,0.5064313832719637,1.9637715242826204e-07,245.65796599722935,,code,2-0-2-1-2-1-2-1,0.5064315796491161,True,50,batch,True,pso,30,1,swarm
oe4-pilot-v2,oe4,swarm|batch|bc1|h1|pso|r1|N30|c50,syn-balanced_multimodal-functions-r0,balanced_multimodal,functions,0,3,2933908082685948832,2026-10-01T05:44:34.726+00:00,completed,epsilon,True,True,True,True,,1075.323384,2274.009662000026,2271.658020999894,3,69,0.5309809873500523,0.0,1042.3693440133372,,code,2-0-2-0-1-0-1-1,0.5309809873500523,True,50,batch,True,pso,30,1,swarm
oe4-pilot-v2,oe4,swarm|batch|bc1|h1|pso|r1|N30|c50,syn-balanced_multimodal-functions-r4,balanced_multimodal,functions,0,3,4683180797726806680,2026-10-01T05:44:34.911+00:00,completed,epsilon,True,True,True,True,,949.998,2093.0752780004696,2090.7335250012693,3,69,0.5037098665441013,0.0,192.3199499960175,,diagram,1-0-2-0-1-0-1-1,0.5037098665441013,True,50,batch,True,pso,30,1,swarm
oe4-pilot-v2,oe4,swarm|batch|bc1|h1|pso|r1|N30|c50,syn-balanced_multimodal-arrays_vectors-r3,balanced_multimodal,arrays_vectors,0,3,11908930478528390133,2026-10-01T05:44:34.703+00:00,completed,epsilon,True,True,True,True,,1110.151853,2316.045220999513,2313.9825829966867,6,81,0.5517303986475605,0.0,1050.0753810104256,,code,2-0-2-1-1-0-2-1,0.5517303986475605,True,50,batch,True,pso,30,1,swarm
